customer_id,product_id,score,reason
1000306,391484,279.0,association:248455
1000306,340377,279.0,association:458271
1000306,443914,279.0,association:458271
1000306,268755,279.0,association:63543
1000306,100898,279.0,association:46232
1000306,207602,279.0,association:46232
1000306,228644,279.0,association:46232
1000306,246247,279.0,association:46232
1000306,338395,279.0,association:46232
1000306,358565,279.0,association:46232
1005247,70929,279.0,association:32267
1005247,54698,62.000031,association:449391
1005247,172103,30.999969,association:449391
1005247,78268,30.999969,association:449391
1010711,183511,279.0,association:130800
1010711,402455,279.0,association:177757
1010711,119736,23.25,association:458637
101175,228314,279.0,association:11711
101175,289096,279.0,association:31591
101175,281480,279.0,association:443344
101175,57929,279.0,association:206218
101175,228863,139.5,association:11711
101175,334401,93.0,association:11711
1012043,380971,279.0,association:86691
1012043,281103,279.0,association:99907
1012043,271685,279.0,association:453192
1012043,18252,139.5,association:453192
1012043,256146,55.8,association:86691
1015139,465231,279.0,association:465522
1015139,376008,279.0,association:358348
1015139,158808,279.0,association:2641
1015139,229821,279.0,association:2641
1015139,244027,279.0,association:2641
1015139,309440,279.0,association:2641
1015139,31625,279.0,association:2641
1015139,126252,279.0,association:244819
1015139,127688,279.0,association:288105
1015139,331381,279.0,association:288105
1015599,376008,279.0,association:358348
1015599,380212,279.0,association:350384
1015599,119736,23.25,association:458637
1020286,6731,279.0,association:425746
1020286,119736,23.25,association:414654
1020655,368060,69.75,association:37029
1020655,345694,69.75,association:37029
1024334,228314,279.0,association:11711
1024334,130800,279.0,association:183511
1024334,134108,279.0,association:210408
1024334,268755,279.0,association:63543
1024334,380212,279.0,association:350384
1024334,85914,279.0,association:273144
1024334,228863,139.5,association:11711
1024334,334401,93.0,association:11711
1024334,216266,93.0,association:210408
1024334,119736,23.25,association:160272
1030890,331980,279.0,association:79956
1032742,441256,558.0,association:428072
1032742,32361,279.0,association:122604
1032742,61632,279.0,association:214190
1032742,372389,279.0,association:399697
1032742,390582,279.0,association:399697
1032742,301013,279.0,association:362340
1032742,100898,279.0,association:358565
1032742,207602,279.0,association:358565
1032742,228644,279.0,association:358565
1032742,246247,279.0,association:358565
103405,407687,279.0,association:362191
103405,434247,279.0,association:198784
103405,268755,279.0,association:63543
1035814,434247,279.0,association:198784
1035814,108096,279.0,association:296749
1035814,138834,279.0,association:296749
1035814,222328,279.0,association:296749
1035814,265846,279.0,association:296749
1035814,276886,279.0,association:296749
1035814,310525,279.0,association:296749
1035814,406165,279.0,association:296749
1035814,183756,279.0,association:362974
1035814,446820,279.0,association:362974
1037173,263765,279.0,association:318421
1042112,8015,279.0,association:38083
1042112,57929,279.0,association:206218
1042112,283269,30.999969,association:334401
1042112,124006,30.999969,association:334401
1042112,234207,30.999969,association:334401
1048816,263501,69.75,association:273872
1048816,306494,69.75,association:273872
1048816,388308,69.75,association:273872
1048816,232172,69.75,association:273872
1048816,120098,34.875,association:273872
1048816,256146,13.95,association:273872
104974,354176,279.0,association:312130
104974,424512,279.0,association:312130
104974,272455,139.5,association:312130
1055121,119736,23.25,association:130709
1065157,32361,279.0,association:122604
1065255,19142,279.0,association:23246
1065255,340377,279.0,association:458271
1065255,443914,279.0,association:458271
1065255,63543,279.0,association:268755
1065255,100898,279.0,association:338395
1065255,207602,279.0,association:338395
1065255,228644,279.0,association:338395
1065255,246247,279.0,association:338395
1065255,358565,279.0,association:338395
1065255,439963,279.0,association:338395
1069054,36995,279.0,association:105334
1073958,14520,279.0,association:409804
1073958,102802,279.0,association:275692
1075423,360378,279.0,association:174724
1075423,395823,279.0,association:380484
1075423,287696,279.0,association:83569
1075423,346655,279.0,association:83569
1075423,90487,279.0,association:354881
1075423,222604,279.0,association:312781
1075423,16813,279.0,association:118914
1075423,128182,279.0,association:242981
1075423,279585,279.0,association:318117
1075423,237255,279.0,association:192653
1080566,406296,279.0,association:241555
1080579,240558,279.0,association:291964
1083118,290999,279.0,association:322717
1083118,158575,279.0,association:234215
1083118,276240,279.0,association:234215
1083118,446102,279.0,association:234215
1083118,57929,279.0,association:206218
1086719,273872,139.5,association:232172
1086719,256146,55.8,association:232172
1092949,191223,279.0,association:13280
1093035,167866,279.0,association:446522
1093035,211299,279.0,association:446522
1093035,254813,279.0,association:446522
1093035,46130,279.0,association:446522
1093035,189818,279.0,association:130113
1093035,369158,279.0,association:130113
1093035,227309,279.0,association:348254
1093035,389118,279.0,association:348254
1093035,332721,279.0,association:170262
1093035,442131,279.0,association:170262
109357,362340,279.0,association:301013
109357,232172,80.91,association:256146
109357,262699,22.32,association:256146
109357,39439,22.32,association:256146
109357,148707,11.16,association:140527
109357,138114,11.16,association:140527
109357,380971,11.16,association:256146
109357,86691,11.16,association:256146
109357,125799,11.16,association:140527
109357,18717,11.16,association:140527
1094964,332721,279.0,association:170262
1094964,442131,279.0,association:170262
1098410,461686,93.0,association:171878
1098410,276402,69.75,association:171878
1098410,125275,34.875,association:171878
1101747,306494,279.0,association:263501
1101747,388308,279.0,association:263501
1101747,273872,279.0,association:232172
1101747,120098,139.5,association:263501
1101747,256146,55.8,association:232172
1102098,171878,62.000031,association:461686
1102098,276402,30.999969,association:461686
1102098,279402,30.999969,association:461686
1102098,119736,23.25,association:355994
1102098,125275,15.499985,association:461686
1105004,150882,139.5,association:71233
1106810,121680,279.0,association:175907
1108631,282528,558.0,association:458501
1108631,360378,279.0,association:174724
1108631,170262,279.0,association:442131
1108631,332721,279.0,association:442131
1108631,16813,279.0,association:118914
1108631,39439,139.5,association:262699
1108631,219833,69.75,association:114070
1108631,273652,69.75,association:114070
1108631,297669,69.75,association:114070
1108631,358482,69.75,association:114070
1109373,108096,279.0,association:265846
1109373,138834,279.0,association:265846
1109373,222328,279.0,association:265846
1109373,276886,279.0,association:265846
1109373,296749,279.0,association:265846
1109373,310525,279.0,association:265846
1109373,406165,279.0,association:265846
1109373,262699,139.5,association:265846
1109373,39439,139.5,association:265846
1109373,140527,55.8,association:138114
1109474,219833,279.0,association:358482
1109474,273652,279.0,association:358482
1109474,297669,279.0,association:358482
1109474,387570,279.0,association:358482
1109474,437051,279.0,association:358482
1109474,176385,279.0,association:115258
1109474,220540,279.0,association:115258
1109474,183756,279.0,association:446820
1109474,362974,279.0,association:446820
1109474,100898,279.0,association:358565
1114419,32361,279.0,association:122604
1116948,301013,279.0,association:362340
1116948,100898,279.0,association:439963
1116948,207602,279.0,association:439963
1116948,228644,279.0,association:439963
1116948,246247,279.0,association:439963
1116948,338395,279.0,association:439963
1116948,358565,279.0,association:439963
1116948,46232,279.0,association:439963
1116948,463002,279.0,association:439963
1116948,220513,139.5,association:439963
1119917,65000,279.0,association:242905
1119917,158808,279.0,association:244027
1119917,229821,279.0,association:244027
1119917,2641,279.0,association:244027
1119917,309440,279.0,association:244027
1119917,31625,279.0,association:244027
1119917,350384,279.0,association:380212
1119917,220513,139.5,association:244027
1121108,100898,279.0,association:358565
1121108,207602,279.0,association:358565
1121108,228644,279.0,association:358565
1121108,246247,279.0,association:358565
1121108,338395,279.0,association:358565
1121108,439963,279.0,association:358565
1121108,46232,279.0,association:358565
1121108,463002,279.0,association:358565
1121108,220513,139.5,association:358565
1122870,236376,279.0,association:405380
1122870,14520,279.0,association:409804
1126569,390199,279.0,association:325256
1126569,34269,279.0,association:79801
1126569,433543,279.0,association:79801
1126569,314942,279.0,association:445351
1126569,348326,279.0,association:4067
1126569,377868,279.0,association:4067
1126569,391484,279.0,association:248455
1126569,181462,279.0,association:241826
1126569,353965,279.0,association:241826
1126569,409426,279.0,association:241826
1127065,100898,279.0,association:358565
1127065,207602,279.0,association:358565
1127065,228644,279.0,association:358565
1127065,246247,279.0,association:358565
1127065,338395,279.0,association:358565
1127065,439963,279.0,association:358565
1127065,46232,279.0,association:358565
1127065,463002,279.0,association:358565
1127065,220513,139.5,association:358565
1134975,130113,279.0,association:369158
1134975,189818,279.0,association:369158
1134975,90487,279.0,association:354881
1134975,14520,279.0,association:409804
1134975,183756,279.0,association:446820
1134975,362974,279.0,association:446820
1134975,99907,279.0,association:281103
1134975,380212,279.0,association:350384
1134975,100898,279.0,association:46232
1134975,207602,279.0,association:46232
1138391,291964,279.0,association:240558
1138391,210408,279.0,association:134108
1138391,130113,279.0,association:369158
1138391,189818,279.0,association:369158
1138391,346655,279.0,association:287696
1138391,83569,279.0,association:287696
1138391,28789,139.5,association:147684
1138391,216266,93.0,association:134108
1138391,259092,69.75,association:303058
1138391,348326,69.75,association:301721
1139337,442725,279.0,association:94344
1140886,75392,279.0,association:90910
1140886,171878,62.000031,association:461686
1140886,276402,30.999969,association:461686
1140886,279402,30.999969,association:461686
1140886,125275,15.499985,association:461686
1142191,406296,279.0,association:241555
1143383,202920,279.0,association:390799
1143383,33487,279.0,association:390799
1143383,395845,279.0,association:390799
1143383,57788,279.0,association:390799
1143383,237255,279.0,association:192653
1143383,444677,279.0,association:192653
1143383,13280,279.0,association:191223
1143383,108021,139.5,association:263188
1143383,28789,139.5,association:147684
1143383,11711,30.999969,association:334401
1145249,376008,279.0,association:358348
1145249,268755,279.0,association:63543
1145249,129010,69.75,association:85914
1145249,273144,69.75,association:85914
1145249,204209,34.875,association:85914
1147894,36995,279.0,association:105334
1150086,100898,837.0,association:46232
1150086,207602,837.0,association:46232
1150086,246247,837.0,association:46232
1150086,358565,837.0,association:46232
1150086,439963,837.0,association:46232
1150086,463002,837.0,association:46232
1150086,167866,558.0,association:46130
1150086,211299,558.0,association:46130
1150086,254813,558.0,association:46130
1150086,251040,558.0,association:382130
1150962,44882,279.0,association:202052
1150962,385755,279.0,association:384453
1152169,342816,279.0,association:29940
1152169,463804,279.0,association:352230
1161163,100898,558.0,association:439963
1161163,207602,558.0,association:439963
1161163,228644,558.0,association:439963
1161163,246247,558.0,association:439963
1161163,358565,558.0,association:439963
1161163,46232,558.0,association:439963
1161163,463002,558.0,association:439963
1161163,322717,279.0,association:290999
1161163,142076,279.0,association:164121
1161163,156436,279.0,association:164121
1163384,36995,279.0,association:105334
1163816,29539,139.5,association:210373
1165148,167866,279.0,association:211299
1165148,254813,279.0,association:211299
1165148,446522,279.0,association:211299
1165148,46130,279.0,association:211299
1165148,240004,279.0,association:133247
1165148,50577,279.0,association:133247
1165148,358348,279.0,association:376008
1165148,122449,279.0,association:422494
1165148,377868,279.0,association:348326
1165148,4067,279.0,association:348326
1167457,308648,10.333323,association:216266
1169689,279402,30.999969,association:461686
1169956,189818,279.0,association:130113
1169956,369158,279.0,association:130113
1169956,172309,30.999969,association:308648
1169956,216266,10.333323,association:308648
1176826,154385,279.0,association:362339
1178073,378517,279.0,association:425593
1179005,265920,69.75,association:114070
1181175,314942,279.0,association:445351
1185234,11250,279.0,association:14671
1185234,32361,279.0,association:122604
1185234,428072,279.0,association:305016
1185234,441256,279.0,association:305016
1185234,202920,279.0,association:57788
1185234,33487,279.0,association:57788
1185234,390799,279.0,association:57788
1185234,395845,279.0,association:57788
1185234,14520,279.0,association:409804
1185234,100898,279.0,association:46232
1187986,150540,279.0,association:279310
1187986,346655,279.0,association:287696
1187986,83569,279.0,association:287696
1187986,354106,80.91,association:140527
1187986,263501,69.75,association:120098
1187986,306494,69.75,association:120098
1187986,388308,69.75,association:120098
1187986,273872,34.875,association:120098
1187986,256146,16.182,association:140527
1187986,138114,11.16,association:140527
1188952,37029,139.5,association:368060
1190855,202920,279.0,association:57788
1190855,33487,279.0,association:57788
1190855,390799,279.0,association:57788
1190855,395845,279.0,association:57788
1193756,128569,279.0,association:457045
1197343,406296,279.0,association:241555
1197343,171878,62.000031,association:461686
1197343,276402,30.999969,association:461686
1197343,279402,30.999969,association:461686
1197343,125275,15.499985,association:461686
1202758,314942,279.0,association:445351
1202758,183756,279.0,association:446820
1202758,362974,279.0,association:446820
1202758,297884,139.5,association:451388
1210904,108021,139.5,association:263188
1212999,112259,69.75,association:330029
1212999,253315,69.75,association:330029
121441,406296,279.0,association:241555
1216818,305016,279.0,association:428072
1216818,441256,279.0,association:428072
121914,127722,279.0,association:406121
121914,273747,279.0,association:406121
121914,8641,279.0,association:406121
1222911,209419,279.0,association:228613
12232,119736,23.25,association:355994
1224022,360378,279.0,association:174724
1227377,103221,279.0,association:439868
1229029,18717,279.0,association:125799
1229029,368360,279.0,association:125799
1229029,18252,139.5,association:125799
1229029,400946,139.5,association:125799
1229029,140527,55.8,association:125799
1231368,119736,23.25,association:147879
1235292,235748,279.0,association:422481
1235292,312130,69.75,association:272455
1235292,354176,69.75,association:272455
1235292,424512,69.75,association:272455
1236028,176385,279.0,association:115258
1236028,220540,279.0,association:115258
1236028,202920,279.0,association:395845
1236028,33487,279.0,association:395845
1236028,390799,279.0,association:395845
1236028,57788,279.0,association:395845
1236028,434247,279.0,association:198784
1236028,114115,279.0,association:116493
1236028,11711,30.999969,association:334401
1236028,228314,30.999969,association:334401
1237218,32361,279.0,association:122604
1237218,221794,279.0,association:286731
1237218,273872,139.5,association:232172
1237218,129010,69.75,association:85914
1237218,273144,69.75,association:85914
1237218,256146,55.8,association:232172
1237218,204209,34.875,association:85914
1243262,290999,279.0,association:322717
1248805,150540,279.0,association:279310
1248805,263501,69.75,association:273872
1248805,306494,69.75,association:273872
1248805,388308,69.75,association:273872
1248805,232172,69.75,association:273872
1248805,173801,69.75,association:303058
1248805,120098,34.875,association:273872
1248805,256146,13.95,association:273872
1254716,240558,279.0,association:291964
1254716,263501,69.75,association:120098
1254716,306494,69.75,association:120098
1254716,388308,69.75,association:120098
1254716,354106,69.75,association:120098
1254716,125799,69.75,association:400946
1254716,18717,69.75,association:400946
1254716,368360,69.75,association:400946
1254716,124065,69.75,association:400946
1254716,269610,69.75,association:400946
1255456,86691,279.0,association:380971
1255456,100898,279.0,association:338395
1255456,207602,279.0,association:338395
1255456,228644,279.0,association:338395
1255456,246247,279.0,association:338395
1255456,358565,279.0,association:338395
1255456,439963,279.0,association:338395
1255456,46232,279.0,association:338395
1255456,463002,279.0,association:338395
1255456,220513,139.5,association:338395
1257422,449391,93.0,association:54698
1257461,202920,279.0,association:395845
1257461,33487,279.0,association:395845
1257461,390799,279.0,association:395845
1257461,57788,279.0,association:395845
12579,346892,34.875,association:213834
12579,119736,23.25,association:147879
1260481,87221,279.0,association:117788
1260481,281480,279.0,association:443344
1262190,192043,69.75,association:125275
1262190,266965,69.75,association:125275
1262190,362495,69.75,association:125275
1262190,276402,69.75,association:125275
1262190,171878,34.875,association:125275
1262190,461686,23.25,association:125275
1262661,11711,30.999969,association:334401
1262661,228314,30.999969,association:334401
1262661,407078,30.999969,association:456056
1262661,283269,30.999969,association:334401
1262661,307355,30.999969,association:456056
1262661,124006,30.999969,association:334401
1262661,234207,30.999969,association:334401
1262661,136329,30.999969,association:456056
1262661,449559,30.999969,association:456056
1262661,228863,15.499985,association:334401
126422,70929,279.0,association:32267
126422,260256,139.5,association:57686
127311,430965,279.0,association:435624
1273306,133247,279.0,association:240004
1273306,50577,279.0,association:240004
1273306,100898,279.0,association:46232
1273306,207602,279.0,association:46232
1273306,228644,279.0,association:46232
1273306,246247,279.0,association:46232
1273306,338395,279.0,association:46232
1273306,358565,279.0,association:46232
1273306,439963,279.0,association:46232
1273306,463002,279.0,association:46232
1286843,391484,279.0,association:248455
1287670,234199,279.0,association:416187
1287670,119736,23.25,association:458637
1288024,136329,309.999969,association:456056
1288024,100898,279.0,association:439963
1288024,207602,279.0,association:439963
1288024,228644,279.0,association:439963
1288024,246247,279.0,association:439963
1288024,338395,279.0,association:439963
1288024,358565,279.0,association:439963
1288024,46232,279.0,association:439963
1288024,463002,279.0,association:439963
1288024,220513,139.5,association:439963
1289927,34269,279.0,association:433543
1289927,79801,279.0,association:433543
1289927,18717,279.0,association:125799
1289927,368360,279.0,association:125799
1289927,18252,139.5,association:125799
1289927,400946,139.5,association:125799
1289927,232172,80.91,association:256146
1289927,263501,69.75,association:273872
1289927,306494,69.75,association:273872
1289927,388308,69.75,association:273872
1293358,337196,279.0,association:75597
1293358,130800,279.0,association:183511
1293358,434811,279.0,association:321089
1293358,314942,279.0,association:445351
1293358,95426,279.0,association:150215
1293358,202920,279.0,association:57788
1293358,33487,279.0,association:57788
1293358,390799,279.0,association:57788
1293358,395845,279.0,association:57788
1293358,202052,279.0,association:44882
1296963,457045,279.0,association:128569
1296963,246130,69.75,association:150882
1296963,71233,69.75,association:150882
1297062,100898,837.0,association:439963
1297062,207602,837.0,association:439963
1297062,246247,837.0,association:439963
1297062,358565,837.0,association:439963
1297062,46232,837.0,association:439963
1297062,463002,837.0,association:439963
1297062,211299,558.0,association:446522
1297062,254813,558.0,association:446522
1297062,46130,558.0,association:446522
1297062,220513,558.0,association:439963
1298909,202920,279.0,association:57788
1298909,33487,279.0,association:57788
1298909,390799,279.0,association:57788
1298909,395845,279.0,association:57788
1307953,251040,558.0,association:357529
1307953,341869,558.0,association:357529
1307953,382130,558.0,association:357529
1307953,192043,279.0,association:362495
1307953,266965,279.0,association:362495
1307953,125275,154.999985,association:461686
1307953,171878,62.000031,association:461686
1307953,276402,30.999969,association:461686
1307953,279402,30.999969,association:461686
1310419,100898,279.0,association:228644
1310419,207602,279.0,association:228644
1310419,246247,279.0,association:228644
1310419,338395,279.0,association:228644
1310419,358565,279.0,association:228644
1310419,439963,279.0,association:228644
1310419,46232,279.0,association:228644
1310419,463002,279.0,association:228644
1310419,220513,139.5,association:228644
1310419,186702,93.0,association:85334
1310923,29167,279.0,association:272152
1310923,185241,279.0,association:130599
1310923,224818,279.0,association:130599
1310923,386092,279.0,association:130599
1310923,41803,279.0,association:130599
1310923,137169,139.5,association:130599
1310923,169720,139.5,association:130599
1310923,193908,139.5,association:130599
1310923,262699,139.5,association:130599
1310923,39439,139.5,association:130599
1313381,330305,279.0,association:214461
1313381,100898,279.0,association:46232
1313381,207602,279.0,association:46232
1313381,228644,279.0,association:46232
1313381,246247,279.0,association:46232
1313381,338395,279.0,association:46232
1313381,358565,279.0,association:46232
1313381,439963,279.0,association:46232
1313381,463002,279.0,association:46232
1313381,220513,139.5,association:46232
1314255,128182,279.0,association:242981
1314401,196658,279.0,association:267236
1314401,326846,279.0,association:267236
1314401,336850,279.0,association:267236
1314401,372395,279.0,association:267236
1314531,129010,69.75,association:85914
1314531,273144,69.75,association:85914
1314531,204209,34.875,association:85914
1317249,57686,69.75,association:260256
1317249,297292,69.75,association:260256
1318103,130599,279.0,association:386092
1318103,185241,279.0,association:386092
1318103,224818,279.0,association:386092
1318103,41803,279.0,association:386092
1318103,340377,279.0,association:458271
1318103,443914,279.0,association:458271
1318103,183756,279.0,association:446820
1318103,362974,279.0,association:446820
1318103,100898,279.0,association:46232
1318103,207602,279.0,association:46232
132066,406296,279.0,association:241555
1323386,406296,279.0,association:241555
1323386,171878,62.000031,association:461686
1323386,276402,30.999969,association:461686
1323386,279402,30.999969,association:461686
1323386,125275,15.499985,association:461686
1327144,322717,279.0,association:290999
1327144,405714,279.0,association:345373
1327144,167866,279.0,association:254813
1327144,211299,279.0,association:254813
1327144,446522,279.0,association:254813
1327144,46130,279.0,association:254813
1327144,354176,279.0,association:312130
1327144,424512,279.0,association:312130
1327144,98962,279.0,association:383864
1327144,332721,279.0,association:170262
1328192,465231,279.0,association:465522
1328192,389722,279.0,association:393767
1330764,128569,279.0,association:457045
1330764,434247,279.0,association:198784
1330764,119736,23.25,association:160272
1336835,314942,279.0,association:445351
1336835,391515,279.0,association:34278
1336835,100898,279.0,association:46232
1336835,207602,279.0,association:46232
1336835,228644,279.0,association:46232
1336835,246247,279.0,association:46232
1336835,338395,279.0,association:46232
1336835,358565,279.0,association:46232
1336835,439963,279.0,association:46232
1336835,463002,279.0,association:46232
1341202,202920,279.0,association:395845
1341202,33487,279.0,association:395845
1341202,390799,279.0,association:395845
1341202,57788,279.0,association:395845
1343677,307941,279.0,association:192288
1343677,259710,279.0,association:255908
1343677,58123,279.0,association:255908
1343677,100898,279.0,association:439963
1343677,207602,279.0,association:439963
1343677,228644,279.0,association:439963
1343677,246247,279.0,association:439963
1343677,338395,279.0,association:439963
1343677,358565,279.0,association:439963
1343677,46232,279.0,association:439963
1347099,445351,279.0,association:314942
1347099,170262,279.0,association:442131
1347099,332721,279.0,association:442131
1347099,164970,279.0,association:123995
1347099,351861,279.0,association:123995
1347099,443161,279.0,association:123995
1347099,6518,279.0,association:123995
1347099,104560,139.5,association:123995
1347099,246130,69.75,association:150882
1347099,71233,69.75,association:150882
1349746,181462,279.0,association:241826
1349746,353965,279.0,association:241826
1349746,409426,279.0,association:241826
1349746,60888,279.0,association:241826
1350190,18717,359.91,association:140527
1350190,368360,359.91,association:140527
1350190,346655,279.0,association:287696
1350190,83569,279.0,association:287696
1350190,400946,179.955,association:140527
1350190,271685,69.75,association:18252
1350190,453192,69.75,association:18252
1350190,354106,11.16,association:140527
1350190,148707,11.16,association:140527
1350190,465511,11.16,association:140527
1352044,272152,279.0,association:29167
1353280,37029,139.5,association:368060
1356634,33487,279.0,association:202920
1356634,390799,279.0,association:202920
1356634,395845,279.0,association:202920
1356634,57788,279.0,association:202920
1356918,170262,279.0,association:332721
1356918,442131,279.0,association:332721
1357083,196658,279.0,association:267236
1357083,326846,279.0,association:267236
1357083,336850,279.0,association:267236
1357083,372395,279.0,association:267236
1357083,134108,30.999969,association:216266
1357083,210408,30.999969,association:216266
1357083,29539,15.499985,association:216266
1357083,308648,10.333323,association:216266
1357576,331980,279.0,association:79956
1357576,332721,279.0,association:170262
1357576,442131,279.0,association:170262
1361818,422494,279.0,association:122449
1364162,301721,139.5,association:122324
1367426,219833,279.0,association:297669
1367426,273652,279.0,association:297669
1367426,358482,279.0,association:297669
1367426,387570,279.0,association:297669
1367426,437051,279.0,association:297669
1367426,114070,139.5,association:297669
1369915,291964,279.0,association:240558
1369915,346655,279.0,association:287696
1369915,83569,279.0,association:287696
1370935,170262,279.0,association:332721
1370935,442131,279.0,association:332721
1376763,100898,558.0,association:439963
1376763,207602,558.0,association:439963
1376763,228644,558.0,association:439963
1376763,246247,558.0,association:439963
1376763,358565,558.0,association:439963
1376763,46232,558.0,association:439963
1376763,463002,558.0,association:439963
1376763,234215,279.0,association:158575
1376763,276240,279.0,association:158575
1376763,446102,279.0,association:158575
1378697,250301,279.0,association:75510
1378697,14520,279.0,association:409804
1378697,100898,279.0,association:46232
1378697,207602,279.0,association:46232
1378697,228644,279.0,association:46232
1378697,246247,279.0,association:46232
1378697,338395,279.0,association:46232
1378697,358565,279.0,association:46232
1378697,439963,279.0,association:46232
1378697,463002,279.0,association:46232
1379848,305016,279.0,association:441256
1379848,428072,279.0,association:441256
1380669,114115,279.0,association:116493
138131,167866,837.0,association:446522
138131,46130,837.0,association:446522
138131,64377,418.5,association:446522
138131,322717,279.0,association:290999
138131,240004,279.0,association:133247
138131,50577,279.0,association:133247
138131,271889,279.0,association:345156
138131,51556,279.0,association:168717
138131,170262,279.0,association:442131
138131,332721,279.0,association:442131
1381830,259710,279.0,association:255908
1381830,58123,279.0,association:255908
1385029,104560,139.5,association:382885
1385073,337196,279.0,association:75597
1385073,463804,279.0,association:352230
1385073,207430,279.0,association:377981
1385073,275339,279.0,association:355707
1385073,221794,279.0,association:286731
1385073,153830,279.0,association:401765
1385073,268755,279.0,association:63543
1385073,448494,139.5,association:113440
1385073,133247,69.75,association:272455
1385073,240004,69.75,association:272455
1385214,86691,279.0,association:380971
1385214,256146,55.8,association:380971
1386940,188233,279.0,association:209688
1386940,368060,69.75,association:37029
1386940,345694,69.75,association:37029
1388617,236376,279.0,association:405380
1391782,86691,279.0,association:380971
1391782,348326,69.75,association:301721
1391782,377868,69.75,association:301721
1391782,4067,69.75,association:301721
1391782,122324,69.75,association:301721
1391782,256146,55.8,association:380971
1391871,186702,93.0,association:85334
1392092,340377,279.0,association:458271
1392092,443914,279.0,association:458271
1392092,108021,279.0,association:458271
1392946,406296,279.0,association:241555
1394708,157576,279.0,association:161506
1394708,276056,279.0,association:161506
1394708,90487,279.0,association:354881
1394708,362340,279.0,association:301013
1394708,100898,279.0,association:46232
1394708,207602,279.0,association:46232
1394708,228644,279.0,association:46232
1394708,246247,279.0,association:46232
1394708,338395,279.0,association:46232
1394708,358565,279.0,association:46232
1403769,14520,279.0,association:409804
1403769,333792,279.0,association:21013
1403769,271685,279.0,association:453192
1403769,137169,139.5,association:193908
1403769,169720,139.5,association:193908
1403769,18252,139.5,association:453192
1403769,82340,93.0,association:193908
1403769,130599,69.75,association:193908
1403769,185241,69.75,association:193908
1403769,224818,69.75,association:193908
14735,258901,279.0,association:234384
152693,167866,279.0,association:446522
152693,211299,279.0,association:446522
152693,254813,279.0,association:446522
152693,46130,279.0,association:446522
152693,158808,279.0,association:229821
152693,244027,279.0,association:229821
152693,2641,279.0,association:229821
152693,309440,279.0,association:229821
152693,31625,279.0,association:229821
152693,123995,279.0,association:164970
152963,211299,558.0,association:46130
152963,254813,558.0,association:46130
152963,446522,558.0,association:46130
152963,33487,558.0,association:57788
152963,390799,558.0,association:57788
152963,395845,558.0,association:57788
152963,100898,558.0,association:439963
152963,207602,558.0,association:439963
152963,228644,558.0,association:439963
152963,246247,558.0,association:439963
153600,463804,279.0,association:352230
153600,380212,279.0,association:350384
153600,28789,139.5,association:147684
157844,29167,279.0,association:272152
157844,183756,279.0,association:446820
157844,362974,279.0,association:446820
163049,406296,279.0,association:241555
163561,42841,837.0,association:331381
163561,34269,558.0,association:79801
163561,189818,558.0,association:369158
163561,83569,558.0,association:346655
163561,332721,558.0,association:442131
163561,100898,558.0,association:46232
163561,207602,558.0,association:46232
163561,228644,558.0,association:46232
163561,246247,558.0,association:46232
163561,338395,558.0,association:46232
165052,358348,279.0,association:376008
166590,130113,279.0,association:369158
166590,189818,279.0,association:369158
166590,86691,279.0,association:380971
166590,348326,69.75,association:301721
166590,377868,69.75,association:301721
166590,4067,69.75,association:301721
166590,122324,69.75,association:301721
166590,256146,55.8,association:380971
167704,269610,279.0,association:124065
167704,400946,139.5,association:124065
167704,348326,69.75,association:301721
167704,377868,69.75,association:301721
167704,4067,69.75,association:301721
167704,122324,69.75,association:301721
169586,392474,279.0,association:38706
169586,263501,69.75,association:273872
169586,306494,69.75,association:273872
169586,388308,69.75,association:273872
169586,125799,69.75,association:400946
169586,18717,69.75,association:400946
169586,368360,69.75,association:400946
169586,124065,69.75,association:400946
169586,269610,69.75,association:400946
169586,232172,69.75,association:273872
170277,70370,279.0,association:64852
171718,240558,279.0,association:291964
171718,34269,279.0,association:79801
171718,433543,279.0,association:79801
171718,348326,279.0,association:4067
171718,377868,279.0,association:4067
171718,18717,279.0,association:125799
171718,368360,279.0,association:125799
171718,126252,279.0,association:244819
171718,301721,139.5,association:4067
171718,18252,139.5,association:125799
172019,183511,279.0,association:130800
173863,216293,279.0,association:152433
173863,327134,279.0,association:407202
173863,332721,279.0,association:170262
173863,442131,279.0,association:170262
173863,391484,279.0,association:248455
173863,275339,279.0,association:355707
173863,198784,279.0,association:434247
173863,268755,279.0,association:63543
173863,235559,139.5,association:61203
173863,37029,139.5,association:345694
174972,119736,23.25,association:355994
175801,130709,3.875008,association:119736
175801,431472,1.937492,association:119736
175801,249804,1.937492,association:119736
175801,65540,1.937492,association:119736
175801,160272,1.937492,association:119736
175801,204494,1.937492,association:119736
175801,355994,1.937492,association:119736
175801,305520,1.937492,association:119736
175801,147879,1.937492,association:119736
175801,458637,1.937492,association:119736
17676,346655,279.0,association:287696
17676,83569,279.0,association:287696
17676,18717,279.0,association:125799
17676,368360,279.0,association:125799
17676,268755,279.0,association:63543
17676,100898,279.0,association:228644
17676,207602,279.0,association:228644
17676,246247,279.0,association:228644
17676,338395,279.0,association:228644
17676,358565,279.0,association:228644
177211,122324,69.75,association:301721
183677,198784,279.0,association:434247
183677,63543,279.0,association:268755
187778,263765,279.0,association:318421
1879,272152,279.0,association:29167
195216,18717,279.0,association:125799
195216,368360,279.0,association:125799
195216,18252,139.5,association:125799
195216,400946,139.5,association:125799
195216,57389,139.5,association:162411
195216,140527,55.8,association:125799
195216,134108,30.999969,association:216266
195216,210408,30.999969,association:216266
195216,29539,15.499985,association:216266
195216,308648,10.333323,association:216266
196448,340377,279.0,association:458271
196448,443914,279.0,association:458271
196448,108021,139.5,association:458271
198153,148433,279.0,association:119972
198153,384605,279.0,association:119972
198153,460607,279.0,association:119972
198153,63380,279.0,association:119972
198153,227309,279.0,association:348254
198153,389118,279.0,association:348254
198153,352230,279.0,association:463804
198153,391484,279.0,association:248455
198153,312781,279.0,association:222604
198153,14520,279.0,association:409804
198270,400321,558.0,association:50626
198270,314942,279.0,association:445351
198270,130113,279.0,association:369158
198270,189818,279.0,association:369158
198270,94344,279.0,association:442725
198270,170262,279.0,association:332721
198270,442131,279.0,association:332721
198270,210786,279.0,association:187602
198270,455708,279.0,association:187602
198270,87767,279.0,association:159822
211691,406296,279.0,association:241555
213145,94344,279.0,association:442725
213145,234199,279.0,association:416187
213145,312781,279.0,association:222604
213145,406296,279.0,association:241555
213145,221794,279.0,association:286731
213145,11711,30.999969,association:334401
213145,228314,30.999969,association:334401
213145,283269,30.999969,association:334401
213145,124006,30.999969,association:334401
213145,234207,30.999969,association:334401
218648,272152,279.0,association:29167
218648,145503,279.0,association:444931
218648,391484,279.0,association:248455
218648,350384,279.0,association:380212
218828,337196,279.0,association:75597
218828,263765,279.0,association:318421
218828,142076,279.0,association:156436
218828,164121,279.0,association:156436
218828,351641,279.0,association:156436
218828,34269,279.0,association:79801
218828,433543,279.0,association:79801
218828,434811,279.0,association:321089
218828,314942,279.0,association:445351
218828,352230,279.0,association:463804
2194,464783,279.0,association:332005
220139,240558,279.0,association:291964
220139,273872,139.5,association:232172
220139,256146,55.8,association:232172
221702,391484,279.0,association:248455
221702,100898,279.0,association:463002
221702,207602,279.0,association:463002
221702,228644,279.0,association:463002
221702,246247,279.0,association:463002
221702,338395,279.0,association:463002
221702,358565,279.0,association:463002
221702,439963,279.0,association:463002
221702,46232,279.0,association:463002
221702,220513,139.5,association:463002
222046,434811,279.0,association:321089
222046,99907,279.0,association:281103
227091,188233,279.0,association:209688
227091,314942,279.0,association:445351
227091,94344,279.0,association:442725
227091,90487,279.0,association:354881
227091,246130,69.75,association:150882
227091,71233,69.75,association:150882
227091,407078,30.999969,association:456056
227091,307355,30.999969,association:456056
227091,136329,30.999969,association:456056
227091,449559,30.999969,association:456056
229157,142076,279.0,association:351641
229157,156436,279.0,association:351641
229157,164121,279.0,association:351641
229157,173223,279.0,association:245810
229157,398397,279.0,association:245810
229157,433697,279.0,association:245810
229157,442150,279.0,association:245810
229157,331980,279.0,association:79956
229157,90487,279.0,association:354881
229157,276821,279.0,association:116205
233961,337196,279.0,association:75597
233979,281854,348.75,association:81434
233979,29940,279.0,association:342816
233979,170262,279.0,association:442131
233979,332721,279.0,association:442131
233979,340377,279.0,association:458271
233979,443914,279.0,association:458271
233979,100898,279.0,association:439963
233979,207602,279.0,association:439963
233979,228644,279.0,association:439963
233979,246247,279.0,association:439963
234164,152433,279.0,association:216293
234593,133247,69.75,association:272455
234593,240004,69.75,association:272455
234593,50577,69.75,association:272455
234593,312130,69.75,association:272455
234593,354176,69.75,association:272455
234593,424512,69.75,association:272455
244468,87767,279.0,association:159822
244468,368060,69.75,association:37029
244468,345694,69.75,association:37029
244468,262699,22.32,association:256146
244468,39439,22.32,association:256146
244468,354106,11.16,association:256146
244468,380971,11.16,association:256146
244468,86691,11.16,association:256146
244468,130599,11.16,association:256146
244468,185241,11.16,association:256146
244620,377981,279.0,association:207430
244620,221794,279.0,association:286731
244620,108021,139.5,association:263188
244756,37009,279.0,association:158514
244756,112259,279.0,association:253315
244756,145503,279.0,association:444931
244756,391484,279.0,association:248455
244756,100898,279.0,association:338395
244756,207602,279.0,association:338395
244756,228644,279.0,association:338395
244756,246247,279.0,association:338395
244756,358565,279.0,association:338395
244756,439963,279.0,association:338395
247235,196658,558.0,association:372395
247235,267236,558.0,association:372395
247235,336850,558.0,association:372395
247235,290999,279.0,association:322717
247235,189818,279.0,association:130113
247235,369158,279.0,association:130113
247235,312130,279.0,association:424512
247235,354176,279.0,association:424512
247235,236376,279.0,association:405380
247235,170262,279.0,association:332721
247461,307941,279.0,association:192288
247461,346655,279.0,association:287696
247461,83569,279.0,association:287696
247461,70929,279.0,association:32267
24757,307941,279.0,association:192288
248679,130800,279.0,association:183511
248679,360378,279.0,association:174724
248679,130113,279.0,association:369158
248679,189818,279.0,association:369158
248679,145503,279.0,association:444931
249783,352230,279.0,association:463804
249783,86691,279.0,association:380971
249783,256146,55.8,association:380971
251672,11711,30.999969,association:334401
251672,228314,30.999969,association:334401
251672,283269,30.999969,association:334401
251672,124006,30.999969,association:334401
251672,234207,30.999969,association:334401
251672,228863,15.499985,association:334401
252520,127722,279.0,association:406121
252520,273747,279.0,association:406121
252520,8641,279.0,association:406121
255589,100898,279.0,association:46232
255589,207602,279.0,association:46232
255589,228644,279.0,association:46232
255589,246247,279.0,association:46232
255589,338395,279.0,association:46232
255589,358565,279.0,association:46232
255589,439963,279.0,association:46232
255589,463002,279.0,association:46232
255589,220513,139.5,association:46232
259405,263765,279.0,association:318421
259405,465231,279.0,association:465522
259405,213376,279.0,association:249016
259405,312827,279.0,association:249016
259928,237255,279.0,association:192653
259928,444677,279.0,association:192653
259928,100898,279.0,association:439963
259928,207602,279.0,association:439963
259928,228644,279.0,association:439963
259928,246247,279.0,association:439963
259928,338395,279.0,association:439963
259928,358565,279.0,association:439963
259928,46232,279.0,association:439963
259928,463002,279.0,association:439963
262357,406296,279.0,association:241555
26296,453192,279.0,association:271685
26296,18252,139.5,association:271685
264190,227309,279.0,association:348254
264190,389118,279.0,association:348254
265306,314942,279.0,association:445351
265306,177757,279.0,association:402455
266417,137169,139.5,association:169720
266417,193908,139.5,association:169720
266417,82340,93.0,association:169720
266417,130599,69.75,association:169720
266417,185241,69.75,association:169720
266417,224818,69.75,association:169720
266417,386092,69.75,association:169720
266417,41803,69.75,association:169720
266417,250761,69.75,association:169720
266417,262699,34.875,association:169720
269127,392474,279.0,association:38706
269127,87767,279.0,association:159822
269127,354106,80.91,association:256146
269127,263501,69.75,association:120098
269127,306494,69.75,association:120098
269127,388308,69.75,association:120098
269127,259092,69.75,association:303058
269127,248908,69.75,association:57389
269127,162411,69.75,association:57389
269127,173801,69.75,association:303058
273517,448413,279.0,association:381352
274264,213834,69.75,association:346892
281190,448494,139.5,association:113440
283414,391484,279.0,association:248455
283553,406296,279.0,association:241555
286616,100898,837.0,association:46232
286616,207602,837.0,association:46232
286616,228644,837.0,association:46232
286616,246247,837.0,association:46232
286616,439963,837.0,association:46232
286616,463002,837.0,association:46232
286616,220513,418.5,association:46232
286616,342816,279.0,association:29940
286616,240004,279.0,association:133247
286616,50577,279.0,association:133247
288040,40870,279.0,association:272527
288040,324759,279.0,association:49466
288040,429962,279.0,association:49466
296431,188830,279.0,association:346598
296431,70370,279.0,association:64852
303381,128569,279.0,association:457045
303381,86691,279.0,association:380971
303381,377868,279.0,association:348326
303381,4067,279.0,association:348326
303381,202920,279.0,association:390799
303381,33487,279.0,association:390799
303381,395845,279.0,association:390799
303381,57788,279.0,association:390799
303381,63543,279.0,association:268755
303381,301721,139.5,association:348326
30903,348326,279.0,association:377868
30903,4067,279.0,association:377868
30903,301721,139.5,association:377868
310759,32361,279.0,association:122604
310759,100898,279.0,association:439963
310759,207602,279.0,association:439963
310759,228644,279.0,association:439963
310759,246247,279.0,association:439963
310759,338395,279.0,association:439963
310759,358565,279.0,association:439963
310759,46232,279.0,association:439963
310759,463002,279.0,association:439963
310759,220513,139.5,association:439963
310761,251040,279.0,association:10572
310761,341869,279.0,association:10572
310761,357529,279.0,association:10572
310761,382130,279.0,association:10572
310761,276402,170.499969,association:461686
310761,192043,69.75,association:125275
310761,266965,69.75,association:125275
310761,362495,69.75,association:125275
310761,279402,30.999969,association:461686
311205,194892,279.0,association:344388
311205,396603,279.0,association:344388
312104,362340,279.0,association:301013
312104,368060,69.75,association:37029
312104,345694,69.75,association:37029
316600,445351,279.0,association:314942
316600,57929,279.0,association:206218
316600,350384,279.0,association:380212
316600,100898,279.0,association:338395
316600,207602,279.0,association:338395
316600,228644,279.0,association:338395
316600,246247,279.0,association:338395
316600,358565,279.0,association:338395
316600,439963,279.0,association:338395
316600,46232,279.0,association:338395
316850,100898,837.0,association:46232
316850,228644,837.0,association:46232
316850,246247,837.0,association:46232
316850,338395,837.0,association:46232
316850,358565,837.0,association:46232
316850,463002,837.0,association:46232
316850,326846,558.0,association:267236
316850,336850,558.0,association:267236
316850,372395,558.0,association:267236
316850,220513,418.5,association:46232
319048,158575,279.0,association:446102
319048,234215,279.0,association:446102
319048,276240,279.0,association:446102
321559,192043,279.0,association:362495
321559,266965,279.0,association:362495
321559,125275,154.999985,association:461686
321559,171878,62.000031,association:461686
321559,276402,30.999969,association:461686
321559,279402,30.999969,association:461686
322384,148433,279.0,association:119972
322384,384605,279.0,association:119972
322384,460607,279.0,association:119972
322384,63380,279.0,association:119972
322384,10572,279.0,association:382130
322384,251040,279.0,association:382130
322384,341869,279.0,association:382130
322384,357529,279.0,association:382130
327998,133764,279.0,association:343475
331366,130709,3.875008,association:119736
331366,431472,1.937492,association:119736
331366,414654,1.937492,association:119736
331366,249804,1.937492,association:119736
331366,65540,1.937492,association:119736
331366,160272,1.937492,association:119736
331366,204494,1.937492,association:119736
331366,355994,1.937492,association:119736
331366,305520,1.937492,association:119736
331366,147879,1.937492,association:119736
331925,281480,279.0,association:443344
331925,109239,69.75,association:330029
331925,185082,69.75,association:330029
331925,192003,69.75,association:330029
331925,211975,69.75,association:330029
331925,252023,69.75,association:330029
331925,259647,69.75,association:330029
331925,93829,69.75,association:330029
339526,183756,279.0,association:446820
339526,362974,279.0,association:446820
340753,398907,69.75,association:172894
340753,271405,69.75,association:172894
341900,465231,279.0,association:465522
341900,434811,279.0,association:321089
341900,314942,279.0,association:445351
341900,14520,279.0,association:409804
341900,37029,139.5,association:345694
341900,119736,23.25,association:355994
342626,61632,279.0,association:214190
342626,175907,279.0,association:121680
343137,130113,279.0,association:369158
343137,189818,279.0,association:369158
343137,99907,279.0,association:281103
343137,100898,279.0,association:439963
343137,207602,279.0,association:439963
343137,228644,279.0,association:439963
343137,246247,279.0,association:439963
343137,338395,279.0,association:439963
343137,358565,279.0,association:439963
343137,46232,279.0,association:439963
345276,100898,279.0,association:338395
345276,207602,279.0,association:338395
345276,228644,279.0,association:338395
345276,246247,279.0,association:338395
345276,358565,279.0,association:338395
345276,439963,279.0,association:338395
345276,46232,279.0,association:338395
345276,463002,279.0,association:338395
345276,220513,139.5,association:338395
345276,348326,69.75,association:301721
346597,259710,279.0,association:255908
346597,58123,279.0,association:255908
346597,133247,69.75,association:272455
346597,240004,69.75,association:272455
346597,50577,69.75,association:272455
346597,312130,69.75,association:272455
346597,354176,69.75,association:272455
346597,424512,69.75,association:272455
348951,434247,279.0,association:198784
350566,189818,558.0,association:369158
350566,100898,558.0,association:439963
350566,207602,558.0,association:439963
350566,228644,558.0,association:439963
350566,246247,558.0,association:439963
350566,358565,558.0,association:439963
350566,46232,558.0,association:439963
350566,463002,558.0,association:439963
350566,342816,279.0,association:29940
350566,132057,279.0,association:46910
354785,196658,279.0,association:372395
354785,267236,279.0,association:372395
354785,326846,279.0,association:372395
354785,336850,279.0,association:372395
354785,406296,279.0,association:241555
354785,297884,139.5,association:110403
354785,137169,139.5,association:250761
354785,169720,139.5,association:250761
354785,193908,139.5,association:250761
354785,82340,93.0,association:250761
356005,115213,69.75,association:395952
356005,76121,69.75,association:395952
358516,100898,279.0,association:439963
358516,207602,279.0,association:439963
358516,228644,279.0,association:439963
358516,246247,279.0,association:439963
358516,338395,279.0,association:439963
358516,358565,279.0,association:439963
358516,46232,279.0,association:439963
358516,463002,279.0,association:439963
358516,220513,139.5,association:439963
358516,130709,3.875008,association:119736
361041,291964,279.0,association:240558
361041,178176,279.0,association:35403
361041,203444,279.0,association:35403
361041,395656,279.0,association:35403
361041,391484,279.0,association:248455
361041,202920,279.0,association:390799
361041,33487,279.0,association:390799
361041,395845,279.0,association:390799
361041,57788,279.0,association:390799
361041,273747,279.0,association:127722
367987,87767,279.0,association:159822
367987,125799,69.75,association:18252
367987,18717,69.75,association:18252
367987,368360,69.75,association:18252
367987,271685,69.75,association:18252
367987,453192,69.75,association:18252
367987,400946,34.875,association:18252
367987,140527,13.95,association:18252
368401,281103,279.0,association:99907
368401,297884,139.5,association:110403
371257,75597,279.0,association:337196
371257,240558,279.0,association:291964
371257,125799,139.5,association:400946
371257,18717,139.5,association:400946
371257,368360,139.5,association:400946
371257,140527,83.7,association:400946
371257,124065,69.75,association:400946
371257,269610,69.75,association:400946
371257,271685,69.75,association:18252
371257,453192,69.75,association:18252
371604,285072,279.0,association:376203
371604,366993,279.0,association:376203
371604,16052,279.0,association:348245
371604,47334,279.0,association:384470
371604,263765,279.0,association:318421
371604,142076,279.0,association:164121
371604,156436,279.0,association:164121
371604,351641,279.0,association:164121
371604,312781,279.0,association:222604
371604,344388,279.0,association:194892
371606,100898,627.75,association:220513
371606,207602,627.75,association:220513
371606,228644,627.75,association:220513
371606,246247,627.75,association:220513
371606,358565,627.75,association:220513
371606,46232,627.75,association:220513
371606,463002,627.75,association:220513
371606,103645,558.0,association:352559
371606,158808,348.75,association:220513
371606,229821,348.75,association:220513
379058,306494,348.75,association:273872
379058,388308,348.75,association:273872
379058,291964,279.0,association:240558
379058,392474,279.0,association:38706
379058,120098,179.955,association:140527
379058,124065,69.75,association:400946
379058,269610,69.75,association:400946
379058,271685,69.75,association:18252
379058,453192,69.75,association:18252
379058,232172,69.75,association:273872
379932,11250,279.0,association:14671
379932,445351,279.0,association:314942
379932,331980,279.0,association:79956
379932,448597,279.0,association:278208
379932,100898,279.0,association:439963
379932,207602,279.0,association:439963
379932,228644,279.0,association:439963
379932,246247,279.0,association:439963
379932,338395,279.0,association:439963
379932,358565,279.0,association:439963
38015,33487,837.0,association:57788
38015,395845,837.0,association:57788
38015,158575,279.0,association:234215
38015,276240,279.0,association:234215
38015,446102,279.0,association:234215
38015,98020,279.0,association:111122
38015,314942,279.0,association:445351
38015,3914,279.0,association:101722
38015,372389,279.0,association:390582
38015,399697,279.0,association:390582
381477,219833,279.0,association:358482
381477,273652,279.0,association:358482
381477,297669,279.0,association:358482
381477,387570,279.0,association:358482
381477,437051,279.0,association:358482
381477,114070,139.5,association:358482
383445,322717,279.0,association:290999
383445,119736,23.25,association:160272
385559,183511,279.0,association:130800
385559,186702,93.0,association:85334
388200,290999,279.0,association:322717
388200,29940,279.0,association:342816
388200,236376,279.0,association:405380
388200,246130,69.75,association:150882
388200,71233,69.75,association:150882
388612,167866,279.0,association:46130
388612,211299,279.0,association:46130
388612,254813,279.0,association:46130
388612,446522,279.0,association:46130
388612,64377,139.5,association:46130
389532,172103,309.999969,association:449391
389532,271889,279.0,association:345156
389532,360378,279.0,association:174724
389532,98020,279.0,association:111122
389532,463804,279.0,association:352230
389532,202920,279.0,association:57788
389532,33487,279.0,association:57788
389532,390799,279.0,association:57788
389532,395845,279.0,association:57788
389532,14520,279.0,association:409804
391066,23250,279.0,association:450216
392752,272527,279.0,association:40870
398192,314942,279.0,association:445351
403567,237147,279.0,association:1653
404403,234215,279.0,association:158575
404403,276240,279.0,association:158575
404403,446102,279.0,association:158575
404403,291964,279.0,association:240558
404403,98020,279.0,association:111122
404403,130113,279.0,association:369158
404403,189818,279.0,association:369158
404403,407687,279.0,association:362191
404403,463804,279.0,association:352230
404403,32267,279.0,association:70929
409324,16813,279.0,association:118914
409324,119736,23.25,association:130709
412598,263765,279.0,association:318421
415453,181462,279.0,association:409426
415453,241826,279.0,association:409426
415453,353965,279.0,association:409426
415453,60888,279.0,association:409426
416496,327134,279.0,association:407202
416496,14520,279.0,association:409804
416496,116205,279.0,association:276821
416496,100898,279.0,association:46232
416496,207602,279.0,association:46232
416496,228644,279.0,association:46232
416496,246247,279.0,association:46232
416496,338395,279.0,association:46232
416496,358565,279.0,association:46232
416496,439963,279.0,association:46232
41702,153830,279.0,association:401765
417312,130800,279.0,association:183511
417915,65000,279.0,association:242905
418788,301721,139.5,association:122324
418934,16813,279.0,association:118914
418934,119736,46.5,association:305520
424358,406296,279.0,association:241555
42552,123995,279.0,association:443161
42552,164970,279.0,association:443161
42552,351861,279.0,association:443161
42552,6518,279.0,association:443161
42552,104560,139.5,association:443161
42552,11711,30.999969,association:334401
42552,228314,30.999969,association:334401
42552,283269,30.999969,association:334401
42552,228863,15.499985,association:334401
427504,352230,279.0,association:463804
429035,332721,558.0,association:442131
429035,167866,279.0,association:211299
429035,254813,279.0,association:211299
429035,446522,279.0,association:211299
429035,46130,279.0,association:211299
429035,64377,139.5,association:211299
431926,130113,279.0,association:369158
431926,189818,279.0,association:369158
434418,87767,279.0,association:159822
438441,172894,139.5,association:398907
438441,57686,69.75,association:260256
438441,54698,62.000031,association:449391
438441,172103,30.999969,association:449391
438441,78268,30.999969,association:449391
438441,130709,3.875008,association:119736
438441,431472,1.937492,association:119736
438441,414654,1.937492,association:119736
438441,249804,1.937492,association:119736
438441,65540,1.937492,association:119736
447488,29539,139.5,association:210373
449194,442725,279.0,association:94344
45018,134108,30.999969,association:216266
45018,210408,30.999969,association:216266
45018,29539,15.499985,association:216266
45018,308648,10.333323,association:216266
457547,189818,279.0,association:130113
457547,369158,279.0,association:130113
457547,307941,279.0,association:192288
457547,263501,69.75,association:120098
457547,306494,69.75,association:120098
457547,388308,69.75,association:120098
457547,354106,69.75,association:120098
457547,273872,34.875,association:120098
457547,140527,13.95,association:120098
457547,256146,13.95,association:120098
463561,327134,279.0,association:407202
463561,100898,279.0,association:46232
463561,207602,279.0,association:46232
463561,228644,279.0,association:46232
463561,246247,279.0,association:46232
463561,338395,279.0,association:46232
463561,358565,279.0,association:46232
463561,439963,279.0,association:46232
463561,463002,279.0,association:46232
463561,220513,139.5,association:46232
46535,221794,279.0,association:286731
46535,246130,69.75,association:150882
46535,71233,69.75,association:150882
468309,314942,279.0,association:445351
468309,332721,279.0,association:170262
468309,442131,279.0,association:170262
468309,33487,279.0,association:202920
468309,390799,279.0,association:202920
468309,395845,279.0,association:202920
468309,57788,279.0,association:202920
469410,67154,279.0,association:446705
475172,229821,279.0,association:158808
475172,244027,279.0,association:158808
475172,2641,279.0,association:158808
475172,309440,279.0,association:158808
475172,31625,279.0,association:158808
475172,100898,279.0,association:463002
475172,207602,279.0,association:463002
475172,228644,279.0,association:463002
475172,246247,279.0,association:463002
475172,338395,279.0,association:463002
475479,100898,558.0,association:46232
475479,207602,558.0,association:46232
475479,228644,558.0,association:46232
475479,246247,558.0,association:46232
475479,338395,558.0,association:46232
475479,358565,558.0,association:46232
475479,463002,558.0,association:46232
475479,322717,279.0,association:290999
475479,345373,279.0,association:405714
475479,314942,279.0,association:445351
477826,172103,309.999969,association:449391
477826,158575,279.0,association:234215
477826,276240,279.0,association:234215
477826,446102,279.0,association:234215
477826,345373,279.0,association:405714
477826,457045,279.0,association:128569
477826,346655,279.0,association:287696
477826,83569,279.0,association:287696
477826,21013,279.0,association:333792
477826,127722,279.0,association:273747
478537,130800,279.0,association:183511
480744,40870,279.0,association:272527
481437,251040,279.0,association:10572
481437,341869,279.0,association:10572
481437,357529,279.0,association:10572
481437,382130,279.0,association:10572
481437,90910,279.0,association:75392
481437,171878,62.000031,association:461686
481437,276402,30.999969,association:461686
481437,279402,30.999969,association:461686
481437,125275,15.499985,association:461686
484215,272152,279.0,association:29167
485689,148433,279.0,association:119972
485689,384605,279.0,association:119972
485689,460607,279.0,association:119972
485689,63380,279.0,association:119972
485689,271889,279.0,association:345156
485689,51556,279.0,association:168717
485689,145503,279.0,association:444931
485689,202920,279.0,association:390799
485689,33487,279.0,association:390799
485689,395845,279.0,association:390799
48820,192043,69.75,association:125275
48820,266965,69.75,association:125275
48820,362495,69.75,association:125275
48820,279402,30.999969,association:461686
491323,433543,279.0,association:34269
491323,79801,279.0,association:34269
491323,348326,279.0,association:4067
491323,377868,279.0,association:4067
491323,287696,279.0,association:83569
491323,346655,279.0,association:83569
491323,301721,139.5,association:4067
491323,125799,69.75,association:400946
491323,18717,69.75,association:400946
491323,368360,69.75,association:400946
496313,178176,279.0,association:203444
496313,35403,279.0,association:203444
496313,395656,279.0,association:203444
499320,262699,433.999984,association:82340
499320,130599,379.749969,association:82340
499320,185241,379.749969,association:82340
499320,224818,379.749969,association:82340
499320,386092,379.749969,association:82340
499320,108096,348.75,association:39439
499320,138834,348.75,association:39439
499320,222328,348.75,association:39439
499320,265846,348.75,association:39439
499320,276886,348.75,association:39439
502208,248455,279.0,association:391484
502832,14520,279.0,association:409804
503857,405714,279.0,association:345373
503857,94344,279.0,association:442725
503857,269610,279.0,association:124065
503857,400946,139.5,association:124065
509017,14520,279.0,association:409804
509017,100898,279.0,association:46232
509017,207602,279.0,association:46232
509017,228644,279.0,association:46232
509017,246247,279.0,association:46232
509017,338395,279.0,association:46232
509017,358565,279.0,association:46232
509017,439963,279.0,association:46232
509017,463002,279.0,association:46232
509017,220513,139.5,association:46232
514220,443344,279.0,association:281480
515017,434247,279.0,association:198784
515017,186702,93.0,association:85334
516261,130113,279.0,association:369158
516261,189818,279.0,association:369158
516261,100898,279.0,association:439963
516261,207602,279.0,association:439963
516261,228644,279.0,association:439963
516261,246247,279.0,association:439963
516261,338395,279.0,association:439963
516261,358565,279.0,association:439963
516261,46232,279.0,association:439963
516261,463002,279.0,association:439963
518659,433543,279.0,association:34269
518659,79801,279.0,association:34269
518659,434811,279.0,association:321089
518659,189818,279.0,association:130113
518659,369158,279.0,association:130113
518659,391484,279.0,association:248455
518659,194892,279.0,association:344388
518659,396603,279.0,association:344388
518659,14520,279.0,association:409804
518659,153830,279.0,association:401765
518851,380212,279.0,association:350384
519839,342816,279.0,association:29940
519839,47334,279.0,association:384470
519839,130113,279.0,association:369158
519839,189818,279.0,association:369158
519839,457045,279.0,association:128569
519839,219755,279.0,association:380747
519839,342366,279.0,association:74789
519839,362340,279.0,association:301013
519839,248908,69.75,association:57389
519839,162411,69.75,association:57389
520636,105334,279.0,association:36995
520636,312781,279.0,association:222604
520636,435624,279.0,association:430965
525077,219833,279.0,association:358482
525077,273652,279.0,association:358482
525077,297669,279.0,association:358482
525077,387570,279.0,association:358482
525077,437051,279.0,association:358482
525077,114070,139.5,association:358482
527307,310620,279.0,association:276704
527307,167866,279.0,association:446522
527307,211299,279.0,association:446522
527307,254813,279.0,association:446522
527307,46130,279.0,association:446522
527307,64377,139.5,association:446522
527815,100898,279.0,association:439963
527815,207602,279.0,association:439963
527815,228644,279.0,association:439963
527815,246247,279.0,association:439963
527815,338395,279.0,association:439963
527815,358565,279.0,association:439963
527815,46232,279.0,association:439963
527815,463002,279.0,association:439963
527815,220513,139.5,association:439963
527815,246130,69.75,association:150882
529925,100898,279.0,association:46232
529925,207602,279.0,association:46232
529925,228644,279.0,association:46232
529925,246247,279.0,association:46232
529925,338395,279.0,association:46232
529925,358565,279.0,association:46232
529925,439963,279.0,association:46232
529925,463002,279.0,association:46232
529925,220513,139.5,association:46232
530033,240558,279.0,association:291964
530033,307941,279.0,association:192288
530033,332721,279.0,association:170262
530033,442131,279.0,association:170262
530033,130599,279.0,association:41803
530033,185241,279.0,association:41803
530033,224818,279.0,association:41803
530033,386092,279.0,association:41803
530033,221794,279.0,association:286731
530033,87767,279.0,association:159822
530559,100898,837.0,association:439963
530559,207602,837.0,association:439963
530559,246247,837.0,association:439963
530559,358565,837.0,association:439963
530559,46232,837.0,association:439963
530559,463002,837.0,association:439963
530559,220513,558.0,association:439963
530559,285072,279.0,association:376203
530559,366993,279.0,association:376203
530559,425593,279.0,association:378517
531661,150215,279.0,association:95426
531661,234199,279.0,association:416187
531661,456056,93.0,association:407078
531951,342366,279.0,association:74789
532023,90487,279.0,association:354881
532023,307981,279.0,association:58233
532023,121680,279.0,association:175907
532023,130709,3.875008,association:119736
532023,431472,1.937492,association:119736
532023,414654,1.937492,association:119736
532023,249804,1.937492,association:119736
532023,65540,1.937492,association:119736
532023,160272,1.937492,association:119736
532023,204494,1.937492,association:119736
534792,13280,279.0,association:191223
536804,443344,279.0,association:281480
536804,119736,23.25,association:160272
538165,268755,279.0,association:63543
53842,434811,279.0,association:321089
53842,346655,279.0,association:287696
53842,83569,279.0,association:287696
53842,202920,279.0,association:57788
53842,33487,279.0,association:57788
53842,390799,279.0,association:57788
53842,395845,279.0,association:57788
53842,14520,279.0,association:409804
53842,121680,279.0,association:175907
53842,368060,69.75,association:37029
539043,430965,279.0,association:435624
542702,400321,279.0,association:50626
542702,429704,279.0,association:50626
542702,246130,69.75,association:150882
542702,71233,69.75,association:150882
542702,348326,69.75,association:301721
542702,377868,69.75,association:301721
542702,4067,69.75,association:301721
542702,122324,69.75,association:301721
542702,137169,62.000031,association:82340
542702,169720,62.000031,association:82340
546086,202920,279.0,association:57788
546086,33487,279.0,association:57788
546086,390799,279.0,association:57788
546086,395845,279.0,association:57788
546086,14520,279.0,association:409804
546086,368060,69.75,association:37029
546086,345694,69.75,association:37029
546086,171878,62.000031,association:461686
546086,276402,30.999969,association:461686
546086,279402,30.999969,association:461686
547506,145503,279.0,association:444931
547506,21013,279.0,association:333792
547506,456056,93.0,association:407078
547506,158808,69.75,association:220513
547506,229821,69.75,association:220513
547506,244027,69.75,association:220513
547506,2641,69.75,association:220513
547506,309440,69.75,association:220513
547506,31625,69.75,association:220513
547506,100898,69.75,association:220513
547852,177757,279.0,association:402455
547852,246130,69.75,association:150882
547852,71233,69.75,association:150882
547852,130709,3.875008,association:119736
547852,431472,1.937492,association:119736
547852,414654,1.937492,association:119736
547852,249804,1.937492,association:119736
547852,65540,1.937492,association:119736
547852,160272,1.937492,association:119736
547852,204494,1.937492,association:119736
548772,189818,558.0,association:369158
548772,173223,558.0,association:433697
548772,398397,558.0,association:433697
548772,442150,558.0,association:433697
548772,272152,279.0,association:29167
548772,360378,279.0,association:174724
548772,457045,279.0,association:128569
548772,391484,279.0,association:248455
548772,100898,279.0,association:228644
548772,207602,279.0,association:228644
550789,158514,279.0,association:37009
550789,368060,69.75,association:37029
550789,345694,69.75,association:37029
550928,99907,279.0,association:281103
55389,100898,558.0,association:439963
55389,207602,558.0,association:439963
55389,228644,558.0,association:439963
55389,246247,558.0,association:439963
55389,358565,558.0,association:439963
55389,46232,558.0,association:439963
55389,463002,558.0,association:439963
55389,220513,279.0,association:439963
55389,61203,69.75,association:235559
55389,157150,69.75,association:235559
559484,99907,279.0,association:281103
559484,172103,30.999969,association:449391
559484,78268,30.999969,association:449391
560891,125799,69.75,association:400946
560891,18717,69.75,association:400946
560891,368360,69.75,association:400946
560891,124065,69.75,association:400946
560891,269610,69.75,association:400946
560891,18252,34.875,association:400946
560891,140527,13.95,association:400946
564199,303058,139.5,association:173801
564199,348326,69.75,association:301721
564199,377868,69.75,association:301721
564199,4067,69.75,association:301721
564199,122324,69.75,association:301721
564199,354106,11.16,association:140527
564199,148707,11.16,association:140527
564199,138114,11.16,association:140527
564199,125799,11.16,association:140527
564199,18717,11.16,association:140527
565978,105334,279.0,association:36995
565978,405380,279.0,association:236376
565978,127722,279.0,association:273747
565978,406121,279.0,association:273747
565978,8641,279.0,association:273747
565978,192653,279.0,association:237255
565978,444677,279.0,association:237255
566009,115258,279.0,association:176385
566009,220540,279.0,association:176385
568481,406296,279.0,association:241555
569539,322717,279.0,association:290999
569539,380212,279.0,association:350384
569539,213834,69.75,association:346892
569539,35245,30.999969,association:308648
569539,172309,30.999969,association:308648
569539,216266,10.333323,association:308648
569539,130709,3.875008,association:119736
569539,431472,1.937492,association:119736
569539,414654,1.937492,association:119736
569539,249804,1.937492,association:119736
572644,14520,279.0,association:409804
572644,100898,279.0,association:46232
572644,207602,279.0,association:46232
572644,228644,279.0,association:46232
572644,246247,279.0,association:46232
572644,338395,279.0,association:46232
572644,358565,279.0,association:46232
572644,439963,279.0,association:46232
572644,463002,279.0,association:46232
572644,220513,139.5,association:46232
57905,100898,558.0,association:439963
57905,207602,558.0,association:439963
57905,228644,558.0,association:439963
57905,246247,558.0,association:439963
57905,358565,558.0,association:439963
57905,46232,558.0,association:439963
57905,463002,558.0,association:439963
57905,271889,279.0,association:345156
57905,457045,279.0,association:128569
57905,214190,279.0,association:61632
580290,406296,279.0,association:241555
582933,318051,279.0,association:388897
582933,400321,279.0,association:50626
582933,429704,279.0,association:50626
582933,119736,23.25,association:130709
587389,307941,279.0,association:192288
589239,432171,93.0,association:379520
591869,240004,279.0,association:133247
591869,50577,279.0,association:133247
591869,227309,279.0,association:348254
591869,389118,279.0,association:348254
591869,442725,279.0,association:94344
591869,234199,279.0,association:416187
591869,202920,279.0,association:33487
591869,390799,279.0,association:33487
591869,395845,279.0,association:33487
591869,57788,279.0,association:33487
598277,430965,279.0,association:435624
601836,213376,279.0,association:249016
601836,312827,279.0,association:249016
601836,368060,69.75,association:37029
601836,345694,69.75,association:37029
615132,465606,558.0,association:275705
615132,96813,558.0,association:275705
615132,391484,279.0,association:248455
615132,322342,279.0,association:89775
615132,183756,279.0,association:446820
615132,362974,279.0,association:446820
615132,153830,279.0,association:401765
615132,263188,69.75,association:108021
615132,340377,69.75,association:108021
615132,443914,69.75,association:108021
617101,407078,30.999969,association:456056
617101,307355,30.999969,association:456056
617101,136329,30.999969,association:456056
617101,449559,30.999969,association:456056
623174,445351,279.0,association:314942
623174,236376,279.0,association:405380
623174,18717,279.0,association:125799
623174,368360,279.0,association:125799
623174,14520,279.0,association:409804
623174,18252,139.5,association:125799
623174,400946,139.5,association:125799
623174,140527,55.8,association:125799
623174,346892,34.875,association:213834
623174,284463,17.4375,association:213834
623304,164970,837.0,association:6518
623304,351861,837.0,association:6518
623304,104560,418.5,association:6518
623304,40870,279.0,association:272527
625795,448413,279.0,association:381352
625795,77733,139.5,association:248127
628940,310620,279.0,association:276704
628940,11250,279.0,association:14671
628940,64377,139.5,association:14671
634327,342816,279.0,association:29940
638482,121865,279.0,association:367726
638482,222119,279.0,association:367726
638482,194892,279.0,association:344388
638482,396603,279.0,association:344388
638482,191223,279.0,association:13280
638482,100898,279.0,association:46232
638482,207602,279.0,association:46232
638482,228644,279.0,association:46232
638482,246247,279.0,association:46232
638482,338395,279.0,association:46232
641040,44890,279.0,association:333681
643673,130599,917.91,association:256146
643673,386092,917.91,association:256146
643673,262699,894.195,association:256146
643673,39439,894.195,association:256146
643673,138834,848.16,association:256146
643673,222328,848.16,association:256146
643673,276886,848.16,association:256146
643673,296749,848.16,association:256146
643673,406165,848.16,association:256146
643673,169720,563.58,association:256146
645525,100898,1116.0,association:338395
645525,358565,1116.0,association:338395
645525,439963,1116.0,association:338395
645525,46232,1116.0,association:338395
645525,463002,1116.0,association:338395
645525,189818,558.0,association:369158
645525,220513,558.0,association:338395
645525,157576,279.0,association:161506
645525,276056,279.0,association:161506
645525,407202,279.0,association:327134
64931,152433,279.0,association:216293
64931,183756,279.0,association:446820
64931,362974,279.0,association:446820
649511,99907,279.0,association:281103
649511,100898,279.0,association:46232
649511,207602,279.0,association:46232
649511,228644,279.0,association:46232
649511,246247,279.0,association:46232
649511,338395,279.0,association:46232
649511,358565,279.0,association:46232
649511,439963,279.0,association:46232
649511,463002,279.0,association:46232
649511,220513,139.5,association:46232
653779,115258,279.0,association:220540
653779,176385,279.0,association:220540
664763,125799,69.75,association:400946
664763,18717,69.75,association:400946
664763,368360,69.75,association:400946
664763,124065,69.75,association:400946
664763,269610,69.75,association:400946
664763,18252,34.875,association:400946
664763,134108,30.999969,association:216266
664763,210408,30.999969,association:216266
664763,35245,30.999969,association:308648
664763,172309,30.999969,association:308648
6699,90487,279.0,association:354881
6699,407078,30.999969,association:456056
6699,307355,30.999969,association:456056
6699,136329,30.999969,association:456056
6699,449559,30.999969,association:456056
672218,372617,279.0,association:349470
672218,395273,279.0,association:349470
672218,276402,170.499969,association:461686
672218,192043,69.75,association:125275
672218,266965,69.75,association:125275
672218,362495,69.75,association:125275
672218,279402,30.999969,association:461686
672733,263765,279.0,association:318421
672735,259710,279.0,association:255908
672735,58123,279.0,association:255908
673572,310620,279.0,association:276704
673572,61632,279.0,association:214190
673572,167866,69.75,association:64377
673572,211299,69.75,association:64377
673572,254813,69.75,association:64377
673572,446522,69.75,association:64377
673572,46130,69.75,association:64377
673572,11250,69.75,association:64377
673572,14671,69.75,association:64377
674163,158575,279.0,association:276240
674163,234215,279.0,association:276240
674163,446102,279.0,association:276240
674163,326609,279.0,association:253574
674163,331980,279.0,association:79956
674163,196658,279.0,association:267236
674163,326846,279.0,association:267236
674163,336850,279.0,association:267236
674163,372395,279.0,association:267236
680352,140527,55.8,association:138114
682621,66648,279.0,association:245158
684514,161506,558.0,association:276056
684514,189818,558.0,association:369158
684514,164970,558.0,association:351861
684514,443161,558.0,association:351861
684514,6518,558.0,association:351861
684514,100898,348.75,association:220513
684514,207602,348.75,association:220513
684514,228644,348.75,association:220513
684514,246247,348.75,association:220513
684514,358565,348.75,association:220513
686012,377981,279.0,association:207430
686012,186702,93.645831,association:119736
686012,130709,3.875008,association:119736
686012,431472,1.937492,association:119736
686012,414654,1.937492,association:119736
686012,249804,1.937492,association:119736
686012,65540,1.937492,association:119736
686012,160272,1.937492,association:119736
686012,204494,1.937492,association:119736
686012,355994,1.937492,association:119736
686854,119736,23.25,association:160272
693709,465231,279.0,association:465522
693709,434811,279.0,association:321089
693709,391484,279.0,association:248455
693709,16813,279.0,association:118914
693709,175907,279.0,association:121680
693709,362974,279.0,association:183756
693709,446820,279.0,association:183756
695074,405714,279.0,association:345373
699890,130113,279.0,association:189818
699890,369158,279.0,association:189818
699890,196658,279.0,association:326846
699890,267236,279.0,association:326846
699890,336850,279.0,association:326846
699890,372395,279.0,association:326846
702279,342816,279.0,association:29940
705542,189818,558.0,association:369158
705542,322717,279.0,association:290999
705542,461220,279.0,association:184826
705542,75597,279.0,association:337196
705542,128569,279.0,association:457045
705542,122449,279.0,association:422494
705542,178176,279.0,association:35403
705542,203444,279.0,association:35403
705542,395656,279.0,association:35403
705542,428072,279.0,association:305016
710338,189818,279.0,association:130113
710338,369158,279.0,association:130113
710338,395952,139.5,association:76121
710338,407078,30.999969,association:456056
710338,307355,30.999969,association:456056
710338,136329,30.999969,association:456056
710338,449559,30.999969,association:456056
710338,130709,3.875008,association:119736
710338,431472,1.937492,association:119736
710338,414654,1.937492,association:119736
712422,115258,279.0,association:220540
712422,176385,279.0,association:220540
718180,44882,279.0,association:202052
719708,181462,279.0,association:409426
719708,241826,279.0,association:409426
719708,353965,279.0,association:409426
719708,60888,279.0,association:409426
721702,355707,279.0,association:275339
721702,434247,279.0,association:198784
722334,346655,279.0,association:287696
722334,83569,279.0,association:287696
722334,354106,11.16,association:140527
722334,148707,11.16,association:140527
722334,138114,11.16,association:140527
722334,125799,11.16,association:140527
722334,18717,11.16,association:140527
722334,368360,11.16,association:140527
722334,465511,11.16,association:140527
722334,120098,5.58,association:140527
724401,445351,279.0,association:314942
724618,14520,279.0,association:409804
724618,246130,69.75,association:150882
724618,71233,69.75,association:150882
730800,271685,279.0,association:453192
730800,18252,139.5,association:453192
730800,140527,55.8,association:465511
732548,105334,279.0,association:36995
73449,130113,279.0,association:369158
73449,189818,279.0,association:369158
73449,90487,279.0,association:354881
73449,393767,279.0,association:389722
73449,392474,279.0,association:38706
73449,281103,279.0,association:99907
73449,385755,279.0,association:384453
73449,140527,55.8,association:138114
73449,119736,23.25,association:130709
737053,100898,837.0,association:46232
737053,207602,837.0,association:46232
737053,228644,837.0,association:46232
737053,246247,837.0,association:46232
737053,358565,837.0,association:46232
737053,463002,837.0,association:46232
737053,220513,418.5,association:46232
737053,322717,279.0,association:290999
737053,174724,279.0,association:360378
737053,130113,279.0,association:369158
739007,100898,558.0,association:439963
739007,207602,558.0,association:439963
739007,228644,558.0,association:439963
739007,246247,558.0,association:439963
739007,358565,558.0,association:439963
739007,46232,558.0,association:439963
739007,463002,558.0,association:439963
739007,220513,418.5,association:439963
739007,392474,279.0,association:38706
739007,158808,279.0,association:244027
739647,432171,93.0,association:269773
740123,130709,3.875008,association:119736
740123,431472,1.937492,association:119736
740123,414654,1.937492,association:119736
740123,249804,1.937492,association:119736
740123,65540,1.937492,association:119736
740123,160272,1.937492,association:119736
740123,204494,1.937492,association:119736
740123,355994,1.937492,association:119736
740123,305520,1.937492,association:119736
740123,147879,1.937492,association:119736
741671,86691,279.0,association:380971
741671,256146,55.8,association:380971
746939,354106,11.16,association:140527
746939,148707,11.16,association:140527
746939,138114,11.16,association:140527
746939,125799,11.16,association:140527
746939,18717,11.16,association:140527
746939,368360,11.16,association:140527
746939,465511,11.16,association:140527
746939,120098,5.58,association:140527
746939,18252,5.58,association:140527
746939,400946,5.58,association:140527
748040,310620,279.0,association:276704
748040,249804,71.687492,association:119736
748040,248127,69.75,association:77733
748040,263188,69.75,association:108021
748040,340377,69.75,association:108021
748040,443914,69.75,association:108021
748040,458271,69.75,association:108021
748040,186702,23.895831,association:119736
748040,130709,3.875008,association:119736
748040,431472,1.937492,association:119736
748562,322717,279.0,association:290999
748562,14520,279.0,association:409804
748562,346892,34.875,association:213834
748562,284463,17.4375,association:213834
748562,440128,17.4375,association:213834
750601,100898,558.0,association:439963
750601,207602,558.0,association:439963
750601,228644,558.0,association:439963
750601,246247,558.0,association:439963
750601,358565,558.0,association:439963
750601,46232,558.0,association:439963
750601,463002,558.0,association:439963
750601,108096,279.0,association:296749
750601,138834,279.0,association:296749
750601,222328,279.0,association:296749
754218,125799,80.91,association:140527
754218,18717,80.91,association:140527
754218,368360,80.91,association:140527
754218,18252,40.455,association:140527
754218,354106,11.16,association:140527
754218,148707,11.16,association:140527
754218,138114,11.16,association:140527
754218,465511,11.16,association:140527
754218,120098,5.58,association:140527
754218,256146,2.232,association:140527
75424,290999,279.0,association:322717
75424,158575,279.0,association:234215
75424,276240,279.0,association:234215
75424,446102,279.0,association:234215
757355,100898,558.0,association:439963
757355,207602,558.0,association:439963
757355,228644,558.0,association:439963
757355,246247,558.0,association:439963
757355,358565,558.0,association:439963
757355,46232,558.0,association:439963
757355,463002,558.0,association:439963
757355,220513,418.5,association:439963
757355,158575,279.0,association:276240
757355,234215,279.0,association:276240
761482,303058,139.5,association:259092
761482,187609,30.999969,association:82340
761482,354106,11.16,association:256146
761482,380971,11.16,association:256146
761482,86691,11.16,association:256146
761482,232172,11.16,association:256146
761482,120098,5.58,association:256146
761482,273872,5.58,association:256146
761482,140527,2.232,association:256146
762655,332721,279.0,association:170262
762655,442131,279.0,association:170262
762655,439868,279.0,association:103221
763141,354881,279.0,association:90487
763141,14520,279.0,association:409804
763141,448597,279.0,association:278208
763141,100898,279.0,association:228644
763141,207602,279.0,association:228644
763141,246247,279.0,association:228644
763141,338395,279.0,association:228644
763141,358565,279.0,association:228644
763141,439963,279.0,association:228644
763141,46232,279.0,association:228644
765630,100898,906.75,association:220513
765630,207602,906.75,association:220513
765630,246247,906.75,association:220513
765630,358565,906.75,association:220513
765630,439963,906.75,association:220513
765630,463002,906.75,association:220513
765630,366993,558.0,association:376203
765630,290999,279.0,association:322717
765630,345373,279.0,association:405714
765630,337196,279.0,association:75597
76757,173223,418.5,association:81434
76757,245810,418.5,association:81434
76757,433697,418.5,association:81434
76757,442150,418.5,association:81434
76757,123995,348.75,association:104560
76757,164970,348.75,association:104560
76757,351861,348.75,association:104560
76757,443161,348.75,association:104560
76757,216293,279.0,association:152433
76757,130113,279.0,association:369158
770983,75510,279.0,association:250301
770983,77733,139.5,association:248127
771313,14520,279.0,association:409804
771313,466443,279.0,association:163890
771313,130709,3.875008,association:119736
771313,431472,1.937492,association:119736
771313,414654,1.937492,association:119736
771313,249804,1.937492,association:119736
771313,65540,1.937492,association:119736
771313,160272,1.937492,association:119736
771313,204494,1.937492,association:119736
771313,355994,1.937492,association:119736
77177,434247,279.0,association:198784
77390,362974,558.0,association:446820
77390,314942,279.0,association:445351
77390,32361,279.0,association:122604
77390,202920,279.0,association:57788
77390,33487,279.0,association:57788
77390,390799,279.0,association:57788
77390,395845,279.0,association:57788
77390,368060,69.75,association:37029
77390,345694,69.75,association:37029
77390,346892,34.875,association:213834
774707,128569,279.0,association:457045
780414,305016,279.0,association:428072
780414,441256,279.0,association:428072
780414,273872,139.5,association:232172
780414,140527,55.8,association:465511
780414,256146,55.8,association:232172
783557,213376,279.0,association:312827
783557,249016,279.0,association:312827
78724,14520,279.0,association:409804
78724,100898,279.0,association:46232
78724,207602,279.0,association:46232
78724,228644,279.0,association:46232
78724,246247,279.0,association:46232
78724,338395,279.0,association:46232
78724,358565,279.0,association:46232
78724,439963,279.0,association:46232
78724,463002,279.0,association:46232
78724,220513,139.5,association:46232
788941,246130,69.75,association:150882
788941,71233,69.75,association:150882
789933,448413,279.0,association:381352
792741,322717,279.0,association:290999
792741,14520,279.0,association:409804
792741,259710,279.0,association:255908
792741,58123,279.0,association:255908
794751,103645,279.0,association:130828
794751,352559,279.0,association:130828
79627,75597,279.0,association:337196
79627,210408,279.0,association:134108
79627,463804,279.0,association:352230
79627,86691,279.0,association:380971
79627,32361,279.0,association:122604
79627,196658,279.0,association:326846
79627,267236,279.0,association:326846
79627,336850,279.0,association:326846
79627,372395,279.0,association:326846
79627,194892,279.0,association:344388
796636,336753,279.0,association:121311
796636,13280,279.0,association:191223
797409,132057,279.0,association:46910
797409,428072,279.0,association:305016
797409,441256,279.0,association:305016
797409,391484,279.0,association:248455
797409,380212,279.0,association:350384
797409,100898,279.0,association:228644
797409,207602,279.0,association:228644
797409,246247,279.0,association:228644
797409,338395,279.0,association:228644
797409,358565,279.0,association:228644
802320,101722,279.0,association:3914
805200,346598,279.0,association:188830
805204,389722,279.0,association:393767
805204,443344,279.0,association:281480
808813,57686,69.75,association:260256
808813,297292,69.75,association:260256
809822,29940,279.0,association:342816
809822,310620,279.0,association:276704
809822,172103,279.0,association:78268
809822,32361,279.0,association:122604
809822,331980,279.0,association:79956
809822,90487,279.0,association:354881
809822,196658,279.0,association:326846
809822,267236,279.0,association:326846
809822,336850,279.0,association:326846
809822,372395,279.0,association:326846
813971,227309,279.0,association:348254
813971,389118,279.0,association:348254
820159,90487,279.0,association:354881
820159,145503,279.0,association:444931
820159,448597,279.0,association:278208
820159,100898,279.0,association:439963
820159,207602,279.0,association:439963
820159,228644,279.0,association:439963
820159,246247,279.0,association:439963
820159,338395,279.0,association:439963
820159,358565,279.0,association:439963
820159,46232,279.0,association:439963
822310,382885,69.75,association:104560
823982,422494,279.0,association:122449
824082,100898,558.0,association:46232
824082,207602,558.0,association:46232
824082,228644,558.0,association:46232
824082,246247,558.0,association:46232
824082,338395,558.0,association:46232
824082,358565,558.0,association:46232
824082,463002,558.0,association:46232
824082,236376,279.0,association:405380
824082,220513,279.0,association:46232
824082,346892,34.875,association:213834
824842,445351,279.0,association:314942
824842,32361,279.0,association:122604
824842,202920,279.0,association:57788
824842,33487,279.0,association:57788
824842,390799,279.0,association:57788
824842,395845,279.0,association:57788
824842,100898,279.0,association:358565
824842,207602,279.0,association:358565
824842,228644,279.0,association:358565
824842,246247,279.0,association:358565
825321,290999,279.0,association:322717
825321,29940,279.0,association:342816
825321,171611,279.0,association:8347
825321,47334,279.0,association:384470
825321,128569,279.0,association:457045
825321,192288,279.0,association:307941
825321,393767,279.0,association:389722
825321,75392,279.0,association:90910
825321,273747,279.0,association:127722
825321,406121,279.0,association:127722
829289,32267,279.0,association:70929
829289,19142,279.0,association:23246
829289,202920,279.0,association:390799
829289,33487,279.0,association:390799
829289,395845,279.0,association:390799
829289,57788,279.0,association:390799
829289,406296,279.0,association:241555
829289,100898,279.0,association:463002
829289,207602,279.0,association:463002
829289,228644,279.0,association:463002
829859,344388,279.0,association:194892
829859,396603,279.0,association:194892
833253,10572,279.0,association:382130
833253,251040,279.0,association:382130
833253,341869,279.0,association:382130
833253,357529,279.0,association:382130
835779,314942,279.0,association:445351
835779,340377,279.0,association:458271
835779,443914,279.0,association:458271
835779,86665,279.0,association:315545
835779,108021,139.5,association:458271
836468,246130,69.75,association:150882
836468,71233,69.75,association:150882
836635,189818,558.0,association:369158
836635,389118,558.0,association:348254
836635,130800,279.0,association:183511
836635,271889,279.0,association:345156
836635,376008,279.0,association:358348
836635,349470,279.0,association:395273
836635,372617,279.0,association:395273
836635,178176,279.0,association:35403
836635,203444,279.0,association:35403
836635,395656,279.0,association:35403
837377,405714,279.0,association:345373
837377,219833,279.0,association:387570
837377,273652,279.0,association:387570
837377,297669,279.0,association:387570
837377,358482,279.0,association:387570
837377,437051,279.0,association:387570
837377,114070,139.5,association:387570
841939,130113,279.0,association:369158
841939,189818,279.0,association:369158
841939,170262,279.0,association:442131
841939,332721,279.0,association:442131
841939,90487,279.0,association:354881
841939,449391,93.0,association:54698
841939,246130,69.75,association:150882
841939,71233,69.75,association:150882
841939,399192,69.75,association:448494
841939,130709,3.875008,association:119736
844618,127688,279.0,association:331381
844618,288105,279.0,association:331381
844618,42841,279.0,association:331381
850171,150882,139.5,association:246130
850171,219833,69.75,association:114070
850171,273652,69.75,association:114070
850171,297669,69.75,association:114070
850171,358482,69.75,association:114070
850171,387570,69.75,association:114070
850171,437051,69.75,association:114070
850171,265920,69.75,association:114070
855728,400321,279.0,association:50626
855728,429704,279.0,association:50626
855728,350384,279.0,association:380212
855728,100898,279.0,association:439963
855728,207602,279.0,association:439963
855728,228644,279.0,association:439963
855728,246247,279.0,association:439963
855728,338395,279.0,association:439963
855728,358565,279.0,association:439963
855728,46232,279.0,association:439963
856874,268755,279.0,association:63543
856874,100898,279.0,association:46232
856874,207602,279.0,association:46232
856874,228644,279.0,association:46232
856874,246247,279.0,association:46232
856874,338395,279.0,association:46232
856874,358565,279.0,association:46232
856874,439963,279.0,association:46232
856874,463002,279.0,association:46232
856874,220513,139.5,association:46232
856909,183756,279.0,association:446820
856909,362974,279.0,association:446820
85734,310620,279.0,association:276704
85734,210408,279.0,association:134108
85734,372834,279.0,association:337512
85734,314942,279.0,association:445351
85734,312130,279.0,association:354176
85734,424512,279.0,association:354176
85734,376008,279.0,association:358348
85734,372617,279.0,association:349470
85734,395273,279.0,association:349470
85734,14520,279.0,association:409804
860113,99907,279.0,association:281103
861299,100898,558.0,association:46232
861299,207602,558.0,association:46232
861299,246247,558.0,association:46232
861299,338395,558.0,association:46232
861299,358565,558.0,association:46232
861299,439963,558.0,association:46232
861299,463002,558.0,association:46232
861299,290999,279.0,association:322717
861299,337196,279.0,association:75597
861299,130800,279.0,association:183511
861638,174724,279.0,association:360378
863219,360378,279.0,association:174724
863219,445351,279.0,association:314942
863219,94344,279.0,association:442725
863219,324759,279.0,association:429962
863219,49466,279.0,association:429962
863219,406296,279.0,association:241555
863219,128182,279.0,association:242981
863219,181462,279.0,association:353965
863219,241826,279.0,association:353965
863219,409426,279.0,association:353965
86459,150540,279.0,association:279310
868541,94344,279.0,association:442725
868541,100898,279.0,association:439963
868541,207602,279.0,association:439963
868541,228644,279.0,association:439963
868541,246247,279.0,association:439963
868541,338395,279.0,association:439963
868541,358565,279.0,association:439963
868541,46232,279.0,association:439963
868541,463002,279.0,association:439963
868541,220513,139.5,association:439963
869858,119736,23.25,association:204494
872031,202920,279.0,association:395845
872031,33487,279.0,association:395845
872031,390799,279.0,association:395845
872031,57788,279.0,association:395845
872031,119736,23.25,association:204494
874209,102614,279.0,association:281710
874209,158808,279.0,association:244027
874209,229821,279.0,association:244027
874209,2641,279.0,association:244027
874209,309440,279.0,association:244027
874209,31625,279.0,association:244027
874209,220513,139.5,association:244027
874209,129010,69.75,association:85914
874209,273144,69.75,association:85914
874209,204209,34.875,association:85914
876048,275339,279.0,association:355707
876048,119736,23.25,association:204494
881061,291964,279.0,association:240558
884108,372617,558.0,association:395273
890980,14671,279.0,association:11250
890980,314942,279.0,association:445351
890980,70929,279.0,association:32267
890980,332721,279.0,association:170262
890980,442131,279.0,association:170262
890980,125906,279.0,association:81104
890980,64377,139.5,association:11250
890980,235559,139.5,association:61203
890980,368060,69.75,association:37029
890980,345694,69.75,association:37029
892013,391484,279.0,association:248455
892013,196658,279.0,association:267236
892013,326846,279.0,association:267236
892013,336850,279.0,association:267236
892013,372395,279.0,association:267236
892013,249016,279.0,association:213376
892013,312827,279.0,association:213376
892355,16052,279.0,association:348245
892355,425746,279.0,association:6731
892355,168717,279.0,association:51556
892355,258901,279.0,association:234384
892355,145503,279.0,association:444931
892355,100898,279.0,association:439963
892355,207602,279.0,association:439963
892355,228644,279.0,association:439963
892355,246247,279.0,association:439963
892355,338395,279.0,association:439963
894153,306494,279.0,association:263501
894153,388308,279.0,association:263501
894153,268755,279.0,association:63543
894153,120098,139.5,association:263501
894153,273872,139.5,association:263501
89426,251040,279.0,association:10572
89426,341869,279.0,association:10572
89426,357529,279.0,association:10572
89426,382130,279.0,association:10572
89426,276402,139.5,association:171878
89426,461686,116.25,association:125275
89426,192043,69.75,association:125275
89426,266965,69.75,association:125275
89426,362495,69.75,association:125275
895969,406296,279.0,association:241555
895999,176385,558.0,association:220540
895999,332721,558.0,association:442131
895999,167866,348.75,association:64377
895999,211299,348.75,association:64377
895999,446522,348.75,association:64377
895999,46130,348.75,association:64377
895999,136329,309.999969,association:456056
895999,109239,279.0,association:185082
895999,192003,279.0,association:185082
895999,211975,279.0,association:185082
896066,167866,279.0,association:446522
896066,211299,279.0,association:446522
896066,254813,279.0,association:446522
896066,46130,279.0,association:446522
896066,70929,279.0,association:32267
896066,34977,279.0,association:232768
896066,281103,279.0,association:99907
896066,221794,279.0,association:286731
896066,100898,279.0,association:46232
896066,207602,279.0,association:46232
896347,125799,69.75,association:18252
896347,18717,69.75,association:18252
896347,368360,69.75,association:18252
896347,400946,34.875,association:18252
896347,172103,30.999969,association:449391
896347,78268,30.999969,association:449391
896347,140527,13.95,association:18252
897679,406296,279.0,association:241555
899857,291964,279.0,association:240558
899857,433543,279.0,association:34269
899857,79801,279.0,association:34269
899857,89775,279.0,association:322342
899857,281103,279.0,association:99907
899857,263501,139.5,association:273872
899857,306494,139.5,association:273872
899857,388308,139.5,association:273872
899857,354106,80.91,association:256146
899857,398907,69.75,association:172894
904351,65000,279.0,association:242905
904351,14520,279.0,association:409804
904351,273747,279.0,association:127722
904351,406121,279.0,association:127722
904351,8641,279.0,association:127722
904351,362974,279.0,association:183756
904351,446820,279.0,association:183756
904351,348326,69.75,association:301721
904351,377868,69.75,association:301721
904351,4067,69.75,association:301721
909859,196658,558.0,association:372395
909859,267236,558.0,association:372395
909859,326846,558.0,association:372395
909859,434811,279.0,association:321089
909859,236376,279.0,association:405380
909859,171878,62.000031,association:461686
909859,276402,30.999969,association:461686
909859,279402,30.999969,association:461686
909859,125275,15.499985,association:461686
917036,406296,279.0,association:241555
917504,322717,279.0,association:290999
917504,152433,279.0,association:216293
917504,332721,279.0,association:170262
917504,442131,279.0,association:170262
917504,65000,279.0,association:242905
917504,158808,279.0,association:244027
917504,229821,279.0,association:244027
917504,2641,279.0,association:244027
917504,309440,279.0,association:244027
917504,31625,279.0,association:244027
921225,167866,279.0,association:254813
921225,211299,279.0,association:254813
921225,446522,279.0,association:254813
921225,46130,279.0,association:254813
921225,32361,279.0,association:122604
921225,202920,279.0,association:395845
921225,33487,279.0,association:395845
921225,390799,279.0,association:395845
921225,57788,279.0,association:395845
921225,64377,139.5,association:254813
928443,75510,279.0,association:250301
928443,158808,279.0,association:31625
928443,229821,279.0,association:31625
928443,244027,279.0,association:31625
928443,2641,279.0,association:31625
928443,309440,279.0,association:31625
928443,220513,139.5,association:31625
929638,422494,279.0,association:122449
929638,446705,279.0,association:67154
931536,19142,279.0,association:23246
934040,207602,558.0,association:228644
934040,246247,558.0,association:228644
934040,338395,558.0,association:228644
934040,358565,558.0,association:228644
934040,439963,558.0,association:228644
934040,46232,558.0,association:228644
934040,463002,558.0,association:228644
934040,158575,279.0,association:276240
934040,234215,279.0,association:276240
934040,446102,279.0,association:276240
93504,219833,279.0,association:387570
93504,273652,279.0,association:387570
93504,297669,279.0,association:387570
93504,358482,279.0,association:387570
93504,437051,279.0,association:387570
93504,114070,139.5,association:387570
935325,189818,558.0,association:369158
935325,100898,558.0,association:439963
935325,207602,558.0,association:439963
935325,228644,558.0,association:439963
935325,246247,558.0,association:439963
935325,358565,558.0,association:439963
935325,46232,558.0,association:439963
935325,463002,558.0,association:439963
935325,130800,279.0,association:183511
935325,307941,279.0,association:192288
937463,314942,279.0,association:445351
943801,85771,279.0,association:449220
943801,263501,69.75,association:273872
943801,306494,69.75,association:273872
943801,388308,69.75,association:273872
943801,232172,69.75,association:273872
943801,140527,55.8,association:465511
943801,120098,34.875,association:273872
943801,35245,30.999969,association:308648
943801,172309,30.999969,association:308648
943801,256146,13.95,association:273872
952246,342816,279.0,association:29940
952246,461220,279.0,association:184826
952246,130800,279.0,association:183511
952246,8015,279.0,association:38083
952246,314942,279.0,association:445351
952246,65000,279.0,association:242905
952246,372389,279.0,association:390582
952246,399697,279.0,association:390582
952246,1267,279.0,association:70148
952246,149735,279.0,association:70148
953371,1267,279.0,association:149735
953371,70148,279.0,association:149735
953771,70929,279.0,association:32267
953771,399192,69.75,association:448494
953771,113440,69.75,association:448494
95405,70929,279.0,association:32267
95405,32361,279.0,association:122604
95405,466443,279.0,association:163890
95405,183756,279.0,association:446820
95405,362974,279.0,association:446820
95405,380212,279.0,association:350384
95405,263501,69.75,association:273872
95405,306494,69.75,association:273872
95405,388308,69.75,association:273872
95405,232172,69.75,association:273872
960004,178176,279.0,association:35403
960004,203444,279.0,association:35403
960004,395656,279.0,association:35403
960004,196658,279.0,association:326846
960004,267236,279.0,association:326846
960004,336850,279.0,association:326846
960004,372395,279.0,association:326846
960004,100898,279.0,association:439963
960004,207602,279.0,association:439963
960004,228644,279.0,association:439963
960773,391515,279.0,association:34278
960773,100898,279.0,association:463002
960773,207602,279.0,association:463002
960773,228644,279.0,association:463002
960773,246247,279.0,association:463002
960773,338395,279.0,association:463002
960773,358565,279.0,association:463002
960773,439963,279.0,association:463002
960773,46232,279.0,association:463002
960773,220513,139.5,association:463002
962131,100898,558.0,association:439963
962131,207602,558.0,association:439963
962131,228644,558.0,association:439963
962131,246247,558.0,association:439963
962131,358565,558.0,association:439963
962131,46232,558.0,association:439963
962131,463002,558.0,association:439963
962131,14671,279.0,association:11250
962131,314942,279.0,association:445351
962131,176385,279.0,association:115258
962631,32361,279.0,association:122604
962631,99907,279.0,association:281103
962770,101722,279.0,association:3914
964794,276704,279.0,association:310620
964794,314942,279.0,association:445351
964794,171878,62.000031,association:461686
964794,276402,30.999969,association:461686
964794,125275,15.499985,association:461686
966491,234384,279.0,association:258901
966491,181462,279.0,association:241826
966491,353965,279.0,association:241826
966491,409426,279.0,association:241826
966491,60888,279.0,association:241826
966491,237255,279.0,association:192653
966491,444677,279.0,association:192653
966491,100898,279.0,association:439963
966491,207602,279.0,association:439963
966491,228644,279.0,association:439963
968683,211299,279.0,association:167866
968683,254813,279.0,association:167866
968683,446522,279.0,association:167866
968683,46130,279.0,association:167866
968683,185241,279.0,association:130599
968683,224818,279.0,association:130599
968683,386092,279.0,association:130599
968683,41803,279.0,association:130599
968683,127688,279.0,association:42841
968683,288105,279.0,association:42841
968892,227309,279.0,association:389118
968892,348254,279.0,association:389118
971454,249016,558.0,association:312827
971454,100898,558.0,association:46232
971454,207602,558.0,association:46232
971454,228644,558.0,association:46232
971454,246247,558.0,association:46232
971454,338395,558.0,association:46232
971454,358565,558.0,association:46232
971454,463002,558.0,association:46232
971454,167866,279.0,association:46130
971454,211299,279.0,association:46130
972071,172103,309.999969,association:449391
972071,29940,279.0,association:342816
972071,54698,62.000031,association:449391
974226,290999,279.0,association:322717
974226,314942,279.0,association:445351
974226,130113,279.0,association:369158
974226,189818,279.0,association:369158
974226,457045,279.0,association:128569
974226,380971,279.0,association:86691
974226,434247,279.0,association:198784
974226,279585,279.0,association:318117
974226,263501,69.75,association:120098
974226,306494,69.75,association:120098
975710,314942,279.0,association:445351
975710,346892,34.875,association:213834
975710,284463,17.4375,association:213834
975710,440128,17.4375,association:213834
976328,171878,62.000031,association:461686
976328,276402,30.999969,association:461686
976328,279402,30.999969,association:461686
976328,125275,15.499985,association:461686
977753,391484,279.0,association:248455
977753,322342,279.0,association:89775
977753,171878,62.000031,association:461686
977753,276402,30.999969,association:461686
977753,279402,30.999969,association:461686
977753,125275,15.499985,association:461686
98071,416187,279.0,association:234199
981298,303058,139.5,association:173801
982670,360378,279.0,association:174724
982670,434811,279.0,association:321089
982670,145503,279.0,association:444931
982670,237255,279.0,association:192653
982670,444677,279.0,association:192653
983143,434811,279.0,association:321089
983447,406296,279.0,association:241555
994820,100898,1116.0,association:46232
994820,207602,1116.0,association:46232
994820,246247,1116.0,association:46232
994820,358565,1116.0,association:46232
994820,463002,1116.0,association:46232
994820,442131,558.0,association:332721
994820,220513,558.0,association:46232
994820,425593,279.0,association:378517
994820,318421,279.0,association:263765
994820,167866,279.0,association:46130
996879,272152,279.0,association:29167
996879,360378,279.0,association:174724
996879,70929,279.0,association:32267
996879,181462,279.0,association:241826
996879,353965,279.0,association:241826
996879,409426,279.0,association:241826
996879,60888,279.0,association:241826
996879,100898,279.0,association:338395
996879,207602,279.0,association:338395
996879,228644,279.0,association:338395
