customer_id,product_id,score,reason
1000294,185932,4.840377,multi_behavior_sequence
1000294,201515,4.443714,multi_behavior_sequence
1000294,125092,4.392752,multi_behavior_sequence
1000294,366282,4.330115,multi_behavior_sequence
1000294,446420,4.149203,multi_behavior_sequence
1000294,211478,4.140466,multi_behavior_sequence
1000294,112566,4.130033,multi_behavior_sequence
1000294,142624,3.84094,multi_behavior_sequence
1000294,272770,3.831158,multi_behavior_sequence
1000294,262797,3.788786,multi_behavior_sequence
1000306,312728,6.436829,multi_behavior_sequence
1000306,409804,6.36904,multi_behavior_sequence
1000306,200202,4.89666,multi_behavior_sequence
1000306,176484,4.894943,multi_behavior_sequence
1000306,303178,4.880873,multi_behavior_sequence
1000306,122366,4.673791,multi_behavior_sequence
1000306,445351,4.663554,multi_behavior_sequence
1000306,137697,4.624038,multi_behavior_sequence
1000306,147684,4.513229,multi_behavior_sequence
1000306,222888,4.504997,multi_behavior_sequence
1001230,374873,4.355143,multi_behavior_sequence
1001230,355325,4.238659,multi_behavior_sequence
1001230,376974,4.09271,multi_behavior_sequence
1001230,155097,3.970896,multi_behavior_sequence
1001230,96904,3.690196,multi_behavior_sequence
1001230,71825,3.639405,multi_behavior_sequence
1001230,29162,3.615494,multi_behavior_sequence
1001230,338530,3.570276,multi_behavior_sequence
1001230,379288,3.530974,multi_behavior_sequence
1001230,154171,3.515282,multi_behavior_sequence
1003939,372728,4.505524,multi_behavior_sequence
1003939,413990,4.422038,multi_behavior_sequence
1003939,6174,3.900095,multi_behavior_sequence
1003939,395273,3.806586,multi_behavior_sequence
1003939,220950,3.715553,multi_behavior_sequence
1003939,268335,3.690474,multi_behavior_sequence
1003939,135912,3.610897,multi_behavior_sequence
1003939,374009,3.498544,multi_behavior_sequence
1003939,360610,3.495065,multi_behavior_sequence
1003939,161182,3.459893,multi_behavior_sequence
100439,183435,5.278807,multi_behavior_sequence
100439,429765,5.174839,multi_behavior_sequence
100439,237524,5.097978,multi_behavior_sequence
100439,318785,5.003547,multi_behavior_sequence
100439,222656,4.870766,multi_behavior_sequence
100439,371965,4.632621,multi_behavior_sequence
100439,386635,4.564801,multi_behavior_sequence
100439,279457,4.530474,multi_behavior_sequence
100439,463635,4.433855,multi_behavior_sequence
100439,105338,4.41498,multi_behavior_sequence
1005247,312728,5.318189,multi_behavior_sequence
1005247,37115,4.636381,multi_behavior_sequence
1005247,445351,4.618579,multi_behavior_sequence
1005247,234255,4.611943,multi_behavior_sequence
1005247,128745,4.563322,multi_behavior_sequence
1005247,48030,4.444035,multi_behavior_sequence
1005247,409804,4.416795,multi_behavior_sequence
1005247,438484,4.344865,multi_behavior_sequence
1005247,190000,4.166477,multi_behavior_sequence
1005247,119736,4.149314,multi_behavior_sequence
1005558,62599,2.456321,multi_behavior_sequence
1005558,301483,2.418438,multi_behavior_sequence
1005558,359995,2.399015,multi_behavior_sequence
1005558,112566,2.36764,multi_behavior_sequence
1005558,210985,2.35888,multi_behavior_sequence
1005558,459835,2.312561,multi_behavior_sequence
1005558,185932,2.272982,multi_behavior_sequence
1005558,27151,2.272141,multi_behavior_sequence
1005558,248679,2.269558,multi_behavior_sequence
1005558,371909,2.263354,multi_behavior_sequence
1008739,446820,2.331525,multi_behavior_sequence
1008739,444931,2.292543,multi_behavior_sequence
1008739,281103,2.268327,multi_behavior_sequence
1008739,370984,2.123847,multi_behavior_sequence
1008739,286723,2.0928,multi_behavior_sequence
1008739,89646,2.009142,multi_behavior_sequence
1008739,185305,1.980951,multi_behavior_sequence
1008739,269177,1.965826,multi_behavior_sequence
1008739,26646,1.953181,multi_behavior_sequence
1008739,246378,1.949304,multi_behavior_sequence
1009311,166693,3.835249,multi_behavior_sequence
1009311,340246,3.611942,multi_behavior_sequence
1009311,348245,3.545158,multi_behavior_sequence
1009311,416357,3.41678,multi_behavior_sequence
1009311,40870,3.390058,multi_behavior_sequence
1009311,201515,3.342195,multi_behavior_sequence
1009311,114137,3.237576,multi_behavior_sequence
1009311,156514,3.201925,multi_behavior_sequence
1009311,379036,3.15122,multi_behavior_sequence
1009311,259078,3.084896,multi_behavior_sequence
1009676,337327,2.928923,multi_behavior_sequence
1009676,368403,2.918605,multi_behavior_sequence
1009676,358594,2.566744,multi_behavior_sequence
1009676,119433,2.437232,multi_behavior_sequence
1009676,96904,2.436108,multi_behavior_sequence
1009676,135446,2.4001,multi_behavior_sequence
1009676,95933,2.324212,multi_behavior_sequence
1009676,29196,2.308911,multi_behavior_sequence
1009676,16344,2.298169,multi_behavior_sequence
1009676,79956,2.286738,multi_behavior_sequence
1010711,363645,3.782367,multi_behavior_sequence
1010711,382885,3.619678,multi_behavior_sequence
1010711,11663,3.558511,multi_behavior_sequence
1010711,363109,3.495878,multi_behavior_sequence
1010711,375854,3.464114,multi_behavior_sequence
1010711,394391,3.433715,multi_behavior_sequence
1010711,257735,3.349111,multi_behavior_sequence
1010711,188051,3.337474,multi_behavior_sequence
1010711,322887,3.32397,multi_behavior_sequence
1010711,85579,3.310037,multi_behavior_sequence
101175,211483,4.975986,multi_behavior_sequence
101175,431853,4.574057,multi_behavior_sequence
101175,359344,4.544388,multi_behavior_sequence
101175,13398,4.486542,multi_behavior_sequence
101175,301235,4.334131,multi_behavior_sequence
101175,416357,4.260281,multi_behavior_sequence
101175,223998,4.256794,multi_behavior_sequence
101175,59003,4.195313,multi_behavior_sequence
101175,164828,4.145419,multi_behavior_sequence
101175,385499,4.046048,multi_behavior_sequence
1012043,2463,3.222584,multi_behavior_sequence
1012043,14606,3.214258,multi_behavior_sequence
1012043,1684,3.173551,multi_behavior_sequence
1012043,153036,3.026513,multi_behavior_sequence
1012043,320130,3.025203,multi_behavior_sequence
1012043,325310,2.975703,multi_behavior_sequence
1012043,174489,2.934922,multi_behavior_sequence
1012043,37115,2.887703,multi_behavior_sequence
1012043,379911,2.855341,multi_behavior_sequence
1012043,17478,2.838666,multi_behavior_sequence
1014730,336562,3.806004,multi_behavior_sequence
1014730,394548,3.281173,multi_behavior_sequence
1014730,241217,3.261923,multi_behavior_sequence
1014730,122219,3.205171,multi_behavior_sequence
1014730,238645,3.168802,multi_behavior_sequence
1014730,268979,3.124874,multi_behavior_sequence
1014730,332107,3.026135,multi_behavior_sequence
1014730,121532,2.900238,multi_behavior_sequence
1014730,329595,2.879413,multi_behavior_sequence
1014730,164970,2.875054,multi_behavior_sequence
1015139,461686,7.238416,multi_behavior_sequence
1015139,342530,5.814683,multi_behavior_sequence
1015139,9877,5.79846,multi_behavior_sequence
1015139,254290,5.716276,multi_behavior_sequence
1015139,188051,5.615736,multi_behavior_sequence
1015139,248455,5.579507,multi_behavior_sequence
1015139,405380,5.437505,multi_behavior_sequence
1015139,346892,5.367522,multi_behavior_sequence
1015139,366177,5.352858,multi_behavior_sequence
1015139,338794,5.339153,multi_behavior_sequence
1015599,185932,6.080575,multi_behavior_sequence
1015599,414432,6.037135,multi_behavior_sequence
1015599,332333,5.868177,multi_behavior_sequence
1015599,293363,5.616795,multi_behavior_sequence
1015599,155382,5.334497,multi_behavior_sequence
1015599,79524,5.187688,multi_behavior_sequence
1015599,371909,4.984225,multi_behavior_sequence
1015599,426437,4.975734,multi_behavior_sequence
1015599,141992,4.964218,multi_behavior_sequence
1015599,279457,4.930069,multi_behavior_sequence
1015928,326590,4.830824,multi_behavior_sequence
1015928,147141,4.672188,multi_behavior_sequence
1015928,375160,4.668014,multi_behavior_sequence
1015928,407661,4.612394,multi_behavior_sequence
1015928,122324,4.427748,multi_behavior_sequence
1015928,129356,4.427644,multi_behavior_sequence
1015928,89262,4.39995,multi_behavior_sequence
1015928,431694,4.356236,multi_behavior_sequence
1015928,72307,4.286587,multi_behavior_sequence
1015928,248142,4.184308,multi_behavior_sequence
1018140,384397,2.566898,multi_behavior_sequence
1018140,360318,2.430582,multi_behavior_sequence
1018140,154171,2.374841,multi_behavior_sequence
1018140,115958,2.372231,multi_behavior_sequence
1018140,223998,2.30696,multi_behavior_sequence
1018140,237524,2.287357,multi_behavior_sequence
1018140,41909,2.273889,multi_behavior_sequence
1018140,398004,2.192167,multi_behavior_sequence
1018140,356475,2.163225,multi_behavior_sequence
1018140,421471,2.147707,multi_behavior_sequence
1018974,46232,6.606789,multi_behavior_sequence
1018974,213834,6.095259,multi_behavior_sequence
1018974,445351,5.934216,multi_behavior_sequence
1018974,312728,5.930631,multi_behavior_sequence
1018974,119736,5.810624,multi_behavior_sequence
1018974,461686,5.806639,multi_behavior_sequence
1018974,9877,5.76614,multi_behavior_sequence
1018974,409804,5.681307,multi_behavior_sequence
1018974,456056,5.529405,multi_behavior_sequence
1018974,248455,5.513724,multi_behavior_sequence
1020169,370442,4.084121,multi_behavior_sequence
1020169,261673,3.605122,multi_behavior_sequence
1020169,312728,3.244743,multi_behavior_sequence
1020169,306041,3.223963,multi_behavior_sequence
1020169,122366,3.223117,multi_behavior_sequence
1020169,341012,3.190279,multi_behavior_sequence
1020169,278610,3.166856,multi_behavior_sequence
1020169,397747,3.14792,multi_behavior_sequence
1020169,67154,3.123424,multi_behavior_sequence
1020169,76876,3.119347,multi_behavior_sequence
1020286,99785,3.625195,multi_behavior_sequence
1020286,150103,3.539444,multi_behavior_sequence
1020286,222888,3.495494,multi_behavior_sequence
1020286,325384,3.414453,multi_behavior_sequence
1020286,361554,3.40016,multi_behavior_sequence
1020286,117894,3.371326,multi_behavior_sequence
1020286,36229,3.36655,multi_behavior_sequence
1020286,49446,3.309136,multi_behavior_sequence
1020286,76815,3.284416,multi_behavior_sequence
1020286,125092,3.276844,multi_behavior_sequence
1020655,105114,4.473293,multi_behavior_sequence
1020655,85334,4.408607,multi_behavior_sequence
1020655,130226,4.026903,multi_behavior_sequence
1020655,25404,4.012172,multi_behavior_sequence
1020655,301967,3.925503,multi_behavior_sequence
1020655,302195,3.881196,multi_behavior_sequence
1020655,206264,3.757967,multi_behavior_sequence
1020655,99785,3.708997,multi_behavior_sequence
1020655,100393,3.657265,multi_behavior_sequence
1020655,270144,3.602868,multi_behavior_sequence
1021922,119691,4.179319,multi_behavior_sequence
1021922,57194,4.168114,multi_behavior_sequence
1021922,17783,4.078259,multi_behavior_sequence
1021922,413990,4.019797,multi_behavior_sequence
1021922,179749,3.871467,multi_behavior_sequence
1021922,156464,3.844617,multi_behavior_sequence
1021922,378322,3.795385,multi_behavior_sequence
1021922,375058,3.758892,multi_behavior_sequence
1021922,20773,3.755844,multi_behavior_sequence
1021922,284156,3.725418,multi_behavior_sequence
1024334,396853,7.037936,multi_behavior_sequence
1024334,218626,5.605658,multi_behavior_sequence
1024334,136523,5.580843,multi_behavior_sequence
1024334,50648,5.341866,multi_behavior_sequence
1024334,389158,5.249845,multi_behavior_sequence
1024334,354881,5.16243,multi_behavior_sequence
1024334,56323,5.154923,multi_behavior_sequence
1024334,129356,5.068317,multi_behavior_sequence
1024334,455938,5.026344,multi_behavior_sequence
1024334,234215,4.982966,multi_behavior_sequence
1025500,372188,3.498713,multi_behavior_sequence
1025500,417927,3.424687,multi_behavior_sequence
1025500,37029,3.319574,multi_behavior_sequence
1025500,416017,3.273941,multi_behavior_sequence
1025500,288525,3.241586,multi_behavior_sequence
1025500,315545,3.181381,multi_behavior_sequence
1025500,358594,3.100762,multi_behavior_sequence
1025500,456056,3.078221,multi_behavior_sequence
1025500,371155,3.066331,multi_behavior_sequence
1025500,309778,3.056479,multi_behavior_sequence
1030890,119736,5.86217,multi_behavior_sequence
1030890,369158,5.789424,multi_behavior_sequence
1030890,350384,5.443563,multi_behavior_sequence
1030890,338395,5.369371,multi_behavior_sequence
1030890,439963,5.305398,multi_behavior_sequence
1030890,320130,5.1593,multi_behavior_sequence
1030890,78729,5.051414,multi_behavior_sequence
1030890,372188,4.965126,multi_behavior_sequence
1030890,456056,4.952708,multi_behavior_sequence
1030890,350629,4.90956,multi_behavior_sequence
1032049,326447,4.472815,multi_behavior_sequence
1032049,405934,4.295004,multi_behavior_sequence
1032049,293733,4.257167,multi_behavior_sequence
1032049,152861,3.958066,multi_behavior_sequence
1032049,353672,3.918677,multi_behavior_sequence
1032049,350140,3.907803,multi_behavior_sequence
1032049,444918,3.886364,multi_behavior_sequence
1032049,11670,3.8781,multi_behavior_sequence
1032049,166900,3.838614,multi_behavior_sequence
1032049,182278,3.800425,multi_behavior_sequence
1032159,407661,5.727965,multi_behavior_sequence
1032159,322973,5.550839,multi_behavior_sequence
1032159,452720,5.427769,multi_behavior_sequence
1032159,302858,5.403332,multi_behavior_sequence
1032159,140861,5.396261,multi_behavior_sequence
1032159,67814,5.250366,multi_behavior_sequence
1032159,134776,5.201892,multi_behavior_sequence
1032159,361106,5.144867,multi_behavior_sequence
1032159,119691,5.030552,multi_behavior_sequence
1032159,166941,4.980306,multi_behavior_sequence
1032742,170353,3.552057,multi_behavior_sequence
1032742,315685,3.447326,multi_behavior_sequence
1032742,306041,3.395985,multi_behavior_sequence
1032742,337101,3.38058,multi_behavior_sequence
1032742,296536,3.102173,multi_behavior_sequence
1032742,85047,2.971662,multi_behavior_sequence
1032742,372188,2.924564,multi_behavior_sequence
1032742,396732,2.921779,multi_behavior_sequence
1032742,22926,2.889352,multi_behavior_sequence
1032742,192251,2.888842,multi_behavior_sequence
103405,346067,4.292499,multi_behavior_sequence
103405,37115,4.010132,multi_behavior_sequence
103405,9877,3.927348,multi_behavior_sequence
103405,233734,3.858515,multi_behavior_sequence
103405,58726,3.816434,multi_behavior_sequence
103405,339703,3.796038,multi_behavior_sequence
103405,325310,3.794519,multi_behavior_sequence
103405,444472,3.772743,multi_behavior_sequence
103405,400442,3.764065,multi_behavior_sequence
103405,175337,3.710864,multi_behavior_sequence
1034672,382499,3.232233,multi_behavior_sequence
1034672,153961,3.138229,multi_behavior_sequence
1034672,348245,3.120164,multi_behavior_sequence
1034672,138027,3.095066,multi_behavior_sequence
1034672,233861,3.053248,multi_behavior_sequence
1034672,52815,3.049901,multi_behavior_sequence
1034672,38680,3.04599,multi_behavior_sequence
1034672,85579,3.017264,multi_behavior_sequence
1034672,98840,3.002558,multi_behavior_sequence
1034672,77769,2.957098,multi_behavior_sequence
1035814,284045,5.235307,multi_behavior_sequence
1035814,413990,4.930593,multi_behavior_sequence
1035814,244027,4.635136,multi_behavior_sequence
1035814,391226,4.594617,multi_behavior_sequence
1035814,448453,4.308232,multi_behavior_sequence
1035814,234494,4.160246,multi_behavior_sequence
1035814,77733,4.097489,multi_behavior_sequence
1035814,453290,4.060878,multi_behavior_sequence
1035814,461686,4.018497,multi_behavior_sequence
1035814,363109,4.0076,multi_behavior_sequence
103637,77769,4.227574,multi_behavior_sequence
103637,314579,3.474312,multi_behavior_sequence
103637,369565,3.424593,multi_behavior_sequence
103637,202871,3.232922,multi_behavior_sequence
103637,271887,3.226526,multi_behavior_sequence
103637,394828,3.181767,multi_behavior_sequence
103637,275937,3.170422,multi_behavior_sequence
103637,227076,3.096279,multi_behavior_sequence
103637,153118,3.091495,multi_behavior_sequence
103637,323137,3.080242,multi_behavior_sequence
1037173,456056,3.602002,multi_behavior_sequence
1037173,449435,3.295028,multi_behavior_sequence
1037173,122219,3.237833,multi_behavior_sequence
1037173,456276,3.110639,multi_behavior_sequence
1037173,4001,3.088102,multi_behavior_sequence
1037173,388584,3.080918,multi_behavior_sequence
1037173,227976,3.050627,multi_behavior_sequence
1037173,263692,3.007086,multi_behavior_sequence
1037173,45420,2.977567,multi_behavior_sequence
1037173,246532,2.879246,multi_behavior_sequence
1037724,393028,3.412627,multi_behavior_sequence
1037724,456056,3.057967,multi_behavior_sequence
1037724,257040,2.989187,multi_behavior_sequence
1037724,338794,2.964447,multi_behavior_sequence
1037724,234255,2.873411,multi_behavior_sequence
1037724,315543,2.861266,multi_behavior_sequence
1037724,417927,2.854465,multi_behavior_sequence
1037724,130371,2.815435,multi_behavior_sequence
1037724,389158,2.780076,multi_behavior_sequence
1037724,106547,2.701878,multi_behavior_sequence
1039026,76918,3.934123,multi_behavior_sequence
1039026,189356,3.872143,multi_behavior_sequence
1039026,117075,3.773513,multi_behavior_sequence
1039026,393809,3.724691,multi_behavior_sequence
1039026,292353,3.62149,multi_behavior_sequence
1039026,262797,3.565572,multi_behavior_sequence
1039026,286337,3.5026,multi_behavior_sequence
1039026,92580,3.432455,multi_behavior_sequence
1039026,414995,3.425624,multi_behavior_sequence
1039026,232568,3.397127,multi_behavior_sequence
1042112,443344,3.874136,multi_behavior_sequence
1042112,208922,3.779953,multi_behavior_sequence
1042112,188858,3.503542,multi_behavior_sequence
1042112,407133,3.489806,multi_behavior_sequence
1042112,91896,3.3488,multi_behavior_sequence
1042112,361499,3.319794,multi_behavior_sequence
1042112,4756,3.291642,multi_behavior_sequence
1042112,128807,3.28076,multi_behavior_sequence
1042112,270660,3.226833,multi_behavior_sequence
1042112,405185,3.140484,multi_behavior_sequence
1046904,137352,3.78294,multi_behavior_sequence
1046904,260282,3.142665,multi_behavior_sequence
1046904,349002,3.021325,multi_behavior_sequence
1046904,453618,3.007686,multi_behavior_sequence
1046904,216271,3.000165,multi_behavior_sequence
1046904,441158,2.972029,multi_behavior_sequence
1046904,427507,2.953892,multi_behavior_sequence
1046904,461081,2.93575,multi_behavior_sequence
1046904,363044,2.929411,multi_behavior_sequence
1046904,372328,2.831078,multi_behavior_sequence
104829,308967,2.997256,multi_behavior_sequence
104829,333588,2.832193,multi_behavior_sequence
104829,186391,2.785237,multi_behavior_sequence
104829,164342,2.719065,multi_behavior_sequence
104829,428268,2.715997,multi_behavior_sequence
104829,94748,2.646438,multi_behavior_sequence
104829,458872,2.642652,multi_behavior_sequence
104829,343828,2.621324,multi_behavior_sequence
104829,83825,2.614175,multi_behavior_sequence
104829,209002,2.583175,multi_behavior_sequence
1048300,75710,4.768475,multi_behavior_sequence
1048300,58233,4.328151,multi_behavior_sequence
1048300,303039,3.677962,multi_behavior_sequence
1048300,413990,3.66215,multi_behavior_sequence
1048300,96043,3.532667,multi_behavior_sequence
1048300,393809,3.494374,multi_behavior_sequence
1048300,450887,3.394188,multi_behavior_sequence
1048300,326946,3.378638,multi_behavior_sequence
1048300,203850,3.335517,multi_behavior_sequence
1048300,263287,3.303718,multi_behavior_sequence
1048533,446820,3.527471,multi_behavior_sequence
1048533,234255,3.192981,multi_behavior_sequence
1048533,389158,2.947652,multi_behavior_sequence
1048533,389135,2.798328,multi_behavior_sequence
1048533,134255,2.730835,multi_behavior_sequence
1048533,318761,2.705461,multi_behavior_sequence
1048533,187138,2.671448,multi_behavior_sequence
1048533,356339,2.650192,multi_behavior_sequence
1048533,172894,2.606873,multi_behavior_sequence
1048533,358565,2.572881,multi_behavior_sequence
1048816,461199,4.097516,multi_behavior_sequence
1048816,171878,4.011398,multi_behavior_sequence
1048816,263245,3.826026,multi_behavior_sequence
1048816,251362,3.81528,multi_behavior_sequence
1048816,144635,3.780177,multi_behavior_sequence
1048816,388227,3.71171,multi_behavior_sequence
1048816,397157,3.682163,multi_behavior_sequence
1048816,114735,3.625596,multi_behavior_sequence
1048816,30479,3.591311,multi_behavior_sequence
1048816,103127,3.569048,multi_behavior_sequence
104974,393809,3.736667,multi_behavior_sequence
104974,114149,3.376665,multi_behavior_sequence
104974,331545,3.251926,multi_behavior_sequence
104974,187490,3.209774,multi_behavior_sequence
104974,394005,3.195543,multi_behavior_sequence
104974,359567,3.171994,multi_behavior_sequence
104974,192138,3.135932,multi_behavior_sequence
104974,374873,3.125324,multi_behavior_sequence
104974,263692,3.117306,multi_behavior_sequence
104974,398004,3.083917,multi_behavior_sequence
1052034,173921,4.007326,multi_behavior_sequence
1052034,359995,3.591107,multi_behavior_sequence
1052034,158514,3.589676,multi_behavior_sequence
1052034,322973,3.485387,multi_behavior_sequence
1052034,64084,3.387053,multi_behavior_sequence
1052034,158661,3.347208,multi_behavior_sequence
1052034,115057,3.284175,multi_behavior_sequence
1052034,416387,3.249142,multi_behavior_sequence
1052034,393939,3.22601,multi_behavior_sequence
1052034,2523,3.179903,multi_behavior_sequence
1055121,9877,5.382368,multi_behavior_sequence
1055121,123362,5.042484,multi_behavior_sequence
1055121,325310,4.947896,multi_behavior_sequence
1055121,110421,4.755052,multi_behavior_sequence
1055121,46391,4.681691,multi_behavior_sequence
1055121,63543,4.504428,multi_behavior_sequence
1055121,315543,4.440678,multi_behavior_sequence
1055121,452041,4.409194,multi_behavior_sequence
1055121,444948,4.397074,multi_behavior_sequence
1055121,219512,4.344002,multi_behavior_sequence
1065157,370442,3.38998,multi_behavior_sequence
1065157,272770,3.367261,multi_behavior_sequence
1065157,194165,3.053292,multi_behavior_sequence
1065157,122366,2.901309,multi_behavior_sequence
1065157,290269,2.89794,multi_behavior_sequence
1065157,399010,2.77687,multi_behavior_sequence
1065157,409804,2.73098,multi_behavior_sequence
1065157,395749,2.726215,multi_behavior_sequence
1065157,290014,2.72522,multi_behavior_sequence
1065157,347100,2.700739,multi_behavior_sequence
1065255,218746,4.852111,multi_behavior_sequence
1065255,46232,4.45806,multi_behavior_sequence
1065255,328476,4.422506,multi_behavior_sequence
1065255,334401,3.84693,multi_behavior_sequence
1065255,150857,3.836962,multi_behavior_sequence
1065255,332721,3.777133,multi_behavior_sequence
1065255,303178,3.723749,multi_behavior_sequence
1065255,128296,3.688105,multi_behavior_sequence
1065255,214519,3.634615,multi_behavior_sequence
1065255,389838,3.591898,multi_behavior_sequence
106692,119433,4.827448,multi_behavior_sequence
106692,91896,4.675007,multi_behavior_sequence
106692,203850,4.448032,multi_behavior_sequence
106692,443344,4.415232,multi_behavior_sequence
106692,195852,4.382744,multi_behavior_sequence
106692,155462,4.353389,multi_behavior_sequence
106692,366282,4.231278,multi_behavior_sequence
106692,63136,4.186754,multi_behavior_sequence
106692,399943,4.065431,multi_behavior_sequence
106692,379324,4.032478,multi_behavior_sequence
1069054,192138,4.812334,multi_behavior_sequence
1069054,332333,4.670943,multi_behavior_sequence
1069054,455473,4.273761,multi_behavior_sequence
1069054,1664,4.258498,multi_behavior_sequence
1069054,181050,4.207271,multi_behavior_sequence
1069054,234818,4.18204,multi_behavior_sequence
1069054,368403,4.016183,multi_behavior_sequence
1069054,374873,3.982429,multi_behavior_sequence
1069054,227311,3.970304,multi_behavior_sequence
1069054,155097,3.92685,multi_behavior_sequence
1069856,58638,3.649711,multi_behavior_sequence
1069856,119736,3.05949,multi_behavior_sequence
1069856,244458,2.899935,multi_behavior_sequence
1069856,33692,2.842958,multi_behavior_sequence
1069856,208939,2.829263,multi_behavior_sequence
1069856,79975,2.824536,multi_behavior_sequence
1069856,278792,2.816157,multi_behavior_sequence
1069856,350384,2.784103,multi_behavior_sequence
1069856,457045,2.776313,multi_behavior_sequence
1069856,86430,2.765591,multi_behavior_sequence
1071308,374855,4.423951,multi_behavior_sequence
1071308,339822,4.419071,multi_behavior_sequence
1071308,122324,4.413582,multi_behavior_sequence
1071308,118823,4.199194,multi_behavior_sequence
1071308,225559,4.065671,multi_behavior_sequence
1071308,154171,3.798538,multi_behavior_sequence
1071308,35644,3.689203,multi_behavior_sequence
1071308,401896,3.675936,multi_behavior_sequence
1071308,130771,3.661082,multi_behavior_sequence
1071308,431417,3.524209,multi_behavior_sequence
1073958,343828,4.403076,multi_behavior_sequence
1073958,299665,4.335363,multi_behavior_sequence
1073958,165348,3.700851,multi_behavior_sequence
1073958,312982,3.412585,multi_behavior_sequence
1073958,130599,3.399607,multi_behavior_sequence
1073958,134776,3.386163,multi_behavior_sequence
1073958,335975,3.37181,multi_behavior_sequence
1073958,45175,3.332558,multi_behavior_sequence
1073958,268956,3.323542,multi_behavior_sequence
1073958,66752,3.319738,multi_behavior_sequence
1075423,241555,7.014208,multi_behavior_sequence
1075423,9877,6.127402,multi_behavior_sequence
1075423,284045,5.787093,multi_behavior_sequence
1075423,448453,5.697376,multi_behavior_sequence
1075423,244027,5.397522,multi_behavior_sequence
1075423,378517,5.373329,multi_behavior_sequence
1075423,288525,5.343752,multi_behavior_sequence
1075423,188051,5.226185,multi_behavior_sequence
1075423,44465,5.041206,multi_behavior_sequence
1075423,391226,5.017568,multi_behavior_sequence
1076366,107651,4.515063,multi_behavior_sequence
1076366,371965,4.464047,multi_behavior_sequence
1076366,55395,4.403926,multi_behavior_sequence
1076366,359306,4.372667,multi_behavior_sequence
1076366,382885,4.345061,multi_behavior_sequence
1076366,243795,4.339836,multi_behavior_sequence
1076366,105338,4.323693,multi_behavior_sequence
1076366,17323,4.290135,multi_behavior_sequence
1076366,415263,4.244411,multi_behavior_sequence
1076366,58726,4.227926,multi_behavior_sequence
1076479,226374,3.887471,multi_behavior_sequence
1076479,150882,3.780957,multi_behavior_sequence
1076479,366101,3.779349,multi_behavior_sequence
1076479,285061,3.768792,multi_behavior_sequence
1076479,248601,3.743124,multi_behavior_sequence
1076479,314880,3.741641,multi_behavior_sequence
1076479,405934,3.717427,multi_behavior_sequence
1076479,147005,3.648156,multi_behavior_sequence
1076479,83717,3.597558,multi_behavior_sequence
1076479,67745,3.595801,multi_behavior_sequence
1080047,275937,4.060032,multi_behavior_sequence
1080047,457045,3.840205,multi_behavior_sequence
1080047,76512,3.572288,multi_behavior_sequence
1080047,262477,3.524381,multi_behavior_sequence
1080047,293139,3.449628,multi_behavior_sequence
1080047,179834,3.445613,multi_behavior_sequence
1080047,7249,3.419427,multi_behavior_sequence
1080047,136182,3.414404,multi_behavior_sequence
1080047,260415,3.394979,multi_behavior_sequence
1080047,2422,3.35827,multi_behavior_sequence
1080566,213834,3.961822,multi_behavior_sequence
1080566,46232,3.739417,multi_behavior_sequence
1080566,461686,3.732915,multi_behavior_sequence
1080566,546,3.647957,multi_behavior_sequence
1080566,29196,3.638533,multi_behavior_sequence
1080566,445351,3.606162,multi_behavior_sequence
1080566,9877,3.60376,multi_behavior_sequence
1080566,92466,3.577127,multi_behavior_sequence
1080566,119736,3.519072,multi_behavior_sequence
1080566,400077,3.436734,multi_behavior_sequence
1080579,248455,3.856431,multi_behavior_sequence
1080579,312728,3.843884,multi_behavior_sequence
1080579,116624,3.6411,multi_behavior_sequence
1080579,48030,3.581767,multi_behavior_sequence
1080579,416017,3.523563,multi_behavior_sequence
1080579,176484,3.515604,multi_behavior_sequence
1080579,348154,3.504673,multi_behavior_sequence
1080579,332629,3.463303,multi_behavior_sequence
1080579,73602,3.448108,multi_behavior_sequence
1080579,321905,3.424643,multi_behavior_sequence
1081664,208922,4.746252,multi_behavior_sequence
1081664,257070,4.697767,multi_behavior_sequence
1081664,140532,4.248232,multi_behavior_sequence
1081664,7943,4.220874,multi_behavior_sequence
1081664,427777,4.195611,multi_behavior_sequence
1081664,312728,4.053064,multi_behavior_sequence
1081664,352788,3.913072,multi_behavior_sequence
1081664,318761,3.891177,multi_behavior_sequence
1081664,168927,3.8813,multi_behavior_sequence
1081664,122021,3.859913,multi_behavior_sequence
1082044,130628,2.871203,multi_behavior_sequence
1082044,11279,2.560147,multi_behavior_sequence
1082044,78379,2.483328,multi_behavior_sequence
1082044,378517,2.479995,multi_behavior_sequence
1082044,130094,2.459097,multi_behavior_sequence
1082044,458637,2.454386,multi_behavior_sequence
1082044,444500,2.419636,multi_behavior_sequence
1082044,176669,2.406731,multi_behavior_sequence
1082044,184199,2.400802,multi_behavior_sequence
1082044,325310,2.383443,multi_behavior_sequence
1083118,372188,4.437121,multi_behavior_sequence
1083118,417927,4.208428,multi_behavior_sequence
1083118,350384,4.150905,multi_behavior_sequence
1083118,98955,4.119617,multi_behavior_sequence
1083118,21320,4.073309,multi_behavior_sequence
1083118,351125,4.066384,multi_behavior_sequence
1083118,287356,4.04311,multi_behavior_sequence
1083118,35881,3.987983,multi_behavior_sequence
1083118,439963,3.920182,multi_behavior_sequence
1083118,37029,3.912106,multi_behavior_sequence
108346,375160,2.761264,multi_behavior_sequence
108346,241209,2.595581,multi_behavior_sequence
108346,122324,2.576965,multi_behavior_sequence
108346,162139,2.476808,multi_behavior_sequence
108346,350384,2.416312,multi_behavior_sequence
108346,399010,2.414261,multi_behavior_sequence
108346,367030,2.409209,multi_behavior_sequence
108346,184412,2.372206,multi_behavior_sequence
108346,280495,2.347218,multi_behavior_sequence
108346,184903,2.300441,multi_behavior_sequence
1083704,455680,2.700994,multi_behavior_sequence
1083704,103127,2.618627,multi_behavior_sequence
1083704,355301,2.382202,multi_behavior_sequence
1083704,209626,2.257684,multi_behavior_sequence
1083704,73247,2.190366,multi_behavior_sequence
1083704,47526,2.149094,multi_behavior_sequence
1083704,333588,2.147258,multi_behavior_sequence
1083704,131080,2.133198,multi_behavior_sequence
1083704,4892,2.068516,multi_behavior_sequence
1083704,453290,2.067292,multi_behavior_sequence
1086719,209050,2.891251,multi_behavior_sequence
1086719,216768,2.891071,multi_behavior_sequence
1086719,205829,2.72726,multi_behavior_sequence
1086719,391226,2.548504,multi_behavior_sequence
1086719,329187,2.511985,multi_behavior_sequence
1086719,378517,2.475116,multi_behavior_sequence
1086719,461671,2.431649,multi_behavior_sequence
1086719,220468,2.386702,multi_behavior_sequence
1086719,407952,2.331624,multi_behavior_sequence
1086719,310816,2.330938,multi_behavior_sequence
1089235,456056,3.500468,multi_behavior_sequence
1089235,369158,3.096278,multi_behavior_sequence
1089235,309778,2.855875,multi_behavior_sequence
1089235,279332,2.640126,multi_behavior_sequence
1089235,313163,2.6363,multi_behavior_sequence
1089235,398489,2.636263,multi_behavior_sequence
1089235,445351,2.626631,multi_behavior_sequence
1089235,238865,2.618905,multi_behavior_sequence
1089235,35403,2.568735,multi_behavior_sequence
1089235,184199,2.503604,multi_behavior_sequence
1090460,131080,2.88599,multi_behavior_sequence
1090460,323137,2.88223,multi_behavior_sequence
1090460,451388,2.871147,multi_behavior_sequence
1090460,29539,2.801485,multi_behavior_sequence
1090460,394882,2.68823,multi_behavior_sequence
1090460,239896,2.656214,multi_behavior_sequence
1090460,416357,2.649809,multi_behavior_sequence
1090460,108486,2.616704,multi_behavior_sequence
1090460,290003,2.602021,multi_behavior_sequence
1090460,295955,2.58993,multi_behavior_sequence
1092248,122219,3.853293,multi_behavior_sequence
1092248,241555,2.710593,multi_behavior_sequence
1092248,386724,2.649714,multi_behavior_sequence
1092248,277380,2.632821,multi_behavior_sequence
1092248,367664,2.614451,multi_behavior_sequence
1092248,456056,2.568737,multi_behavior_sequence
1092248,205777,2.55213,multi_behavior_sequence
1092248,314789,2.540389,multi_behavior_sequence
1092248,446820,2.532174,multi_behavior_sequence
1092248,431728,2.489274,multi_behavior_sequence
1092949,427103,3.769343,multi_behavior_sequence
1092949,236512,3.566257,multi_behavior_sequence
1092949,77769,3.365053,multi_behavior_sequence
1092949,285637,3.355278,multi_behavior_sequence
1092949,403969,3.28003,multi_behavior_sequence
1092949,431853,3.24539,multi_behavior_sequence
1092949,167399,3.21283,multi_behavior_sequence
1092949,424421,3.179326,multi_behavior_sequence
1092949,67304,3.15554,multi_behavior_sequence
1092949,119630,3.121015,multi_behavior_sequence
1093035,4001,5.218907,multi_behavior_sequence
1093035,369158,5.114994,multi_behavior_sequence
1093035,176484,5.059219,multi_behavior_sequence
1093035,414654,4.81777,multi_behavior_sequence
1093035,32398,4.785393,multi_behavior_sequence
1093035,7943,4.739647,multi_behavior_sequence
1093035,241555,4.613163,multi_behavior_sequence
1093035,204209,4.542297,multi_behavior_sequence
1093035,86532,4.409547,multi_behavior_sequence
1093035,430622,4.333999,multi_behavior_sequence
109357,278208,4.172435,multi_behavior_sequence
109357,172894,3.962391,multi_behavior_sequence
109357,278586,3.858213,multi_behavior_sequence
109357,422992,3.754283,multi_behavior_sequence
109357,377133,3.688635,multi_behavior_sequence
109357,191050,3.498537,multi_behavior_sequence
109357,11279,3.456341,multi_behavior_sequence
109357,409562,3.440015,multi_behavior_sequence
109357,277627,3.437688,multi_behavior_sequence
109357,437778,3.381645,multi_behavior_sequence
1094964,328240,5.745816,multi_behavior_sequence
1094964,127033,5.466905,multi_behavior_sequence
1094964,201444,5.227196,multi_behavior_sequence
1094964,288340,5.078425,multi_behavior_sequence
1094964,267320,5.042235,multi_behavior_sequence
1094964,287972,5.036988,multi_behavior_sequence
1094964,275468,5.000823,multi_behavior_sequence
1094964,37853,4.930216,multi_behavior_sequence
1094964,146471,4.882929,multi_behavior_sequence
1094964,349815,4.876719,multi_behavior_sequence
1096666,184199,3.831761,multi_behavior_sequence
1096666,295537,3.687512,multi_behavior_sequence
1096666,401896,3.666096,multi_behavior_sequence
1096666,147684,3.38897,multi_behavior_sequence
1096666,228903,3.307932,multi_behavior_sequence
1096666,349318,3.302223,multi_behavior_sequence
1096666,78379,3.257933,multi_behavior_sequence
1096666,20158,3.226895,multi_behavior_sequence
1096666,450835,3.180514,multi_behavior_sequence
1096666,409804,3.13188,multi_behavior_sequence
1098410,122324,5.02387,multi_behavior_sequence
1098410,357212,4.917118,multi_behavior_sequence
1098410,192138,4.624653,multi_behavior_sequence
1098410,360673,4.422423,multi_behavior_sequence
1098410,66146,4.415962,multi_behavior_sequence
1098410,268210,4.398931,multi_behavior_sequence
1098410,178169,4.296943,multi_behavior_sequence
1098410,399010,4.259021,multi_behavior_sequence
1098410,357859,4.216427,multi_behavior_sequence
1098410,214895,4.086255,multi_behavior_sequence
1098890,373690,2.782018,multi_behavior_sequence
1098890,397168,2.608097,multi_behavior_sequence
1098890,455240,2.57695,multi_behavior_sequence
1098890,194544,2.463884,multi_behavior_sequence
1098890,45190,2.4467,multi_behavior_sequence
1098890,54052,2.380596,multi_behavior_sequence
1098890,466263,2.376272,multi_behavior_sequence
1098890,382191,2.374429,multi_behavior_sequence
1098890,25917,2.370714,multi_behavior_sequence
1098890,131080,2.294039,multi_behavior_sequence
1099927,337101,4.546812,multi_behavior_sequence
1099927,105114,3.600213,multi_behavior_sequence
1099927,343379,3.514273,multi_behavior_sequence
1099927,156835,3.115411,multi_behavior_sequence
1099927,236652,3.066737,multi_behavior_sequence
1099927,94719,3.058263,multi_behavior_sequence
1099927,17794,3.051982,multi_behavior_sequence
1099927,220678,3.04014,multi_behavior_sequence
1099927,178451,2.999304,multi_behavior_sequence
1099927,25404,2.996796,multi_behavior_sequence
1101747,20773,4.944262,multi_behavior_sequence
1101747,407661,4.004315,multi_behavior_sequence
1101747,315193,3.666484,multi_behavior_sequence
1101747,268491,3.657741,multi_behavior_sequence
1101747,221980,3.619168,multi_behavior_sequence
1101747,293397,3.574302,multi_behavior_sequence
1101747,98425,3.44611,multi_behavior_sequence
1101747,336165,3.368873,multi_behavior_sequence
1101747,281103,3.349215,multi_behavior_sequence
1101747,396286,3.343494,multi_behavior_sequence
1102098,119736,5.628517,multi_behavior_sequence
1102098,78729,4.82075,multi_behavior_sequence
1102098,438484,4.704509,multi_behavior_sequence
1102098,288525,4.607102,multi_behavior_sequence
1102098,190000,4.578839,multi_behavior_sequence
1102098,445351,4.569652,multi_behavior_sequence
1102098,184199,4.568799,multi_behavior_sequence
1102098,1684,4.296684,multi_behavior_sequence
1102098,337101,4.279948,multi_behavior_sequence
1102098,219512,4.245343,multi_behavior_sequence
1102205,241555,3.497025,multi_behavior_sequence
1102205,9877,3.22506,multi_behavior_sequence
1102205,287811,3.057069,multi_behavior_sequence
1102205,44826,2.963814,multi_behavior_sequence
1102205,77573,2.772248,multi_behavior_sequence
1102205,103003,2.756505,multi_behavior_sequence
1102205,37115,2.700356,multi_behavior_sequence
1102205,38965,2.591189,multi_behavior_sequence
1102205,123362,2.579782,multi_behavior_sequence
1102205,452041,2.537249,multi_behavior_sequence
1103454,225492,3.646221,multi_behavior_sequence
1103454,84468,3.630454,multi_behavior_sequence
1103454,91896,3.589593,multi_behavior_sequence
1103454,365340,3.470436,multi_behavior_sequence
1103454,272770,3.431476,multi_behavior_sequence
1103454,126354,3.425123,multi_behavior_sequence
1103454,436691,3.400222,multi_behavior_sequence
1103454,246453,3.349776,multi_behavior_sequence
1103454,178762,3.340279,multi_behavior_sequence
1103454,299457,3.323315,multi_behavior_sequence
1103914,444993,4.520175,multi_behavior_sequence
1103914,357949,4.009511,multi_behavior_sequence
1103914,244458,4.000423,multi_behavior_sequence
1103914,215363,3.999751,multi_behavior_sequence
1103914,58638,3.969702,multi_behavior_sequence
1103914,445135,3.911897,multi_behavior_sequence
1103914,79956,3.873659,multi_behavior_sequence
1103914,78729,3.853622,multi_behavior_sequence
1103914,290003,3.846145,multi_behavior_sequence
1103914,400442,3.780485,multi_behavior_sequence
1104027,2463,3.813875,multi_behavior_sequence
1104027,345136,3.747684,multi_behavior_sequence
1104027,82377,3.631545,multi_behavior_sequence
1104027,287811,3.605352,multi_behavior_sequence
1104027,280328,3.424162,multi_behavior_sequence
1104027,396286,3.324136,multi_behavior_sequence
1104027,103003,3.316248,multi_behavior_sequence
1104027,241555,3.290294,multi_behavior_sequence
1104027,62549,3.267096,multi_behavior_sequence
1104027,308334,3.242053,multi_behavior_sequence
1105004,86825,3.135477,multi_behavior_sequence
1105004,359547,3.134598,multi_behavior_sequence
1105004,464116,2.817348,multi_behavior_sequence
1105004,155462,2.777522,multi_behavior_sequence
1105004,306041,2.765511,multi_behavior_sequence
1105004,76574,2.759582,multi_behavior_sequence
1105004,29162,2.746469,multi_behavior_sequence
1105004,34561,2.741696,multi_behavior_sequence
1105004,110517,2.71251,multi_behavior_sequence
1105004,125628,2.683371,multi_behavior_sequence
1105097,365320,2.978266,multi_behavior_sequence
1105097,360610,2.673919,multi_behavior_sequence
1105097,318761,2.546387,multi_behavior_sequence
1105097,352799,2.532761,multi_behavior_sequence
1105097,195457,2.422875,multi_behavior_sequence
1105097,185932,2.250842,multi_behavior_sequence
1105097,76876,2.237333,multi_behavior_sequence
1105097,93081,2.229854,multi_behavior_sequence
1105097,124706,2.22859,multi_behavior_sequence
1105097,97188,2.221213,multi_behavior_sequence
110597,14932,3.524039,multi_behavior_sequence
110597,62599,3.419996,multi_behavior_sequence
110597,164218,3.111759,multi_behavior_sequence
110597,350384,3.104631,multi_behavior_sequence
110597,116493,3.041935,multi_behavior_sequence
110597,52571,3.035912,multi_behavior_sequence
110597,175914,2.993247,multi_behavior_sequence
110597,187374,2.984277,multi_behavior_sequence
110597,173921,2.976745,multi_behavior_sequence
110597,427103,2.781982,multi_behavior_sequence
1106810,460261,4.357132,multi_behavior_sequence
1106810,234255,4.333389,multi_behavior_sequence
1106810,382191,4.23008,multi_behavior_sequence
1106810,277974,3.782581,multi_behavior_sequence
1106810,96598,3.742215,multi_behavior_sequence
1106810,465751,3.683826,multi_behavior_sequence
1106810,246532,3.680594,multi_behavior_sequence
1106810,293557,3.652375,multi_behavior_sequence
1106810,179233,3.645089,multi_behavior_sequence
1106810,118823,3.639013,multi_behavior_sequence
1108251,91896,3.981285,multi_behavior_sequence
1108251,209050,3.881857,multi_behavior_sequence
1108251,127580,3.603747,multi_behavior_sequence
1108251,173921,3.529375,multi_behavior_sequence
1108251,216768,3.495282,multi_behavior_sequence
1108251,400946,3.479275,multi_behavior_sequence
1108251,407133,3.470382,multi_behavior_sequence
1108251,193544,3.412319,multi_behavior_sequence
1108251,365482,3.357964,multi_behavior_sequence
1108251,76815,3.356313,multi_behavior_sequence
1108396,90240,3.938584,multi_behavior_sequence
1108396,179834,3.888874,multi_behavior_sequence
1108396,293139,3.840951,multi_behavior_sequence
1108396,446820,3.436363,multi_behavior_sequence
1108396,389158,3.3042,multi_behavior_sequence
1108396,146471,3.261178,multi_behavior_sequence
1108396,136182,3.097104,multi_behavior_sequence
1108396,461199,3.062657,multi_behavior_sequence
1108396,404056,3.048905,multi_behavior_sequence
1108396,325306,3.034228,multi_behavior_sequence
1108631,20968,6.293062,multi_behavior_sequence
1108631,4067,5.58832,multi_behavior_sequence
1108631,287561,5.580451,multi_behavior_sequence
1108631,425726,5.498333,multi_behavior_sequence
1108631,218126,5.31188,multi_behavior_sequence
1108631,338794,5.090645,multi_behavior_sequence
1108631,159624,5.090424,multi_behavior_sequence
1108631,301721,5.071931,multi_behavior_sequence
1108631,119383,5.07022,multi_behavior_sequence
1108631,450082,4.995193,multi_behavior_sequence
1109373,325384,3.1858,multi_behavior_sequence
1109373,412981,3.161384,multi_behavior_sequence
1109373,237244,3.139129,multi_behavior_sequence
1109373,140527,3.1328,multi_behavior_sequence
1109373,180905,3.129432,multi_behavior_sequence
1109373,13925,3.024587,multi_behavior_sequence
1109373,7943,2.990329,multi_behavior_sequence
1109373,409804,2.884114,multi_behavior_sequence
1109373,162139,2.865762,multi_behavior_sequence
1109373,272770,2.849697,multi_behavior_sequence
1109474,83586,5.506723,multi_behavior_sequence
1109474,17114,5.478061,multi_behavior_sequence
1109474,304568,5.458412,multi_behavior_sequence
1109474,265810,5.008045,multi_behavior_sequence
1109474,196200,4.726683,multi_behavior_sequence
1109474,90240,4.66575,multi_behavior_sequence
1109474,372732,4.604239,multi_behavior_sequence
1109474,463792,4.575886,multi_behavior_sequence
1109474,438466,4.552039,multi_behavior_sequence
1109474,3844,4.524214,multi_behavior_sequence
1113427,98840,3.169574,multi_behavior_sequence
1113427,319666,3.047224,multi_behavior_sequence
1113427,246532,3.044541,multi_behavior_sequence
1113427,191581,3.006917,multi_behavior_sequence
1113427,453487,2.959121,multi_behavior_sequence
1113427,380440,2.919157,multi_behavior_sequence
1113427,456276,2.917766,multi_behavior_sequence
1113427,209050,2.862549,multi_behavior_sequence
1113427,3629,2.862065,multi_behavior_sequence
1113427,450769,2.755534,multi_behavior_sequence
1114419,241555,4.084795,multi_behavior_sequence
1114419,399031,3.832878,multi_behavior_sequence
1114419,450726,3.604486,multi_behavior_sequence
1114419,70855,3.510275,multi_behavior_sequence
1114419,362760,3.504097,multi_behavior_sequence
1114419,345156,3.476865,multi_behavior_sequence
1114419,288525,3.471215,multi_behavior_sequence
1114419,456056,3.337052,multi_behavior_sequence
1114419,287356,3.255386,multi_behavior_sequence
1114419,78729,3.229879,multi_behavior_sequence
1115208,407661,4.093853,multi_behavior_sequence
1115208,306045,3.589582,multi_behavior_sequence
1115208,351125,3.530604,multi_behavior_sequence
1115208,122219,3.327099,multi_behavior_sequence
1115208,265810,3.326581,multi_behavior_sequence
1115208,221980,3.298438,multi_behavior_sequence
1115208,43831,3.267335,multi_behavior_sequence
1115208,316467,3.245843,multi_behavior_sequence
1115208,13576,3.159938,multi_behavior_sequence
1115208,207178,3.110155,multi_behavior_sequence
1116948,461686,3.91372,multi_behavior_sequence
1116948,272969,3.746105,multi_behavior_sequence
1116948,2463,3.677153,multi_behavior_sequence
1116948,320130,3.45112,multi_behavior_sequence
1116948,193544,3.450104,multi_behavior_sequence
1116948,79944,3.380955,multi_behavior_sequence
1116948,209050,3.348415,multi_behavior_sequence
1116948,14606,3.30483,multi_behavior_sequence
1116948,422992,3.280001,multi_behavior_sequence
1116948,65273,3.266974,multi_behavior_sequence
1118731,7943,2.839382,multi_behavior_sequence
1118731,444993,2.39223,multi_behavior_sequence
1118731,100393,2.389654,multi_behavior_sequence
1118731,96904,2.242644,multi_behavior_sequence
1118731,456850,2.209775,multi_behavior_sequence
1118731,300075,2.186956,multi_behavior_sequence
1118731,80461,2.172585,multi_behavior_sequence
1118731,268336,2.165279,multi_behavior_sequence
1118731,249511,2.15102,multi_behavior_sequence
1118731,218177,2.139005,multi_behavior_sequence
1119357,375160,3.218778,multi_behavior_sequence
1119357,301448,2.759241,multi_behavior_sequence
1119357,336562,2.748968,multi_behavior_sequence
1119357,19276,2.718526,multi_behavior_sequence
1119357,399031,2.678317,multi_behavior_sequence
1119357,214895,2.674213,multi_behavior_sequence
1119357,77514,2.673075,multi_behavior_sequence
1119357,122324,2.666852,multi_behavior_sequence
1119357,73593,2.550215,multi_behavior_sequence
1119357,43487,2.53559,multi_behavior_sequence
1119917,13556,5.15747,multi_behavior_sequence
1119917,444848,5.104132,multi_behavior_sequence
1119917,175246,5.050147,multi_behavior_sequence
1119917,382885,5.017669,multi_behavior_sequence
1119917,37254,4.887623,multi_behavior_sequence
1119917,28944,4.804324,multi_behavior_sequence
1119917,394005,4.631289,multi_behavior_sequence
1119917,422425,4.613728,multi_behavior_sequence
1119917,453290,4.580693,multi_behavior_sequence
1119917,17323,4.520239,multi_behavior_sequence
1120970,358565,4.003121,multi_behavior_sequence
1120970,222422,3.512646,multi_behavior_sequence
1120970,389158,3.460239,multi_behavior_sequence
1120970,207907,3.381608,multi_behavior_sequence
1120970,167399,3.304287,multi_behavior_sequence
1120970,153099,3.148992,multi_behavior_sequence
1120970,253615,3.143889,multi_behavior_sequence
1120970,137974,3.120834,multi_behavior_sequence
1120970,445351,3.115746,multi_behavior_sequence
1120970,295537,3.087162,multi_behavior_sequence
1121108,446820,3.164545,multi_behavior_sequence
1121108,137974,3.08829,multi_behavior_sequence
1121108,146471,3.063007,multi_behavior_sequence
1121108,172894,2.902383,multi_behavior_sequence
1121108,463617,2.7716,multi_behavior_sequence
1121108,405770,2.759334,multi_behavior_sequence
1121108,297765,2.70144,multi_behavior_sequence
1121108,350764,2.686577,multi_behavior_sequence
1121108,222422,2.685771,multi_behavior_sequence
1121108,262186,2.683687,multi_behavior_sequence
1122038,447888,3.498988,multi_behavior_sequence
1122038,11663,3.338103,multi_behavior_sequence
1122038,376134,3.262377,multi_behavior_sequence
1122038,288418,3.253559,multi_behavior_sequence
1122038,153099,3.25052,multi_behavior_sequence
1122038,454265,3.233707,multi_behavior_sequence
1122038,179834,3.226372,multi_behavior_sequence
1122038,179151,3.21548,multi_behavior_sequence
1122038,333147,3.191779,multi_behavior_sequence
1122038,84003,3.189389,multi_behavior_sequence
1122231,119736,4.902364,multi_behavior_sequence
1122231,546,4.291812,multi_behavior_sequence
1122231,455183,4.20031,multi_behavior_sequence
1122231,50648,4.060049,multi_behavior_sequence
1122231,213834,4.040183,multi_behavior_sequence
1122231,190000,4.029411,multi_behavior_sequence
1122231,46232,4.027452,multi_behavior_sequence
1122231,10572,4.017835,multi_behavior_sequence
1122231,869,3.982466,multi_behavior_sequence
1122231,391226,3.936873,multi_behavior_sequence
1122870,46232,6.165247,multi_behavior_sequence
1122870,312728,4.583947,multi_behavior_sequence
1122870,208922,4.553063,multi_behavior_sequence
1122870,213834,4.405512,multi_behavior_sequence
1122870,162139,4.339716,multi_behavior_sequence
1122870,69207,4.334511,multi_behavior_sequence
1122870,157743,4.27276,multi_behavior_sequence
1122870,7943,4.268517,multi_behavior_sequence
1122870,303178,4.218338,multi_behavior_sequence
1122870,194165,4.186887,multi_behavior_sequence
1124964,459835,4.13249,multi_behavior_sequence
1124964,255689,4.112241,multi_behavior_sequence
1124964,363125,4.056684,multi_behavior_sequence
1124964,125092,3.923716,multi_behavior_sequence
1124964,233770,3.905941,multi_behavior_sequence
1124964,166693,3.809319,multi_behavior_sequence
1124964,361499,3.779432,multi_behavior_sequence
1124964,332721,3.651541,multi_behavior_sequence
1124964,382499,3.649055,multi_behavior_sequence
1124964,315176,3.617551,multi_behavior_sequence
1126569,375693,5.781647,multi_behavior_sequence
1126569,200202,5.566045,multi_behavior_sequence
1126569,46232,5.445961,multi_behavior_sequence
1126569,208922,5.152103,multi_behavior_sequence
1126569,407402,5.048911,multi_behavior_sequence
1126569,69974,5.03116,multi_behavior_sequence
1126569,177106,4.979095,multi_behavior_sequence
1126569,181895,4.978917,multi_behavior_sequence
1126569,75643,4.97227,multi_behavior_sequence
1126569,61303,4.929972,multi_behavior_sequence
1127065,438466,3.351131,multi_behavior_sequence
1127065,121532,3.327105,multi_behavior_sequence
1127065,75331,3.268988,multi_behavior_sequence
1127065,45190,3.205039,multi_behavior_sequence
1127065,390712,3.162334,multi_behavior_sequence
1127065,119630,3.146331,multi_behavior_sequence
1127065,280495,3.145523,multi_behavior_sequence
1127065,175555,3.085483,multi_behavior_sequence
1127065,248127,3.054458,multi_behavior_sequence
1127065,133224,3.0375,multi_behavior_sequence
1127595,269811,4.396764,multi_behavior_sequence
1127595,187138,4.114258,multi_behavior_sequence
1127595,429765,4.035134,multi_behavior_sequence
1127595,406764,4.000364,multi_behavior_sequence
1127595,222069,3.845993,multi_behavior_sequence
1127595,373455,3.830849,multi_behavior_sequence
1127595,334404,3.820849,multi_behavior_sequence
1127595,29741,3.782566,multi_behavior_sequence
1127595,271896,3.769576,multi_behavior_sequence
1127595,215412,3.752289,multi_behavior_sequence
1128663,103127,3.292683,multi_behavior_sequence
1128663,417927,3.212162,multi_behavior_sequence
1128663,546,2.832896,multi_behavior_sequence
1128663,363109,2.828678,multi_behavior_sequence
1128663,461686,2.821046,multi_behavior_sequence
1128663,48030,2.819444,multi_behavior_sequence
1128663,228644,2.691847,multi_behavior_sequence
1128663,197270,2.581115,multi_behavior_sequence
1128663,212917,2.545418,multi_behavior_sequence
1128663,303828,2.538404,multi_behavior_sequence
1128692,241555,2.570046,multi_behavior_sequence
1128692,374633,2.559017,multi_behavior_sequence
1128692,224862,2.499107,multi_behavior_sequence
1128692,381941,2.43304,multi_behavior_sequence
1128692,301379,2.41879,multi_behavior_sequence
1128692,382885,2.415055,multi_behavior_sequence
1128692,44826,2.412256,multi_behavior_sequence
1128692,103003,2.391669,multi_behavior_sequence
1128692,281103,2.303152,multi_behavior_sequence
1128692,315543,2.250121,multi_behavior_sequence
1129614,37115,4.218644,multi_behavior_sequence
1129614,184199,4.214669,multi_behavior_sequence
1129614,51969,4.209289,multi_behavior_sequence
1129614,268081,4.160856,multi_behavior_sequence
1129614,192227,4.133349,multi_behavior_sequence
1129614,458637,4.08718,multi_behavior_sequence
1129614,259680,4.073275,multi_behavior_sequence
1129614,130094,4.044384,multi_behavior_sequence
1129614,445351,3.959915,multi_behavior_sequence
1129614,246589,3.906279,multi_behavior_sequence
1133219,64873,4.233196,multi_behavior_sequence
1133219,413990,4.104175,multi_behavior_sequence
1133219,14276,4.015912,multi_behavior_sequence
1133219,202052,3.951798,multi_behavior_sequence
1133219,459110,3.940144,multi_behavior_sequence
1133219,405934,3.836151,multi_behavior_sequence
1133219,297807,3.743955,multi_behavior_sequence
1133219,262297,3.737755,multi_behavior_sequence
1133219,263692,3.735759,multi_behavior_sequence
1133219,142668,3.71823,multi_behavior_sequence
1134975,7943,4.397145,multi_behavior_sequence
1134975,213834,4.273211,multi_behavior_sequence
1134975,119736,4.195783,multi_behavior_sequence
1134975,303161,4.115211,multi_behavior_sequence
1134975,281967,4.058641,multi_behavior_sequence
1134975,355994,3.911425,multi_behavior_sequence
1134975,240558,3.874514,multi_behavior_sequence
1134975,314942,3.713822,multi_behavior_sequence
1134975,92465,3.696048,multi_behavior_sequence
1134975,234192,3.655745,multi_behavior_sequence
1137090,256329,4.983989,multi_behavior_sequence
1137090,181912,4.864255,multi_behavior_sequence
1137090,374873,4.563805,multi_behavior_sequence
1137090,75381,4.552865,multi_behavior_sequence
1137090,139918,4.446354,multi_behavior_sequence
1137090,394882,4.339317,multi_behavior_sequence
1137090,109924,4.288565,multi_behavior_sequence
1137090,188190,4.283731,multi_behavior_sequence
1137090,398760,4.212748,multi_behavior_sequence
1137090,160272,4.15837,multi_behavior_sequence
1138391,15327,3.291195,multi_behavior_sequence
1138391,328696,3.263222,multi_behavior_sequence
1138391,395693,3.050618,multi_behavior_sequence
1138391,393809,2.987837,multi_behavior_sequence
1138391,222185,2.903347,multi_behavior_sequence
1138391,160218,2.890423,multi_behavior_sequence
1138391,303039,2.884169,multi_behavior_sequence
1138391,394828,2.857698,multi_behavior_sequence
1138391,134118,2.816053,multi_behavior_sequence
1138391,96043,2.81002,multi_behavior_sequence
1139337,458178,4.337852,multi_behavior_sequence
1139337,271801,4.159219,multi_behavior_sequence
1139337,367616,3.932698,multi_behavior_sequence
1139337,213500,3.924186,multi_behavior_sequence
1139337,367262,3.727752,multi_behavior_sequence
1139337,151915,3.678487,multi_behavior_sequence
1139337,427979,3.577219,multi_behavior_sequence
1139337,406644,3.550851,multi_behavior_sequence
1139337,45226,3.507334,multi_behavior_sequence
1139337,12040,3.504649,multi_behavior_sequence
1139675,459835,3.354421,multi_behavior_sequence
1139675,38680,3.150607,multi_behavior_sequence
1139675,403564,3.050155,multi_behavior_sequence
1139675,256769,2.962291,multi_behavior_sequence
1139675,140730,2.946093,multi_behavior_sequence
1139675,310720,2.912114,multi_behavior_sequence
1139675,386788,2.877183,multi_behavior_sequence
1139675,20968,2.853441,multi_behavior_sequence
1139675,441852,2.781843,multi_behavior_sequence
1139675,133907,2.781764,multi_behavior_sequence
1140886,37029,3.764766,multi_behavior_sequence
1140886,416017,3.581748,multi_behavior_sequence
1140886,248455,3.580178,multi_behavior_sequence
1140886,12217,3.309601,multi_behavior_sequence
1140886,417927,3.299663,multi_behavior_sequence
1140886,372188,3.293441,multi_behavior_sequence
1140886,405380,3.277362,multi_behavior_sequence
1140886,261644,3.271835,multi_behavior_sequence
1140886,206218,3.209911,multi_behavior_sequence
1140886,31791,3.179914,multi_behavior_sequence
1141573,322887,4.394262,multi_behavior_sequence
1141573,73593,4.383662,multi_behavior_sequence
1141573,270144,4.335718,multi_behavior_sequence
1141573,207734,3.787498,multi_behavior_sequence
1141573,110983,3.727603,multi_behavior_sequence
1141573,102702,3.660335,multi_behavior_sequence
1141573,254193,3.656664,multi_behavior_sequence
1141573,449451,3.604842,multi_behavior_sequence
1141573,115788,3.526559,multi_behavior_sequence
1141573,373690,3.512499,multi_behavior_sequence
1142191,381941,4.717236,multi_behavior_sequence
1142191,63543,4.549216,multi_behavior_sequence
1142191,382885,4.493163,multi_behavior_sequence
1142191,190000,4.340049,multi_behavior_sequence
1142191,457711,4.306402,multi_behavior_sequence
1142191,188051,4.229355,multi_behavior_sequence
1142191,400442,4.164536,multi_behavior_sequence
1142191,2463,4.015844,multi_behavior_sequence
1142191,231482,4.00622,multi_behavior_sequence
1142191,444948,3.976077,multi_behavior_sequence
1142436,192288,3.299836,multi_behavior_sequence
1142436,49621,3.047387,multi_behavior_sequence
1142436,44826,2.938849,multi_behavior_sequence
1142436,46391,2.839827,multi_behavior_sequence
1142436,318761,2.816291,multi_behavior_sequence
1142436,137352,2.78465,multi_behavior_sequence
1142436,184903,2.706412,multi_behavior_sequence
1142436,328696,2.69884,multi_behavior_sequence
1142436,136674,2.687496,multi_behavior_sequence
1142436,103003,2.633103,multi_behavior_sequence
1143383,396732,4.795831,multi_behavior_sequence
1143383,134255,4.516448,multi_behavior_sequence
1143383,445351,4.292177,multi_behavior_sequence
1143383,130094,4.283827,multi_behavior_sequence
1143383,181462,4.19932,multi_behavior_sequence
1143383,381265,4.145935,multi_behavior_sequence
1143383,435624,4.098307,multi_behavior_sequence
1143383,414654,4.093115,multi_behavior_sequence
1143383,358565,4.060605,multi_behavior_sequence
1143383,49257,4.060356,multi_behavior_sequence
114362,178355,3.942795,multi_behavior_sequence
114362,51275,3.72909,multi_behavior_sequence
114362,331056,3.672807,multi_behavior_sequence
114362,204403,3.621075,multi_behavior_sequence
114362,302195,3.511721,multi_behavior_sequence
114362,337101,3.488967,multi_behavior_sequence
114362,105114,3.485337,multi_behavior_sequence
114362,402510,3.480903,multi_behavior_sequence
114362,134604,3.417914,multi_behavior_sequence
114362,354022,3.293613,multi_behavior_sequence
1144130,104848,3.854499,multi_behavior_sequence
1144130,451207,3.609741,multi_behavior_sequence
1144130,402462,3.568713,multi_behavior_sequence
1144130,398134,3.523396,multi_behavior_sequence
1144130,461199,3.503416,multi_behavior_sequence
1144130,187862,3.458324,multi_behavior_sequence
1144130,253615,3.437546,multi_behavior_sequence
1144130,263245,3.370318,multi_behavior_sequence
1144130,337671,3.360369,multi_behavior_sequence
1144130,464731,3.359751,multi_behavior_sequence
1145249,147955,4.55696,multi_behavior_sequence
1145249,119736,4.330974,multi_behavior_sequence
1145249,320130,4.262042,multi_behavior_sequence
1145249,407952,4.181573,multi_behavior_sequence
1145249,236000,4.121912,multi_behavior_sequence
1145249,45175,4.047788,multi_behavior_sequence
1145249,275575,4.044874,multi_behavior_sequence
1145249,248455,3.946462,multi_behavior_sequence
1145249,14606,3.860852,multi_behavior_sequence
1145249,279457,3.845818,multi_behavior_sequence
1147894,407661,4.493564,multi_behavior_sequence
1147894,122219,3.900811,multi_behavior_sequence
1147894,444712,3.40445,multi_behavior_sequence
1147894,199874,3.35496,multi_behavior_sequence
1147894,336753,3.102056,multi_behavior_sequence
1147894,271801,3.073123,multi_behavior_sequence
1147894,198833,3.072399,multi_behavior_sequence
1147894,165129,3.040489,multi_behavior_sequence
1147894,337298,3.033761,multi_behavior_sequence
1147894,206317,3.026309,multi_behavior_sequence
1148753,154860,3.372546,multi_behavior_sequence
1148753,185305,3.330374,multi_behavior_sequence
1148753,106547,3.273712,multi_behavior_sequence
1148753,281103,3.272145,multi_behavior_sequence
1148753,398489,3.153519,multi_behavior_sequence
1148753,46391,3.116614,multi_behavior_sequence
1148753,218746,3.063938,multi_behavior_sequence
1148753,382885,3.016199,multi_behavior_sequence
1148753,378731,3.015685,multi_behavior_sequence
1148753,92499,3.010273,multi_behavior_sequence
1150086,428891,9.283295,multi_behavior_sequence
1150086,133907,8.482258,multi_behavior_sequence
1150086,391226,8.422122,multi_behavior_sequence
1150086,387373,7.674775,multi_behavior_sequence
1150086,46156,7.44459,multi_behavior_sequence
1150086,173138,7.440899,multi_behavior_sequence
1150086,274443,7.267922,multi_behavior_sequence
1150086,455240,7.201676,multi_behavior_sequence
1150086,22161,7.084953,multi_behavior_sequence
1150086,252031,6.933624,multi_behavior_sequence
1150962,11279,3.677738,multi_behavior_sequence
1150962,163780,3.651502,multi_behavior_sequence
1150962,130628,3.56116,multi_behavior_sequence
1150962,107651,3.475551,multi_behavior_sequence
1150962,259680,3.459821,multi_behavior_sequence
1150962,362480,3.40192,multi_behavior_sequence
1150962,246589,3.368113,multi_behavior_sequence
1150962,235047,3.362626,multi_behavior_sequence
1150962,295537,3.335606,multi_behavior_sequence
1150962,322190,3.314899,multi_behavior_sequence
1152169,201515,2.925569,multi_behavior_sequence
1152169,259078,2.872077,multi_behavior_sequence
1152169,355325,2.643643,multi_behavior_sequence
1152169,413990,2.638369,multi_behavior_sequence
1152169,38616,2.576184,multi_behavior_sequence
1152169,359995,2.566594,multi_behavior_sequence
1152169,142586,2.474857,multi_behavior_sequence
1152169,456792,2.424425,multi_behavior_sequence
1152169,443344,2.420162,multi_behavior_sequence
1152169,1171,2.417124,multi_behavior_sequence
115257,76512,4.057803,multi_behavior_sequence
115257,169155,3.946429,multi_behavior_sequence
115257,430292,3.525627,multi_behavior_sequence
115257,34269,3.397297,multi_behavior_sequence
115257,458489,3.371286,multi_behavior_sequence
115257,223582,3.34346,multi_behavior_sequence
115257,65000,3.328299,multi_behavior_sequence
115257,350689,3.269991,multi_behavior_sequence
115257,160272,3.239569,multi_behavior_sequence
115257,179834,3.199693,multi_behavior_sequence
1152635,380440,3.925325,multi_behavior_sequence
1152635,345409,3.923052,multi_behavior_sequence
1152635,456276,3.867878,multi_behavior_sequence
1152635,377133,3.736289,multi_behavior_sequence
1152635,456056,3.680767,multi_behavior_sequence
1152635,309778,3.613785,multi_behavior_sequence
1152635,163780,3.575898,multi_behavior_sequence
1152635,399031,3.560653,multi_behavior_sequence
1152635,15466,3.513928,multi_behavior_sequence
1152635,110370,3.51281,multi_behavior_sequence
1157071,393809,3.893432,multi_behavior_sequence
1157071,407661,3.761086,multi_behavior_sequence
1157071,126522,3.433031,multi_behavior_sequence
1157071,341578,3.415201,multi_behavior_sequence
1157071,336753,3.360378,multi_behavior_sequence
1157071,265571,3.274025,multi_behavior_sequence
1157071,463509,3.261006,multi_behavior_sequence
1157071,275075,3.241185,multi_behavior_sequence
1157071,231478,3.200343,multi_behavior_sequence
1157071,74634,3.1769,multi_behavior_sequence
1159544,445351,3.65001,multi_behavior_sequence
1159544,37029,3.129271,multi_behavior_sequence
1159544,46232,2.939955,multi_behavior_sequence
1159544,465951,2.933489,multi_behavior_sequence
1159544,240558,2.919194,multi_behavior_sequence
1159544,119736,2.90337,multi_behavior_sequence
1159544,112828,2.874772,multi_behavior_sequence
1159544,29196,2.865949,multi_behavior_sequence
1159544,7943,2.669264,multi_behavior_sequence
1159544,314942,2.653481,multi_behavior_sequence
1161163,456276,6.217507,multi_behavior_sequence
1161163,283269,5.470242,multi_behavior_sequence
1161163,273872,5.39357,multi_behavior_sequence
1161163,153099,5.357494,multi_behavior_sequence
1161163,437778,5.338953,multi_behavior_sequence
1161163,160272,5.332315,multi_behavior_sequence
1161163,244908,5.179954,multi_behavior_sequence
1161163,207178,5.157416,multi_behavior_sequence
1161163,172894,5.089334,multi_behavior_sequence
1161163,288249,5.051044,multi_behavior_sequence
1161507,268491,3.399108,multi_behavior_sequence
1161507,301379,3.14167,multi_behavior_sequence
1161507,103003,3.073085,multi_behavior_sequence
1161507,417594,3.010576,multi_behavior_sequence
1161507,241555,3.007692,multi_behavior_sequence
1161507,260093,3.003473,multi_behavior_sequence
1161507,343375,2.950036,multi_behavior_sequence
1161507,290163,2.932337,multi_behavior_sequence
1161507,407661,2.860309,multi_behavior_sequence
1161507,178250,2.856907,multi_behavior_sequence
116169,88446,4.319399,multi_behavior_sequence
116169,441415,4.184117,multi_behavior_sequence
116169,407661,4.086308,multi_behavior_sequence
116169,455183,4.030958,multi_behavior_sequence
116169,417156,4.020927,multi_behavior_sequence
116169,136523,3.995497,multi_behavior_sequence
116169,50648,3.925249,multi_behavior_sequence
116169,47586,3.921853,multi_behavior_sequence
116169,360825,3.916544,multi_behavior_sequence
116169,427979,3.904476,multi_behavior_sequence
1161968,208922,3.192956,multi_behavior_sequence
1161968,11670,3.149105,multi_behavior_sequence
1161968,337101,3.120254,multi_behavior_sequence
1161968,352788,2.904824,multi_behavior_sequence
1161968,66752,2.885506,multi_behavior_sequence
1161968,51275,2.862633,multi_behavior_sequence
1161968,355200,2.813908,multi_behavior_sequence
1161968,138309,2.743727,multi_behavior_sequence
1161968,1880,2.705955,multi_behavior_sequence
1161968,273144,2.649176,multi_behavior_sequence
1162639,337101,4.374528,multi_behavior_sequence
1162639,220468,3.743549,multi_behavior_sequence
1162639,5848,3.598796,multi_behavior_sequence
1162639,414654,3.465615,multi_behavior_sequence
1162639,301345,3.404928,multi_behavior_sequence
1162639,334133,3.36814,multi_behavior_sequence
1162639,57245,3.357012,multi_behavior_sequence
1162639,172894,3.256725,multi_behavior_sequence
1162639,365044,3.249876,multi_behavior_sequence
1162639,349318,3.240047,multi_behavior_sequence
1163384,84947,4.479192,multi_behavior_sequence
1163384,154171,4.444457,multi_behavior_sequence
1163384,43391,4.350734,multi_behavior_sequence
1163384,35359,4.306614,multi_behavior_sequence
1163384,99139,4.206549,multi_behavior_sequence
1163384,216335,4.156505,multi_behavior_sequence
1163384,324621,4.010415,multi_behavior_sequence
1163384,363602,3.929646,multi_behavior_sequence
1163384,9190,3.882734,multi_behavior_sequence
1163384,194562,3.740582,multi_behavior_sequence
1163816,390379,3.752815,multi_behavior_sequence
1163816,360318,3.292533,multi_behavior_sequence
1163816,62599,3.125072,multi_behavior_sequence
1163816,104342,3.044535,multi_behavior_sequence
1163816,386112,3.030786,multi_behavior_sequence
1163816,394391,3.005065,multi_behavior_sequence
1163816,318761,2.983389,multi_behavior_sequence
1163816,160449,2.962908,multi_behavior_sequence
1163816,441813,2.932023,multi_behavior_sequence
1163816,49546,2.927799,multi_behavior_sequence
1165148,377868,6.713269,multi_behavior_sequence
1165148,67115,6.692999,multi_behavior_sequence
1165148,450082,6.221405,multi_behavior_sequence
1165148,311721,5.91987,multi_behavior_sequence
1165148,103127,5.867968,multi_behavior_sequence
1165148,9877,5.814268,multi_behavior_sequence
1165148,360825,5.738383,multi_behavior_sequence
1165148,77573,5.668279,multi_behavior_sequence
1165148,237589,5.652615,multi_behavior_sequence
1165148,417927,5.625765,multi_behavior_sequence
1167457,387024,4.73951,multi_behavior_sequence
1167457,292353,3.96764,multi_behavior_sequence
1167457,153280,3.949704,multi_behavior_sequence
1167457,49029,3.880423,multi_behavior_sequence
1167457,319246,3.730999,multi_behavior_sequence
1167457,8411,3.559621,multi_behavior_sequence
1167457,27726,3.52902,multi_behavior_sequence
1167457,332333,3.41958,multi_behavior_sequence
1167457,290003,3.418258,multi_behavior_sequence
1167457,188062,3.369143,multi_behavior_sequence
1169689,307931,4.156823,multi_behavior_sequence
1169689,110720,3.831777,multi_behavior_sequence
1169689,266439,3.830354,multi_behavior_sequence
1169689,428827,3.676317,multi_behavior_sequence
1169689,15327,3.639822,multi_behavior_sequence
1169689,19408,3.601573,multi_behavior_sequence
1169689,17322,3.548309,multi_behavior_sequence
1169689,227591,3.513248,multi_behavior_sequence
1169689,466252,3.48928,multi_behavior_sequence
1169689,237952,3.47914,multi_behavior_sequence
1169956,116624,3.818822,multi_behavior_sequence
1169956,167978,3.607067,multi_behavior_sequence
1169956,234255,3.334116,multi_behavior_sequence
1169956,228644,3.284801,multi_behavior_sequence
1169956,150882,3.093995,multi_behavior_sequence
1169956,248601,3.09206,multi_behavior_sequence
1169956,159892,3.041971,multi_behavior_sequence
1169956,435624,2.953869,multi_behavior_sequence
1169956,245158,2.929958,multi_behavior_sequence
1169956,212917,2.886703,multi_behavior_sequence
1170165,315543,4.522122,multi_behavior_sequence
1170165,422992,3.833532,multi_behavior_sequence
1170165,338794,3.797962,multi_behavior_sequence
1170165,358064,3.488869,multi_behavior_sequence
1170165,133907,3.385847,multi_behavior_sequence
1170165,3146,3.365882,multi_behavior_sequence
1170165,389158,3.322778,multi_behavior_sequence
1170165,256769,3.310623,multi_behavior_sequence
1170165,293587,3.235758,multi_behavior_sequence
1170165,363210,3.23105,multi_behavior_sequence
1171984,37115,3.275553,multi_behavior_sequence
1171984,409804,3.088214,multi_behavior_sequence
1171984,240170,3.022624,multi_behavior_sequence
1171984,2463,2.978458,multi_behavior_sequence
1171984,51969,2.94107,multi_behavior_sequence
1171984,7943,2.898433,multi_behavior_sequence
1171984,278586,2.854026,multi_behavior_sequence
1171984,461686,2.832951,multi_behavior_sequence
1171984,100282,2.816368,multi_behavior_sequence
1171984,125799,2.810763,multi_behavior_sequence
1172121,5190,4.148532,multi_behavior_sequence
1172121,306763,4.016359,multi_behavior_sequence
1172121,335975,3.965308,multi_behavior_sequence
1172121,179749,3.824906,multi_behavior_sequence
1172121,36278,3.665971,multi_behavior_sequence
1172121,50443,3.456107,multi_behavior_sequence
1172121,170811,3.436008,multi_behavior_sequence
1172121,309778,3.394809,multi_behavior_sequence
1172121,28136,3.393691,multi_behavior_sequence
1172121,245810,3.351516,multi_behavior_sequence
1172198,350384,3.514905,multi_behavior_sequence
1172198,438484,3.394134,multi_behavior_sequence
1172198,9877,3.260376,multi_behavior_sequence
1172198,320130,3.250984,multi_behavior_sequence
1172198,411280,3.239932,multi_behavior_sequence
1172198,37115,3.094681,multi_behavior_sequence
1172198,63543,2.988395,multi_behavior_sequence
1172198,119736,2.943115,multi_behavior_sequence
1172198,174489,2.864815,multi_behavior_sequence
1172198,330506,2.836993,multi_behavior_sequence
1176826,171878,4.978989,multi_behavior_sequence
1176826,1261,4.793962,multi_behavior_sequence
1176826,396685,4.713479,multi_behavior_sequence
1176826,466864,4.712113,multi_behavior_sequence
1176826,28072,4.680765,multi_behavior_sequence
1176826,157165,4.633381,multi_behavior_sequence
1176826,72481,4.607394,multi_behavior_sequence
1176826,280802,4.498482,multi_behavior_sequence
1176826,207742,4.456502,multi_behavior_sequence
1176826,444677,4.369722,multi_behavior_sequence
1178073,315543,4.942677,multi_behavior_sequence
1178073,456056,4.835338,multi_behavior_sequence
1178073,362760,4.613457,multi_behavior_sequence
1178073,241555,4.552411,multi_behavior_sequence
1178073,382885,4.428872,multi_behavior_sequence
1178073,188051,4.425846,multi_behavior_sequence
1178073,9877,4.295105,multi_behavior_sequence
1178073,338794,4.177614,multi_behavior_sequence
1178073,123362,4.149145,multi_behavior_sequence
1178073,369158,4.010369,multi_behavior_sequence
1178290,37115,3.331221,multi_behavior_sequence
1178290,210985,3.106817,multi_behavior_sequence
1178290,168367,2.876036,multi_behavior_sequence
1178290,204832,2.856404,multi_behavior_sequence
1178290,239006,2.846406,multi_behavior_sequence
1178290,404121,2.813923,multi_behavior_sequence
1178290,392074,2.793254,multi_behavior_sequence
1178290,26678,2.758523,multi_behavior_sequence
1178290,392162,2.758105,multi_behavior_sequence
1178290,205553,2.757047,multi_behavior_sequence
1178626,456056,3.24544,multi_behavior_sequence
1178626,369158,3.204554,multi_behavior_sequence
1178626,119736,3.189244,multi_behavior_sequence
1178626,461686,2.981319,multi_behavior_sequence
1178626,213834,2.777107,multi_behavior_sequence
1178626,37029,2.75089,multi_behavior_sequence
1178626,234255,2.635111,multi_behavior_sequence
1178626,219512,2.606289,multi_behavior_sequence
1178626,172894,2.59234,multi_behavior_sequence
1178626,546,2.584408,multi_behavior_sequence
1179005,456056,5.654378,multi_behavior_sequence
1179005,122219,5.480093,multi_behavior_sequence
1179005,369158,5.031621,multi_behavior_sequence
1179005,386724,4.931729,multi_behavior_sequence
1179005,83280,4.924019,multi_behavior_sequence
1179005,111070,4.885077,multi_behavior_sequence
1179005,400442,4.775891,multi_behavior_sequence
1179005,150882,4.649099,multi_behavior_sequence
1179005,241555,4.636886,multi_behavior_sequence
1179005,266900,4.608819,multi_behavior_sequence
1181175,401896,4.221775,multi_behavior_sequence
1181175,295537,3.690469,multi_behavior_sequence
1181175,371155,3.529786,multi_behavior_sequence
1181175,266843,3.402727,multi_behavior_sequence
1181175,184199,3.112284,multi_behavior_sequence
1181175,463617,3.101885,multi_behavior_sequence
1181175,460187,3.078935,multi_behavior_sequence
1181175,263980,3.068289,multi_behavior_sequence
1181175,271268,2.905939,multi_behavior_sequence
1181175,445533,2.888746,multi_behavior_sequence
1181200,17974,3.996653,multi_behavior_sequence
1181200,431227,3.741919,multi_behavior_sequence
1181200,318785,3.700853,multi_behavior_sequence
1181200,407706,3.588529,multi_behavior_sequence
1181200,56373,3.58115,multi_behavior_sequence
1181200,89076,3.563538,multi_behavior_sequence
1181200,144635,3.541173,multi_behavior_sequence
1181200,364885,3.470307,multi_behavior_sequence
1181200,365320,3.418264,multi_behavior_sequence
1181200,278192,3.394054,multi_behavior_sequence
1185234,63543,3.815396,multi_behavior_sequence
1185234,312728,3.555682,multi_behavior_sequence
1185234,382885,3.509665,multi_behavior_sequence
1185234,282820,3.483283,multi_behavior_sequence
1185234,279457,3.469852,multi_behavior_sequence
1185234,128745,3.388577,multi_behavior_sequence
1185234,386635,3.34683,multi_behavior_sequence
1185234,31178,3.314225,multi_behavior_sequence
1185234,223644,3.286592,multi_behavior_sequence
1185234,458271,3.273525,multi_behavior_sequence
1185399,122219,4.470562,multi_behavior_sequence
1185399,446820,4.133438,multi_behavior_sequence
1185399,63499,4.097185,multi_behavior_sequence
1185399,253574,3.631215,multi_behavior_sequence
1185399,14932,3.631101,multi_behavior_sequence
1185399,96417,3.514958,multi_behavior_sequence
1185399,322973,3.438117,multi_behavior_sequence
1185399,85047,3.431664,multi_behavior_sequence
1185399,168963,3.413774,multi_behavior_sequence
1185399,326686,3.408151,multi_behavior_sequence
1186695,415081,4.617247,multi_behavior_sequence
1186695,158514,4.614592,multi_behavior_sequence
1186695,431099,4.201849,multi_behavior_sequence
1186695,299665,4.160099,multi_behavior_sequence
1186695,407661,4.133769,multi_behavior_sequence
1186695,17655,4.083423,multi_behavior_sequence
1186695,134776,3.944182,multi_behavior_sequence
1186695,144619,3.87304,multi_behavior_sequence
1186695,157509,3.825355,multi_behavior_sequence
1186695,444697,3.785455,multi_behavior_sequence
1187986,168367,3.973587,multi_behavior_sequence
1187986,400442,3.693448,multi_behavior_sequence
1187986,295317,3.482762,multi_behavior_sequence
1187986,48030,3.461718,multi_behavior_sequence
1187986,83280,3.435907,multi_behavior_sequence
1187986,303845,3.419147,multi_behavior_sequence
1187986,150882,3.408027,multi_behavior_sequence
1187986,216225,3.326714,multi_behavior_sequence
1187986,444931,3.319307,multi_behavior_sequence
1187986,243355,3.235764,multi_behavior_sequence
1188952,393809,4.517124,multi_behavior_sequence
1188952,284045,4.428751,multi_behavior_sequence
1188952,383212,4.287379,multi_behavior_sequence
1188952,307941,4.233563,multi_behavior_sequence
1188952,210985,4.19934,multi_behavior_sequence
1188952,196200,4.153111,multi_behavior_sequence
1188952,434054,4.098865,multi_behavior_sequence
1188952,44826,4.045296,multi_behavior_sequence
1188952,109474,3.976142,multi_behavior_sequence
1188952,218746,3.843117,multi_behavior_sequence
1190855,190000,4.950486,multi_behavior_sequence
1190855,234255,4.834943,multi_behavior_sequence
1190855,65273,4.654189,multi_behavior_sequence
1190855,188051,4.524772,multi_behavior_sequence
1190855,37029,4.487996,multi_behavior_sequence
1190855,461686,4.446643,multi_behavior_sequence
1190855,9877,4.38896,multi_behavior_sequence
1190855,417927,4.356042,multi_behavior_sequence
1190855,338794,4.257866,multi_behavior_sequence
1190855,288525,4.251619,multi_behavior_sequence
1191613,201515,5.406043,multi_behavior_sequence
1191613,74006,4.637094,multi_behavior_sequence
1191613,96043,4.444783,multi_behavior_sequence
1191613,413990,4.296609,multi_behavior_sequence
1191613,63136,4.28293,multi_behavior_sequence
1191613,404026,4.22384,multi_behavior_sequence
1191613,58233,4.223477,multi_behavior_sequence
1191613,224178,4.171268,multi_behavior_sequence
1191613,129332,4.066518,multi_behavior_sequence
1191613,9056,4.022665,multi_behavior_sequence
1192115,117075,4.468851,multi_behavior_sequence
1192115,221911,4.447396,multi_behavior_sequence
1192115,332333,4.165215,multi_behavior_sequence
1192115,387220,4.048532,multi_behavior_sequence
1192115,185932,4.014301,multi_behavior_sequence
1192115,363125,3.970673,multi_behavior_sequence
1192115,301324,3.881692,multi_behavior_sequence
1192115,234536,3.767422,multi_behavior_sequence
1192115,293363,3.755868,multi_behavior_sequence
1192115,97307,3.620366,multi_behavior_sequence
1193756,400442,4.186283,multi_behavior_sequence
1193756,125799,3.709727,multi_behavior_sequence
1193756,261644,3.69812,multi_behavior_sequence
1193756,138427,3.645959,multi_behavior_sequence
1193756,417594,3.506335,multi_behavior_sequence
1193756,233734,3.450355,multi_behavior_sequence
1193756,308967,3.427415,multi_behavior_sequence
1193756,40635,3.343118,multi_behavior_sequence
1193756,325310,3.289708,multi_behavior_sequence
1193756,2463,3.250671,multi_behavior_sequence
1195980,315685,4.152623,multi_behavior_sequence
1195980,170353,3.615047,multi_behavior_sequence
1195980,167337,3.495947,multi_behavior_sequence
1195980,85047,3.273017,multi_behavior_sequence
1195980,190070,3.208161,multi_behavior_sequence
1195980,70790,3.188025,multi_behavior_sequence
1195980,448091,3.180453,multi_behavior_sequence
1195980,268491,3.171191,multi_behavior_sequence
1195980,380440,3.137526,multi_behavior_sequence
1195980,232172,3.136209,multi_behavior_sequence
1197343,438484,4.213541,multi_behavior_sequence
1197343,278208,4.040564,multi_behavior_sequence
1197343,5281,3.909913,multi_behavior_sequence
1197343,122324,3.882839,multi_behavior_sequence
1197343,174489,3.871323,multi_behavior_sequence
1197343,59873,3.8201,multi_behavior_sequence
1197343,249460,3.777843,multi_behavior_sequence
1197343,283115,3.71828,multi_behavior_sequence
1197343,163780,3.69247,multi_behavior_sequence
1197343,232744,3.578642,multi_behavior_sequence
1199576,140527,3.260929,multi_behavior_sequence
1199576,249592,3.097537,multi_behavior_sequence
1199576,395017,3.03782,multi_behavior_sequence
1199576,284180,3.013425,multi_behavior_sequence
1199576,216225,3.005173,multi_behavior_sequence
1199576,147307,3.001484,multi_behavior_sequence
1199576,229305,2.983236,multi_behavior_sequence
1199576,462444,2.980304,multi_behavior_sequence
1199576,202871,2.968225,multi_behavior_sequence
1199576,275937,2.957921,multi_behavior_sequence
1200349,234255,4.590547,multi_behavior_sequence
1200349,20968,3.914411,multi_behavior_sequence
1200349,128745,3.906844,multi_behavior_sequence
1200349,362868,3.78664,multi_behavior_sequence
1200349,312728,3.757132,multi_behavior_sequence
1200349,428891,3.719138,multi_behavior_sequence
1200349,257070,3.673662,multi_behavior_sequence
1200349,81998,3.612166,multi_behavior_sequence
1200349,413310,3.483567,multi_behavior_sequence
1200349,204057,3.367079,multi_behavior_sequence
1202758,222069,3.684553,multi_behavior_sequence
1202758,247950,3.662811,multi_behavior_sequence
1202758,68337,3.640723,multi_behavior_sequence
1202758,18561,3.540148,multi_behavior_sequence
1202758,173921,3.463858,multi_behavior_sequence
1202758,367030,3.416612,multi_behavior_sequence
1202758,164342,3.329038,multi_behavior_sequence
1202758,360673,3.250773,multi_behavior_sequence
1202758,117286,3.199316,multi_behavior_sequence
1202758,31249,3.185804,multi_behavior_sequence
1202783,34847,7.051252,multi_behavior_sequence
1202783,115057,6.505677,multi_behavior_sequence
1202783,293299,6.44692,multi_behavior_sequence
1202783,262297,6.395545,multi_behavior_sequence
1202783,118587,6.273959,multi_behavior_sequence
1202783,114134,6.272085,multi_behavior_sequence
1202783,69507,6.232708,multi_behavior_sequence
1202783,36868,6.211013,multi_behavior_sequence
1202783,4950,6.174299,multi_behavior_sequence
1202783,389693,5.913199,multi_behavior_sequence
1203357,3914,5.145317,multi_behavior_sequence
1203357,297866,4.950852,multi_behavior_sequence
1203357,2104,4.571254,multi_behavior_sequence
1203357,6745,4.570675,multi_behavior_sequence
1203357,306041,4.529716,multi_behavior_sequence
1203357,8781,4.491911,multi_behavior_sequence
1203357,7943,4.483725,multi_behavior_sequence
1203357,417594,4.442423,multi_behavior_sequence
1203357,389572,4.364205,multi_behavior_sequence
1203357,112280,4.334586,multi_behavior_sequence
1204332,356339,4.101255,multi_behavior_sequence
1204332,239559,4.045989,multi_behavior_sequence
1204332,270976,3.61256,multi_behavior_sequence
1204332,318761,3.605243,multi_behavior_sequence
1204332,131734,3.574784,multi_behavior_sequence
1204332,103322,3.547141,multi_behavior_sequence
1204332,322887,3.531244,multi_behavior_sequence
1204332,183435,3.518986,multi_behavior_sequence
1204332,394518,3.444483,multi_behavior_sequence
1204332,445676,3.436312,multi_behavior_sequence
1209313,325306,4.282643,multi_behavior_sequence
1209313,379288,4.075039,multi_behavior_sequence
1209313,158595,4.066136,multi_behavior_sequence
1209313,204403,4.059193,multi_behavior_sequence
1209313,269811,4.012097,multi_behavior_sequence
1209313,103322,3.996772,multi_behavior_sequence
1209313,222294,3.987942,multi_behavior_sequence
1209313,406764,3.928123,multi_behavior_sequence
1209313,320081,3.841094,multi_behavior_sequence
1209313,281942,3.839857,multi_behavior_sequence
1210136,241555,3.961949,multi_behavior_sequence
1210136,439963,3.866002,multi_behavior_sequence
1210136,118914,3.584362,multi_behavior_sequence
1210136,209050,3.560754,multi_behavior_sequence
1210136,278208,3.558177,multi_behavior_sequence
1210136,2463,3.377463,multi_behavior_sequence
1210136,372188,3.323148,multi_behavior_sequence
1210136,366177,3.279961,multi_behavior_sequence
1210136,378517,3.273628,multi_behavior_sequence
1210136,224481,3.271448,multi_behavior_sequence
1210904,277380,2.597907,multi_behavior_sequence
1210904,354233,2.504998,multi_behavior_sequence
1210904,456005,2.448648,multi_behavior_sequence
1210904,399031,2.363842,multi_behavior_sequence
1210904,275937,2.227536,multi_behavior_sequence
1210904,185305,2.195583,multi_behavior_sequence
1210904,308263,2.193402,multi_behavior_sequence
1210904,398489,2.187273,multi_behavior_sequence
1210904,430034,2.153549,multi_behavior_sequence
1210904,414654,2.126293,multi_behavior_sequence
1212999,462592,4.187786,multi_behavior_sequence
1212999,210985,3.935097,multi_behavior_sequence
1212999,304920,3.811777,multi_behavior_sequence
1212999,36485,3.74917,multi_behavior_sequence
1212999,1267,3.698597,multi_behavior_sequence
1212999,88098,3.561701,multi_behavior_sequence
1212999,268052,3.554131,multi_behavior_sequence
1212999,184628,3.549818,multi_behavior_sequence
1212999,344739,3.516169,multi_behavior_sequence
1212999,404121,3.505085,multi_behavior_sequence
1213423,241555,5.552463,multi_behavior_sequence
1213423,9877,5.269708,multi_behavior_sequence
1213423,38965,5.013232,multi_behavior_sequence
1213423,37115,4.948071,multi_behavior_sequence
1213423,325310,4.91792,multi_behavior_sequence
1213423,452041,4.242848,multi_behavior_sequence
1213423,44826,4.081458,multi_behavior_sequence
1213423,110421,3.912752,multi_behavior_sequence
1213423,362760,3.885661,multi_behavior_sequence
1213423,2463,3.880147,multi_behavior_sequence
121441,325310,4.709824,multi_behavior_sequence
121441,319680,4.5922,multi_behavior_sequence
121441,37115,4.550401,multi_behavior_sequence
121441,287811,4.469033,multi_behavior_sequence
121441,2463,4.464391,multi_behavior_sequence
121441,123362,4.324676,multi_behavior_sequence
121441,9877,4.313513,multi_behavior_sequence
121441,355741,4.167654,multi_behavior_sequence
121441,125799,3.946795,multi_behavior_sequence
121441,209050,3.928496,multi_behavior_sequence
1216079,286924,3.853686,multi_behavior_sequence
1216079,350384,3.609726,multi_behavior_sequence
1216079,266843,3.519685,multi_behavior_sequence
1216079,16672,3.51211,multi_behavior_sequence
1216079,441813,3.504335,multi_behavior_sequence
1216079,208270,3.500439,multi_behavior_sequence
1216079,401896,3.460408,multi_behavior_sequence
1216079,62825,3.400595,multi_behavior_sequence
1216079,278610,3.389281,multi_behavior_sequence
1216079,306041,3.386417,multi_behavior_sequence
1216141,279310,3.172906,multi_behavior_sequence
1216141,425726,3.137357,multi_behavior_sequence
1216141,458872,3.105785,multi_behavior_sequence
1216141,456056,2.983515,multi_behavior_sequence
1216141,3020,2.898816,multi_behavior_sequence
1216141,2657,2.89528,multi_behavior_sequence
1216141,86466,2.866693,multi_behavior_sequence
1216141,17379,2.841995,multi_behavior_sequence
1216141,233834,2.817659,multi_behavior_sequence
1216141,140861,2.790115,multi_behavior_sequence
1216818,396732,3.356136,multi_behavior_sequence
1216818,181202,3.355258,multi_behavior_sequence
1216818,184199,3.264304,multi_behavior_sequence
1216818,378517,3.261855,multi_behavior_sequence
1216818,275937,3.224806,multi_behavior_sequence
1216818,414654,3.210798,multi_behavior_sequence
1216818,130628,3.202955,multi_behavior_sequence
1216818,7943,3.160168,multi_behavior_sequence
1216818,176669,3.144509,multi_behavior_sequence
1216818,116334,3.122269,multi_behavior_sequence
1216885,320130,3.362401,multi_behavior_sequence
1216885,350384,3.158958,multi_behavior_sequence
1216885,358348,3.074435,multi_behavior_sequence
1216885,396853,3.046622,multi_behavior_sequence
1216885,411280,3.018629,multi_behavior_sequence
1216885,26228,3.016033,multi_behavior_sequence
1216885,37029,2.966351,multi_behavior_sequence
1216885,63543,2.952973,multi_behavior_sequence
1216885,420960,2.944374,multi_behavior_sequence
1216885,234215,2.917978,multi_behavior_sequence
1218886,363109,4.361631,multi_behavior_sequence
1218886,394678,4.250142,multi_behavior_sequence
1218886,313163,4.246343,multi_behavior_sequence
1218886,199233,4.22767,multi_behavior_sequence
1218886,286731,4.185418,multi_behavior_sequence
1218886,235796,4.066129,multi_behavior_sequence
1218886,57492,4.012538,multi_behavior_sequence
1218886,455804,3.976957,multi_behavior_sequence
1218886,16789,3.900835,multi_behavior_sequence
1218886,139918,3.83177,multi_behavior_sequence
121914,162139,3.767521,multi_behavior_sequence
121914,441248,3.560464,multi_behavior_sequence
121914,184903,3.469443,multi_behavior_sequence
121914,68237,3.467844,multi_behavior_sequence
121914,399010,3.463191,multi_behavior_sequence
121914,161478,3.393411,multi_behavior_sequence
121914,124919,3.366427,multi_behavior_sequence
121914,118823,3.327525,multi_behavior_sequence
121914,393809,3.327296,multi_behavior_sequence
121914,259202,3.246406,multi_behavior_sequence
1219361,375058,3.339798,multi_behavior_sequence
1219361,266105,3.065149,multi_behavior_sequence
1219361,378322,2.961993,multi_behavior_sequence
1219361,80174,2.711051,multi_behavior_sequence
1219361,20773,2.70553,multi_behavior_sequence
1219361,22436,2.701461,multi_behavior_sequence
1219361,224605,2.58251,multi_behavior_sequence
1219361,417673,2.563498,multi_behavior_sequence
1219361,287687,2.561731,multi_behavior_sequence
1219361,405770,2.556779,multi_behavior_sequence
121975,241555,3.918431,multi_behavior_sequence
121975,272770,3.194723,multi_behavior_sequence
121975,457711,3.091192,multi_behavior_sequence
121975,83366,3.025972,multi_behavior_sequence
121975,238865,2.975445,multi_behavior_sequence
121975,446861,2.967933,multi_behavior_sequence
121975,32398,2.956003,multi_behavior_sequence
121975,150103,2.821658,multi_behavior_sequence
121975,412981,2.807774,multi_behavior_sequence
121975,258508,2.790135,multi_behavior_sequence
1220372,122219,4.383413,multi_behavior_sequence
1220372,456056,4.236187,multi_behavior_sequence
1220372,7943,3.914916,multi_behavior_sequence
1220372,430292,3.540297,multi_behavior_sequence
1220372,170353,3.405928,multi_behavior_sequence
1220372,172894,3.39601,multi_behavior_sequence
1220372,293139,3.330106,multi_behavior_sequence
1220372,154476,3.320127,multi_behavior_sequence
1220372,214415,3.25111,multi_behavior_sequence
1220372,457018,3.240595,multi_behavior_sequence
1222911,441974,4.642416,multi_behavior_sequence
1222911,122534,4.184424,multi_behavior_sequence
1222911,6586,4.035013,multi_behavior_sequence
1222911,332203,3.985497,multi_behavior_sequence
1222911,64084,3.963665,multi_behavior_sequence
1222911,20773,3.95721,multi_behavior_sequence
1222911,322331,3.855942,multi_behavior_sequence
1222911,91896,3.829808,multi_behavior_sequence
1222911,90446,3.823667,multi_behavior_sequence
1222911,179047,3.779613,multi_behavior_sequence
12232,81473,5.115949,multi_behavior_sequence
12232,6605,4.766562,multi_behavior_sequence
12232,51275,4.700999,multi_behavior_sequence
12232,272770,4.633008,multi_behavior_sequence
12232,303237,4.606966,multi_behavior_sequence
12232,147684,4.302915,multi_behavior_sequence
12232,162139,4.217903,multi_behavior_sequence
12232,97453,4.119079,multi_behavior_sequence
12232,43215,4.105686,multi_behavior_sequence
12232,403848,4.07502,multi_behavior_sequence
1224022,387373,4.249695,multi_behavior_sequence
1224022,257040,4.165146,multi_behavior_sequence
1224022,153708,4.123268,multi_behavior_sequence
1224022,284848,4.115753,multi_behavior_sequence
1224022,398489,4.114762,multi_behavior_sequence
1224022,228644,3.993927,multi_behavior_sequence
1224022,309778,3.98706,multi_behavior_sequence
1224022,414654,3.964478,multi_behavior_sequence
1224022,234255,3.946228,multi_behavior_sequence
1224022,445351,3.936568,multi_behavior_sequence
1227377,20773,5.287573,multi_behavior_sequence
1227377,175296,5.071056,multi_behavior_sequence
1227377,454534,4.77162,multi_behavior_sequence
1227377,441315,4.771239,multi_behavior_sequence
1227377,63769,4.707606,multi_behavior_sequence
1227377,150938,4.641357,multi_behavior_sequence
1227377,375058,4.610745,multi_behavior_sequence
1227377,346230,4.599257,multi_behavior_sequence
1227377,438128,4.497484,multi_behavior_sequence
1227377,369793,4.404478,multi_behavior_sequence
1229029,2463,3.92817,multi_behavior_sequence
1229029,465751,3.855883,multi_behavior_sequence
1229029,414995,3.690706,multi_behavior_sequence
1229029,69325,3.682127,multi_behavior_sequence
1229029,345136,3.677905,multi_behavior_sequence
1229029,409804,3.610147,multi_behavior_sequence
1229029,325310,3.585716,multi_behavior_sequence
1229029,201246,3.497458,multi_behavior_sequence
1229029,108460,3.404423,multi_behavior_sequence
1229029,40870,3.390375,multi_behavior_sequence
1229828,225492,5.901652,multi_behavior_sequence
1229828,301235,5.185303,multi_behavior_sequence
1229828,347100,4.998436,multi_behavior_sequence
1229828,425726,4.935063,multi_behavior_sequence
1229828,65273,4.906321,multi_behavior_sequence
1229828,431276,4.61039,multi_behavior_sequence
1229828,9877,4.516852,multi_behavior_sequence
1229828,365340,4.50465,multi_behavior_sequence
1229828,132683,4.399887,multi_behavior_sequence
1229828,44888,4.367802,multi_behavior_sequence
1229972,202871,2.911328,multi_behavior_sequence
1229972,303821,2.527166,multi_behavior_sequence
1229972,188612,2.498261,multi_behavior_sequence
1229972,258097,2.495619,multi_behavior_sequence
1229972,68237,2.482366,multi_behavior_sequence
1229972,44939,2.432696,multi_behavior_sequence
1229972,336645,2.401249,multi_behavior_sequence
1229972,321849,2.371883,multi_behavior_sequence
1229972,286337,2.363944,multi_behavior_sequence
1229972,55140,2.340822,multi_behavior_sequence
1231368,456056,4.036738,multi_behavior_sequence
1231368,400442,4.024617,multi_behavior_sequence
1231368,363663,3.524221,multi_behavior_sequence
1231368,199233,3.491082,multi_behavior_sequence
1231368,193828,3.481496,multi_behavior_sequence
1231368,180959,3.469414,multi_behavior_sequence
1231368,82377,3.427209,multi_behavior_sequence
1231368,408888,3.391628,multi_behavior_sequence
1231368,461686,3.354527,multi_behavior_sequence
1231368,369158,3.350907,multi_behavior_sequence
1235292,393809,3.301317,multi_behavior_sequence
1235292,140527,3.12483,multi_behavior_sequence
1235292,71825,2.956018,multi_behavior_sequence
1235292,69207,2.938606,multi_behavior_sequence
1235292,370442,2.890189,multi_behavior_sequence
1235292,295317,2.858206,multi_behavior_sequence
1235292,464812,2.848419,multi_behavior_sequence
1235292,378322,2.821547,multi_behavior_sequence
1235292,120183,2.784506,multi_behavior_sequence
1235292,192138,2.776462,multi_behavior_sequence
12356,256146,4.747719,multi_behavior_sequence
12356,277183,4.126283,multi_behavior_sequence
12356,158808,4.084095,multi_behavior_sequence
12356,245085,4.00444,multi_behavior_sequence
12356,356537,3.920523,multi_behavior_sequence
12356,414995,3.908295,multi_behavior_sequence
12356,103107,3.881048,multi_behavior_sequence
12356,44208,3.865805,multi_behavior_sequence
12356,15327,3.851912,multi_behavior_sequence
12356,95263,3.779387,multi_behavior_sequence
1236028,46232,7.02375,multi_behavior_sequence
1236028,190000,6.083745,multi_behavior_sequence
1236028,234536,5.721248,multi_behavior_sequence
1236028,199874,5.354984,multi_behavior_sequence
1236028,361554,5.352816,multi_behavior_sequence
1236028,89323,5.305287,multi_behavior_sequence
1236028,272770,5.294016,multi_behavior_sequence
1236028,222888,5.23702,multi_behavior_sequence
1236028,51275,5.232773,multi_behavior_sequence
1236028,372395,5.188502,multi_behavior_sequence
1237218,456056,4.368211,multi_behavior_sequence
1237218,172894,4.308479,multi_behavior_sequence
1237218,369158,3.940853,multi_behavior_sequence
1237218,414654,3.918425,multi_behavior_sequence
1237218,306763,3.874476,multi_behavior_sequence
1237218,214415,3.477658,multi_behavior_sequence
1237218,228644,3.47148,multi_behavior_sequence
1237218,284848,3.377198,multi_behavior_sequence
1237218,314789,3.375225,multi_behavior_sequence
1237218,370615,3.367015,multi_behavior_sequence
1239170,365320,2.803249,multi_behavior_sequence
1239170,70277,2.717337,multi_behavior_sequence
1239170,268243,2.689559,multi_behavior_sequence
1239170,375169,2.637489,multi_behavior_sequence
1239170,277380,2.529608,multi_behavior_sequence
1239170,153961,2.527661,multi_behavior_sequence
1239170,380440,2.477646,multi_behavior_sequence
1239170,5190,2.429811,multi_behavior_sequence
1239170,442256,2.342758,multi_behavior_sequence
1239170,169526,2.333073,multi_behavior_sequence
1240838,363109,3.715616,multi_behavior_sequence
1240838,108083,3.529189,multi_behavior_sequence
1240838,250304,3.518311,multi_behavior_sequence
1240838,294109,3.471304,multi_behavior_sequence
1240838,204403,3.328574,multi_behavior_sequence
1240838,219782,3.237795,multi_behavior_sequence
1240838,417927,3.217127,multi_behavior_sequence
1240838,322887,3.206798,multi_behavior_sequence
1240838,386724,3.187674,multi_behavior_sequence
1240838,138427,3.12494,multi_behavior_sequence
1243048,364950,4.247936,multi_behavior_sequence
1243048,345382,4.148539,multi_behavior_sequence
1243048,41662,3.996217,multi_behavior_sequence
1243048,438515,3.924837,multi_behavior_sequence
1243048,373455,3.686192,multi_behavior_sequence
1243048,192721,3.66276,multi_behavior_sequence
1243048,136182,3.649924,multi_behavior_sequence
1243048,49546,3.629411,multi_behavior_sequence
1243048,390553,3.585587,multi_behavior_sequence
1243048,365044,3.575085,multi_behavior_sequence
1243262,248455,5.030849,multi_behavior_sequence
1243262,400442,4.604524,multi_behavior_sequence
1243262,138427,4.183483,multi_behavior_sequence
1243262,21320,4.168339,multi_behavior_sequence
1243262,320130,4.152623,multi_behavior_sequence
1243262,444993,4.142852,multi_behavior_sequence
1243262,443098,4.136142,multi_behavior_sequence
1243262,383735,4.001883,multi_behavior_sequence
1243262,456056,3.940013,multi_behavior_sequence
1243262,315309,3.918239,multi_behavior_sequence
1248077,48030,3.868319,multi_behavior_sequence
1248077,176484,3.695305,multi_behavior_sequence
1248077,46232,3.655654,multi_behavior_sequence
1248077,312728,3.56265,multi_behavior_sequence
1248077,445351,3.535153,multi_behavior_sequence
1248077,243355,3.469844,multi_behavior_sequence
1248077,456056,3.386178,multi_behavior_sequence
1248077,348154,3.347483,multi_behavior_sequence
1248077,228644,3.333905,multi_behavior_sequence
1248077,294242,3.329997,multi_behavior_sequence
1248805,380971,3.767317,multi_behavior_sequence
1248805,422992,3.479571,multi_behavior_sequence
1248805,4067,3.433573,multi_behavior_sequence
1248805,425726,3.350942,multi_behavior_sequence
1248805,98071,3.26676,multi_behavior_sequence
1248805,290003,3.219723,multi_behavior_sequence
1248805,18561,3.154809,multi_behavior_sequence
1248805,256146,3.084493,multi_behavior_sequence
1248805,461091,3.073164,multi_behavior_sequence
1248805,158666,3.067814,multi_behavior_sequence
1248854,395522,4.992717,multi_behavior_sequence
1248854,358064,4.568117,multi_behavior_sequence
1248854,263245,4.191009,multi_behavior_sequence
1248854,386635,4.183878,multi_behavior_sequence
1248854,37115,4.044786,multi_behavior_sequence
1248854,89076,4.031276,multi_behavior_sequence
1248854,422992,3.974091,multi_behavior_sequence
1248854,238192,3.871559,multi_behavior_sequence
1248854,123362,3.855067,multi_behavior_sequence
1248854,447888,3.778007,multi_behavior_sequence
1250902,403564,3.999603,multi_behavior_sequence
1250902,78163,3.610754,multi_behavior_sequence
1250902,108486,3.608751,multi_behavior_sequence
1250902,233770,3.520452,multi_behavior_sequence
1250902,66737,3.506707,multi_behavior_sequence
1250902,76060,3.440254,multi_behavior_sequence
1250902,368841,3.392612,multi_behavior_sequence
1250902,176106,3.353627,multi_behavior_sequence
1250902,456320,3.343371,multi_behavior_sequence
1250902,429765,3.332639,multi_behavior_sequence
1251600,223998,4.761735,multi_behavior_sequence
1251600,234960,4.559354,multi_behavior_sequence
1251600,308967,4.444518,multi_behavior_sequence
1251600,392074,4.284159,multi_behavior_sequence
1251600,421471,4.223169,multi_behavior_sequence
1251600,188980,4.197885,multi_behavior_sequence
1251600,426277,4.072261,multi_behavior_sequence
1251600,417663,3.94447,multi_behavior_sequence
1251600,65081,3.881574,multi_behavior_sequence
1251600,285025,3.858095,multi_behavior_sequence
1254379,212782,4.113268,multi_behavior_sequence
1254379,78759,3.670686,multi_behavior_sequence
1254379,271685,3.621556,multi_behavior_sequence
1254379,223582,3.614859,multi_behavior_sequence
1254379,180214,3.613261,multi_behavior_sequence
1254379,64852,3.584731,multi_behavior_sequence
1254379,41611,3.494309,multi_behavior_sequence
1254379,87886,3.405358,multi_behavior_sequence
1254379,29539,3.387239,multi_behavior_sequence
1254379,442491,3.370527,multi_behavior_sequence
1254716,461199,3.296136,multi_behavior_sequence
1254716,280802,3.167374,multi_behavior_sequence
1254716,263245,3.019773,multi_behavior_sequence
1254716,171878,2.953743,multi_behavior_sequence
1254716,180182,2.83902,multi_behavior_sequence
1254716,167075,2.804587,multi_behavior_sequence
1254716,415810,2.740496,multi_behavior_sequence
1254716,444677,2.72934,multi_behavior_sequence
1254716,362339,2.707704,multi_behavior_sequence
1254716,230797,2.699886,multi_behavior_sequence
1254768,24734,3.940722,multi_behavior_sequence
1254768,396732,3.6891,multi_behavior_sequence
1254768,337101,3.672374,multi_behavior_sequence
1254768,85047,3.307001,multi_behavior_sequence
1254768,71733,3.193839,multi_behavior_sequence
1254768,288525,3.168857,multi_behavior_sequence
1254768,422803,3.159682,multi_behavior_sequence
1254768,361805,3.150931,multi_behavior_sequence
1254768,146325,3.132387,multi_behavior_sequence
1254768,464812,3.127625,multi_behavior_sequence
1255217,122219,5.121761,multi_behavior_sequence
1255217,390379,4.724847,multi_behavior_sequence
1255217,311464,4.541464,multi_behavior_sequence
1255217,98840,4.513334,multi_behavior_sequence
1255217,126484,4.46227,multi_behavior_sequence
1255217,153099,4.419658,multi_behavior_sequence
1255217,314789,4.409484,multi_behavior_sequence
1255217,246532,4.400321,multi_behavior_sequence
1255217,30336,4.331042,multi_behavior_sequence
1255217,438892,4.283684,multi_behavior_sequence
1255456,241555,5.227144,multi_behavior_sequence
1255456,372188,5.187834,multi_behavior_sequence
1255456,350629,5.167715,multi_behavior_sequence
1255456,313736,5.106485,multi_behavior_sequence
1255456,122604,4.754889,multi_behavior_sequence
1255456,170811,4.585351,multi_behavior_sequence
1255456,257040,4.516977,multi_behavior_sequence
1255456,287356,4.478135,multi_behavior_sequence
1255456,451312,4.449325,multi_behavior_sequence
1255456,306763,4.41567,multi_behavior_sequence
1256893,239058,3.645521,multi_behavior_sequence
1256893,168927,3.077838,multi_behavior_sequence
1256893,192288,3.068343,multi_behavior_sequence
1256893,77769,3.061306,multi_behavior_sequence
1256893,466385,3.018603,multi_behavior_sequence
1256893,157725,2.928638,multi_behavior_sequence
1256893,257070,2.906006,multi_behavior_sequence
1256893,67304,2.897431,multi_behavior_sequence
1256893,179047,2.895203,multi_behavior_sequence
1256893,201941,2.838376,multi_behavior_sequence
1257422,122219,6.109279,multi_behavior_sequence
1257422,393809,5.693323,multi_behavior_sequence
1257422,450414,4.786933,multi_behavior_sequence
1257422,405934,4.736138,multi_behavior_sequence
1257422,78265,4.435605,multi_behavior_sequence
1257422,457018,4.187946,multi_behavior_sequence
1257422,237030,4.181062,multi_behavior_sequence
1257422,190534,4.128859,multi_behavior_sequence
1257422,284045,4.072316,multi_behavior_sequence
1257422,206960,3.97222,multi_behavior_sequence
1257461,187138,4.064332,multi_behavior_sequence
1257461,37115,3.875421,multi_behavior_sequence
1257461,263741,3.502845,multi_behavior_sequence
1257461,386947,3.2975,multi_behavior_sequence
1257461,38965,3.249837,multi_behavior_sequence
1257461,270144,3.062694,multi_behavior_sequence
1257461,125799,3.042183,multi_behavior_sequence
1257461,209050,3.032336,multi_behavior_sequence
1257461,308263,3.007659,multi_behavior_sequence
1257461,422992,2.964682,multi_behavior_sequence
12579,456056,6.286487,multi_behavior_sequence
12579,190000,5.089961,multi_behavior_sequence
12579,328476,4.849572,multi_behavior_sequence
12579,119736,4.813396,multi_behavior_sequence
12579,248455,4.804659,multi_behavior_sequence
12579,313163,4.74724,multi_behavior_sequence
12579,204494,4.734542,multi_behavior_sequence
12579,382885,4.553185,multi_behavior_sequence
12579,274443,4.540219,multi_behavior_sequence
12579,46232,4.427038,multi_behavior_sequence
1260481,270660,2.69044,multi_behavior_sequence
1260481,389172,2.603071,multi_behavior_sequence
1260481,158514,2.580023,multi_behavior_sequence
1260481,446989,2.359462,multi_behavior_sequence
1260481,286924,2.283802,multi_behavior_sequence
1260481,167337,2.279433,multi_behavior_sequence
1260481,221980,2.271109,multi_behavior_sequence
1260481,293397,2.252909,multi_behavior_sequence
1260481,181204,2.246655,multi_behavior_sequence
1260481,188858,2.216202,multi_behavior_sequence
1261067,241555,4.626554,multi_behavior_sequence
1261067,143860,3.847326,multi_behavior_sequence
1261067,244027,3.835811,multi_behavior_sequence
1261067,2463,3.780329,multi_behavior_sequence
1261067,312728,3.738114,multi_behavior_sequence
1261067,381941,3.732737,multi_behavior_sequence
1261067,65273,3.660522,multi_behavior_sequence
1261067,213834,3.564879,multi_behavior_sequence
1261067,2641,3.535638,multi_behavior_sequence
1261067,205136,3.462478,multi_behavior_sequence
126139,103127,5.199794,multi_behavior_sequence
126139,363109,4.881216,multi_behavior_sequence
126139,174947,4.209901,multi_behavior_sequence
126139,358594,3.981964,multi_behavior_sequence
126139,213356,3.952913,multi_behavior_sequence
126139,413902,3.94025,multi_behavior_sequence
126139,417927,3.879807,multi_behavior_sequence
126139,338794,3.878075,multi_behavior_sequence
126139,250304,3.872962,multi_behavior_sequence
126139,222465,3.834488,multi_behavior_sequence
1262190,49257,3.235379,multi_behavior_sequence
1262190,7943,3.059953,multi_behavior_sequence
1262190,100282,3.044462,multi_behavior_sequence
1262190,234255,2.961011,multi_behavior_sequence
1262190,445351,2.926434,multi_behavior_sequence
1262190,134255,2.873266,multi_behavior_sequence
1262190,348154,2.847637,multi_behavior_sequence
1262190,172894,2.807027,multi_behavior_sequence
1262190,546,2.801708,multi_behavior_sequence
1262190,119736,2.730083,multi_behavior_sequence
1262661,241555,3.590015,multi_behavior_sequence
1262661,9877,3.401834,multi_behavior_sequence
1262661,288525,3.036408,multi_behavior_sequence
1262661,213834,2.9417,multi_behavior_sequence
1262661,190000,2.743248,multi_behavior_sequence
1262661,65273,2.69699,multi_behavior_sequence
1262661,445351,2.658314,multi_behavior_sequence
1262661,315543,2.649328,multi_behavior_sequence
1262661,92361,2.620562,multi_behavior_sequence
1262661,338395,2.570562,multi_behavior_sequence
1263603,110421,3.814287,multi_behavior_sequence
1263603,309778,3.72294,multi_behavior_sequence
1263603,382885,3.3696,multi_behavior_sequence
1263603,257040,3.302121,multi_behavior_sequence
1263603,456056,3.196172,multi_behavior_sequence
1263603,437122,2.960657,multi_behavior_sequence
1263603,192227,2.958402,multi_behavior_sequence
1263603,165302,2.913066,multi_behavior_sequence
1263603,369158,2.908669,multi_behavior_sequence
1263603,390799,2.839053,multi_behavior_sequence
126404,365044,2.931345,multi_behavior_sequence
126404,98840,2.812693,multi_behavior_sequence
126404,365320,2.767522,multi_behavior_sequence
126404,332605,2.718648,multi_behavior_sequence
126404,77769,2.716003,multi_behavior_sequence
126404,185305,2.712217,multi_behavior_sequence
126404,248679,2.695558,multi_behavior_sequence
126404,367447,2.666445,multi_behavior_sequence
126404,134255,2.656046,multi_behavior_sequence
126404,138546,2.640363,multi_behavior_sequence
126422,96904,4.305347,multi_behavior_sequence
126422,436360,4.006534,multi_behavior_sequence
126422,407202,3.878999,multi_behavior_sequence
126422,176162,3.87186,multi_behavior_sequence
126422,420631,3.860826,multi_behavior_sequence
126422,109598,3.840248,multi_behavior_sequence
126422,416017,3.790948,multi_behavior_sequence
126422,312728,3.789507,multi_behavior_sequence
126422,546,3.573367,multi_behavior_sequence
126422,46232,3.56847,multi_behavior_sequence
1266239,375160,3.882476,multi_behavior_sequence
1266239,122324,3.879421,multi_behavior_sequence
1266239,444931,3.539088,multi_behavior_sequence
1266239,222069,3.478267,multi_behavior_sequence
1266239,357859,3.295191,multi_behavior_sequence
1266239,440220,3.25649,multi_behavior_sequence
1266239,20773,3.248512,multi_behavior_sequence
1266239,360673,3.223145,multi_behavior_sequence
1266239,219328,3.1972,multi_behavior_sequence
1266239,348503,3.183736,multi_behavior_sequence
1271652,393809,3.422737,multi_behavior_sequence
1271652,122219,3.294693,multi_behavior_sequence
1271652,167039,3.119642,multi_behavior_sequence
1271652,310816,3.095691,multi_behavior_sequence
1271652,241555,2.932042,multi_behavior_sequence
1271652,292353,2.894198,multi_behavior_sequence
1271652,229532,2.814838,multi_behavior_sequence
1271652,276013,2.810806,multi_behavior_sequence
1271652,407661,2.802537,multi_behavior_sequence
1271652,32398,2.799511,multi_behavior_sequence
1272794,321089,2.593321,multi_behavior_sequence
1272794,312728,2.516524,multi_behavior_sequence
1272794,266553,2.422461,multi_behavior_sequence
1272794,243355,2.394191,multi_behavior_sequence
1272794,223644,2.391394,multi_behavior_sequence
1272794,295537,2.357593,multi_behavior_sequence
1272794,46232,2.338929,multi_behavior_sequence
1272794,213834,2.319623,multi_behavior_sequence
1272794,437715,2.220649,multi_behavior_sequence
1272794,314942,2.216385,multi_behavior_sequence
127311,24734,3.954253,multi_behavior_sequence
127311,48030,3.744022,multi_behavior_sequence
127311,291877,3.686327,multi_behavior_sequence
127311,290163,3.680102,multi_behavior_sequence
127311,109583,3.637216,multi_behavior_sequence
127311,437122,3.576704,multi_behavior_sequence
127311,234818,3.576684,multi_behavior_sequence
127311,324621,3.560939,multi_behavior_sequence
127311,167978,3.484956,multi_behavior_sequence
127311,243355,3.478258,multi_behavior_sequence
1273306,222888,4.895328,multi_behavior_sequence
1273306,328476,4.633629,multi_behavior_sequence
1273306,28134,4.548987,multi_behavior_sequence
1273306,190000,4.545483,multi_behavior_sequence
1273306,272770,4.47331,multi_behavior_sequence
1273306,299434,4.442358,multi_behavior_sequence
1273306,201871,4.24848,multi_behavior_sequence
1273306,213834,4.242311,multi_behavior_sequence
1273306,216768,4.193508,multi_behavior_sequence
1273306,50648,4.130733,multi_behavior_sequence
1279815,241555,5.048617,multi_behavior_sequence
1279815,82377,4.438197,multi_behavior_sequence
1279815,431728,4.128389,multi_behavior_sequence
1279815,103003,3.853155,multi_behavior_sequence
1279815,435481,3.797248,multi_behavior_sequence
1279815,44826,3.786261,multi_behavior_sequence
1279815,283726,3.723836,multi_behavior_sequence
1279815,444948,3.629122,multi_behavior_sequence
1279815,287811,3.57536,multi_behavior_sequence
1279815,156469,3.553115,multi_behavior_sequence
1286843,400442,3.687769,multi_behavior_sequence
1286843,138427,3.640677,multi_behavior_sequence
1286843,416017,3.52586,multi_behavior_sequence
1286843,37029,3.525112,multi_behavior_sequence
1286843,119736,3.469324,multi_behavior_sequence
1286843,7943,3.433589,multi_behavior_sequence
1286843,190000,3.393965,multi_behavior_sequence
1286843,320130,3.335354,multi_behavior_sequence
1286843,461686,3.240624,multi_behavior_sequence
1286843,204494,3.133721,multi_behavior_sequence
1287670,290003,3.433162,multi_behavior_sequence
1287670,317226,3.338394,multi_behavior_sequence
1287670,175397,3.157153,multi_behavior_sequence
1287670,363663,3.101075,multi_behavior_sequence
1287670,162458,3.046488,multi_behavior_sequence
1287670,208922,3.015694,multi_behavior_sequence
1287670,286731,3.008436,multi_behavior_sequence
1287670,345279,2.999707,multi_behavior_sequence
1287670,220468,2.964664,multi_behavior_sequence
1287670,394882,2.962372,multi_behavior_sequence
1287771,300670,2.543767,multi_behavior_sequence
1287771,36370,2.534057,multi_behavior_sequence
1287771,247483,2.484718,multi_behavior_sequence
1287771,90417,2.470835,multi_behavior_sequence
1287771,119630,2.385225,multi_behavior_sequence
1287771,33947,2.328567,multi_behavior_sequence
1287771,464812,2.305936,multi_behavior_sequence
1287771,241555,2.30564,multi_behavior_sequence
1287771,133224,2.291812,multi_behavior_sequence
1287771,83366,2.275394,multi_behavior_sequence
1288024,369158,2.996831,multi_behavior_sequence
1288024,389135,2.976193,multi_behavior_sequence
1288024,37029,2.853562,multi_behavior_sequence
1288024,275937,2.795401,multi_behavior_sequence
1288024,439424,2.792814,multi_behavior_sequence
1288024,219512,2.755651,multi_behavior_sequence
1288024,78729,2.752924,multi_behavior_sequence
1288024,368403,2.698797,multi_behavior_sequence
1288024,400442,2.692534,multi_behavior_sequence
1288024,358594,2.674869,multi_behavior_sequence
1289040,144635,3.145597,multi_behavior_sequence
1289040,335975,3.011344,multi_behavior_sequence
1289040,20773,2.778305,multi_behavior_sequence
1289040,444931,2.663109,multi_behavior_sequence
1289040,20542,2.63594,multi_behavior_sequence
1289040,389358,2.634992,multi_behavior_sequence
1289040,216768,2.57164,multi_behavior_sequence
1289040,173921,2.467498,multi_behavior_sequence
1289040,316135,2.442235,multi_behavior_sequence
1289040,268491,2.431252,multi_behavior_sequence
1289927,393028,3.844059,multi_behavior_sequence
1289927,399031,3.765898,multi_behavior_sequence
1289927,121553,3.726462,multi_behavior_sequence
1289927,6692,3.64346,multi_behavior_sequence
1289927,232172,3.542787,multi_behavior_sequence
1289927,170463,3.515408,multi_behavior_sequence
1289927,389158,3.512398,multi_behavior_sequence
1289927,333147,3.485332,multi_behavior_sequence
1289927,377133,3.469046,multi_behavior_sequence
1289927,153649,3.469027,multi_behavior_sequence
1293358,7943,5.608806,multi_behavior_sequence
1293358,34933,5.488369,multi_behavior_sequence
1293358,328476,5.486712,multi_behavior_sequence
1293358,257655,5.159828,multi_behavior_sequence
1293358,243355,5.119704,multi_behavior_sequence
1293358,44539,5.090036,multi_behavior_sequence
1293358,354585,5.043026,multi_behavior_sequence
1293358,444931,4.998156,multi_behavior_sequence
1293358,37115,4.990654,multi_behavior_sequence
1293358,451014,4.941799,multi_behavior_sequence
1293381,272770,3.268459,multi_behavior_sequence
1293381,337101,2.936534,multi_behavior_sequence
1293381,268491,2.496823,multi_behavior_sequence
1293381,179749,2.463499,multi_behavior_sequence
1293381,116205,2.463322,multi_behavior_sequence
1293381,20773,2.352606,multi_behavior_sequence
1293381,379693,2.307877,multi_behavior_sequence
1293381,461891,2.301743,multi_behavior_sequence
1293381,119691,2.290315,multi_behavior_sequence
1293381,407661,2.277212,multi_behavior_sequence
1296963,138427,3.495697,multi_behavior_sequence
1296963,400442,3.423323,multi_behavior_sequence
1296963,171878,3.301659,multi_behavior_sequence
1296963,368403,3.111137,multi_behavior_sequence
1296963,83280,3.09647,multi_behavior_sequence
1296963,207825,3.073109,multi_behavior_sequence
1296963,69533,3.064662,multi_behavior_sequence
1296963,79956,3.060202,multi_behavior_sequence
1296963,303845,3.041829,multi_behavior_sequence
1296963,9877,3.008309,multi_behavior_sequence
1297062,358482,7.000656,multi_behavior_sequence
1297062,213834,6.61237,multi_behavior_sequence
1297062,207825,6.550142,multi_behavior_sequence
1297062,212917,6.534797,multi_behavior_sequence
1297062,284848,6.526428,multi_behavior_sequence
1297062,368403,6.449326,multi_behavior_sequence
1297062,150882,6.419326,multi_behavior_sequence
1297062,313163,6.412271,multi_behavior_sequence
1297062,243980,6.329465,multi_behavior_sequence
1297062,266900,6.102764,multi_behavior_sequence
1297479,144635,3.535865,multi_behavior_sequence
1297479,335975,3.325135,multi_behavior_sequence
1297479,11670,2.943068,multi_behavior_sequence
1297479,232350,2.878607,multi_behavior_sequence
1297479,336200,2.851502,multi_behavior_sequence
1297479,277247,2.81906,multi_behavior_sequence
1297479,293733,2.759567,multi_behavior_sequence
1297479,400890,2.711675,multi_behavior_sequence
1297479,224605,2.701596,multi_behavior_sequence
1297479,367647,2.670949,multi_behavior_sequence
1298909,153099,3.709575,multi_behavior_sequence
1298909,262186,3.220572,multi_behavior_sequence
1298909,262477,3.170278,multi_behavior_sequence
1298909,280328,3.143064,multi_behavior_sequence
1298909,282806,2.996614,multi_behavior_sequence
1298909,317051,2.911861,multi_behavior_sequence
1298909,405770,2.908284,multi_behavior_sequence
1298909,459416,2.819135,multi_behavior_sequence
1298909,95933,2.818775,multi_behavior_sequence
1298909,150490,2.785307,multi_behavior_sequence
1300656,398489,4.395415,multi_behavior_sequence
1300656,28944,4.327559,multi_behavior_sequence
1300656,112566,4.22648,multi_behavior_sequence
1300656,332721,4.000889,multi_behavior_sequence
1300656,402462,3.93473,multi_behavior_sequence
1300656,232568,3.906685,multi_behavior_sequence
1300656,286723,3.875034,multi_behavior_sequence
1300656,60980,3.858166,multi_behavior_sequence
1300656,295537,3.820012,multi_behavior_sequence
1300656,58086,3.818356,multi_behavior_sequence
1301173,436360,4.189912,multi_behavior_sequence
1301173,96904,4.093545,multi_behavior_sequence
1301173,361945,4.043104,multi_behavior_sequence
1301173,212782,3.924522,multi_behavior_sequence
1301173,179807,3.77352,multi_behavior_sequence
1301173,267236,3.716471,multi_behavior_sequence
1301173,208922,3.654487,multi_behavior_sequence
1301173,77315,3.640772,multi_behavior_sequence
1301173,64852,3.606164,multi_behavior_sequence
1301173,318785,3.60439,multi_behavior_sequence
1306828,374873,4.265079,multi_behavior_sequence
1306828,393809,3.654153,multi_behavior_sequence
1306828,234818,3.563296,multi_behavior_sequence
1306828,203850,3.529196,multi_behavior_sequence
1306828,413990,3.476764,multi_behavior_sequence
1306828,374009,3.257549,multi_behavior_sequence
1306828,447564,3.239376,multi_behavior_sequence
1306828,465383,3.234746,multi_behavior_sequence
1306828,332333,3.231567,multi_behavior_sequence
1306828,14276,3.175423,multi_behavior_sequence
1307953,363109,4.471378,multi_behavior_sequence
1307953,413990,4.138665,multi_behavior_sequence
1307953,284045,3.897739,multi_behavior_sequence
1307953,303960,3.889364,multi_behavior_sequence
1307953,11670,3.842141,multi_behavior_sequence
1307953,125275,3.810789,multi_behavior_sequence
1307953,20098,3.631056,multi_behavior_sequence
1307953,110720,3.594634,multi_behavior_sequence
1307953,369447,3.588779,multi_behavior_sequence
1307953,244027,3.53982,multi_behavior_sequence
130999,332107,4.876525,multi_behavior_sequence
130999,443466,4.831629,multi_behavior_sequence
130999,221761,4.659638,multi_behavior_sequence
130999,33899,4.530216,multi_behavior_sequence
130999,153099,4.32169,multi_behavior_sequence
130999,369194,4.307306,multi_behavior_sequence
130999,179151,4.031243,multi_behavior_sequence
130999,317054,3.995713,multi_behavior_sequence
130999,455079,3.977604,multi_behavior_sequence
130999,257863,3.959388,multi_behavior_sequence
1310419,179807,4.266859,multi_behavior_sequence
1310419,271896,4.19004,multi_behavior_sequence
1310419,257655,4.150527,multi_behavior_sequence
1310419,213356,4.099276,multi_behavior_sequence
1310419,437122,3.93954,multi_behavior_sequence
1310419,465751,3.923102,multi_behavior_sequence
1310419,289057,3.901758,multi_behavior_sequence
1310419,100393,3.893528,multi_behavior_sequence
1310419,80554,3.807676,multi_behavior_sequence
1310419,230616,3.805376,multi_behavior_sequence
1310923,243355,3.148904,multi_behavior_sequence
1310923,420631,3.115601,multi_behavior_sequence
1310923,459835,3.111962,multi_behavior_sequence
1310923,464731,3.076045,multi_behavior_sequence
1310923,418560,2.958622,multi_behavior_sequence
1310923,347014,2.951661,multi_behavior_sequence
1310923,343828,2.936744,multi_behavior_sequence
1310923,150882,2.9045,multi_behavior_sequence
1310923,337327,2.903412,multi_behavior_sequence
1310923,133282,2.884993,multi_behavior_sequence
1311615,453290,4.020012,multi_behavior_sequence
1311615,389135,3.479013,multi_behavior_sequence
1311615,91888,3.28081,multi_behavior_sequence
1311615,228644,3.127893,multi_behavior_sequence
1311615,11663,2.908402,multi_behavior_sequence
1311615,172606,2.897188,multi_behavior_sequence
1311615,308273,2.843007,multi_behavior_sequence
1311615,454677,2.824486,multi_behavior_sequence
1311615,328696,2.814507,multi_behavior_sequence
1311615,456005,2.742725,multi_behavior_sequence
1312122,393809,3.177522,multi_behavior_sequence
1312122,122219,2.996382,multi_behavior_sequence
1312122,241555,2.669402,multi_behavior_sequence
1312122,237030,2.646722,multi_behavior_sequence
1312122,151915,2.428628,multi_behavior_sequence
1312122,244027,2.418808,multi_behavior_sequence
1312122,429344,2.384665,multi_behavior_sequence
1312122,342264,2.336383,multi_behavior_sequence
1312122,174783,2.325005,multi_behavior_sequence
1312122,187490,2.304456,multi_behavior_sequence
1313381,110645,4.723964,multi_behavior_sequence
1313381,386947,4.703263,multi_behavior_sequence
1313381,437715,4.594879,multi_behavior_sequence
1313381,28134,4.588491,multi_behavior_sequence
1313381,217278,4.574002,multi_behavior_sequence
1313381,76060,4.548403,multi_behavior_sequence
1313381,208595,4.518911,multi_behavior_sequence
1313381,78163,4.517088,multi_behavior_sequence
1313381,79524,4.480427,multi_behavior_sequence
1313381,158677,4.429246,multi_behavior_sequence
1314255,365320,3.720776,multi_behavior_sequence
1314255,458450,3.638353,multi_behavior_sequence
1314255,64669,3.376761,multi_behavior_sequence
1314255,379337,3.241393,multi_behavior_sequence
1314255,281103,3.172537,multi_behavior_sequence
1314255,267596,3.120799,multi_behavior_sequence
1314255,98840,3.116361,multi_behavior_sequence
1314255,199569,3.111114,multi_behavior_sequence
1314255,103236,3.091305,multi_behavior_sequence
1314255,238645,3.086746,multi_behavior_sequence
1314401,184903,3.452266,multi_behavior_sequence
1314401,272770,3.264904,multi_behavior_sequence
1314401,261673,3.247432,multi_behavior_sequence
1314401,429765,3.188249,multi_behavior_sequence
1314401,312728,3.148479,multi_behavior_sequence
1314401,46232,3.01912,multi_behavior_sequence
1314401,166358,2.940037,multi_behavior_sequence
1314401,356339,2.879822,multi_behavior_sequence
1314401,403848,2.869308,multi_behavior_sequence
1314401,157743,2.837393,multi_behavior_sequence
1314531,382885,2.71697,multi_behavior_sequence
1314531,351264,2.563441,multi_behavior_sequence
1314531,37115,2.411671,multi_behavior_sequence
1314531,234390,2.335259,multi_behavior_sequence
1314531,103236,2.259116,multi_behavior_sequence
1314531,345308,2.21063,multi_behavior_sequence
1314531,283115,2.180823,multi_behavior_sequence
1314531,315543,2.155139,multi_behavior_sequence
1314531,374633,2.115599,multi_behavior_sequence
1314531,192721,2.087955,multi_behavior_sequence
1317249,265571,4.894204,multi_behavior_sequence
1317249,351264,4.69134,multi_behavior_sequence
1317249,333683,4.52291,multi_behavior_sequence
1317249,358390,4.461903,multi_behavior_sequence
1317249,17437,4.362744,multi_behavior_sequence
1317249,150103,4.274648,multi_behavior_sequence
1317249,186888,4.217172,multi_behavior_sequence
1317249,28983,4.184184,multi_behavior_sequence
1317249,73364,4.130661,multi_behavior_sequence
1317249,105114,4.125499,multi_behavior_sequence
1317721,25002,3.231534,multi_behavior_sequence
1317721,103003,3.098067,multi_behavior_sequence
1317721,287811,3.044279,multi_behavior_sequence
1317721,312781,2.989572,multi_behavior_sequence
1317721,382499,2.975181,multi_behavior_sequence
1317721,413313,2.943545,multi_behavior_sequence
1317721,25949,2.897296,multi_behavior_sequence
1317721,208971,2.798523,multi_behavior_sequence
1317721,142668,2.791496,multi_behavior_sequence
1317721,360809,2.76322,multi_behavior_sequence
1318103,401896,4.478985,multi_behavior_sequence
1318103,51275,4.288754,multi_behavior_sequence
1318103,66752,4.079804,multi_behavior_sequence
1318103,105334,3.973647,multi_behavior_sequence
1318103,71733,3.929191,multi_behavior_sequence
1318103,321089,3.881807,multi_behavior_sequence
1318103,355325,3.822042,multi_behavior_sequence
1318103,372523,3.732462,multi_behavior_sequence
1318103,147684,3.684085,multi_behavior_sequence
1318103,170262,3.601328,multi_behavior_sequence
1319406,290003,4.23836,multi_behavior_sequence
1319406,11670,4.206871,multi_behavior_sequence
1319406,50648,4.156861,multi_behavior_sequence
1319406,248455,4.045367,multi_behavior_sequence
1319406,363109,3.989448,multi_behavior_sequence
1319406,117075,3.938873,multi_behavior_sequence
1319406,283138,3.917148,multi_behavior_sequence
1319406,451388,3.89437,multi_behavior_sequence
1319406,188062,3.859227,multi_behavior_sequence
1319406,334404,3.825801,multi_behavior_sequence
132066,457711,5.562813,multi_behavior_sequence
132066,2463,5.110374,multi_behavior_sequence
132066,446861,5.091259,multi_behavior_sequence
132066,38965,5.067847,multi_behavior_sequence
132066,213834,4.744462,multi_behavior_sequence
132066,233734,4.474855,multi_behavior_sequence
132066,2641,4.407134,multi_behavior_sequence
132066,190000,4.393807,multi_behavior_sequence
132066,158912,4.304602,multi_behavior_sequence
132066,400442,4.296279,multi_behavior_sequence
1322350,77769,2.393955,multi_behavior_sequence
1322350,446542,2.312147,multi_behavior_sequence
1322350,461091,2.221416,multi_behavior_sequence
1322350,192288,2.181217,multi_behavior_sequence
1322350,30336,2.157651,multi_behavior_sequence
1322350,446820,2.145639,multi_behavior_sequence
1322350,4949,2.01731,multi_behavior_sequence
1322350,399031,2.007828,multi_behavior_sequence
1322350,15327,2.00568,multi_behavior_sequence
1322350,389158,2.003994,multi_behavior_sequence
1323386,302858,4.833978,multi_behavior_sequence
1323386,360487,4.381161,multi_behavior_sequence
1323386,122604,4.349986,multi_behavior_sequence
1323386,358565,4.327233,multi_behavior_sequence
1323386,97123,4.291372,multi_behavior_sequence
1323386,283766,4.282642,multi_behavior_sequence
1323386,237030,4.218958,multi_behavior_sequence
1323386,300670,4.190822,multi_behavior_sequence
1323386,204209,4.190783,multi_behavior_sequence
1323386,246247,4.139,multi_behavior_sequence
1323752,455886,4.362768,multi_behavior_sequence
1323752,429765,4.054248,multi_behavior_sequence
1323752,146471,4.004727,multi_behavior_sequence
1323752,90240,3.93207,multi_behavior_sequence
1323752,187138,3.851296,multi_behavior_sequence
1323752,137352,3.85094,multi_behavior_sequence
1323752,42813,3.756323,multi_behavior_sequence
1323752,404416,3.754677,multi_behavior_sequence
1323752,46910,3.73974,multi_behavior_sequence
1323752,29741,3.715126,multi_behavior_sequence
1324043,365320,6.163198,multi_behavior_sequence
1324043,186391,5.772914,multi_behavior_sequence
1324043,158767,5.214844,multi_behavior_sequence
1324043,67729,5.140931,multi_behavior_sequence
1324043,3146,5.115536,multi_behavior_sequence
1324043,359495,5.114593,multi_behavior_sequence
1324043,433868,5.01624,multi_behavior_sequence
1324043,5190,4.875044,multi_behavior_sequence
1324043,68337,4.700399,multi_behavior_sequence
1324043,70277,4.693684,multi_behavior_sequence
132676,290003,3.235251,multi_behavior_sequence
132676,387024,3.204639,multi_behavior_sequence
132676,259078,3.146232,multi_behavior_sequence
132676,29539,2.991406,multi_behavior_sequence
132676,394678,2.980282,multi_behavior_sequence
132676,71825,2.891706,multi_behavior_sequence
132676,188062,2.804976,multi_behavior_sequence
132676,236914,2.787112,multi_behavior_sequence
132676,183439,2.721939,multi_behavior_sequence
132676,49029,2.65672,multi_behavior_sequence
1326989,393809,4.077097,multi_behavior_sequence
1326989,71825,3.974302,multi_behavior_sequence
1326989,355325,3.956763,multi_behavior_sequence
1326989,398004,3.936049,multi_behavior_sequence
1326989,387024,3.899258,multi_behavior_sequence
1326989,343151,3.750533,multi_behavior_sequence
1326989,108486,3.58473,multi_behavior_sequence
1326989,368403,3.49906,multi_behavior_sequence
1326989,259078,3.43896,multi_behavior_sequence
1326989,77514,3.38776,multi_behavior_sequence
1327144,241555,7.486547,multi_behavior_sequence
1327144,83280,6.316671,multi_behavior_sequence
1327144,32398,6.155691,multi_behavior_sequence
1327144,238865,5.8764,multi_behavior_sequence
1327144,73421,5.746395,multi_behavior_sequence
1327144,380810,5.682812,multi_behavior_sequence
1327144,456056,5.604764,multi_behavior_sequence
1327144,299665,5.407086,multi_behavior_sequence
1327144,377617,5.263698,multi_behavior_sequence
1327144,140527,5.261557,multi_behavior_sequence
1328192,464812,4.402822,multi_behavior_sequence
1328192,167978,3.979402,multi_behavior_sequence
1328192,146325,3.884916,multi_behavior_sequence
1328192,237030,3.80427,multi_behavior_sequence
1328192,248601,3.697753,multi_behavior_sequence
1328192,216266,3.607664,multi_behavior_sequence
1328192,456056,3.416301,multi_behavior_sequence
1328192,83717,3.39058,multi_behavior_sequence
1328192,207337,3.283339,multi_behavior_sequence
1328192,366775,3.24373,multi_behavior_sequence
1330764,399031,4.622085,multi_behavior_sequence
1330764,362480,4.5677,multi_behavior_sequence
1330764,219553,4.547008,multi_behavior_sequence
1330764,33692,4.543875,multi_behavior_sequence
1330764,224481,4.457453,multi_behavior_sequence
1330764,41662,4.358896,multi_behavior_sequence
1330764,275937,4.321555,multi_behavior_sequence
1330764,65683,4.309776,multi_behavior_sequence
1330764,278208,4.301569,multi_behavior_sequence
1330764,163780,4.248942,multi_behavior_sequence
1332095,30479,4.824898,multi_behavior_sequence
1332095,79956,4.057282,multi_behavior_sequence
1332095,7943,3.929585,multi_behavior_sequence
1332095,267236,3.737536,multi_behavior_sequence
1332095,9491,3.566791,multi_behavior_sequence
1332095,398762,3.559124,multi_behavior_sequence
1332095,312728,3.535791,multi_behavior_sequence
1332095,24440,3.512149,multi_behavior_sequence
1332095,287687,3.449718,multi_behavior_sequence
1332095,125275,3.404596,multi_behavior_sequence
1335508,51969,4.864284,multi_behavior_sequence
1335508,382885,4.589178,multi_behavior_sequence
1335508,37115,4.499975,multi_behavior_sequence
1335508,378517,4.449709,multi_behavior_sequence
1335508,296989,4.317956,multi_behavior_sequence
1335508,259680,4.23948,multi_behavior_sequence
1335508,369194,4.199692,multi_behavior_sequence
1335508,426926,4.144131,multi_behavior_sequence
1335508,130628,4.109852,multi_behavior_sequence
1335508,268081,4.10267,multi_behavior_sequence
1336520,449451,4.696788,multi_behavior_sequence
1336520,204403,4.607604,multi_behavior_sequence
1336520,360610,4.515232,multi_behavior_sequence
1336520,453290,4.41712,multi_behavior_sequence
1336520,197844,4.295015,multi_behavior_sequence
1336520,100393,4.16645,multi_behavior_sequence
1336520,445676,4.109735,multi_behavior_sequence
1336520,57492,4.026924,multi_behavior_sequence
1336520,318761,3.998607,multi_behavior_sequence
1336520,466740,3.996981,multi_behavior_sequence
1336659,370442,3.832905,multi_behavior_sequence
1336659,367262,3.346389,multi_behavior_sequence
1336659,261673,3.304628,multi_behavior_sequence
1336659,360200,3.28476,multi_behavior_sequence
1336659,286924,3.23638,multi_behavior_sequence
1336659,358565,3.205665,multi_behavior_sequence
1336659,339822,3.192794,multi_behavior_sequence
1336659,306041,3.157715,multi_behavior_sequence
1336659,226728,3.125421,multi_behavior_sequence
1336659,372845,3.120114,multi_behavior_sequence
1336835,295537,5.686038,multi_behavior_sequence
1336835,22436,5.429327,multi_behavior_sequence
1336835,20098,5.118387,multi_behavior_sequence
1336835,66752,5.021713,multi_behavior_sequence
1336835,224605,4.857384,multi_behavior_sequence
1336835,169155,4.753876,multi_behavior_sequence
1336835,265328,4.751612,multi_behavior_sequence
1336835,322105,4.700428,multi_behavior_sequence
1336835,409804,4.651976,multi_behavior_sequence
1336835,271268,4.61093,multi_behavior_sequence
1340078,139918,3.67267,multi_behavior_sequence
1340078,57492,3.556247,multi_behavior_sequence
1340078,394882,3.194126,multi_behavior_sequence
1340078,317226,3.110179,multi_behavior_sequence
1340078,153190,2.989506,multi_behavior_sequence
1340078,360610,2.933515,multi_behavior_sequence
1340078,175397,2.891638,multi_behavior_sequence
1340078,141908,2.81833,multi_behavior_sequence
1340078,424421,2.80451,multi_behavior_sequence
1340078,7249,2.797662,multi_behavior_sequence
1341202,165230,4.095674,multi_behavior_sequence
1341202,36278,3.552754,multi_behavior_sequence
1341202,380440,3.490147,multi_behavior_sequence
1341202,209050,3.36922,multi_behavior_sequence
1341202,50648,3.358456,multi_behavior_sequence
1341202,212916,3.273247,multi_behavior_sequence
1341202,186256,3.222318,multi_behavior_sequence
1341202,144635,3.215855,multi_behavior_sequence
1341202,179749,3.164728,multi_behavior_sequence
1341202,216768,3.131599,multi_behavior_sequence
1343677,445351,4.442967,multi_behavior_sequence
1343677,46232,4.398448,multi_behavior_sequence
1343677,37029,3.87553,multi_behavior_sequence
1343677,369158,3.872447,multi_behavior_sequence
1343677,213834,3.758328,multi_behavior_sequence
1343677,303178,3.694901,multi_behavior_sequence
1343677,128296,3.69408,multi_behavior_sequence
1343677,184199,3.647766,multi_behavior_sequence
1343677,420960,3.638268,multi_behavior_sequence
1343677,279332,3.573982,multi_behavior_sequence
1347099,456056,6.167885,multi_behavior_sequence
1347099,328476,5.84629,multi_behavior_sequence
1347099,332629,5.326304,multi_behavior_sequence
1347099,464731,5.325671,multi_behavior_sequence
1347099,48030,5.252382,multi_behavior_sequence
1347099,451014,5.234108,multi_behavior_sequence
1347099,358482,5.228502,multi_behavior_sequence
1347099,368403,5.198187,multi_behavior_sequence
1347099,334401,5.144727,multi_behavior_sequence
1347099,46232,5.096916,multi_behavior_sequence
1348163,382885,3.574282,multi_behavior_sequence
1348163,188051,3.458992,multi_behavior_sequence
1348163,234255,3.176612,multi_behavior_sequence
1348163,240558,3.097758,multi_behavior_sequence
1348163,456056,3.078438,multi_behavior_sequence
1348163,37029,3.038795,multi_behavior_sequence
1348163,65273,2.929835,multi_behavior_sequence
1348163,307410,2.903805,multi_behavior_sequence
1348163,183435,2.893202,multi_behavior_sequence
1348163,315543,2.880754,multi_behavior_sequence
1349746,456056,5.029345,multi_behavior_sequence
1349746,374873,4.383484,multi_behavior_sequence
1349746,235796,4.270721,multi_behavior_sequence
1349746,48030,4.242123,multi_behavior_sequence
1349746,546,4.195869,multi_behavior_sequence
1349746,368403,4.156654,multi_behavior_sequence
1349746,179601,3.932866,multi_behavior_sequence
1349746,369158,3.927227,multi_behavior_sequence
1349746,119736,3.90289,multi_behavior_sequence
1349746,150882,3.899902,multi_behavior_sequence
1350190,409804,4.193229,multi_behavior_sequence
1350190,241555,3.488719,multi_behavior_sequence
1350190,213834,3.458319,multi_behavior_sequence
1350190,37115,3.33376,multi_behavior_sequence
1350190,9877,3.270902,multi_behavior_sequence
1350190,46232,3.263259,multi_behavior_sequence
1350190,184199,3.212141,multi_behavior_sequence
1350190,2463,3.168555,multi_behavior_sequence
1350190,157743,3.117668,multi_behavior_sequence
1350190,237244,3.104492,multi_behavior_sequence
1352044,4001,3.792853,multi_behavior_sequence
1352044,76060,3.586794,multi_behavior_sequence
1352044,369158,3.465635,multi_behavior_sequence
1352044,400442,3.46425,multi_behavior_sequence
1352044,216225,3.177771,multi_behavior_sequence
1352044,414995,3.060045,multi_behavior_sequence
1352044,343151,3.028399,multi_behavior_sequence
1352044,232406,3.005495,multi_behavior_sequence
1352044,202871,2.942186,multi_behavior_sequence
1352044,79376,2.941075,multi_behavior_sequence
1352334,394678,3.35778,multi_behavior_sequence
1352334,393809,3.252767,multi_behavior_sequence
1352334,413990,3.188968,multi_behavior_sequence
1352334,153190,3.13483,multi_behavior_sequence
1352334,71825,3.049474,multi_behavior_sequence
1352334,92580,3.006608,multi_behavior_sequence
1352334,188062,2.976639,multi_behavior_sequence
1352334,76918,2.976482,multi_behavior_sequence
1352334,179047,2.924639,multi_behavior_sequence
1352334,120183,2.81736,multi_behavior_sequence
1353280,9877,3.68377,multi_behavior_sequence
1353280,65273,3.610401,multi_behavior_sequence
1353280,393562,3.039001,multi_behavior_sequence
1353280,366177,2.959845,multi_behavior_sequence
1353280,445351,2.844774,multi_behavior_sequence
1353280,546,2.831225,multi_behavior_sequence
1353280,301344,2.804327,multi_behavior_sequence
1353280,358064,2.794869,multi_behavior_sequence
1353280,420960,2.760595,multi_behavior_sequence
1353280,271268,2.752468,multi_behavior_sequence
1354736,460307,3.960423,multi_behavior_sequence
1354736,365320,3.906719,multi_behavior_sequence
1354736,315543,3.736068,multi_behavior_sequence
1354736,344216,3.620514,multi_behavior_sequence
1354736,293347,3.536245,multi_behavior_sequence
1354736,153961,3.462003,multi_behavior_sequence
1354736,73247,3.446645,multi_behavior_sequence
1354736,322485,3.404724,multi_behavior_sequence
1354736,135560,3.311992,multi_behavior_sequence
1354736,277380,3.293881,multi_behavior_sequence
1355799,134776,2.908053,multi_behavior_sequence
1355799,459475,2.618021,multi_behavior_sequence
1355799,108828,2.570803,multi_behavior_sequence
1355799,375169,2.494934,multi_behavior_sequence
1355799,435481,2.452097,multi_behavior_sequence
1355799,94756,2.433546,multi_behavior_sequence
1355799,444593,2.422685,multi_behavior_sequence
1355799,53151,2.420596,multi_behavior_sequence
1355799,339763,2.417305,multi_behavior_sequence
1355799,205829,2.372352,multi_behavior_sequence
1356496,103127,4.181005,multi_behavior_sequence
1356496,41942,3.930346,multi_behavior_sequence
1356496,363459,3.788079,multi_behavior_sequence
1356496,172825,3.709475,multi_behavior_sequence
1356496,209002,3.643677,multi_behavior_sequence
1356496,327083,3.601517,multi_behavior_sequence
1356496,358594,3.457052,multi_behavior_sequence
1356496,272837,3.38649,multi_behavior_sequence
1356496,165230,3.281296,multi_behavior_sequence
1356496,63136,3.262702,multi_behavior_sequence
1356634,234255,3.827132,multi_behavior_sequence
1356634,438484,3.551784,multi_behavior_sequence
1356634,92361,3.131039,multi_behavior_sequence
1356634,449489,3.129401,multi_behavior_sequence
1356634,153099,3.031499,multi_behavior_sequence
1356634,351481,3.027088,multi_behavior_sequence
1356634,288418,3.01783,multi_behavior_sequence
1356634,278208,2.998032,multi_behavior_sequence
1356634,350384,2.949933,multi_behavior_sequence
1356634,417927,2.921341,multi_behavior_sequence
1356918,234255,3.970031,multi_behavior_sequence
1356918,456056,3.780165,multi_behavior_sequence
1356918,334401,3.768678,multi_behavior_sequence
1356918,204494,3.381068,multi_behavior_sequence
1356918,50648,3.342779,multi_behavior_sequence
1356918,257040,3.339534,multi_behavior_sequence
1356918,190000,3.284199,multi_behavior_sequence
1356918,46232,3.246819,multi_behavior_sequence
1356918,153708,3.182077,multi_behavior_sequence
1356918,222888,3.147997,multi_behavior_sequence
1357083,299665,4.627955,multi_behavior_sequence
1357083,66752,4.573729,multi_behavior_sequence
1357083,76767,4.261107,multi_behavior_sequence
1357083,283766,4.155406,multi_behavior_sequence
1357083,422327,4.062981,multi_behavior_sequence
1357083,238865,4.060439,multi_behavior_sequence
1357083,329361,4.033521,multi_behavior_sequence
1357083,352541,3.942199,multi_behavior_sequence
1357083,111070,3.901276,multi_behavior_sequence
1357083,140527,3.878024,multi_behavior_sequence
1357576,150990,5.712065,multi_behavior_sequence
1357576,81766,5.703321,multi_behavior_sequence
1357576,349815,5.682445,multi_behavior_sequence
1357576,331159,5.665973,multi_behavior_sequence
1357576,386899,5.582746,multi_behavior_sequence
1357576,292519,5.578251,multi_behavior_sequence
1357576,259076,5.534333,multi_behavior_sequence
1357576,17818,5.430427,multi_behavior_sequence
1357576,265682,5.40652,multi_behavior_sequence
1357576,150938,5.38693,multi_behavior_sequence
1358147,50648,3.100152,multi_behavior_sequence
1358147,60980,3.000998,multi_behavior_sequence
1358147,234255,2.886064,multi_behavior_sequence
1358147,219782,2.882727,multi_behavior_sequence
1358147,363210,2.880701,multi_behavior_sequence
1358147,176484,2.879742,multi_behavior_sequence
1358147,363109,2.874012,multi_behavior_sequence
1358147,309778,2.871347,multi_behavior_sequence
1358147,259551,2.868619,multi_behavior_sequence
1358147,337101,2.867917,multi_behavior_sequence
1358298,339822,4.558107,multi_behavior_sequence
1358298,122324,3.92152,multi_behavior_sequence
1358298,287436,3.857649,multi_behavior_sequence
1358298,290269,3.834573,multi_behavior_sequence
1358298,367262,3.772359,multi_behavior_sequence
1358298,375160,3.724029,multi_behavior_sequence
1358298,6605,3.721274,multi_behavior_sequence
1358298,431417,3.715249,multi_behavior_sequence
1358298,54052,3.690331,multi_behavior_sequence
1358298,192138,3.663805,multi_behavior_sequence
1359187,119736,3.518164,multi_behavior_sequence
1359187,369158,2.990946,multi_behavior_sequence
1359187,37029,2.976268,multi_behavior_sequence
1359187,320130,2.953577,multi_behavior_sequence
1359187,445351,2.921345,multi_behavior_sequence
1359187,186702,2.916869,multi_behavior_sequence
1359187,7943,2.89047,multi_behavior_sequence
1359187,208939,2.767338,multi_behavior_sequence
1359187,248455,2.726803,multi_behavior_sequence
1359187,46232,2.678927,multi_behavior_sequence
1360073,397168,4.285859,multi_behavior_sequence
1360073,37115,4.260957,multi_behavior_sequence
1360073,438484,4.156363,multi_behavior_sequence
1360073,378517,3.961514,multi_behavior_sequence
1360073,375854,3.956066,multi_behavior_sequence
1360073,207734,3.911771,multi_behavior_sequence
1360073,278208,3.856323,multi_behavior_sequence
1360073,51969,3.79773,multi_behavior_sequence
1360073,447888,3.769031,multi_behavior_sequence
1360073,373690,3.76471,multi_behavior_sequence
1361818,445351,5.53722,multi_behavior_sequence
1361818,119736,5.236192,multi_behavior_sequence
1361818,456056,5.086248,multi_behavior_sequence
1361818,243355,5.039403,multi_behavior_sequence
1361818,7943,5.034355,multi_behavior_sequence
1361818,48030,4.941112,multi_behavior_sequence
1361818,213834,4.902758,multi_behavior_sequence
1361818,303161,4.815087,multi_behavior_sequence
1361818,312728,4.799943,multi_behavior_sequence
1361818,369158,4.797301,multi_behavior_sequence
1363612,374759,4.317977,multi_behavior_sequence
1363612,229719,3.853429,multi_behavior_sequence
1363612,309367,3.821789,multi_behavior_sequence
1363612,269177,3.719144,multi_behavior_sequence
1363612,346067,3.685679,multi_behavior_sequence
1363612,429765,3.672001,multi_behavior_sequence
1363612,338307,3.58585,multi_behavior_sequence
1363612,441250,3.583145,multi_behavior_sequence
1363612,103322,3.558029,multi_behavior_sequence
1363612,146471,3.552372,multi_behavior_sequence
1364162,322485,2.961591,multi_behavior_sequence
1364162,370721,2.790231,multi_behavior_sequence
1364162,359834,2.743855,multi_behavior_sequence
1364162,312196,2.671841,multi_behavior_sequence
1364162,36936,2.628016,multi_behavior_sequence
1364162,326686,2.58977,multi_behavior_sequence
1364162,2455,2.511818,multi_behavior_sequence
1364162,186391,2.505087,multi_behavior_sequence
1364162,170811,2.495301,multi_behavior_sequence
1364162,353166,2.494455,multi_behavior_sequence
1364455,182131,3.813723,multi_behavior_sequence
1364455,398489,3.748887,multi_behavior_sequence
1364455,103127,3.564514,multi_behavior_sequence
1364455,185305,3.440013,multi_behavior_sequence
1364455,363044,3.382477,multi_behavior_sequence
1364455,87332,3.320673,multi_behavior_sequence
1364455,444848,3.293485,multi_behavior_sequence
1364455,358565,3.287731,multi_behavior_sequence
1364455,222580,3.269918,multi_behavior_sequence
1364455,55292,3.258138,multi_behavior_sequence
1365706,456056,3.941475,multi_behavior_sequence
1365706,259078,3.926748,multi_behavior_sequence
1365706,355325,3.886264,multi_behavior_sequence
1365706,235796,3.767184,multi_behavior_sequence
1365706,85914,3.512102,multi_behavior_sequence
1365706,394052,3.254434,multi_behavior_sequence
1365706,374873,3.207011,multi_behavior_sequence
1365706,155214,3.132567,multi_behavior_sequence
1365706,368403,3.11653,multi_behavior_sequence
1365706,321089,3.102693,multi_behavior_sequence
1367426,400442,4.288443,multi_behavior_sequence
1367426,31650,4.028759,multi_behavior_sequence
1367426,456056,4.009086,multi_behavior_sequence
1367426,125799,4.000762,multi_behavior_sequence
1367426,266900,3.915693,multi_behavior_sequence
1367426,330370,3.889467,multi_behavior_sequence
1367426,458872,3.850565,multi_behavior_sequence
1367426,267872,3.805636,multi_behavior_sequence
1367426,34933,3.796014,multi_behavior_sequence
1367426,256146,3.754541,multi_behavior_sequence
1369328,234255,3.004096,multi_behavior_sequence
1369328,350384,2.91054,multi_behavior_sequence
1369328,315543,2.766991,multi_behavior_sequence
1369328,350629,2.757824,multi_behavior_sequence
1369328,320130,2.731909,multi_behavior_sequence
1369328,122604,2.690839,multi_behavior_sequence
1369328,331884,2.69042,multi_behavior_sequence
1369328,50648,2.63205,multi_behavior_sequence
1369328,455183,2.629888,multi_behavior_sequence
1369328,119736,2.624793,multi_behavior_sequence
1369915,304920,3.049525,multi_behavior_sequence
1369915,312728,2.758221,multi_behavior_sequence
1369915,392074,2.725456,multi_behavior_sequence
1369915,19408,2.706378,multi_behavior_sequence
1369915,444472,2.697079,multi_behavior_sequence
1369915,154170,2.634419,multi_behavior_sequence
1369915,37029,2.616791,multi_behavior_sequence
1369915,112259,2.612438,multi_behavior_sequence
1369915,169344,2.569616,multi_behavior_sequence
1369915,259202,2.559164,multi_behavior_sequence
1370935,456056,5.942465,multi_behavior_sequence
1370935,248455,5.8467,multi_behavior_sequence
1370935,290003,5.132499,multi_behavior_sequence
1370935,76060,4.940694,multi_behavior_sequence
1370935,369158,4.815805,multi_behavior_sequence
1370935,222888,4.742785,multi_behavior_sequence
1370935,334401,4.704637,multi_behavior_sequence
1370935,400442,4.669183,multi_behavior_sequence
1370935,274443,4.549977,multi_behavior_sequence
1370935,336753,4.542825,multi_behavior_sequence
1376763,130094,5.070941,multi_behavior_sequence
1376763,184199,4.896484,multi_behavior_sequence
1376763,313736,4.728717,multi_behavior_sequence
1376763,416850,4.612618,multi_behavior_sequence
1376763,465522,4.516829,multi_behavior_sequence
1376763,104848,4.487565,multi_behavior_sequence
1376763,288525,4.479267,multi_behavior_sequence
1376763,329133,4.424777,multi_behavior_sequence
1376763,309778,4.399894,multi_behavior_sequence
1376763,396732,4.369498,multi_behavior_sequence
1377305,301379,2.552308,multi_behavior_sequence
1377305,453290,2.521515,multi_behavior_sequence
1377305,231243,2.3416,multi_behavior_sequence
1377305,160272,2.308705,multi_behavior_sequence
1377305,289495,2.200636,multi_behavior_sequence
1377305,181202,2.184622,multi_behavior_sequence
1377305,383717,2.181865,multi_behavior_sequence
1377305,12537,2.179307,multi_behavior_sequence
1377305,250908,2.158369,multi_behavior_sequence
1377305,312929,2.138202,multi_behavior_sequence
1378697,208922,4.129628,multi_behavior_sequence
1378697,200202,3.939896,multi_behavior_sequence
1378697,290269,3.742445,multi_behavior_sequence
1378697,128745,3.681691,multi_behavior_sequence
1378697,370442,3.611546,multi_behavior_sequence
1378697,162139,3.522696,multi_behavior_sequence
1378697,428046,3.506859,multi_behavior_sequence
1378697,416017,3.47888,multi_behavior_sequence
1378697,445351,3.399844,multi_behavior_sequence
1378697,272259,3.35094,multi_behavior_sequence
1379848,369497,3.738161,multi_behavior_sequence
1379848,356339,3.481905,multi_behavior_sequence
1379848,400810,3.472233,multi_behavior_sequence
1379848,55955,3.439991,multi_behavior_sequence
1379848,105933,3.426454,multi_behavior_sequence
1379848,288652,3.404127,multi_behavior_sequence
1379848,406974,3.398371,multi_behavior_sequence
1379848,438484,3.380286,multi_behavior_sequence
1379848,350384,3.36834,multi_behavior_sequence
1379848,211418,3.321324,multi_behavior_sequence
1380247,409804,5.110623,multi_behavior_sequence
1380247,312728,4.591999,multi_behavior_sequence
1380247,9877,4.292025,multi_behavior_sequence
1380247,445351,4.218961,multi_behavior_sequence
1380247,263245,4.071989,multi_behavior_sequence
1380247,439371,3.97273,multi_behavior_sequence
1380247,416017,3.901592,multi_behavior_sequence
1380247,122366,3.858135,multi_behavior_sequence
1380247,128745,3.832813,multi_behavior_sequence
1380247,83825,3.7959,multi_behavior_sequence
1380669,122219,5.950873,multi_behavior_sequence
1380669,407661,5.690924,multi_behavior_sequence
1380669,109474,4.682619,multi_behavior_sequence
1380669,78265,4.569021,multi_behavior_sequence
1380669,227591,4.385355,multi_behavior_sequence
1380669,336753,4.381414,multi_behavior_sequence
1380669,434054,4.131667,multi_behavior_sequence
1380669,65268,4.127447,multi_behavior_sequence
1380669,305465,4.102963,multi_behavior_sequence
1380669,252387,4.065171,multi_behavior_sequence
138131,456056,6.741348,multi_behavior_sequence
138131,273144,5.661073,multi_behavior_sequence
138131,246532,5.2655,multi_behavior_sequence
138131,306763,5.05939,multi_behavior_sequence
138131,286924,4.896622,multi_behavior_sequence
138131,334401,4.865166,multi_behavior_sequence
138131,430292,4.852226,multi_behavior_sequence
138131,274443,4.84744,multi_behavior_sequence
138131,372188,4.841099,multi_behavior_sequence
138131,244819,4.834946,multi_behavior_sequence
1381830,9877,5.231316,multi_behavior_sequence
1381830,223644,5.057931,multi_behavior_sequence
1381830,312728,4.945835,multi_behavior_sequence
1381830,409804,4.846231,multi_behavior_sequence
1381830,184199,4.469221,multi_behavior_sequence
1381830,314942,4.197554,multi_behavior_sequence
1381830,2463,4.183548,multi_behavior_sequence
1381830,445351,4.160921,multi_behavior_sequence
1381830,241555,4.156521,multi_behavior_sequence
1381830,222957,3.994029,multi_behavior_sequence
1381934,374873,3.82931,multi_behavior_sequence
1381934,368403,3.396346,multi_behavior_sequence
1381934,123032,3.389278,multi_behavior_sequence
1381934,192138,3.353675,multi_behavior_sequence
1381934,29162,3.283617,multi_behavior_sequence
1381934,234818,3.228147,multi_behavior_sequence
1381934,154171,3.206218,multi_behavior_sequence
1381934,398813,3.082847,multi_behavior_sequence
1381934,295026,3.078346,multi_behavior_sequence
1381934,355325,3.075001,multi_behavior_sequence
1383723,122219,3.72924,multi_behavior_sequence
1383723,78265,3.264699,multi_behavior_sequence
1383723,393809,3.069824,multi_behavior_sequence
1383723,456056,3.06978,multi_behavior_sequence
1383723,330647,2.98941,multi_behavior_sequence
1383723,116493,2.91421,multi_behavior_sequence
1383723,246532,2.909457,multi_behavior_sequence
1383723,358482,2.887644,multi_behavior_sequence
1383723,421994,2.850878,multi_behavior_sequence
1383723,66752,2.84026,multi_behavior_sequence
1384823,77769,4.217662,multi_behavior_sequence
1384823,328696,3.647266,multi_behavior_sequence
1384823,2422,3.518093,multi_behavior_sequence
1384823,343052,3.506104,multi_behavior_sequence
1384823,15327,3.432696,multi_behavior_sequence
1384823,2463,3.41315,multi_behavior_sequence
1384823,150857,3.376898,multi_behavior_sequence
1384823,49601,3.371699,multi_behavior_sequence
1384823,334936,3.341344,multi_behavior_sequence
1384823,240170,3.318929,multi_behavior_sequence
1385029,315543,3.023632,multi_behavior_sequence
1385029,188051,2.939889,multi_behavior_sequence
1385029,9877,2.848962,multi_behavior_sequence
1385029,241555,2.795929,multi_behavior_sequence
1385029,288525,2.707814,multi_behavior_sequence
1385029,37115,2.644251,multi_behavior_sequence
1385029,190000,2.63826,multi_behavior_sequence
1385029,119736,2.545292,multi_behavior_sequence
1385029,219512,2.543427,multi_behavior_sequence
1385029,312728,2.53517,multi_behavior_sequence
1385073,409804,6.940559,multi_behavior_sequence
1385073,272259,6.560688,multi_behavior_sequence
1385073,208939,6.463407,multi_behavior_sequence
1385073,46232,6.359811,multi_behavior_sequence
1385073,208922,6.259125,multi_behavior_sequence
1385073,546,5.980694,multi_behavior_sequence
1385073,350384,5.655398,multi_behavior_sequence
1385073,278792,5.569372,multi_behavior_sequence
1385073,318785,5.510109,multi_behavior_sequence
1385073,408933,5.489223,multi_behavior_sequence
1385214,445821,3.863574,multi_behavior_sequence
1385214,413990,3.847872,multi_behavior_sequence
1385214,208922,3.712703,multi_behavior_sequence
1385214,11670,3.622153,multi_behavior_sequence
1385214,321905,3.536992,multi_behavior_sequence
1385214,79371,3.512947,multi_behavior_sequence
1385214,181550,3.35958,multi_behavior_sequence
1385214,262477,3.349148,multi_behavior_sequence
1385214,152861,3.34833,multi_behavior_sequence
1385214,379520,3.328768,multi_behavior_sequence
138604,198400,3.551881,multi_behavior_sequence
138604,84822,3.422472,multi_behavior_sequence
138604,32398,3.345918,multi_behavior_sequence
138604,272770,3.313615,multi_behavior_sequence
138604,398813,3.086004,multi_behavior_sequence
138604,431694,3.045341,multi_behavior_sequence
138604,122324,3.022818,multi_behavior_sequence
138604,268491,2.996551,multi_behavior_sequence
138604,466843,2.915164,multi_behavior_sequence
138604,207734,2.892418,multi_behavior_sequence
1386940,362760,3.852734,multi_behavior_sequence
1386940,264221,3.815791,multi_behavior_sequence
1386940,241555,3.657691,multi_behavior_sequence
1386940,45190,3.648969,multi_behavior_sequence
1386940,162139,3.332507,multi_behavior_sequence
1386940,122604,3.235992,multi_behavior_sequence
1386940,188051,3.226613,multi_behavior_sequence
1386940,214895,3.198033,multi_behavior_sequence
1386940,199273,3.149405,multi_behavior_sequence
1386940,32398,3.098242,multi_behavior_sequence
1388617,416850,4.411158,multi_behavior_sequence
1388617,315543,4.313383,multi_behavior_sequence
1388617,257059,4.294919,multi_behavior_sequence
1388617,268243,4.284515,multi_behavior_sequence
1388617,135560,4.178961,multi_behavior_sequence
1388617,151387,4.137414,multi_behavior_sequence
1388617,445351,4.036365,multi_behavior_sequence
1388617,447397,3.9851,multi_behavior_sequence
1388617,5470,3.977041,multi_behavior_sequence
1388617,123362,3.955144,multi_behavior_sequence
1391782,4067,4.204246,multi_behavior_sequence
1391782,310816,4.199857,multi_behavior_sequence
1391782,164342,4.070332,multi_behavior_sequence
1391782,302858,4.041823,multi_behavior_sequence
1391782,422992,3.891528,multi_behavior_sequence
1391782,31249,3.88719,multi_behavior_sequence
1391782,33182,3.854213,multi_behavior_sequence
1391782,256146,3.794192,multi_behavior_sequence
1391782,158666,3.739042,multi_behavior_sequence
1391782,163724,3.669785,multi_behavior_sequence
1391871,138427,3.807355,multi_behavior_sequence
1391871,78729,3.775788,multi_behavior_sequence
1391871,63499,3.729375,multi_behavior_sequence
1391871,159892,3.677909,multi_behavior_sequence
1391871,115788,3.671114,multi_behavior_sequence
1391871,83280,3.651592,multi_behavior_sequence
1391871,400442,3.592744,multi_behavior_sequence
1391871,448494,3.588286,multi_behavior_sequence
1391871,7943,3.586874,multi_behavior_sequence
1391871,80858,3.561808,multi_behavior_sequence
1392092,119298,3.152478,multi_behavior_sequence
1392092,295537,3.045426,multi_behavior_sequence
1392092,97010,3.032023,multi_behavior_sequence
1392092,295023,2.924414,multi_behavior_sequence
1392092,429765,2.921642,multi_behavior_sequence
1392092,355741,2.890349,multi_behavior_sequence
1392092,390591,2.886644,multi_behavior_sequence
1392092,14606,2.875526,multi_behavior_sequence
1392092,46232,2.785729,multi_behavior_sequence
1392092,415810,2.785688,multi_behavior_sequence
1392946,37115,3.677557,multi_behavior_sequence
1392946,9877,3.292694,multi_behavior_sequence
1392946,150103,3.109286,multi_behavior_sequence
1392946,171878,2.782874,multi_behavior_sequence
1392946,386947,2.774851,multi_behavior_sequence
1392946,231482,2.747673,multi_behavior_sequence
1392946,190000,2.683664,multi_behavior_sequence
1392946,455183,2.668413,multi_behavior_sequence
1392946,421993,2.643474,multi_behavior_sequence
1392946,283115,2.640965,multi_behavior_sequence
1394708,44826,4.466212,multi_behavior_sequence
1394708,345136,4.296193,multi_behavior_sequence
1394708,444948,4.251975,multi_behavior_sequence
1394708,82377,4.241355,multi_behavior_sequence
1394708,452041,4.114965,multi_behavior_sequence
1394708,355741,4.111383,multi_behavior_sequence
1394708,424912,4.053429,multi_behavior_sequence
1394708,28134,3.851323,multi_behavior_sequence
1394708,396286,3.833233,multi_behavior_sequence
1394708,287811,3.740619,multi_behavior_sequence
1394949,122219,3.707344,multi_behavior_sequence
1394949,16344,3.00802,multi_behavior_sequence
1394949,244908,2.883786,multi_behavior_sequence
1394949,216266,2.815194,multi_behavior_sequence
1394949,358482,2.782742,multi_behavior_sequence
1394949,434054,2.622923,multi_behavior_sequence
1394949,266843,2.541219,multi_behavior_sequence
1394949,421994,2.508972,multi_behavior_sequence
1394949,336131,2.496208,multi_behavior_sequence
1394949,153437,2.438852,multi_behavior_sequence
1398811,22436,4.376865,multi_behavior_sequence
1398811,30479,4.359897,multi_behavior_sequence
1398811,409804,4.282619,multi_behavior_sequence
1398811,422327,3.796137,multi_behavior_sequence
1398811,46232,3.789822,multi_behavior_sequence
1398811,378322,3.776443,multi_behavior_sequence
1398811,213834,3.747511,multi_behavior_sequence
1398811,28134,3.692006,multi_behavior_sequence
1398811,224605,3.660981,multi_behavior_sequence
1398811,125275,3.641457,multi_behavior_sequence
1403769,46232,7.561527,multi_behavior_sequence
1403769,28134,6.009474,multi_behavior_sequence
1403769,14606,5.899465,multi_behavior_sequence
1403769,461686,5.66588,multi_behavior_sequence
1403769,176484,5.53724,multi_behavior_sequence
1403769,213834,5.302851,multi_behavior_sequence
1403769,383307,5.246427,multi_behavior_sequence
1403769,391226,5.090043,multi_behavior_sequence
1403769,405380,5.082061,multi_behavior_sequence
1403769,222888,5.070999,multi_behavior_sequence
1406637,268243,3.682456,multi_behavior_sequence
1406637,444500,3.12475,multi_behavior_sequence
1406637,379013,3.071488,multi_behavior_sequence
1406637,163780,3.048155,multi_behavior_sequence
1406637,241555,3.006698,multi_behavior_sequence
1406637,199233,3.005374,multi_behavior_sequence
1406637,257575,2.975961,multi_behavior_sequence
1406637,174197,2.89419,multi_behavior_sequence
1406637,309778,2.883998,multi_behavior_sequence
1406637,78379,2.858112,multi_behavior_sequence
1407340,111042,3.811728,multi_behavior_sequence
1407340,335975,3.511062,multi_behavior_sequence
1407340,355301,3.452863,multi_behavior_sequence
1407340,415492,3.445309,multi_behavior_sequence
1407340,54698,3.416302,multi_behavior_sequence
1407340,187862,3.365021,multi_behavior_sequence
1407340,106142,3.261329,multi_behavior_sequence
1407340,367207,3.23913,multi_behavior_sequence
1407340,396064,3.198579,multi_behavior_sequence
1407340,409804,3.178613,multi_behavior_sequence
142785,310816,2.824512,multi_behavior_sequence
142785,63136,2.74943,multi_behavior_sequence
142785,188062,2.720021,multi_behavior_sequence
142785,361499,2.673569,multi_behavior_sequence
142785,343828,2.653451,multi_behavior_sequence
142785,166693,2.64033,multi_behavior_sequence
142785,136524,2.619619,multi_behavior_sequence
142785,346982,2.566554,multi_behavior_sequence
142785,129332,2.558547,multi_behavior_sequence
142785,443098,2.54277,multi_behavior_sequence
145721,241555,3.213974,multi_behavior_sequence
145721,25802,3.055948,multi_behavior_sequence
145721,238865,3.03442,multi_behavior_sequence
145721,345409,3.027856,multi_behavior_sequence
145721,299665,2.884257,multi_behavior_sequence
145721,140527,2.659765,multi_behavior_sequence
145721,113438,2.591444,multi_behavior_sequence
145721,157509,2.58231,multi_behavior_sequence
145721,437778,2.555476,multi_behavior_sequence
145721,377617,2.534135,multi_behavior_sequence
146698,259078,3.516919,multi_behavior_sequence
146698,112566,3.491808,multi_behavior_sequence
146698,243355,3.390819,multi_behavior_sequence
146698,261644,3.194788,multi_behavior_sequence
146698,416974,3.139381,multi_behavior_sequence
146698,309778,3.116272,multi_behavior_sequence
146698,24734,3.035138,multi_behavior_sequence
146698,290163,3.030706,multi_behavior_sequence
146698,205275,3.027799,multi_behavior_sequence
146698,48030,2.998647,multi_behavior_sequence
14735,40870,4.642642,multi_behavior_sequence
14735,187862,3.920054,multi_behavior_sequence
14735,274226,3.864416,multi_behavior_sequence
14735,400962,3.806431,multi_behavior_sequence
14735,277383,3.677302,multi_behavior_sequence
14735,57387,3.668544,multi_behavior_sequence
14735,367207,3.579649,multi_behavior_sequence
14735,55140,3.5511,multi_behavior_sequence
14735,459475,3.546418,multi_behavior_sequence
14735,143247,3.536299,multi_behavior_sequence
148927,207742,3.653265,multi_behavior_sequence
148927,358697,3.569659,multi_behavior_sequence
148927,466864,3.492143,multi_behavior_sequence
148927,431650,3.362772,multi_behavior_sequence
148927,234361,3.299245,multi_behavior_sequence
148927,167075,3.290608,multi_behavior_sequence
148927,442889,3.279617,multi_behavior_sequence
148927,355301,3.242118,multi_behavior_sequence
148927,74456,3.2312,multi_behavior_sequence
148927,3574,3.187631,multi_behavior_sequence
150651,122219,4.371967,multi_behavior_sequence
150651,85047,3.944721,multi_behavior_sequence
150651,168963,3.784867,multi_behavior_sequence
150651,306041,3.656631,multi_behavior_sequence
150651,393939,3.547256,multi_behavior_sequence
150651,405934,3.529123,multi_behavior_sequence
150651,268491,3.423534,multi_behavior_sequence
150651,457018,3.372373,multi_behavior_sequence
150651,167978,3.295874,multi_behavior_sequence
150651,128602,3.24997,multi_behavior_sequence
152635,25949,3.998317,multi_behavior_sequence
152635,415209,3.978636,multi_behavior_sequence
152635,144635,3.840427,multi_behavior_sequence
152635,355741,3.75584,multi_behavior_sequence
152635,290163,3.628388,multi_behavior_sequence
152635,345041,3.616091,multi_behavior_sequence
152635,373534,3.603432,multi_behavior_sequence
152635,430034,3.574962,multi_behavior_sequence
152635,365044,3.570889,multi_behavior_sequence
152635,51969,3.510497,multi_behavior_sequence
152693,46232,5.095104,multi_behavior_sequence
152693,208922,4.340205,multi_behavior_sequence
152693,192138,4.335372,multi_behavior_sequence
152693,252387,4.229677,multi_behavior_sequence
152693,336562,4.000171,multi_behavior_sequence
152693,198833,3.981143,multi_behavior_sequence
152693,441248,3.931768,multi_behavior_sequence
152693,319723,3.906297,multi_behavior_sequence
152693,76070,3.782337,multi_behavior_sequence
152693,17443,3.774138,multi_behavior_sequence
152963,403969,6.680487,multi_behavior_sequence
152963,234215,6.411351,multi_behavior_sequence
152963,14606,6.19452,multi_behavior_sequence
152963,127531,6.044685,multi_behavior_sequence
152963,290207,5.900352,multi_behavior_sequence
152963,414460,5.775191,multi_behavior_sequence
152963,1684,5.652453,multi_behavior_sequence
152963,32581,5.591696,multi_behavior_sequence
152963,362059,5.478204,multi_behavior_sequence
152963,465951,5.474197,multi_behavior_sequence
153600,409804,4.403782,multi_behavior_sequence
153600,172894,4.324992,multi_behavior_sequence
153600,184199,4.245598,multi_behavior_sequence
153600,143622,4.242026,multi_behavior_sequence
153600,130094,4.047336,multi_behavior_sequence
153600,295537,3.953403,multi_behavior_sequence
153600,14606,3.864278,multi_behavior_sequence
153600,46232,3.853775,multi_behavior_sequence
153600,11279,3.835778,multi_behavior_sequence
153600,416850,3.803923,multi_behavior_sequence
155171,398489,3.757215,multi_behavior_sequence
155171,437122,3.733642,multi_behavior_sequence
155171,138546,3.682676,multi_behavior_sequence
155171,216271,3.617565,multi_behavior_sequence
155171,349002,3.609945,multi_behavior_sequence
155171,25949,3.519687,multi_behavior_sequence
155171,152655,3.477866,multi_behavior_sequence
155171,103127,3.41135,multi_behavior_sequence
155171,95953,3.351572,multi_behavior_sequence
155171,441158,3.328154,multi_behavior_sequence
157844,399031,3.65265,multi_behavior_sequence
157844,150882,3.130093,multi_behavior_sequence
157844,389135,2.683622,multi_behavior_sequence
157844,53005,2.653777,multi_behavior_sequence
157844,265273,2.632146,multi_behavior_sequence
157844,350629,2.609936,multi_behavior_sequence
157844,441813,2.561002,multi_behavior_sequence
157844,14932,2.543884,multi_behavior_sequence
157844,4949,2.540766,multi_behavior_sequence
157844,457045,2.540758,multi_behavior_sequence
160804,302858,3.600553,multi_behavior_sequence
160804,205829,3.493917,multi_behavior_sequence
160804,241555,3.196489,multi_behavior_sequence
160804,444593,3.155842,multi_behavior_sequence
160804,55911,3.019853,multi_behavior_sequence
160804,452720,2.953436,multi_behavior_sequence
160804,158808,2.828583,multi_behavior_sequence
160804,82377,2.757388,multi_behavior_sequence
160804,306289,2.756859,multi_behavior_sequence
160804,151915,2.744402,multi_behavior_sequence
163049,457711,4.585312,multi_behavior_sequence
163049,231482,4.458512,multi_behavior_sequence
163049,386947,4.178621,multi_behavior_sequence
163049,63543,4.08449,multi_behavior_sequence
163049,455183,4.005659,multi_behavior_sequence
163049,51969,4.000799,multi_behavior_sequence
163049,44826,3.984214,multi_behavior_sequence
163049,266459,3.984203,multi_behavior_sequence
163049,14606,3.950665,multi_behavior_sequence
163049,190000,3.928098,multi_behavior_sequence
163561,11663,4.28853,multi_behavior_sequence
163561,389158,4.028293,multi_behavior_sequence
163561,372188,3.938097,multi_behavior_sequence
163561,218626,3.895995,multi_behavior_sequence
163561,288525,3.852013,multi_behavior_sequence
163561,160272,3.822322,multi_behavior_sequence
163561,360825,3.759389,multi_behavior_sequence
163561,167126,3.7076,multi_behavior_sequence
163561,274443,3.667372,multi_behavior_sequence
163561,396732,3.659425,multi_behavior_sequence
164201,340808,4.654715,multi_behavior_sequence
164201,355325,4.633911,multi_behavior_sequence
164201,92199,4.489064,multi_behavior_sequence
164201,75710,4.423169,multi_behavior_sequence
164201,95426,4.371805,multi_behavior_sequence
164201,252761,4.306354,multi_behavior_sequence
164201,138546,4.247853,multi_behavior_sequence
164201,279905,4.13055,multi_behavior_sequence
164201,453290,4.06573,multi_behavior_sequence
164201,157163,4.064274,multi_behavior_sequence
165052,267961,6.320139,multi_behavior_sequence
165052,4442,6.247624,multi_behavior_sequence
165052,179455,5.776951,multi_behavior_sequence
165052,85047,5.774569,multi_behavior_sequence
165052,288387,5.652192,multi_behavior_sequence
165052,254193,5.640316,multi_behavior_sequence
165052,455804,5.523663,multi_behavior_sequence
165052,146325,5.302442,multi_behavior_sequence
165052,424466,5.256584,multi_behavior_sequence
165052,149735,5.168001,multi_behavior_sequence
165542,186391,3.048965,multi_behavior_sequence
165542,45658,2.78405,multi_behavior_sequence
165542,399010,2.759683,multi_behavior_sequence
165542,67729,2.741155,multi_behavior_sequence
165542,310775,2.610754,multi_behavior_sequence
165542,355874,2.523077,multi_behavior_sequence
165542,359495,2.495071,multi_behavior_sequence
165542,122324,2.48949,multi_behavior_sequence
165542,228608,2.483965,multi_behavior_sequence
165542,241555,2.481436,multi_behavior_sequence
165712,20773,5.051673,multi_behavior_sequence
165712,249460,4.254021,multi_behavior_sequence
165712,170527,4.242862,multi_behavior_sequence
165712,313867,3.924255,multi_behavior_sequence
165712,31519,3.904267,multi_behavior_sequence
165712,268491,3.864025,multi_behavior_sequence
165712,208971,3.770036,multi_behavior_sequence
165712,2716,3.747894,multi_behavior_sequence
165712,316135,3.681553,multi_behavior_sequence
165712,278208,3.668958,multi_behavior_sequence
165839,284045,3.158702,multi_behavior_sequence
165839,9877,3.13408,multi_behavior_sequence
165839,236302,2.999848,multi_behavior_sequence
165839,237952,2.956653,multi_behavior_sequence
165839,422992,2.955884,multi_behavior_sequence
165839,58086,2.92381,multi_behavior_sequence
165839,244027,2.845916,multi_behavior_sequence
165839,158666,2.825552,multi_behavior_sequence
165839,453290,2.744724,multi_behavior_sequence
165839,188051,2.737477,multi_behavior_sequence
166590,14606,3.772262,multi_behavior_sequence
166590,422992,3.623247,multi_behavior_sequence
166590,320130,3.591728,multi_behavior_sequence
166590,4067,3.560913,multi_behavior_sequence
166590,158666,3.534313,multi_behavior_sequence
166590,439963,3.428862,multi_behavior_sequence
166590,546,3.425442,multi_behavior_sequence
166590,174489,3.330226,multi_behavior_sequence
166590,272969,3.316534,multi_behavior_sequence
166590,118914,3.309461,multi_behavior_sequence
167489,46156,3.2685,multi_behavior_sequence
167489,208939,3.210144,multi_behavior_sequence
167489,272259,3.155328,multi_behavior_sequence
167489,449391,3.130223,multi_behavior_sequence
167489,869,3.118839,multi_behavior_sequence
167489,48030,3.083967,multi_behavior_sequence
167489,260621,3.082512,multi_behavior_sequence
167489,409804,3.036188,multi_behavior_sequence
167489,312728,3.017826,multi_behavior_sequence
167489,46232,3.014052,multi_behavior_sequence
167704,66752,4.641583,multi_behavior_sequence
167704,46232,4.483363,multi_behavior_sequence
167704,456056,4.260535,multi_behavior_sequence
167704,213834,4.224014,multi_behavior_sequence
167704,94437,4.137116,multi_behavior_sequence
167704,446861,4.083314,multi_behavior_sequence
167704,325310,4.023586,multi_behavior_sequence
167704,241555,4.021263,multi_behavior_sequence
167704,266900,4.006858,multi_behavior_sequence
167704,338395,3.977801,multi_behavior_sequence
168636,328476,3.927236,multi_behavior_sequence
168636,218746,3.756325,multi_behavior_sequence
168636,133282,3.752146,multi_behavior_sequence
168636,185305,3.49488,multi_behavior_sequence
168636,228644,3.466856,multi_behavior_sequence
168636,335975,3.447647,multi_behavior_sequence
168636,182131,3.402565,multi_behavior_sequence
168636,282385,3.377243,multi_behavior_sequence
168636,295023,3.338719,multi_behavior_sequence
168636,403215,3.287943,multi_behavior_sequence
168685,40870,3.262127,multi_behavior_sequence
168685,225105,2.82946,multi_behavior_sequence
168685,272770,2.683251,multi_behavior_sequence
168685,459835,2.674728,multi_behavior_sequence
168685,97890,2.647709,multi_behavior_sequence
168685,290993,2.616736,multi_behavior_sequence
168685,47586,2.583526,multi_behavior_sequence
168685,352799,2.548086,multi_behavior_sequence
168685,196477,2.546795,multi_behavior_sequence
168685,446705,2.513922,multi_behavior_sequence
169423,445351,4.25668,multi_behavior_sequence
169423,369158,4.223927,multi_behavior_sequence
169423,332629,4.187224,multi_behavior_sequence
169423,119736,4.072745,multi_behavior_sequence
169423,355994,4.04889,multi_behavior_sequence
169423,387570,4.000336,multi_behavior_sequence
169423,438892,3.940003,multi_behavior_sequence
169423,3854,3.900968,multi_behavior_sequence
169423,37029,3.898793,multi_behavior_sequence
169423,341797,3.892393,multi_behavior_sequence
169586,173921,4.455258,multi_behavior_sequence
169586,367030,4.154934,multi_behavior_sequence
169586,441974,4.136381,multi_behavior_sequence
169586,347974,3.930586,multi_behavior_sequence
169586,334118,3.854739,multi_behavior_sequence
169586,409562,3.830916,multi_behavior_sequence
169586,345382,3.785666,multi_behavior_sequence
169586,351456,3.761673,multi_behavior_sequence
169586,379513,3.613401,multi_behavior_sequence
169586,14758,3.592667,multi_behavior_sequence
170100,9877,6.493619,multi_behavior_sequence
170100,65273,6.469356,multi_behavior_sequence
170100,241555,6.130499,multi_behavior_sequence
170100,213834,5.4611,multi_behavior_sequence
170100,14606,5.144866,multi_behavior_sequence
170100,38965,5.10906,multi_behavior_sequence
170100,325310,5.087325,multi_behavior_sequence
170100,184199,5.028227,multi_behavior_sequence
170100,192413,4.890104,multi_behavior_sequence
170100,306289,4.788835,multi_behavior_sequence
170277,294438,3.123121,multi_behavior_sequence
170277,159892,3.077053,multi_behavior_sequence
170277,303715,2.9742,multi_behavior_sequence
170277,354585,2.884513,multi_behavior_sequence
170277,234255,2.857687,multi_behavior_sequence
170277,294109,2.81629,multi_behavior_sequence
170277,161478,2.77045,multi_behavior_sequence
170277,257655,2.634315,multi_behavior_sequence
170277,372395,2.628537,multi_behavior_sequence
170277,420631,2.605859,multi_behavior_sequence
171718,325852,5.134354,multi_behavior_sequence
171718,186391,4.68043,multi_behavior_sequence
171718,257070,4.612681,multi_behavior_sequence
171718,228903,4.276359,multi_behavior_sequence
171718,318785,4.095951,multi_behavior_sequence
171718,349516,4.043313,multi_behavior_sequence
171718,163724,4.002165,multi_behavior_sequence
171718,234056,3.992471,multi_behavior_sequence
171718,67729,3.976807,multi_behavior_sequence
171718,3146,3.888792,multi_behavior_sequence
172019,328696,4.703526,multi_behavior_sequence
172019,453290,4.333225,multi_behavior_sequence
172019,455079,4.192685,multi_behavior_sequence
172019,121532,4.178795,multi_behavior_sequence
172019,461081,4.086874,multi_behavior_sequence
172019,390712,4.063466,multi_behavior_sequence
172019,443466,3.937659,multi_behavior_sequence
172019,3975,3.915043,multi_behavior_sequence
172019,336903,3.870673,multi_behavior_sequence
172019,341701,3.828755,multi_behavior_sequence
1722,173921,2.75837,multi_behavior_sequence
1722,273872,2.746845,multi_behavior_sequence
1722,222069,2.719486,multi_behavior_sequence
1722,546,2.575922,multi_behavior_sequence
1722,80174,2.485955,multi_behavior_sequence
1722,179047,2.441468,multi_behavior_sequence
1722,383735,2.410013,multi_behavior_sequence
1722,246378,2.374211,multi_behavior_sequence
1722,456056,2.360224,multi_behavior_sequence
1722,280328,2.327886,multi_behavior_sequence
173863,377868,6.917429,multi_behavior_sequence
173863,301721,6.851711,multi_behavior_sequence
173863,4067,6.770313,multi_behavior_sequence
173863,150882,6.532856,multi_behavior_sequence
173863,119736,6.484162,multi_behavior_sequence
173863,14606,6.475072,multi_behavior_sequence
173863,289103,6.46944,multi_behavior_sequence
173863,303845,6.349932,multi_behavior_sequence
173863,450082,6.3276,multi_behavior_sequence
173863,425726,6.229666,multi_behavior_sequence
174121,371155,3.751359,multi_behavior_sequence
174121,352685,3.699015,multi_behavior_sequence
174121,396560,3.543129,multi_behavior_sequence
174121,130094,3.340246,multi_behavior_sequence
174121,466263,3.256293,multi_behavior_sequence
174121,316032,3.160207,multi_behavior_sequence
174121,350465,3.096584,multi_behavior_sequence
174121,339822,3.04853,multi_behavior_sequence
174121,83366,3.035976,multi_behavior_sequence
174121,312436,3.030574,multi_behavior_sequence
174331,407661,3.757391,multi_behavior_sequence
174331,393809,3.563798,multi_behavior_sequence
174331,341578,3.37479,multi_behavior_sequence
174331,126522,3.249825,multi_behavior_sequence
174331,336753,3.179503,multi_behavior_sequence
174331,74634,3.168257,multi_behavior_sequence
174331,421993,3.160128,multi_behavior_sequence
174331,265571,3.133162,multi_behavior_sequence
174331,301235,3.126461,multi_behavior_sequence
174331,231478,3.114968,multi_behavior_sequence
174396,312728,2.920256,multi_behavior_sequence
174396,461686,2.917433,multi_behavior_sequence
174396,9877,2.812204,multi_behavior_sequence
174396,37029,2.675318,multi_behavior_sequence
174396,7943,2.594932,multi_behavior_sequence
174396,119736,2.533494,multi_behavior_sequence
174396,248455,2.512083,multi_behavior_sequence
174396,176484,2.503808,multi_behavior_sequence
174396,445351,2.488476,multi_behavior_sequence
174396,190000,2.429381,multi_behavior_sequence
174972,171878,4.799767,multi_behavior_sequence
174972,125275,3.521908,multi_behavior_sequence
174972,150103,3.521753,multi_behavior_sequence
174972,10572,3.508115,multi_behavior_sequence
174972,90219,3.420238,multi_behavior_sequence
174972,96904,3.373418,multi_behavior_sequence
174972,30479,3.364161,multi_behavior_sequence
174972,43830,3.352059,multi_behavior_sequence
174972,422376,3.319629,multi_behavior_sequence
174972,183068,3.207124,multi_behavior_sequence
175801,279457,4.610861,multi_behavior_sequence
175801,378517,4.409635,multi_behavior_sequence
175801,229382,4.371934,multi_behavior_sequence
175801,382885,4.228245,multi_behavior_sequence
175801,302478,4.13348,multi_behavior_sequence
175801,294242,4.119693,multi_behavior_sequence
175801,130094,3.918992,multi_behavior_sequence
175801,217278,3.866026,multi_behavior_sequence
175801,184199,3.821199,multi_behavior_sequence
175801,231243,3.769392,multi_behavior_sequence
176103,189098,3.748927,multi_behavior_sequence
176103,7943,3.707,multi_behavior_sequence
176103,457045,3.677148,multi_behavior_sequence
176103,375854,3.589886,multi_behavior_sequence
176103,306041,3.582179,multi_behavior_sequence
176103,169233,3.518078,multi_behavior_sequence
176103,358565,3.473564,multi_behavior_sequence
176103,75392,3.329884,multi_behavior_sequence
176103,405934,3.302535,multi_behavior_sequence
176103,173065,3.281433,multi_behavior_sequence
17676,37115,6.824735,multi_behavior_sequence
17676,9877,6.690738,multi_behavior_sequence
17676,422992,5.746956,multi_behavior_sequence
17676,461686,5.555019,multi_behavior_sequence
17676,234390,5.528547,multi_behavior_sequence
17676,400442,5.271605,multi_behavior_sequence
17676,67115,5.242118,multi_behavior_sequence
17676,377868,5.186671,multi_behavior_sequence
17676,181315,5.06813,multi_behavior_sequence
17676,138427,5.033019,multi_behavior_sequence
177211,138427,4.430338,multi_behavior_sequence
177211,272837,4.420849,multi_behavior_sequence
177211,336173,4.356984,multi_behavior_sequence
177211,389088,4.197438,multi_behavior_sequence
177211,37115,4.00144,multi_behavior_sequence
177211,450082,3.979035,multi_behavior_sequence
177211,32581,3.973786,multi_behavior_sequence
177211,136766,3.944778,multi_behavior_sequence
177211,49029,3.937943,multi_behavior_sequence
177211,89142,3.905989,multi_behavior_sequence
178851,124919,3.510625,multi_behavior_sequence
178851,262815,3.489451,multi_behavior_sequence
178851,204057,3.445672,multi_behavior_sequence
178851,420631,3.379552,multi_behavior_sequence
178851,315543,3.356278,multi_behavior_sequence
178851,190000,3.313997,multi_behavior_sequence
178851,389814,3.217644,multi_behavior_sequence
178851,234255,3.205531,multi_behavior_sequence
178851,233734,3.181895,multi_behavior_sequence
178851,244027,3.146895,multi_behavior_sequence
178867,443344,3.163146,multi_behavior_sequence
178867,367395,3.158701,multi_behavior_sequence
178867,465951,3.052268,multi_behavior_sequence
178867,425404,2.987538,multi_behavior_sequence
178867,319869,2.976388,multi_behavior_sequence
178867,45089,2.865191,multi_behavior_sequence
178867,401896,2.817199,multi_behavior_sequence
178867,393169,2.799673,multi_behavior_sequence
178867,359547,2.757123,multi_behavior_sequence
178867,97039,2.741408,multi_behavior_sequence
183677,398489,3.188555,multi_behavior_sequence
183677,116299,3.106819,multi_behavior_sequence
183677,153099,3.098041,multi_behavior_sequence
183677,79484,2.98093,multi_behavior_sequence
183677,367616,2.937697,multi_behavior_sequence
183677,154436,2.935197,multi_behavior_sequence
183677,136674,2.930865,multi_behavior_sequence
183677,75710,2.892519,multi_behavior_sequence
183677,414654,2.887616,multi_behavior_sequence
183677,202432,2.846544,multi_behavior_sequence
184151,111042,3.113396,multi_behavior_sequence
184151,431728,2.964097,multi_behavior_sequence
184151,125799,2.759264,multi_behavior_sequence
184151,355301,2.748059,multi_behavior_sequence
184151,276013,2.639323,multi_behavior_sequence
184151,54698,2.604366,multi_behavior_sequence
184151,157509,2.559464,multi_behavior_sequence
184151,270798,2.448225,multi_behavior_sequence
184151,452852,2.438523,multi_behavior_sequence
184151,143866,2.430952,multi_behavior_sequence
187544,416357,3.577556,multi_behavior_sequence
187544,184412,3.379969,multi_behavior_sequence
187544,394518,3.229663,multi_behavior_sequence
187544,141992,3.211157,multi_behavior_sequence
187544,13398,3.184128,multi_behavior_sequence
187544,361499,3.170914,multi_behavior_sequence
187544,109474,3.168309,multi_behavior_sequence
187544,265571,3.136158,multi_behavior_sequence
187544,125092,3.128255,multi_behavior_sequence
187544,400946,3.090948,multi_behavior_sequence
187778,240558,3.046538,multi_behavior_sequence
187778,259202,2.955173,multi_behavior_sequence
187778,399010,2.872656,multi_behavior_sequence
187778,428272,2.808626,multi_behavior_sequence
187778,371965,2.757264,multi_behavior_sequence
187778,177106,2.703159,multi_behavior_sequence
187778,65273,2.692852,multi_behavior_sequence
187778,365340,2.670426,multi_behavior_sequence
187778,99785,2.651292,multi_behavior_sequence
187778,214571,2.647965,multi_behavior_sequence
1879,336562,4.406552,multi_behavior_sequence
1879,293557,4.169758,multi_behavior_sequence
1879,445134,4.082913,multi_behavior_sequence
1879,381352,4.071691,multi_behavior_sequence
1879,227777,4.053664,multi_behavior_sequence
1879,259920,3.638771,multi_behavior_sequence
1879,348503,3.638394,multi_behavior_sequence
1879,130054,3.594041,multi_behavior_sequence
1879,376429,3.523369,multi_behavior_sequence
1879,315193,3.521581,multi_behavior_sequence
189473,341701,4.481485,multi_behavior_sequence
189473,461081,4.431118,multi_behavior_sequence
189473,399796,4.377482,multi_behavior_sequence
189473,40635,4.361692,multi_behavior_sequence
189473,363645,4.228406,multi_behavior_sequence
189473,377868,4.108547,multi_behavior_sequence
189473,37115,4.098226,multi_behavior_sequence
189473,69917,4.074691,multi_behavior_sequence
189473,182498,4.066609,multi_behavior_sequence
189473,455079,4.05509,multi_behavior_sequence
191637,309778,3.121585,multi_behavior_sequence
191637,364085,3.009755,multi_behavior_sequence
191637,223644,2.965172,multi_behavior_sequence
191637,100282,2.91959,multi_behavior_sequence
191637,130094,2.883557,multi_behavior_sequence
191637,452041,2.863152,multi_behavior_sequence
191637,89775,2.825282,multi_behavior_sequence
191637,397747,2.82426,multi_behavior_sequence
191637,61971,2.795099,multi_behavior_sequence
191637,128296,2.786504,multi_behavior_sequence
195216,395693,4.724244,multi_behavior_sequence
195216,420872,4.413838,multi_behavior_sequence
195216,409323,4.38612,multi_behavior_sequence
195216,140527,4.275772,multi_behavior_sequence
195216,320554,4.249978,multi_behavior_sequence
195216,186391,4.215077,multi_behavior_sequence
195216,259501,4.21062,multi_behavior_sequence
195216,221963,4.199408,multi_behavior_sequence
195216,153437,4.169354,multi_behavior_sequence
195216,83280,4.154488,multi_behavior_sequence
196448,248455,3.486986,multi_behavior_sequence
196448,290003,3.294874,multi_behavior_sequence
196448,46232,3.15559,multi_behavior_sequence
196448,110645,3.09025,multi_behavior_sequence
196448,257070,3.001972,multi_behavior_sequence
196448,32581,2.948781,multi_behavior_sequence
196448,360922,2.900571,multi_behavior_sequence
196448,427357,2.86945,multi_behavior_sequence
196448,461686,2.815361,multi_behavior_sequence
196448,208922,2.795559,multi_behavior_sequence
198153,46232,5.529445,multi_behavior_sequence
198153,546,5.460389,multi_behavior_sequence
198153,9877,5.211977,multi_behavior_sequence
198153,7943,4.924219,multi_behavior_sequence
198153,257070,4.801472,multi_behavior_sequence
198153,213834,4.603353,multi_behavior_sequence
198153,328476,4.588314,multi_behavior_sequence
198153,461686,4.554806,multi_behavior_sequence
198153,464731,4.516509,multi_behavior_sequence
198153,272324,4.512403,multi_behavior_sequence
198270,46232,6.925336,multi_behavior_sequence
198270,439963,6.768888,multi_behavior_sequence
198270,110421,6.466111,multi_behavior_sequence
198270,172894,6.409499,multi_behavior_sequence
198270,4001,6.279543,multi_behavior_sequence
198270,213834,6.189067,multi_behavior_sequence
198270,42002,6.158346,multi_behavior_sequence
198270,237763,5.987543,multi_behavior_sequence
198270,456276,5.785214,multi_behavior_sequence
198270,174724,5.717612,multi_behavior_sequence
198299,32398,4.026203,multi_behavior_sequence
198299,25002,4.01839,multi_behavior_sequence
198299,241555,3.680162,multi_behavior_sequence
198299,268491,3.55321,multi_behavior_sequence
198299,435481,3.48508,multi_behavior_sequence
198299,178451,3.378955,multi_behavior_sequence
198299,431728,3.234376,multi_behavior_sequence
198299,457711,3.230942,multi_behavior_sequence
198299,171131,3.098722,multi_behavior_sequence
198299,349383,3.080927,multi_behavior_sequence
202730,374873,4.273569,multi_behavior_sequence
202730,455804,3.737471,multi_behavior_sequence
202730,139918,3.337887,multi_behavior_sequence
202730,122219,3.115872,multi_behavior_sequence
202730,257965,3.038159,multi_behavior_sequence
202730,398813,2.995822,multi_behavior_sequence
202730,34269,2.945508,multi_behavior_sequence
202730,348728,2.945156,multi_behavior_sequence
202730,89109,2.918256,multi_behavior_sequence
202730,71825,2.909275,multi_behavior_sequence
203760,393809,4.483371,multi_behavior_sequence
203760,378322,4.080003,multi_behavior_sequence
203760,204808,3.738687,multi_behavior_sequence
203760,96043,3.685853,multi_behavior_sequence
203760,6174,3.671895,multi_behavior_sequence
203760,374873,3.65648,multi_behavior_sequence
203760,71825,3.545715,multi_behavior_sequence
203760,319112,3.544884,multi_behavior_sequence
203760,14276,3.508932,multi_behavior_sequence
203760,297866,3.485047,multi_behavior_sequence
211166,184199,3.568411,multi_behavior_sequence
211166,130628,3.546221,multi_behavior_sequence
211166,397168,3.452602,multi_behavior_sequence
211166,163780,3.452274,multi_behavior_sequence
211166,278586,3.186319,multi_behavior_sequence
211166,379013,3.179409,multi_behavior_sequence
211166,378517,3.144184,multi_behavior_sequence
211166,139918,3.095609,multi_behavior_sequence
211166,445351,3.089431,multi_behavior_sequence
211166,335331,3.087345,multi_behavior_sequence
211412,312728,4.64348,multi_behavior_sequence
211412,7943,4.100992,multi_behavior_sequence
211412,416017,3.84939,multi_behavior_sequence
211412,322171,3.845243,multi_behavior_sequence
211412,313163,3.68476,multi_behavior_sequence
211412,104848,3.592788,multi_behavior_sequence
211412,125275,3.546921,multi_behavior_sequence
211412,346892,3.478647,multi_behavior_sequence
211412,96904,3.411711,multi_behavior_sequence
211412,171878,3.408813,multi_behavior_sequence
211691,381941,5.794465,multi_behavior_sequence
211691,9877,5.692168,multi_behavior_sequence
211691,325310,5.265872,multi_behavior_sequence
211691,444948,4.845389,multi_behavior_sequence
211691,457711,4.783435,multi_behavior_sequence
211691,382885,4.728472,multi_behavior_sequence
211691,63543,4.684253,multi_behavior_sequence
211691,288525,4.662695,multi_behavior_sequence
211691,2463,4.426202,multi_behavior_sequence
211691,351264,4.418331,multi_behavior_sequence
213145,245810,4.706459,multi_behavior_sequence
213145,179749,4.606853,multi_behavior_sequence
213145,439679,4.594632,multi_behavior_sequence
213145,28136,4.477705,multi_behavior_sequence
213145,316660,4.394473,multi_behavior_sequence
213145,351555,4.377693,multi_behavior_sequence
213145,360825,4.344053,multi_behavior_sequence
213145,191581,4.316382,multi_behavior_sequence
213145,191106,4.268869,multi_behavior_sequence
213145,350305,4.267033,multi_behavior_sequence
213772,417927,2.51335,multi_behavior_sequence
213772,453290,2.376916,multi_behavior_sequence
213772,322717,2.238115,multi_behavior_sequence
213772,453881,2.213202,multi_behavior_sequence
213772,369447,2.165331,multi_behavior_sequence
213772,159624,2.150186,multi_behavior_sequence
213772,343475,2.146751,multi_behavior_sequence
213772,454677,2.137906,multi_behavior_sequence
213772,415610,2.137344,multi_behavior_sequence
213772,366101,2.13253,multi_behavior_sequence
21395,375693,4.417546,multi_behavior_sequence
21395,226089,4.274733,multi_behavior_sequence
21395,310464,4.261096,multi_behavior_sequence
21395,137461,4.222432,multi_behavior_sequence
21395,97010,4.194711,multi_behavior_sequence
21395,234361,4.178278,multi_behavior_sequence
21395,255972,4.173484,multi_behavior_sequence
21395,187862,4.09323,multi_behavior_sequence
21395,326956,4.040951,multi_behavior_sequence
21395,352799,3.937857,multi_behavior_sequence
217095,241555,4.14241,multi_behavior_sequence
217095,456276,3.992938,multi_behavior_sequence
217095,2463,3.872124,multi_behavior_sequence
217095,325310,3.784364,multi_behavior_sequence
217095,439963,3.714008,multi_behavior_sequence
217095,408218,3.558267,multi_behavior_sequence
217095,345409,3.454588,multi_behavior_sequence
217095,209050,3.420141,multi_behavior_sequence
217095,437778,3.187985,multi_behavior_sequence
217095,338395,3.172673,multi_behavior_sequence
21712,160272,3.637101,multi_behavior_sequence
21712,76512,3.459267,multi_behavior_sequence
21712,34269,3.370369,multi_behavior_sequence
21712,39641,3.368981,multi_behavior_sequence
21712,262982,3.327044,multi_behavior_sequence
21712,288340,3.30424,multi_behavior_sequence
21712,6745,3.294787,multi_behavior_sequence
21712,442431,3.178332,multi_behavior_sequence
21712,53151,3.1573,multi_behavior_sequence
21712,334936,3.113649,multi_behavior_sequence
218648,117075,5.972496,multi_behavior_sequence
218648,179807,5.377501,multi_behavior_sequence
218648,234409,5.017685,multi_behavior_sequence
218648,315919,4.910905,multi_behavior_sequence
218648,74953,4.904177,multi_behavior_sequence
218648,99675,4.731911,multi_behavior_sequence
218648,89323,4.462202,multi_behavior_sequence
218648,220589,4.376627,multi_behavior_sequence
218648,136524,4.352117,multi_behavior_sequence
218648,177179,4.309576,multi_behavior_sequence
218828,438484,6.152114,multi_behavior_sequence
218828,269811,6.026064,multi_behavior_sequence
218828,242905,5.941105,multi_behavior_sequence
218828,260621,5.901033,multi_behavior_sequence
218828,407952,5.808847,multi_behavior_sequence
218828,338660,5.769344,multi_behavior_sequence
218828,162139,5.702807,multi_behavior_sequence
218828,312728,5.691604,multi_behavior_sequence
218828,329974,5.687085,multi_behavior_sequence
218828,277490,5.50753,multi_behavior_sequence
2194,252290,4.499842,multi_behavior_sequence
2194,458450,4.168842,multi_behavior_sequence
2194,214264,4.066353,multi_behavior_sequence
2194,382291,3.966793,multi_behavior_sequence
2194,345136,3.935651,multi_behavior_sequence
2194,17323,3.922521,multi_behavior_sequence
2194,283726,3.913206,multi_behavior_sequence
2194,434688,3.911176,multi_behavior_sequence
2194,212672,3.895341,multi_behavior_sequence
2194,382885,3.883566,multi_behavior_sequence
220139,302858,4.138669,multi_behavior_sequence
220139,310816,3.970066,multi_behavior_sequence
220139,125263,3.152412,multi_behavior_sequence
220139,452720,3.122315,multi_behavior_sequence
220139,348728,2.996165,multi_behavior_sequence
220139,260609,2.940098,multi_behavior_sequence
220139,266521,2.913111,multi_behavior_sequence
220139,4001,2.873415,multi_behavior_sequence
220139,179749,2.856471,multi_behavior_sequence
220139,199233,2.852749,multi_behavior_sequence
221202,415081,3.779418,multi_behavior_sequence
221202,394828,3.68347,multi_behavior_sequence
221202,259501,3.527579,multi_behavior_sequence
221202,302858,3.492175,multi_behavior_sequence
221202,65755,3.294577,multi_behavior_sequence
221202,156469,3.255219,multi_behavior_sequence
221202,319112,3.250153,multi_behavior_sequence
221202,431099,3.226947,multi_behavior_sequence
221202,14276,3.218479,multi_behavior_sequence
221202,180018,3.189927,multi_behavior_sequence
221702,46232,5.10626,multi_behavior_sequence
221702,234255,5.100971,multi_behavior_sequence
221702,38965,4.525773,multi_behavior_sequence
221702,66752,4.499776,multi_behavior_sequence
221702,444931,4.39733,multi_behavior_sequence
221702,320130,4.328943,multi_behavior_sequence
221702,119736,4.259655,multi_behavior_sequence
221702,50648,4.192269,multi_behavior_sequence
221702,325310,4.112801,multi_behavior_sequence
221702,295023,4.019719,multi_behavior_sequence
222046,381187,3.732774,multi_behavior_sequence
222046,301379,3.694831,multi_behavior_sequence
222046,20567,3.668363,multi_behavior_sequence
222046,290163,3.569191,multi_behavior_sequence
222046,250908,3.556044,multi_behavior_sequence
222046,21147,3.484431,multi_behavior_sequence
222046,206680,3.407357,multi_behavior_sequence
222046,136182,3.377802,multi_behavior_sequence
222046,352336,3.307218,multi_behavior_sequence
222046,24734,3.290285,multi_behavior_sequence
222604,199233,2.498502,multi_behavior_sequence
222604,75959,2.388466,multi_behavior_sequence
222604,312728,2.371534,multi_behavior_sequence
222604,400442,2.328133,multi_behavior_sequence
222604,248455,2.325465,multi_behavior_sequence
222604,457711,2.290138,multi_behavior_sequence
222604,415818,2.28342,multi_behavior_sequence
222604,125799,2.279636,multi_behavior_sequence
222604,433213,2.27019,multi_behavior_sequence
222604,148165,2.201008,multi_behavior_sequence
224207,456056,4.877968,multi_behavior_sequence
224207,110421,4.736592,multi_behavior_sequence
224207,58726,4.068679,multi_behavior_sequence
224207,369158,3.924993,multi_behavior_sequence
224207,220163,3.84002,multi_behavior_sequence
224207,35403,3.7805,multi_behavior_sequence
224207,122219,3.779348,multi_behavior_sequence
224207,358482,3.70948,multi_behavior_sequence
224207,46660,3.681179,multi_behavior_sequence
224207,303573,3.63878,multi_behavior_sequence
227091,198170,3.716189,multi_behavior_sequence
227091,431728,3.354837,multi_behavior_sequence
227091,179749,3.228672,multi_behavior_sequence
227091,216768,3.153912,multi_behavior_sequence
227091,219782,2.927896,multi_behavior_sequence
227091,463280,2.905318,multi_behavior_sequence
227091,268956,2.799128,multi_behavior_sequence
227091,8827,2.731494,multi_behavior_sequence
227091,446849,2.718615,multi_behavior_sequence
227091,135974,2.712653,multi_behavior_sequence
227781,211134,4.962442,multi_behavior_sequence
227781,398004,4.77451,multi_behavior_sequence
227781,461220,4.616755,multi_behavior_sequence
227781,17323,4.438963,multi_behavior_sequence
227781,231566,4.392299,multi_behavior_sequence
227781,360318,4.313289,multi_behavior_sequence
227781,435670,4.259019,multi_behavior_sequence
227781,392074,4.214483,multi_behavior_sequence
227781,103497,4.145809,multi_behavior_sequence
227781,237255,4.082778,multi_behavior_sequence
229157,36278,5.865221,multi_behavior_sequence
229157,179749,5.551734,multi_behavior_sequence
229157,335533,5.020083,multi_behavior_sequence
229157,119691,4.787621,multi_behavior_sequence
229157,314397,4.75197,multi_behavior_sequence
229157,165230,4.721488,multi_behavior_sequence
229157,337101,4.718654,multi_behavior_sequence
229157,272770,4.710783,multi_behavior_sequence
229157,352931,4.642241,multi_behavior_sequence
229157,84003,4.634174,multi_behavior_sequence
22990,301235,3.821626,multi_behavior_sequence
22990,62599,3.398178,multi_behavior_sequence
22990,16672,3.13704,multi_behavior_sequence
22990,91086,3.107639,multi_behavior_sequence
22990,280495,3.105479,multi_behavior_sequence
22990,21147,3.084624,multi_behavior_sequence
22990,269773,3.026883,multi_behavior_sequence
22990,20017,3.006685,multi_behavior_sequence
22990,119630,2.994205,multi_behavior_sequence
22990,441813,2.957583,multi_behavior_sequence
2326,442889,4.166533,multi_behavior_sequence
2326,142076,3.855686,multi_behavior_sequence
2326,3574,3.59172,multi_behavior_sequence
2326,143866,3.437382,multi_behavior_sequence
2326,156436,3.398826,multi_behavior_sequence
2326,204403,3.379884,multi_behavior_sequence
2326,41611,3.301548,multi_behavior_sequence
2326,393809,3.212277,multi_behavior_sequence
2326,224968,3.143025,multi_behavior_sequence
2326,379288,3.110422,multi_behavior_sequence
233961,382396,5.303371,multi_behavior_sequence
233961,38616,4.892408,multi_behavior_sequence
233961,286924,4.888153,multi_behavior_sequence
233961,430292,4.816332,multi_behavior_sequence
233961,139814,4.742061,multi_behavior_sequence
233961,110412,4.623633,multi_behavior_sequence
233961,342443,4.580121,multi_behavior_sequence
233961,62599,4.563751,multi_behavior_sequence
233961,380440,4.549776,multi_behavior_sequence
233961,181204,4.467633,multi_behavior_sequence
233979,412905,4.672202,multi_behavior_sequence
233979,193544,4.335011,multi_behavior_sequence
233979,209050,4.173843,multi_behavior_sequence
233979,360825,4.164281,multi_behavior_sequence
233979,314789,4.156695,multi_behavior_sequence
233979,151915,4.105219,multi_behavior_sequence
233979,23762,4.047156,multi_behavior_sequence
233979,379520,3.965501,multi_behavior_sequence
233979,112197,3.900502,multi_behavior_sequence
233979,231243,3.867855,multi_behavior_sequence
234164,272770,5.189382,multi_behavior_sequence
234164,294438,4.982116,multi_behavior_sequence
234164,360673,4.747926,multi_behavior_sequence
234164,357212,4.60535,multi_behavior_sequence
234164,210325,4.477609,multi_behavior_sequence
234164,327471,4.315856,multi_behavior_sequence
234164,420631,4.235587,multi_behavior_sequence
234164,18717,4.161287,multi_behavior_sequence
234164,64852,4.101708,multi_behavior_sequence
234164,362339,4.047292,multi_behavior_sequence
234593,300670,4.50864,multi_behavior_sequence
234593,350140,4.314763,multi_behavior_sequence
234593,170527,4.216463,multi_behavior_sequence
234593,398161,3.949246,multi_behavior_sequence
234593,5470,3.800174,multi_behavior_sequence
234593,186256,3.769824,multi_behavior_sequence
234593,398839,3.760466,multi_behavior_sequence
234593,51755,3.72384,multi_behavior_sequence
234593,11768,3.71218,multi_behavior_sequence
234593,457835,3.692373,multi_behavior_sequence
241145,9877,4.295241,multi_behavior_sequence
241145,400442,4.276728,multi_behavior_sequence
241145,37115,4.20103,multi_behavior_sequence
241145,461686,3.837643,multi_behavior_sequence
241145,241555,3.809419,multi_behavior_sequence
241145,325310,3.769877,multi_behavior_sequence
241145,188051,3.756432,multi_behavior_sequence
241145,386947,3.715439,multi_behavior_sequence
241145,215363,3.676688,multi_behavior_sequence
241145,231482,3.567307,multi_behavior_sequence
24197,336562,5.063801,multi_behavior_sequence
24197,329467,4.779118,multi_behavior_sequence
24197,358565,4.635683,multi_behavior_sequence
24197,312929,4.621384,multi_behavior_sequence
24197,399010,4.503345,multi_behavior_sequence
24197,463792,4.453189,multi_behavior_sequence
24197,90417,4.431385,multi_behavior_sequence
24197,445134,4.338715,multi_behavior_sequence
24197,87081,4.252857,multi_behavior_sequence
24197,234494,4.055072,multi_behavior_sequence
244468,456056,5.670912,multi_behavior_sequence
244468,369158,4.929077,multi_behavior_sequence
244468,461686,4.532353,multi_behavior_sequence
244468,179601,4.439075,multi_behavior_sequence
244468,266900,4.416321,multi_behavior_sequence
244468,48030,4.374927,multi_behavior_sequence
244468,58086,4.369052,multi_behavior_sequence
244468,243795,4.347861,multi_behavior_sequence
244468,328476,4.346971,multi_behavior_sequence
244468,213834,4.313148,multi_behavior_sequence
244620,239058,4.516171,multi_behavior_sequence
244620,407952,4.221285,multi_behavior_sequence
244620,234255,4.180191,multi_behavior_sequence
244620,438484,4.104094,multi_behavior_sequence
244620,320130,3.967402,multi_behavior_sequence
244620,350384,3.898793,multi_behavior_sequence
244620,362760,3.872865,multi_behavior_sequence
244620,422992,3.656223,multi_behavior_sequence
244620,193544,3.655737,multi_behavior_sequence
244620,455183,3.652518,multi_behavior_sequence
244723,75710,3.737165,multi_behavior_sequence
244723,138546,3.572901,multi_behavior_sequence
244723,175538,3.467199,multi_behavior_sequence
244723,447888,3.335693,multi_behavior_sequence
244723,367352,3.331528,multi_behavior_sequence
244723,222185,3.298967,multi_behavior_sequence
244723,118120,3.29622,multi_behavior_sequence
244723,46253,3.262434,multi_behavior_sequence
244723,263287,3.230584,multi_behavior_sequence
244723,40582,3.197834,multi_behavior_sequence
244756,322190,5.811359,multi_behavior_sequence
244756,389158,5.707004,multi_behavior_sequence
244756,172894,5.636672,multi_behavior_sequence
244756,65273,5.473855,multi_behavior_sequence
244756,273872,5.253376,multi_behavior_sequence
244756,192413,5.217393,multi_behavior_sequence
244756,274443,5.165635,multi_behavior_sequence
244756,110421,5.117047,multi_behavior_sequence
244756,80661,5.095395,multi_behavior_sequence
244756,15327,5.078894,multi_behavior_sequence
247235,456056,8.227304,multi_behavior_sequence
247235,272733,7.425031,multi_behavior_sequence
247235,204494,6.852865,multi_behavior_sequence
247235,159624,6.435366,multi_behavior_sequence
247235,334401,6.252573,multi_behavior_sequence
247235,226567,6.142184,multi_behavior_sequence
247235,214420,6.106286,multi_behavior_sequence
247235,31611,5.914367,multi_behavior_sequence
247235,366101,5.903513,multi_behavior_sequence
247235,398489,5.864433,multi_behavior_sequence
247461,277380,4.644547,multi_behavior_sequence
247461,358565,4.51441,multi_behavior_sequence
247461,268243,4.436336,multi_behavior_sequence
247461,130094,4.304339,multi_behavior_sequence
247461,457045,4.047141,multi_behavior_sequence
247461,153961,3.957654,multi_behavior_sequence
247461,441813,3.781246,multi_behavior_sequence
247461,446820,3.695971,multi_behavior_sequence
247461,381265,3.578783,multi_behavior_sequence
247461,133224,3.575685,multi_behavior_sequence
24757,278586,3.173018,multi_behavior_sequence
24757,73760,2.929102,multi_behavior_sequence
24757,139918,2.870817,multi_behavior_sequence
24757,75392,2.700733,multi_behavior_sequence
24757,100393,2.677491,multi_behavior_sequence
24757,300075,2.634805,multi_behavior_sequence
24757,245085,2.588917,multi_behavior_sequence
24757,198782,2.575054,multi_behavior_sequence
24757,453618,2.560973,multi_behavior_sequence
24757,44208,2.545465,multi_behavior_sequence
248679,406974,5.221579,multi_behavior_sequence
248679,438484,4.885462,multi_behavior_sequence
248679,137697,4.691329,multi_behavior_sequence
248679,105933,4.537342,multi_behavior_sequence
248679,288652,4.384402,multi_behavior_sequence
248679,37115,4.376927,multi_behavior_sequence
248679,369497,4.326894,multi_behavior_sequence
248679,463585,4.307158,multi_behavior_sequence
248679,259962,4.297665,multi_behavior_sequence
248679,417927,4.27591,multi_behavior_sequence
249783,2463,3.249643,multi_behavior_sequence
249783,241555,3.212332,multi_behavior_sequence
249783,400442,3.205464,multi_behavior_sequence
249783,428644,3.200243,multi_behavior_sequence
249783,301721,3.176074,multi_behavior_sequence
249783,19523,3.126028,multi_behavior_sequence
249783,329974,3.064964,multi_behavior_sequence
249783,351984,3.060706,multi_behavior_sequence
249783,422992,3.032535,multi_behavior_sequence
249783,209050,2.997542,multi_behavior_sequence
250814,168367,4.267663,multi_behavior_sequence
250814,457045,4.234283,multi_behavior_sequence
250814,79975,4.129888,multi_behavior_sequence
250814,216225,3.700974,multi_behavior_sequence
250814,7943,3.697147,multi_behavior_sequence
250814,140527,3.59981,multi_behavior_sequence
250814,58726,3.577112,multi_behavior_sequence
250814,80461,3.46235,multi_behavior_sequence
250814,287696,3.429519,multi_behavior_sequence
250814,120098,3.388593,multi_behavior_sequence
251018,327633,3.612614,multi_behavior_sequence
251018,368702,3.527193,multi_behavior_sequence
251018,87081,3.415883,multi_behavior_sequence
251018,360318,3.378722,multi_behavior_sequence
251018,17323,3.346491,multi_behavior_sequence
251018,297807,3.331821,multi_behavior_sequence
251018,278691,3.263833,multi_behavior_sequence
251018,217500,3.187442,multi_behavior_sequence
251018,444848,3.124584,multi_behavior_sequence
251018,339822,3.106625,multi_behavior_sequence
251672,869,5.150427,multi_behavior_sequence
251672,100282,5.137723,multi_behavior_sequence
251672,1684,5.0657,multi_behavior_sequence
251672,144635,4.962933,multi_behavior_sequence
251672,288525,4.844566,multi_behavior_sequence
251672,366177,4.73414,multi_behavior_sequence
251672,266553,4.511546,multi_behavior_sequence
251672,387373,4.481006,multi_behavior_sequence
251672,17478,4.428788,multi_behavior_sequence
251672,391226,4.418983,multi_behavior_sequence
252520,385191,3.432835,multi_behavior_sequence
252520,14276,3.350043,multi_behavior_sequence
252520,394678,3.335447,multi_behavior_sequence
252520,306041,3.289638,multi_behavior_sequence
252520,6174,3.270838,multi_behavior_sequence
252520,209129,3.083619,multi_behavior_sequence
252520,366282,3.066204,multi_behavior_sequence
252520,417992,3.039757,multi_behavior_sequence
252520,19195,3.024879,multi_behavior_sequence
252520,68237,2.979112,multi_behavior_sequence
253410,50934,5.258561,multi_behavior_sequence
253410,332203,4.831002,multi_behavior_sequence
253410,323137,4.653256,multi_behavior_sequence
253410,459110,4.466729,multi_behavior_sequence
253410,149505,4.420473,multi_behavior_sequence
253410,233861,4.362609,multi_behavior_sequence
253410,413990,4.290499,multi_behavior_sequence
253410,91873,4.159207,multi_behavior_sequence
253410,13537,4.140349,multi_behavior_sequence
253410,365104,4.11595,multi_behavior_sequence
254328,130054,4.226841,multi_behavior_sequence
254328,222069,4.177379,multi_behavior_sequence
254328,456056,3.888353,multi_behavior_sequence
254328,444931,3.873855,multi_behavior_sequence
254328,246378,3.814549,multi_behavior_sequence
254328,383735,3.7772,multi_behavior_sequence
254328,247420,3.73162,multi_behavior_sequence
254328,220353,3.703154,multi_behavior_sequence
254328,439424,3.614545,multi_behavior_sequence
254328,400442,3.402242,multi_behavior_sequence
255589,92361,4.642244,multi_behavior_sequence
255589,399531,4.601013,multi_behavior_sequence
255589,65273,4.534794,multi_behavior_sequence
255589,371155,4.460059,multi_behavior_sequence
255589,263980,4.168713,multi_behavior_sequence
255589,446989,4.102495,multi_behavior_sequence
255589,397157,4.10113,multi_behavior_sequence
255589,143860,4.0885,multi_behavior_sequence
255589,445351,4.055266,multi_behavior_sequence
255589,9877,3.937994,multi_behavior_sequence
256367,98840,2.917251,multi_behavior_sequence
256367,233861,2.795674,multi_behavior_sequence
256367,138546,2.718706,multi_behavior_sequence
256367,62599,2.633116,multi_behavior_sequence
256367,350525,2.627758,multi_behavior_sequence
256367,208501,2.596363,multi_behavior_sequence
256367,398489,2.504341,multi_behavior_sequence
256367,133282,2.478453,multi_behavior_sequence
256367,185305,2.448923,multi_behavior_sequence
256367,74789,2.417917,multi_behavior_sequence
258500,403564,3.541346,multi_behavior_sequence
258500,105334,3.47697,multi_behavior_sequence
258500,50648,3.405397,multi_behavior_sequence
258500,412326,3.291453,multi_behavior_sequence
258500,267111,3.28349,multi_behavior_sequence
258500,66752,3.27862,multi_behavior_sequence
258500,201871,3.256382,multi_behavior_sequence
258500,154171,3.240369,multi_behavior_sequence
258500,269953,3.174016,multi_behavior_sequence
258500,173921,3.170332,multi_behavior_sequence
259405,190000,6.046488,multi_behavior_sequence
259405,119736,5.882359,multi_behavior_sequence
259405,50648,5.590096,multi_behavior_sequence
259405,46232,5.420339,multi_behavior_sequence
259405,441852,5.330305,multi_behavior_sequence
259405,89323,5.193935,multi_behavior_sequence
259405,456056,5.055567,multi_behavior_sequence
259405,66752,5.032907,multi_behavior_sequence
259405,320130,5.032459,multi_behavior_sequence
259405,213834,4.964469,multi_behavior_sequence
259928,288525,2.80296,multi_behavior_sequence
259928,372188,2.536217,multi_behavior_sequence
259928,241555,2.501691,multi_behavior_sequence
259928,396732,2.275376,multi_behavior_sequence
259928,363109,2.201323,multi_behavior_sequence
259928,448453,2.196899,multi_behavior_sequence
259928,382885,2.191751,multi_behavior_sequence
259928,37029,2.180097,multi_behavior_sequence
259928,268081,2.163616,multi_behavior_sequence
259928,369158,2.107594,multi_behavior_sequence
262357,38965,5.18306,multi_behavior_sequence
262357,382885,5.077621,multi_behavior_sequence
262357,381941,4.465638,multi_behavior_sequence
262357,188051,4.352916,multi_behavior_sequence
262357,46391,4.090951,multi_behavior_sequence
262357,214264,3.881673,multi_behavior_sequence
262357,444948,3.832592,multi_behavior_sequence
262357,315543,3.760472,multi_behavior_sequence
262357,123362,3.723502,multi_behavior_sequence
262357,231482,3.629394,multi_behavior_sequence
262805,105114,3.524936,multi_behavior_sequence
262805,204403,3.313855,multi_behavior_sequence
262805,85334,3.015724,multi_behavior_sequence
262805,205948,2.998206,multi_behavior_sequence
262805,68237,2.935307,multi_behavior_sequence
262805,46253,2.897125,multi_behavior_sequence
262805,351264,2.747089,multi_behavior_sequence
262805,399666,2.743239,multi_behavior_sequence
262805,341578,2.73289,multi_behavior_sequence
262805,195337,2.681183,multi_behavior_sequence
26296,223644,4.736028,multi_behavior_sequence
26296,276649,4.554221,multi_behavior_sequence
26296,449391,4.219768,multi_behavior_sequence
26296,266553,4.118654,multi_behavior_sequence
26296,413901,4.029331,multi_behavior_sequence
26296,396064,3.975627,multi_behavior_sequence
26296,3914,3.959877,multi_behavior_sequence
26296,44882,3.938075,multi_behavior_sequence
26296,295537,3.9185,multi_behavior_sequence
26296,303828,3.883945,multi_behavior_sequence
264190,297866,2.818491,multi_behavior_sequence
264190,328240,2.803602,multi_behavior_sequence
264190,46924,2.742502,multi_behavior_sequence
264190,103127,2.71237,multi_behavior_sequence
264190,205275,2.676632,multi_behavior_sequence
264190,272048,2.627157,multi_behavior_sequence
264190,109499,2.618469,multi_behavior_sequence
264190,461576,2.594939,multi_behavior_sequence
264190,354845,2.516048,multi_behavior_sequence
264190,393809,2.510755,multi_behavior_sequence
265306,213834,3.411409,multi_behavior_sequence
265306,119736,3.379363,multi_behavior_sequence
265306,7943,3.346224,multi_behavior_sequence
265306,208939,3.214294,multi_behavior_sequence
265306,546,3.178222,multi_behavior_sequence
265306,116334,3.084096,multi_behavior_sequence
265306,389135,3.023679,multi_behavior_sequence
265306,184199,3.012521,multi_behavior_sequence
265306,303161,2.985601,multi_behavior_sequence
265306,461686,2.962815,multi_behavior_sequence
265871,7943,2.609503,multi_behavior_sequence
265871,398489,2.4928,multi_behavior_sequence
265871,122219,2.483802,multi_behavior_sequence
265871,96043,2.404948,multi_behavior_sequence
265871,303039,2.388695,multi_behavior_sequence
265871,328696,2.328579,multi_behavior_sequence
265871,130226,2.293252,multi_behavior_sequence
265871,75710,2.278121,multi_behavior_sequence
265871,301013,2.269939,multi_behavior_sequence
265871,393809,2.239571,multi_behavior_sequence
266417,362760,3.389575,multi_behavior_sequence
266417,350384,3.02125,multi_behavior_sequence
266417,397236,2.963181,multi_behavior_sequence
266417,122604,2.877279,multi_behavior_sequence
266417,117730,2.859063,multi_behavior_sequence
266417,333147,2.747651,multi_behavior_sequence
266417,241555,2.745293,multi_behavior_sequence
266417,399031,2.726611,multi_behavior_sequence
266417,214895,2.678252,multi_behavior_sequence
266417,192138,2.652035,multi_behavior_sequence
267013,363109,3.100622,multi_behavior_sequence
267013,306041,2.838272,multi_behavior_sequence
267013,377635,2.630022,multi_behavior_sequence
267013,71825,2.617359,multi_behavior_sequence
267013,393809,2.608057,multi_behavior_sequence
267013,322717,2.600256,multi_behavior_sequence
267013,301235,2.585808,multi_behavior_sequence
267013,343475,2.52038,multi_behavior_sequence
267013,16672,2.512933,multi_behavior_sequence
267013,416102,2.461241,multi_behavior_sequence
269127,218746,4.458243,multi_behavior_sequence
269127,15327,4.387749,multi_behavior_sequence
269127,393809,4.244321,multi_behavior_sequence
269127,121119,4.183477,multi_behavior_sequence
269127,34933,4.133782,multi_behavior_sequence
269127,154244,4.105784,multi_behavior_sequence
269127,227591,4.000823,multi_behavior_sequence
269127,304568,3.65533,multi_behavior_sequence
269127,338595,3.625041,multi_behavior_sequence
269127,135004,3.609081,multi_behavior_sequence
273517,441158,3.455427,multi_behavior_sequence
273517,103127,3.398136,multi_behavior_sequence
273517,435670,3.288377,multi_behavior_sequence
273517,6692,3.27415,multi_behavior_sequence
273517,121553,3.264948,multi_behavior_sequence
273517,234960,3.161193,multi_behavior_sequence
273517,386899,3.093664,multi_behavior_sequence
273517,315545,3.075604,multi_behavior_sequence
273517,396064,3.068512,multi_behavior_sequence
273517,20388,3.052097,multi_behavior_sequence
274264,333039,4.439076,multi_behavior_sequence
274264,358565,4.225467,multi_behavior_sequence
274264,234255,4.221655,multi_behavior_sequence
274264,389135,4.113051,multi_behavior_sequence
274264,67304,4.037611,multi_behavior_sequence
274264,172894,4.022203,multi_behavior_sequence
274264,239058,3.96303,multi_behavior_sequence
274264,134255,3.91223,multi_behavior_sequence
274264,126484,3.860992,multi_behavior_sequence
274264,422044,3.779068,multi_behavior_sequence
278241,71825,4.242821,multi_behavior_sequence
278241,390379,4.096203,multi_behavior_sequence
278241,152861,3.79214,multi_behavior_sequence
278241,352788,3.753768,multi_behavior_sequence
278241,379520,3.729532,multi_behavior_sequence
278241,181550,3.689217,multi_behavior_sequence
278241,251248,3.672635,multi_behavior_sequence
278241,447844,3.647295,multi_behavior_sequence
278241,91086,3.618907,multi_behavior_sequence
278241,181202,3.571974,multi_behavior_sequence
279406,279457,3.391045,multi_behavior_sequence
279406,167399,3.087733,multi_behavior_sequence
279406,390379,2.971638,multi_behavior_sequence
279406,294640,2.908841,multi_behavior_sequence
279406,462188,2.769788,multi_behavior_sequence
279406,105933,2.722123,multi_behavior_sequence
279406,104342,2.677292,multi_behavior_sequence
279406,350384,2.588727,multi_behavior_sequence
279406,125628,2.542876,multi_behavior_sequence
279406,192721,2.529965,multi_behavior_sequence
281190,365320,4.653613,multi_behavior_sequence
281190,272770,4.534161,multi_behavior_sequence
281190,21300,4.468433,multi_behavior_sequence
281190,70277,4.435707,multi_behavior_sequence
281190,119630,4.224954,multi_behavior_sequence
281190,356339,4.085102,multi_behavior_sequence
281190,116205,4.008615,multi_behavior_sequence
281190,117084,3.966882,multi_behavior_sequence
281190,359834,3.935304,multi_behavior_sequence
281190,88129,3.808449,multi_behavior_sequence
283414,2463,4.544292,multi_behavior_sequence
283414,163780,4.521687,multi_behavior_sequence
283414,11279,4.373888,multi_behavior_sequence
283414,325310,4.226686,multi_behavior_sequence
283414,456005,4.147995,multi_behavior_sequence
283414,231482,3.942152,multi_behavior_sequence
283414,130628,3.927257,multi_behavior_sequence
283414,219512,3.88182,multi_behavior_sequence
283414,46156,3.845601,multi_behavior_sequence
283414,448453,3.839012,multi_behavior_sequence
283553,9877,4.033963,multi_behavior_sequence
283553,214264,3.867603,multi_behavior_sequence
283553,401850,3.722393,multi_behavior_sequence
283553,269085,3.707767,multi_behavior_sequence
283553,457711,3.683126,multi_behavior_sequence
283553,412622,3.662417,multi_behavior_sequence
283553,283726,3.635918,multi_behavior_sequence
283553,266459,3.576893,multi_behavior_sequence
283553,123362,3.571945,multi_behavior_sequence
283553,381941,3.516586,multi_behavior_sequence
285368,208922,3.033918,multi_behavior_sequence
285368,187862,2.929307,multi_behavior_sequence
285368,352799,2.712157,multi_behavior_sequence
285368,68237,2.690589,multi_behavior_sequence
285368,124583,2.648522,multi_behavior_sequence
285368,19408,2.632904,multi_behavior_sequence
285368,315176,2.568032,multi_behavior_sequence
285368,303821,2.53679,multi_behavior_sequence
285368,378045,2.444231,multi_behavior_sequence
285368,4887,2.440106,multi_behavior_sequence
286616,355393,5.347715,multi_behavior_sequence
286616,460187,5.091267,multi_behavior_sequence
286616,172894,4.931699,multi_behavior_sequence
286616,391226,4.597558,multi_behavior_sequence
286616,246532,4.580406,multi_behavior_sequence
286616,413990,4.575708,multi_behavior_sequence
286616,110412,4.555775,multi_behavior_sequence
286616,167126,4.421967,multi_behavior_sequence
286616,283269,4.37642,multi_behavior_sequence
286616,138017,4.312651,multi_behavior_sequence
288040,204403,3.891671,multi_behavior_sequence
288040,185932,3.702572,multi_behavior_sequence
288040,379288,3.702338,multi_behavior_sequence
288040,84947,3.583807,multi_behavior_sequence
288040,105114,3.555851,multi_behavior_sequence
288040,99139,3.547534,multi_behavior_sequence
288040,117075,3.505477,multi_behavior_sequence
288040,119636,3.49404,multi_behavior_sequence
288040,47226,3.348065,multi_behavior_sequence
288040,150103,3.319265,multi_behavior_sequence
296431,96904,4.428711,multi_behavior_sequence
296431,156436,4.26873,multi_behavior_sequence
296431,294109,4.216278,multi_behavior_sequence
296431,407202,3.997658,multi_behavior_sequence
296431,429765,3.993376,multi_behavior_sequence
296431,441250,3.993205,multi_behavior_sequence
296431,176162,3.978249,multi_behavior_sequence
296431,436360,3.976721,multi_behavior_sequence
296431,164121,3.942287,multi_behavior_sequence
296431,152198,3.876193,multi_behavior_sequence
299216,153708,2.82158,multi_behavior_sequence
299216,176484,2.774772,multi_behavior_sequence
299216,332721,2.48918,multi_behavior_sequence
299216,398489,2.42263,multi_behavior_sequence
299216,57245,2.408506,multi_behavior_sequence
299216,112566,2.408395,multi_behavior_sequence
299216,354585,2.394497,multi_behavior_sequence
299216,211478,2.26917,multi_behavior_sequence
299216,204494,2.218507,multi_behavior_sequence
299216,220468,2.212411,multi_behavior_sequence
303381,260621,6.529663,multi_behavior_sequence
303381,241555,6.131106,multi_behavior_sequence
303381,7943,5.99446,multi_behavior_sequence
303381,455183,5.831349,multi_behavior_sequence
303381,125275,5.767579,multi_behavior_sequence
303381,313736,5.704543,multi_behavior_sequence
303381,10572,5.616634,multi_behavior_sequence
303381,389135,5.513548,multi_behavior_sequence
303381,78729,5.312806,multi_behavior_sequence
303381,322887,5.13564,multi_behavior_sequence
304485,241555,3.616709,multi_behavior_sequence
304485,358565,3.55049,multi_behavior_sequence
304485,381265,3.525388,multi_behavior_sequence
304485,122219,3.326772,multi_behavior_sequence
304485,315543,3.261237,multi_behavior_sequence
304485,204209,3.140584,multi_behavior_sequence
304485,237030,3.129717,multi_behavior_sequence
304485,285061,3.119737,multi_behavior_sequence
304485,335533,3.088664,multi_behavior_sequence
304485,314789,3.067684,multi_behavior_sequence
306875,136524,3.305041,multi_behavior_sequence
306875,77769,3.294739,multi_behavior_sequence
306875,59842,3.218169,multi_behavior_sequence
306875,408218,3.198878,multi_behavior_sequence
306875,449489,3.182644,multi_behavior_sequence
306875,323137,3.098167,multi_behavior_sequence
306875,370395,3.071153,multi_behavior_sequence
306875,30308,3.025347,multi_behavior_sequence
306875,366177,2.966225,multi_behavior_sequence
306875,425726,2.934171,multi_behavior_sequence
307542,17323,4.095418,multi_behavior_sequence
307542,332592,4.018424,multi_behavior_sequence
307542,173028,3.8781,multi_behavior_sequence
307542,1786,3.84251,multi_behavior_sequence
307542,256769,3.74066,multi_behavior_sequence
307542,234199,3.730616,multi_behavior_sequence
307542,108322,3.712246,multi_behavior_sequence
307542,22625,3.655549,multi_behavior_sequence
307542,233861,3.644729,multi_behavior_sequence
307542,315089,3.621744,multi_behavior_sequence
308563,5190,4.405082,multi_behavior_sequence
308563,41662,4.121562,multi_behavior_sequence
308563,209050,4.115809,multi_behavior_sequence
308563,365044,4.105073,multi_behavior_sequence
308563,20542,4.104445,multi_behavior_sequence
308563,36278,3.985933,multi_behavior_sequence
308563,461891,3.97345,multi_behavior_sequence
308563,290163,3.92218,multi_behavior_sequence
308563,335592,3.879478,multi_behavior_sequence
308563,373455,3.829264,multi_behavior_sequence
30903,389135,4.540965,multi_behavior_sequence
30903,37115,4.058527,multi_behavior_sequence
30903,328696,4.009569,multi_behavior_sequence
30903,322887,3.923945,multi_behavior_sequence
30903,231482,3.889084,multi_behavior_sequence
30903,382885,3.653262,multi_behavior_sequence
30903,51969,3.625513,multi_behavior_sequence
30903,44826,3.599395,multi_behavior_sequence
30903,38965,3.580921,multi_behavior_sequence
30903,214264,3.530479,multi_behavior_sequence
310759,241209,6.500041,multi_behavior_sequence
310759,268210,6.428446,multi_behavior_sequence
310759,61345,6.271576,multi_behavior_sequence
310759,365986,6.197659,multi_behavior_sequence
310759,280495,6.18017,multi_behavior_sequence
310759,117730,5.988756,multi_behavior_sequence
310759,350384,5.971334,multi_behavior_sequence
310759,334823,5.816224,multi_behavior_sequence
310759,281003,5.810998,multi_behavior_sequence
310759,332107,5.782532,multi_behavior_sequence
310761,7943,5.268685,multi_behavior_sequence
310761,79956,4.491061,multi_behavior_sequence
310761,188227,4.433911,multi_behavior_sequence
310761,109598,4.328568,multi_behavior_sequence
310761,219782,4.287337,multi_behavior_sequence
310761,174409,4.266836,multi_behavior_sequence
310761,28072,4.244009,multi_behavior_sequence
310761,384157,4.176316,multi_behavior_sequence
310761,293733,4.154336,multi_behavior_sequence
310761,138427,4.103792,multi_behavior_sequence
311205,322717,3.805584,multi_behavior_sequence
311205,239058,3.764118,multi_behavior_sequence
311205,37029,3.606696,multi_behavior_sequence
311205,234255,3.546176,multi_behavior_sequence
311205,168927,3.458366,multi_behavior_sequence
311205,192288,3.449017,multi_behavior_sequence
311205,277247,3.354671,multi_behavior_sequence
311205,331884,3.32773,multi_behavior_sequence
311205,456056,3.320566,multi_behavior_sequence
311205,7943,3.291382,multi_behavior_sequence
311569,81998,2.483179,multi_behavior_sequence
311569,192721,2.295557,multi_behavior_sequence
311569,223998,2.277802,multi_behavior_sequence
311569,49621,2.14808,multi_behavior_sequence
311569,360610,2.115164,multi_behavior_sequence
311569,56762,2.056288,multi_behavior_sequence
311569,8070,2.043115,multi_behavior_sequence
311569,288342,2.036099,multi_behavior_sequence
311569,439371,2.028849,multi_behavior_sequence
311569,240088,2.016041,multi_behavior_sequence
31174,130094,4.000218,multi_behavior_sequence
31174,170239,3.960989,multi_behavior_sequence
31174,48130,3.893215,multi_behavior_sequence
31174,258508,3.781506,multi_behavior_sequence
31174,358565,3.771814,multi_behavior_sequence
31174,453432,3.717493,multi_behavior_sequence
31174,1684,3.63516,multi_behavior_sequence
31174,266843,3.592873,multi_behavior_sequence
31174,262186,3.59014,multi_behavior_sequence
31174,62599,3.548402,multi_behavior_sequence
312104,366177,3.737277,multi_behavior_sequence
312104,439963,3.702073,multi_behavior_sequence
312104,445351,3.677706,multi_behavior_sequence
312104,184199,3.462748,multi_behavior_sequence
312104,369158,3.419695,multi_behavior_sequence
312104,420960,3.413058,multi_behavior_sequence
312104,370442,3.255491,multi_behavior_sequence
312104,355393,3.229496,multi_behavior_sequence
312104,42002,3.210215,multi_behavior_sequence
312104,65273,3.20829,multi_behavior_sequence
315312,192138,4.457929,multi_behavior_sequence
315312,71733,4.262065,multi_behavior_sequence
315312,257420,4.072056,multi_behavior_sequence
315312,345373,4.018152,multi_behavior_sequence
315312,464812,3.952346,multi_behavior_sequence
315312,455804,3.912523,multi_behavior_sequence
315312,227311,3.806911,multi_behavior_sequence
315312,238865,3.786219,multi_behavior_sequence
315312,33947,3.702874,multi_behavior_sequence
315312,362480,3.677588,multi_behavior_sequence
316600,46232,7.247459,multi_behavior_sequence
316600,461686,7.225108,multi_behavior_sequence
316600,92466,6.791139,multi_behavior_sequence
316600,30479,6.589613,multi_behavior_sequence
316600,371928,6.378714,multi_behavior_sequence
316600,416017,6.358463,multi_behavior_sequence
316600,96904,6.074238,multi_behavior_sequence
316600,546,5.946463,multi_behavior_sequence
316600,450760,5.928906,multi_behavior_sequence
316600,400077,5.863512,multi_behavior_sequence
316850,130226,5.866815,multi_behavior_sequence
316850,12217,5.834819,multi_behavior_sequence
316850,37115,5.567691,multi_behavior_sequence
316850,51969,5.56323,multi_behavior_sequence
316850,51275,5.094849,multi_behavior_sequence
316850,421993,5.053101,multi_behavior_sequence
316850,312728,5.018918,multi_behavior_sequence
316850,194165,4.999918,multi_behavior_sequence
316850,100282,4.979479,multi_behavior_sequence
316850,407952,4.932621,multi_behavior_sequence
317355,81473,4.340392,multi_behavior_sequence
317355,414432,4.10405,multi_behavior_sequence
317355,107503,3.843101,multi_behavior_sequence
317355,45137,3.684952,multi_behavior_sequence
317355,386527,3.631818,multi_behavior_sequence
317355,459835,3.615071,multi_behavior_sequence
317355,319741,3.5997,multi_behavior_sequence
317355,349594,3.498641,multi_behavior_sequence
317355,21300,3.462852,multi_behavior_sequence
317355,38616,3.432111,multi_behavior_sequence
319048,9877,4.763536,multi_behavior_sequence
319048,38965,4.373173,multi_behavior_sequence
319048,188051,4.322104,multi_behavior_sequence
319048,342530,4.139362,multi_behavior_sequence
319048,338794,4.064976,multi_behavior_sequence
319048,546,4.024143,multi_behavior_sequence
319048,234255,3.960286,multi_behavior_sequence
319048,46232,3.93746,multi_behavior_sequence
319048,295023,3.916634,multi_behavior_sequence
319048,158666,3.904802,multi_behavior_sequence
319208,259078,3.117703,multi_behavior_sequence
319208,338530,3.054979,multi_behavior_sequence
319208,203850,2.970679,multi_behavior_sequence
319208,441158,2.822734,multi_behavior_sequence
319208,224178,2.706147,multi_behavior_sequence
319208,374873,2.688896,multi_behavior_sequence
319208,404026,2.584588,multi_behavior_sequence
319208,366282,2.567087,multi_behavior_sequence
319208,254510,2.55857,multi_behavior_sequence
319208,91086,2.527998,multi_behavior_sequence
321381,398489,4.22891,multi_behavior_sequence
321381,341486,3.745357,multi_behavior_sequence
321381,394005,3.742443,multi_behavior_sequence
321381,182131,3.6951,multi_behavior_sequence
321381,51767,3.629062,multi_behavior_sequence
321381,72911,3.577489,multi_behavior_sequence
321381,359567,3.563216,multi_behavior_sequence
321381,70561,3.516662,multi_behavior_sequence
321381,412404,3.482483,multi_behavior_sequence
321381,244027,3.416165,multi_behavior_sequence
321559,369447,3.33,multi_behavior_sequence
321559,395749,3.25758,multi_behavior_sequence
321559,63136,3.047952,multi_behavior_sequence
321559,84468,2.958046,multi_behavior_sequence
321559,126354,2.927537,multi_behavior_sequence
321559,413990,2.899185,multi_behavior_sequence
321559,341329,2.82105,multi_behavior_sequence
321559,352799,2.804662,multi_behavior_sequence
321559,201515,2.800131,multi_behavior_sequence
321559,367452,2.78579,multi_behavior_sequence
322384,241555,4.497451,multi_behavior_sequence
322384,301379,4.385283,multi_behavior_sequence
322384,343375,4.250054,multi_behavior_sequence
322384,224862,3.917745,multi_behavior_sequence
322384,374633,3.879149,multi_behavior_sequence
322384,167039,3.844222,multi_behavior_sequence
322384,320148,3.711371,multi_behavior_sequence
322384,89188,3.69911,multi_behavior_sequence
322384,407661,3.678436,multi_behavior_sequence
322384,192915,3.659511,multi_behavior_sequence
32252,341012,1.996173,multi_behavior_sequence
32252,301235,1.793513,multi_behavior_sequence
32252,38616,1.767431,multi_behavior_sequence
32252,247138,1.701216,multi_behavior_sequence
32252,234255,1.695258,multi_behavior_sequence
32252,62599,1.657789,multi_behavior_sequence
32252,1171,1.63709,multi_behavior_sequence
32252,315543,1.578463,multi_behavior_sequence
32252,143860,1.571345,multi_behavior_sequence
32252,35644,1.557289,multi_behavior_sequence
325780,393809,2.922266,multi_behavior_sequence
325780,407661,2.887345,multi_behavior_sequence
325780,259501,2.798106,multi_behavior_sequence
325780,415081,2.654748,multi_behavior_sequence
325780,17655,2.507952,multi_behavior_sequence
325780,115057,2.496745,multi_behavior_sequence
325780,1945,2.478432,multi_behavior_sequence
325780,167039,2.454164,multi_behavior_sequence
325780,409069,2.448586,multi_behavior_sequence
325780,435481,2.437739,multi_behavior_sequence
326575,268335,4.582815,multi_behavior_sequence
326575,7943,4.353576,multi_behavior_sequence
326575,51969,4.274819,multi_behavior_sequence
326575,40635,4.178017,multi_behavior_sequence
326575,378517,4.087135,multi_behavior_sequence
326575,241555,3.947647,multi_behavior_sequence
326575,213102,3.929019,multi_behavior_sequence
326575,461686,3.90708,multi_behavior_sequence
326575,405770,3.897899,multi_behavior_sequence
326575,355741,3.854843,multi_behavior_sequence
327437,456056,4.926349,multi_behavior_sequence
327437,398489,4.06241,multi_behavior_sequence
327437,275625,3.68327,multi_behavior_sequence
327437,167978,3.60763,multi_behavior_sequence
327437,447848,3.587492,multi_behavior_sequence
327437,48030,3.550457,multi_behavior_sequence
327437,460187,3.450229,multi_behavior_sequence
327437,444931,3.441688,multi_behavior_sequence
327437,46924,3.427273,multi_behavior_sequence
327437,179601,3.411747,multi_behavior_sequence
327998,84321,4.405312,multi_behavior_sequence
327998,375169,4.084064,multi_behavior_sequence
327998,276228,4.030154,multi_behavior_sequence
327998,134255,3.820331,multi_behavior_sequence
327998,178406,3.773062,multi_behavior_sequence
327998,333147,3.737779,multi_behavior_sequence
327998,396732,3.714123,multi_behavior_sequence
327998,337101,3.677123,multi_behavior_sequence
327998,343375,3.658331,multi_behavior_sequence
327998,224191,3.645215,multi_behavior_sequence
331366,241555,5.018275,multi_behavior_sequence
331366,82377,4.559223,multi_behavior_sequence
331366,32398,4.00467,multi_behavior_sequence
331366,174489,3.93062,multi_behavior_sequence
331366,444948,3.899622,multi_behavior_sequence
331366,45658,3.815594,multi_behavior_sequence
331366,325310,3.771991,multi_behavior_sequence
331366,338395,3.682712,multi_behavior_sequence
331366,386160,3.67285,multi_behavior_sequence
331366,362760,3.663861,multi_behavior_sequence
331925,304920,4.059241,multi_behavior_sequence
331925,361499,3.8906,multi_behavior_sequence
331925,314285,3.544775,multi_behavior_sequence
331925,240558,3.495708,multi_behavior_sequence
331925,317068,3.46705,multi_behavior_sequence
331925,465951,3.373257,multi_behavior_sequence
331925,76060,3.358669,multi_behavior_sequence
331925,420960,3.314521,multi_behavior_sequence
331925,219553,3.299309,multi_behavior_sequence
331925,416357,3.278715,multi_behavior_sequence
334334,345382,5.048068,multi_behavior_sequence
334334,174627,4.790838,multi_behavior_sequence
334334,396560,4.654064,multi_behavior_sequence
334334,453764,4.453203,multi_behavior_sequence
334334,46391,4.296372,multi_behavior_sequence
334334,134604,4.287341,multi_behavior_sequence
334334,293139,4.279434,multi_behavior_sequence
334334,299306,4.25425,multi_behavior_sequence
334334,150857,4.224648,multi_behavior_sequence
334334,192288,4.083229,multi_behavior_sequence
33604,129332,2.433172,multi_behavior_sequence
33604,416357,2.276791,multi_behavior_sequence
33604,361499,2.211971,multi_behavior_sequence
33604,63136,2.169158,multi_behavior_sequence
33604,315176,2.016278,multi_behavior_sequence
33604,162657,1.994949,multi_behavior_sequence
33604,201515,1.984821,multi_behavior_sequence
33604,310816,1.981584,multi_behavior_sequence
33604,166693,1.966101,multi_behavior_sequence
33604,403996,1.956172,multi_behavior_sequence
338061,456056,5.228307,multi_behavior_sequence
338061,283269,4.233098,multi_behavior_sequence
338061,303828,4.188824,multi_behavior_sequence
338061,274443,4.185717,multi_behavior_sequence
338061,172894,4.149132,multi_behavior_sequence
338061,279332,4.001244,multi_behavior_sequence
338061,369158,3.969865,multi_behavior_sequence
338061,322190,3.967111,multi_behavior_sequence
338061,263980,3.949893,multi_behavior_sequence
338061,58086,3.916761,multi_behavior_sequence
339526,438466,3.326861,multi_behavior_sequence
339526,445134,3.217852,multi_behavior_sequence
339526,461199,3.162093,multi_behavior_sequence
339526,375160,3.160223,multi_behavior_sequence
339526,153649,3.155265,multi_behavior_sequence
339526,1634,3.154273,multi_behavior_sequence
339526,313825,3.151456,multi_behavior_sequence
339526,464683,3.135734,multi_behavior_sequence
339526,2657,3.096543,multi_behavior_sequence
339526,362339,3.078622,multi_behavior_sequence
340753,139918,3.031229,multi_behavior_sequence
340753,358565,2.995409,multi_behavior_sequence
340753,394678,2.831042,multi_behavior_sequence
340753,202268,2.709579,multi_behavior_sequence
340753,277183,2.617671,multi_behavior_sequence
340753,169233,2.536316,multi_behavior_sequence
340753,57492,2.490653,multi_behavior_sequence
340753,256146,2.463903,multi_behavior_sequence
340753,278208,2.427927,multi_behavior_sequence
340753,20098,2.409734,multi_behavior_sequence
341900,312728,6.064703,multi_behavior_sequence
341900,416017,4.425621,multi_behavior_sequence
341900,7943,4.084179,multi_behavior_sequence
341900,314942,3.998151,multi_behavior_sequence
341900,104848,3.921841,multi_behavior_sequence
341900,46232,3.919986,multi_behavior_sequence
341900,313163,3.815137,multi_behavior_sequence
341900,371155,3.780236,multi_behavior_sequence
341900,67423,3.741107,multi_behavior_sequence
341900,332629,3.735238,multi_behavior_sequence
342626,264917,5.441428,multi_behavior_sequence
342626,215258,4.848956,multi_behavior_sequence
342626,208650,4.812032,multi_behavior_sequence
342626,42813,4.755631,multi_behavior_sequence
342626,318785,4.696765,multi_behavior_sequence
342626,233920,4.613288,multi_behavior_sequence
342626,174284,4.599813,multi_behavior_sequence
342626,310775,4.533252,multi_behavior_sequence
342626,409323,4.53056,multi_behavior_sequence
342626,358697,4.410168,multi_behavior_sequence
343137,2463,4.738143,multi_behavior_sequence
343137,325310,4.596383,multi_behavior_sequence
343137,418609,4.594497,multi_behavior_sequence
343137,278208,4.48114,multi_behavior_sequence
343137,176669,4.427491,multi_behavior_sequence
343137,241555,4.330316,multi_behavior_sequence
343137,437778,4.180479,multi_behavior_sequence
343137,118914,4.17638,multi_behavior_sequence
343137,174489,4.099708,multi_behavior_sequence
343137,172894,4.077561,multi_behavior_sequence
343659,328476,3.440311,multi_behavior_sequence
343659,100282,3.307197,multi_behavior_sequence
343659,176484,3.264925,multi_behavior_sequence
343659,46232,3.220574,multi_behavior_sequence
343659,234255,3.218959,multi_behavior_sequence
343659,546,3.160975,multi_behavior_sequence
343659,7943,3.132116,multi_behavior_sequence
343659,168927,3.122901,multi_behavior_sequence
343659,348154,3.088683,multi_behavior_sequence
343659,37029,3.071652,multi_behavior_sequence
345276,456056,6.253947,multi_behavior_sequence
345276,150882,4.942519,multi_behavior_sequence
345276,273144,4.829059,multi_behavior_sequence
345276,147005,4.735138,multi_behavior_sequence
345276,85914,4.244008,multi_behavior_sequence
345276,207825,4.18417,multi_behavior_sequence
345276,372169,4.183926,multi_behavior_sequence
345276,79956,4.169343,multi_behavior_sequence
345276,372188,4.053948,multi_behavior_sequence
345276,274443,4.029863,multi_behavior_sequence
346597,458450,4.670181,multi_behavior_sequence
346597,64669,4.239842,multi_behavior_sequence
346597,368702,4.159082,multi_behavior_sequence
346597,379337,4.108387,multi_behavior_sequence
346597,345136,4.035795,multi_behavior_sequence
346597,103497,4.023495,multi_behavior_sequence
346597,267403,4.01801,multi_behavior_sequence
346597,4887,3.978513,multi_behavior_sequence
346597,81473,3.928988,multi_behavior_sequence
346597,273761,3.910825,multi_behavior_sequence
348951,150882,4.742176,multi_behavior_sequence
348951,241555,4.579609,multi_behavior_sequence
348951,213834,4.482445,multi_behavior_sequence
348951,456056,4.341087,multi_behavior_sequence
348951,9877,4.309261,multi_behavior_sequence
348951,338395,4.178591,multi_behavior_sequence
348951,400442,4.172216,multi_behavior_sequence
348951,325310,4.017482,multi_behavior_sequence
348951,450082,4.016516,multi_behavior_sequence
348951,45175,4.012559,multi_behavior_sequence
350566,461686,4.701279,multi_behavior_sequence
350566,332691,4.480503,multi_behavior_sequence
350566,363109,4.457146,multi_behavior_sequence
350566,248455,4.403493,multi_behavior_sequence
350566,176484,4.354144,multi_behavior_sequence
350566,408218,4.327031,multi_behavior_sequence
350566,157725,4.244327,multi_behavior_sequence
350566,199233,4.14802,multi_behavior_sequence
350566,313163,4.128139,multi_behavior_sequence
350566,346892,4.095421,multi_behavior_sequence
35190,341211,4.666374,multi_behavior_sequence
35190,265273,4.657948,multi_behavior_sequence
35190,400962,4.570378,multi_behavior_sequence
35190,32701,4.461284,multi_behavior_sequence
35190,100507,4.367603,multi_behavior_sequence
35190,183439,4.322217,multi_behavior_sequence
35190,147423,4.133435,multi_behavior_sequence
35190,17655,4.089229,multi_behavior_sequence
35190,55140,4.007513,multi_behavior_sequence
35190,264574,3.990891,multi_behavior_sequence
353847,154171,4.999232,multi_behavior_sequence
353847,309367,4.6162,multi_behavior_sequence
353847,12984,4.358536,multi_behavior_sequence
353847,404035,4.329044,multi_behavior_sequence
353847,454562,4.312281,multi_behavior_sequence
353847,215715,4.300376,multi_behavior_sequence
353847,441974,4.276592,multi_behavior_sequence
353847,313205,4.210356,multi_behavior_sequence
353847,358697,4.120181,multi_behavior_sequence
353847,173921,4.055116,multi_behavior_sequence
354041,259078,2.44022,multi_behavior_sequence
354041,393809,2.439293,multi_behavior_sequence
354041,413990,2.435383,multi_behavior_sequence
354041,371909,2.404009,multi_behavior_sequence
354041,456276,2.352303,multi_behavior_sequence
354041,201515,2.329936,multi_behavior_sequence
354041,366282,2.257775,multi_behavior_sequence
354041,202052,2.244218,multi_behavior_sequence
354041,224178,2.165141,multi_behavior_sequence
354041,329181,2.163639,multi_behavior_sequence
354084,7943,3.539909,multi_behavior_sequence
354084,130226,3.320246,multi_behavior_sequence
354084,260621,3.261113,multi_behavior_sequence
354084,357949,3.260516,multi_behavior_sequence
354084,80858,3.251174,multi_behavior_sequence
354084,86532,3.095221,multi_behavior_sequence
354084,386947,3.089322,multi_behavior_sequence
354084,270144,3.083879,multi_behavior_sequence
354084,207865,3.056289,multi_behavior_sequence
354084,264917,3.038782,multi_behavior_sequence
354785,143866,3.960555,multi_behavior_sequence
354785,352931,3.856398,multi_behavior_sequence
354785,396064,3.778716,multi_behavior_sequence
354785,209626,3.63895,multi_behavior_sequence
354785,75710,3.564027,multi_behavior_sequence
354785,413990,3.548245,multi_behavior_sequence
354785,366141,3.455071,multi_behavior_sequence
354785,355301,3.44067,multi_behavior_sequence
354785,199646,3.428931,multi_behavior_sequence
354785,420555,3.411316,multi_behavior_sequence
356005,312728,3.519112,multi_behavior_sequence
356005,332333,3.332023,multi_behavior_sequence
356005,225105,3.301098,multi_behavior_sequence
356005,150103,3.265445,multi_behavior_sequence
356005,373690,3.260449,multi_behavior_sequence
356005,128745,3.255689,multi_behavior_sequence
356005,294242,3.240812,multi_behavior_sequence
356005,321089,3.235611,multi_behavior_sequence
356005,217278,3.212119,multi_behavior_sequence
356005,191106,3.185791,multi_behavior_sequence
358516,159813,3.597888,multi_behavior_sequence
358516,313736,3.594055,multi_behavior_sequence
358516,30308,3.46038,multi_behavior_sequence
358516,147879,3.42798,multi_behavior_sequence
358516,396732,3.396527,multi_behavior_sequence
358516,257308,3.372981,multi_behavior_sequence
358516,16789,3.364731,multi_behavior_sequence
358516,286731,3.330595,multi_behavior_sequence
358516,272324,3.294279,multi_behavior_sequence
358516,246361,3.247607,multi_behavior_sequence
360295,184199,5.485425,multi_behavior_sequence
360295,456056,5.004273,multi_behavior_sequence
360295,369158,4.918565,multi_behavior_sequence
360295,110421,4.886925,multi_behavior_sequence
360295,401896,4.60196,multi_behavior_sequence
360295,445351,4.559659,multi_behavior_sequence
360295,322190,4.467897,multi_behavior_sequence
360295,172894,4.385036,multi_behavior_sequence
360295,279332,4.297678,multi_behavior_sequence
360295,326590,4.208488,multi_behavior_sequence
360921,228903,4.789367,multi_behavior_sequence
360921,131080,4.468729,multi_behavior_sequence
360921,414432,4.364359,multi_behavior_sequence
360921,390379,4.360306,multi_behavior_sequence
360921,54964,4.227756,multi_behavior_sequence
360921,237524,3.881782,multi_behavior_sequence
360921,56373,3.652338,multi_behavior_sequence
360921,265783,3.65178,multi_behavior_sequence
360921,210373,3.628165,multi_behavior_sequence
360921,82043,3.6228,multi_behavior_sequence
361041,46232,7.952589,multi_behavior_sequence
361041,190000,7.428147,multi_behavior_sequence
361041,119736,7.201816,multi_behavior_sequence
361041,456056,6.98682,multi_behavior_sequence
361041,188051,6.911231,multi_behavior_sequence
361041,328476,6.586319,multi_behavior_sequence
361041,294242,6.486045,multi_behavior_sequence
361041,213834,6.483931,multi_behavior_sequence
361041,369158,6.377353,multi_behavior_sequence
361041,382885,6.337029,multi_behavior_sequence
361470,318785,4.251572,multi_behavior_sequence
361470,239896,3.870763,multi_behavior_sequence
361470,325306,3.677675,multi_behavior_sequence
361470,429765,3.575575,multi_behavior_sequence
361470,136182,3.355853,multi_behavior_sequence
361470,279436,3.326683,multi_behavior_sequence
361470,107414,3.259477,multi_behavior_sequence
361470,212782,3.224818,multi_behavior_sequence
361470,271896,3.217894,multi_behavior_sequence
361470,158595,3.215212,multi_behavior_sequence
363660,136182,2.769585,multi_behavior_sequence
363660,204761,2.751198,multi_behavior_sequence
363660,288340,2.60381,multi_behavior_sequence
363660,146471,2.564985,multi_behavior_sequence
363660,399674,2.561404,multi_behavior_sequence
363660,318785,2.49451,multi_behavior_sequence
363660,386049,2.428592,multi_behavior_sequence
363660,7943,2.385647,multi_behavior_sequence
363660,340327,2.322755,multi_behavior_sequence
363660,215363,2.32112,multi_behavior_sequence
367987,262982,3.004261,multi_behavior_sequence
367987,90240,2.670097,multi_behavior_sequence
367987,227777,2.666489,multi_behavior_sequence
367987,286924,2.579818,multi_behavior_sequence
367987,430292,2.532662,multi_behavior_sequence
367987,265810,2.518883,multi_behavior_sequence
367987,351125,2.440984,multi_behavior_sequence
367987,415884,2.393408,multi_behavior_sequence
367987,112321,2.373612,multi_behavior_sequence
367987,445134,2.336722,multi_behavior_sequence
368401,300394,3.549299,multi_behavior_sequence
368401,329974,3.285704,multi_behavior_sequence
368401,245852,3.234768,multi_behavior_sequence
368401,428644,2.995485,multi_behavior_sequence
368401,2455,2.960367,multi_behavior_sequence
368401,150103,2.901455,multi_behavior_sequence
368401,140262,2.900543,multi_behavior_sequence
368401,244420,2.872375,multi_behavior_sequence
368401,120050,2.8603,multi_behavior_sequence
368401,148513,2.856467,multi_behavior_sequence
371257,245085,4.209187,multi_behavior_sequence
371257,186391,3.908955,multi_behavior_sequence
371257,278208,3.779821,multi_behavior_sequence
371257,274610,3.654415,multi_behavior_sequence
371257,356537,3.551931,multi_behavior_sequence
371257,310775,3.527774,multi_behavior_sequence
371257,170527,3.497422,multi_behavior_sequence
371257,23905,3.391011,multi_behavior_sequence
371257,355874,3.3887,multi_behavior_sequence
371257,20773,3.33001,multi_behavior_sequence
371604,204494,5.3844,multi_behavior_sequence
371604,442131,5.02108,multi_behavior_sequence
371604,228644,4.993489,multi_behavior_sequence
371604,223003,4.861958,multi_behavior_sequence
371604,437122,4.616801,multi_behavior_sequence
371604,427357,4.575728,multi_behavior_sequence
371604,248455,4.479395,multi_behavior_sequence
371604,1653,4.375998,multi_behavior_sequence
371604,170262,4.361515,multi_behavior_sequence
371604,306544,4.272982,multi_behavior_sequence
371606,428272,6.940687,multi_behavior_sequence
371606,303161,6.017106,multi_behavior_sequence
371606,147955,5.872713,multi_behavior_sequence
371606,450082,5.800525,multi_behavior_sequence
371606,188051,5.788628,multi_behavior_sequence
371606,184199,5.735085,multi_behavior_sequence
371606,322190,5.733553,multi_behavior_sequence
371606,378517,5.704166,multi_behavior_sequence
371606,244717,5.691964,multi_behavior_sequence
371606,190000,5.666265,multi_behavior_sequence
37581,218746,3.201485,multi_behavior_sequence
37581,15327,2.411102,multi_behavior_sequence
37581,121119,2.405843,multi_behavior_sequence
37581,350764,2.303547,multi_behavior_sequence
37581,456056,2.296201,multi_behavior_sequence
37581,434054,2.239903,multi_behavior_sequence
37581,34933,2.223676,multi_behavior_sequence
37581,125275,2.206129,multi_behavior_sequence
37581,274443,2.195139,multi_behavior_sequence
37581,145159,2.194373,multi_behavior_sequence
379058,184903,3.91349,multi_behavior_sequence
379058,441250,3.768624,multi_behavior_sequence
379058,326686,3.73999,multi_behavior_sequence
379058,115764,3.656667,multi_behavior_sequence
379058,105869,3.623681,multi_behavior_sequence
379058,103322,3.518115,multi_behavior_sequence
379058,304846,3.494946,multi_behavior_sequence
379058,437006,3.492562,multi_behavior_sequence
379058,55779,3.487656,multi_behavior_sequence
379058,178608,3.461869,multi_behavior_sequence
379932,104342,3.452671,multi_behavior_sequence
379932,290003,3.344008,multi_behavior_sequence
379932,462188,3.242506,multi_behavior_sequence
379932,264179,3.020994,multi_behavior_sequence
379932,58638,2.89969,multi_behavior_sequence
379932,445135,2.871351,multi_behavior_sequence
379932,37029,2.857105,multi_behavior_sequence
379932,11711,2.818208,multi_behavior_sequence
379932,377380,2.789685,multi_behavior_sequence
379932,248455,2.704465,multi_behavior_sequence
38015,241555,5.422333,multi_behavior_sequence
38015,103003,4.336891,multi_behavior_sequence
38015,82377,4.331144,multi_behavior_sequence
38015,287811,4.154795,multi_behavior_sequence
38015,32398,4.146834,multi_behavior_sequence
38015,288525,4.110606,multi_behavior_sequence
38015,365821,4.101666,multi_behavior_sequence
38015,301379,4.055128,multi_behavior_sequence
38015,345409,4.045799,multi_behavior_sequence
38015,136587,3.8284,multi_behavior_sequence
381477,207825,5.236213,multi_behavior_sequence
381477,546,5.123823,multi_behavior_sequence
381477,213834,5.000003,multi_behavior_sequence
381477,456056,4.995917,multi_behavior_sequence
381477,119736,4.951126,multi_behavior_sequence
381477,366734,4.854825,multi_behavior_sequence
381477,208939,4.626608,multi_behavior_sequence
381477,377863,4.553002,multi_behavior_sequence
381477,120098,4.52179,multi_behavior_sequence
381477,328476,4.427094,multi_behavior_sequence
382711,446820,4.829137,multi_behavior_sequence
382711,389158,4.316765,multi_behavior_sequence
382711,20388,4.259025,multi_behavior_sequence
382711,49601,4.167334,multi_behavior_sequence
382711,293139,4.164827,multi_behavior_sequence
382711,260415,4.072393,multi_behavior_sequence
382711,363044,4.040954,multi_behavior_sequence
382711,265082,3.861751,multi_behavior_sequence
382711,179834,3.820461,multi_behavior_sequence
382711,385755,3.769169,multi_behavior_sequence
383275,76512,3.817009,multi_behavior_sequence
383275,430292,3.619483,multi_behavior_sequence
383275,119691,3.563214,multi_behavior_sequence
383275,397424,3.537994,multi_behavior_sequence
383275,181204,3.455436,multi_behavior_sequence
383275,331056,3.439364,multi_behavior_sequence
383275,70500,3.343518,multi_behavior_sequence
383275,34269,3.322854,multi_behavior_sequence
383275,168963,3.313858,multi_behavior_sequence
383275,348728,3.299929,multi_behavior_sequence
383445,322717,4.165985,multi_behavior_sequence
383445,67486,3.932424,multi_behavior_sequence
383445,418609,3.897986,multi_behavior_sequence
383445,341578,3.665091,multi_behavior_sequence
383445,85334,3.563471,multi_behavior_sequence
383445,417927,3.562171,multi_behavior_sequence
383445,331884,3.338752,multi_behavior_sequence
383445,363645,3.331312,multi_behavior_sequence
383445,375854,3.246341,multi_behavior_sequence
383445,37029,3.241761,multi_behavior_sequence
385559,144635,3.78826,multi_behavior_sequence
385559,439371,3.559264,multi_behavior_sequence
385559,3914,3.440208,multi_behavior_sequence
385559,445351,3.384507,multi_behavior_sequence
385559,116624,3.302918,multi_behavior_sequence
385559,51724,3.16689,multi_behavior_sequence
385559,260581,3.130462,multi_behavior_sequence
385559,461199,3.072659,multi_behavior_sequence
385559,55955,3.010574,multi_behavior_sequence
385559,296795,2.984998,multi_behavior_sequence
387144,46232,5.72615,multi_behavior_sequence
387144,354585,5.31569,multi_behavior_sequence
387144,456056,5.177724,multi_behavior_sequence
387144,409804,5.145231,multi_behavior_sequence
387144,20968,5.085993,multi_behavior_sequence
387144,444931,5.075109,multi_behavior_sequence
387144,80554,5.032825,multi_behavior_sequence
387144,257655,4.911503,multi_behavior_sequence
387144,325852,4.886104,multi_behavior_sequence
387144,328476,4.855059,multi_behavior_sequence
388200,4887,4.933743,multi_behavior_sequence
388200,13556,4.155228,multi_behavior_sequence
388200,427591,3.978668,multi_behavior_sequence
388200,32581,3.973433,multi_behavior_sequence
388200,404121,3.819671,multi_behavior_sequence
388200,254423,3.804734,multi_behavior_sequence
388200,432357,3.793453,multi_behavior_sequence
388200,340800,3.755096,multi_behavior_sequence
388200,352799,3.721186,multi_behavior_sequence
388200,377863,3.698496,multi_behavior_sequence
388556,228903,2.866153,multi_behavior_sequence
388556,310816,2.616489,multi_behavior_sequence
388556,40870,2.611732,multi_behavior_sequence
388556,415884,2.552284,multi_behavior_sequence
388556,170239,2.549181,multi_behavior_sequence
388556,268210,2.542032,multi_behavior_sequence
388556,132772,2.519324,multi_behavior_sequence
388556,416357,2.51382,multi_behavior_sequence
388556,103265,2.48758,multi_behavior_sequence
388556,458178,2.487123,multi_behavior_sequence
388612,125092,2.893334,multi_behavior_sequence
388612,141992,2.727267,multi_behavior_sequence
388612,414432,2.694885,multi_behavior_sequence
388612,429672,2.62583,multi_behavior_sequence
388612,272770,2.478671,multi_behavior_sequence
388612,437006,2.477802,multi_behavior_sequence
388612,97010,2.443861,multi_behavior_sequence
388612,158677,2.407859,multi_behavior_sequence
388612,46232,2.400017,multi_behavior_sequence
388612,51275,2.394697,multi_behavior_sequence
389135,213834,5.320255,multi_behavior_sequence
389135,9877,5.114778,multi_behavior_sequence
389135,119736,5.068508,multi_behavior_sequence
389135,190000,4.945755,multi_behavior_sequence
389135,241555,4.928111,multi_behavior_sequence
389135,184199,4.9143,multi_behavior_sequence
389135,382885,4.848794,multi_behavior_sequence
389135,219512,4.825934,multi_behavior_sequence
389135,38965,4.787372,multi_behavior_sequence
389135,288525,4.752983,multi_behavior_sequence
389532,273144,5.092597,multi_behavior_sequence
389532,372188,4.52961,multi_behavior_sequence
389532,283766,4.198685,multi_behavior_sequence
389532,355200,4.196708,multi_behavior_sequence
389532,301235,4.169084,multi_behavior_sequence
389532,397236,4.11653,multi_behavior_sequence
389532,363109,4.053711,multi_behavior_sequence
389532,167126,4.017087,multi_behavior_sequence
389532,71733,3.963131,multi_behavior_sequence
389532,369158,3.960687,multi_behavior_sequence
391066,165511,3.797878,multi_behavior_sequence
391066,356668,3.429235,multi_behavior_sequence
391066,63136,3.309674,multi_behavior_sequence
391066,300394,3.284778,multi_behavior_sequence
391066,433216,3.209507,multi_behavior_sequence
391066,433596,3.174673,multi_behavior_sequence
391066,110748,3.115199,multi_behavior_sequence
391066,261990,3.110395,multi_behavior_sequence
391066,140532,3.082102,multi_behavior_sequence
391066,82576,3.036556,multi_behavior_sequence
392752,361499,3.110734,multi_behavior_sequence
392752,147423,2.989153,multi_behavior_sequence
392752,143247,2.900942,multi_behavior_sequence
392752,416357,2.893761,multi_behavior_sequence
392752,227591,2.868907,multi_behavior_sequence
392752,183226,2.862562,multi_behavior_sequence
392752,336645,2.854606,multi_behavior_sequence
392752,19408,2.827265,multi_behavior_sequence
392752,329977,2.817544,multi_behavior_sequence
392752,100507,2.786633,multi_behavior_sequence
394049,312728,2.978691,multi_behavior_sequence
394049,445351,2.855403,multi_behavior_sequence
394049,79975,2.515763,multi_behavior_sequence
394049,176484,2.503443,multi_behavior_sequence
394049,208939,2.482763,multi_behavior_sequence
394049,278792,2.466927,multi_behavior_sequence
394049,184199,2.45473,multi_behavior_sequence
394049,348154,2.416491,multi_behavior_sequence
394049,100393,2.401723,multi_behavior_sequence
394049,100282,2.400752,multi_behavior_sequence
398192,221980,3.539955,multi_behavior_sequence
398192,268491,3.412316,multi_behavior_sequence
398192,337850,3.407875,multi_behavior_sequence
398192,130371,3.38709,multi_behavior_sequence
398192,182131,3.288312,multi_behavior_sequence
398192,98425,3.271921,multi_behavior_sequence
398192,308967,3.269328,multi_behavior_sequence
398192,398489,3.12249,multi_behavior_sequence
398192,20773,3.104745,multi_behavior_sequence
398192,335975,3.102896,multi_behavior_sequence
400159,363663,4.077494,multi_behavior_sequence
400159,309778,3.962209,multi_behavior_sequence
400159,157318,3.94066,multi_behavior_sequence
400159,259405,3.732994,multi_behavior_sequence
400159,427357,3.658889,multi_behavior_sequence
400159,457412,3.563638,multi_behavior_sequence
400159,235796,3.465857,multi_behavior_sequence
400159,325852,3.408101,multi_behavior_sequence
400159,199233,3.379147,multi_behavior_sequence
400159,46156,3.322923,multi_behavior_sequence
400676,238865,4.553866,multi_behavior_sequence
400676,433213,4.286529,multi_behavior_sequence
400676,115788,4.26093,multi_behavior_sequence
400676,291877,4.124859,multi_behavior_sequence
400676,456056,4.060601,multi_behavior_sequence
400676,334401,4.001632,multi_behavior_sequence
400676,402460,3.880323,multi_behavior_sequence
400676,386724,3.740464,multi_behavior_sequence
400676,111070,3.727029,multi_behavior_sequence
400676,369158,3.693225,multi_behavior_sequence
401352,446820,4.749439,multi_behavior_sequence
401352,192288,4.258727,multi_behavior_sequence
401352,98071,4.150366,multi_behavior_sequence
401352,330840,4.085424,multi_behavior_sequence
401352,14932,4.061066,multi_behavior_sequence
401352,122219,4.013078,multi_behavior_sequence
401352,30336,3.970183,multi_behavior_sequence
401352,63499,3.846512,multi_behavior_sequence
401352,126484,3.72438,multi_behavior_sequence
401352,345382,3.661274,multi_behavior_sequence
403567,288340,4.890105,multi_behavior_sequence
403567,243355,4.777651,multi_behavior_sequence
403567,48030,4.750696,multi_behavior_sequence
403567,177201,4.597348,multi_behavior_sequence
403567,215363,4.428505,multi_behavior_sequence
403567,146471,4.400353,multi_behavior_sequence
403567,84947,4.282125,multi_behavior_sequence
403567,5940,4.177135,multi_behavior_sequence
403567,28164,4.171789,multi_behavior_sequence
403567,11279,4.121071,multi_behavior_sequence
404403,332721,4.379916,multi_behavior_sequence
404403,355325,4.276505,multi_behavior_sequence
404403,246532,4.16676,multi_behavior_sequence
404403,465824,4.062605,multi_behavior_sequence
404403,167126,3.958004,multi_behavior_sequence
404403,279457,3.877546,multi_behavior_sequence
404403,58233,3.849406,multi_behavior_sequence
404403,243795,3.788897,multi_behavior_sequence
404403,99936,3.771822,multi_behavior_sequence
404403,463118,3.770831,multi_behavior_sequence
406115,153099,3.00459,multi_behavior_sequence
406115,268491,2.994936,multi_behavior_sequence
406115,170353,2.825127,multi_behavior_sequence
406115,20773,2.773847,multi_behavior_sequence
406115,130371,2.767151,multi_behavior_sequence
406115,437778,2.730854,multi_behavior_sequence
406115,398489,2.726876,multi_behavior_sequence
406115,315158,2.691492,multi_behavior_sequence
406115,361427,2.670626,multi_behavior_sequence
406115,122219,2.658659,multi_behavior_sequence
407882,82576,3.945719,multi_behavior_sequence
407882,259078,3.829108,multi_behavior_sequence
407882,443344,3.741916,multi_behavior_sequence
407882,435670,3.332997,multi_behavior_sequence
407882,201515,3.283684,multi_behavior_sequence
407882,85219,3.196172,multi_behavior_sequence
407882,58233,3.140584,multi_behavior_sequence
407882,52338,3.076421,multi_behavior_sequence
407882,254510,3.051362,multi_behavior_sequence
407882,15049,3.013324,multi_behavior_sequence
408063,288340,3.394804,multi_behavior_sequence
408063,2463,3.241442,multi_behavior_sequence
408063,184199,3.123927,multi_behavior_sequence
408063,156993,3.105495,multi_behavior_sequence
408063,444593,3.017195,multi_behavior_sequence
408063,127080,3.010567,multi_behavior_sequence
408063,31640,3.007546,multi_behavior_sequence
408063,390591,2.987028,multi_behavior_sequence
408063,15327,2.875376,multi_behavior_sequence
408063,386899,2.792289,multi_behavior_sequence
408657,322973,4.405507,multi_behavior_sequence
408657,306041,4.201388,multi_behavior_sequence
408657,405934,4.111554,multi_behavior_sequence
408657,222580,4.034601,multi_behavior_sequence
408657,320073,3.948148,multi_behavior_sequence
408657,394828,3.936448,multi_behavior_sequence
408657,308933,3.923638,multi_behavior_sequence
408657,190534,3.817025,multi_behavior_sequence
408657,175538,3.770341,multi_behavior_sequence
408657,253574,3.766947,multi_behavior_sequence
409324,96267,3.772968,multi_behavior_sequence
409324,367616,3.679013,multi_behavior_sequence
409324,379739,3.602612,multi_behavior_sequence
409324,133248,3.349079,multi_behavior_sequence
409324,73593,3.31313,multi_behavior_sequence
409324,439258,3.107423,multi_behavior_sequence
409324,310525,3.091047,multi_behavior_sequence
409324,153975,3.079363,multi_behavior_sequence
409324,179151,3.035399,multi_behavior_sequence
409324,311585,3.029569,multi_behavior_sequence
412598,328476,4.831956,multi_behavior_sequence
412598,46232,4.418339,multi_behavior_sequence
412598,9877,4.273227,multi_behavior_sequence
412598,461686,4.205035,multi_behavior_sequence
412598,266553,4.195777,multi_behavior_sequence
412598,213834,4.09644,multi_behavior_sequence
412598,312728,4.06685,multi_behavior_sequence
412598,416850,4.037069,multi_behavior_sequence
412598,303178,3.986257,multi_behavior_sequence
412598,464731,3.956484,multi_behavior_sequence
414649,213834,5.098106,multi_behavior_sequence
414649,9877,4.827626,multi_behavior_sequence
414649,46232,4.601372,multi_behavior_sequence
414649,461686,4.559327,multi_behavior_sequence
414649,119736,4.482872,multi_behavior_sequence
414649,456056,4.419867,multi_behavior_sequence
414649,65273,4.419601,multi_behavior_sequence
414649,190000,4.387304,multi_behavior_sequence
414649,546,4.286793,multi_behavior_sequence
414649,328476,4.17927,multi_behavior_sequence
415453,272770,4.132862,multi_behavior_sequence
415453,262186,3.46121,multi_behavior_sequence
415453,29196,3.361271,multi_behavior_sequence
415453,337101,3.251642,multi_behavior_sequence
415453,219782,3.198126,multi_behavior_sequence
415453,436360,3.167374,multi_behavior_sequence
415453,66752,3.135514,multi_behavior_sequence
415453,273332,3.105118,multi_behavior_sequence
415453,230813,3.004408,multi_behavior_sequence
415453,253676,3.002976,multi_behavior_sequence
41623,96904,3.504194,multi_behavior_sequence
41623,280802,3.353558,multi_behavior_sequence
41623,50671,3.328214,multi_behavior_sequence
41623,30479,3.256889,multi_behavior_sequence
41623,461199,3.143905,multi_behavior_sequence
41623,180182,3.033668,multi_behavior_sequence
41623,306041,3.01452,multi_behavior_sequence
41623,90219,2.929244,multi_behavior_sequence
41623,176162,2.925236,multi_behavior_sequence
41623,178169,2.921035,multi_behavior_sequence
416496,439371,5.339423,multi_behavior_sequence
416496,377691,5.01543,multi_behavior_sequence
416496,406021,4.491546,multi_behavior_sequence
416496,119298,4.423473,multi_behavior_sequence
416496,465951,4.317782,multi_behavior_sequence
416496,105338,4.302435,multi_behavior_sequence
416496,208922,4.288744,multi_behavior_sequence
416496,450760,4.266316,multi_behavior_sequence
416496,276649,4.24169,multi_behavior_sequence
416496,157004,4.228048,multi_behavior_sequence
41702,37115,4.543952,multi_behavior_sequence
41702,9877,4.266872,multi_behavior_sequence
41702,188051,4.135275,multi_behavior_sequence
41702,341701,3.990908,multi_behavior_sequence
41702,278943,3.785867,multi_behavior_sequence
41702,377868,3.772468,multi_behavior_sequence
41702,126606,3.621982,multi_behavior_sequence
41702,399796,3.615,multi_behavior_sequence
41702,37930,3.55837,multi_behavior_sequence
41702,25655,3.557699,multi_behavior_sequence
417312,449391,3.717673,multi_behavior_sequence
417312,315919,3.57824,multi_behavior_sequence
417312,365044,3.542181,multi_behavior_sequence
417312,100282,3.541003,multi_behavior_sequence
417312,409804,3.513164,multi_behavior_sequence
417312,176484,3.488664,multi_behavior_sequence
417312,362714,3.487312,multi_behavior_sequence
417312,869,3.349769,multi_behavior_sequence
417312,414654,3.348055,multi_behavior_sequence
417312,192721,3.334994,multi_behavior_sequence
417915,389158,4.039172,multi_behavior_sequence
417915,56323,4.030339,multi_behavior_sequence
417915,375854,4.010525,multi_behavior_sequence
417915,137352,3.758633,multi_behavior_sequence
417915,90240,3.737232,multi_behavior_sequence
417915,293139,3.644797,multi_behavior_sequence
417915,136182,3.526378,multi_behavior_sequence
417915,446820,3.438228,multi_behavior_sequence
417915,263741,3.339438,multi_behavior_sequence
417915,287356,3.336869,multi_behavior_sequence
418102,134776,5.629548,multi_behavior_sequence
418102,119691,5.410466,multi_behavior_sequence
418102,179749,5.212631,multi_behavior_sequence
418102,166941,4.941278,multi_behavior_sequence
418102,185577,4.583957,multi_behavior_sequence
418102,144619,4.44316,multi_behavior_sequence
418102,380440,4.43103,multi_behavior_sequence
418102,208971,4.380158,multi_behavior_sequence
418102,242654,4.347704,multi_behavior_sequence
418102,302098,4.307924,multi_behavior_sequence
418788,444931,3.088047,multi_behavior_sequence
418788,214895,2.896986,multi_behavior_sequence
418788,375160,2.820251,multi_behavior_sequence
418788,115764,2.778403,multi_behavior_sequence
418788,316135,2.6856,multi_behavior_sequence
418788,43268,2.660134,multi_behavior_sequence
418788,118754,2.654241,multi_behavior_sequence
418788,446861,2.63239,multi_behavior_sequence
418788,252796,2.613628,multi_behavior_sequence
418788,230890,2.607565,multi_behavior_sequence
418934,231482,5.455679,multi_behavior_sequence
418934,37115,5.141002,multi_behavior_sequence
418934,389135,4.785567,multi_behavior_sequence
418934,378517,4.635133,multi_behavior_sequence
418934,268081,4.565332,multi_behavior_sequence
418934,7943,4.455381,multi_behavior_sequence
418934,110421,4.422196,multi_behavior_sequence
418934,116334,4.392828,multi_behavior_sequence
418934,28501,4.36411,multi_behavior_sequence
418934,215363,4.315217,multi_behavior_sequence
420080,372298,3.418759,multi_behavior_sequence
420080,353672,3.172724,multi_behavior_sequence
420080,388755,3.172073,multi_behavior_sequence
420080,108083,3.115998,multi_behavior_sequence
420080,140527,3.046887,multi_behavior_sequence
420080,306041,3.041769,multi_behavior_sequence
420080,336200,3.002171,multi_behavior_sequence
420080,374873,2.982057,multi_behavior_sequence
420080,79956,2.945028,multi_behavior_sequence
420080,400890,2.909282,multi_behavior_sequence
422864,393809,5.692304,multi_behavior_sequence
422864,413990,4.641001,multi_behavior_sequence
422864,432171,4.446269,multi_behavior_sequence
422864,326447,4.419418,multi_behavior_sequence
422864,71825,4.3764,multi_behavior_sequence
422864,363459,4.299508,multi_behavior_sequence
422864,260481,4.237783,multi_behavior_sequence
422864,308198,4.067938,multi_behavior_sequence
422864,9166,4.010832,multi_behavior_sequence
422864,236914,4.010306,multi_behavior_sequence
424358,381941,6.219951,multi_behavior_sequence
424358,444948,5.444465,multi_behavior_sequence
424358,452041,4.839463,multi_behavior_sequence
424358,266459,4.744092,multi_behavior_sequence
424358,49676,4.70854,multi_behavior_sequence
424358,283726,4.59876,multi_behavior_sequence
424358,396286,4.431267,multi_behavior_sequence
424358,265571,4.397969,multi_behavior_sequence
424358,382885,4.341895,multi_behavior_sequence
424358,51969,4.297709,multi_behavior_sequence
425356,372188,4.162887,multi_behavior_sequence
425356,241555,4.090735,multi_behavior_sequence
425356,337101,3.787101,multi_behavior_sequence
425356,32398,3.701774,multi_behavior_sequence
425356,79956,3.674599,multi_behavior_sequence
425356,238865,3.580546,multi_behavior_sequence
425356,150103,3.533948,multi_behavior_sequence
425356,283766,3.37364,multi_behavior_sequence
425356,345279,3.368713,multi_behavior_sequence
425356,201816,3.353307,multi_behavior_sequence
42552,234255,4.070817,multi_behavior_sequence
42552,421993,3.608266,multi_behavior_sequence
42552,239058,3.605206,multi_behavior_sequence
42552,190000,3.542514,multi_behavior_sequence
42552,64529,3.530822,multi_behavior_sequence
42552,124919,3.518716,multi_behavior_sequence
42552,37029,3.404283,multi_behavior_sequence
42552,331884,3.385012,multi_behavior_sequence
42552,131734,3.319993,multi_behavior_sequence
42552,265571,3.295049,multi_behavior_sequence
425631,393809,4.831125,multi_behavior_sequence
425631,405934,4.14214,multi_behavior_sequence
425631,328696,4.077856,multi_behavior_sequence
425631,336903,3.92259,multi_behavior_sequence
425631,234494,3.799192,multi_behavior_sequence
425631,428002,3.769206,multi_behavior_sequence
425631,378322,3.739096,multi_behavior_sequence
425631,96043,3.735883,multi_behavior_sequence
425631,336562,3.716014,multi_behavior_sequence
425631,284045,3.70064,multi_behavior_sequence
427504,371928,3.784585,multi_behavior_sequence
427504,436360,3.724293,multi_behavior_sequence
427504,132683,3.673301,multi_behavior_sequence
427504,416017,3.631362,multi_behavior_sequence
427504,312982,3.606631,multi_behavior_sequence
427504,233770,3.605428,multi_behavior_sequence
427504,46232,3.560878,multi_behavior_sequence
427504,208922,3.489767,multi_behavior_sequence
427504,283718,3.38802,multi_behavior_sequence
427504,363106,3.343782,multi_behavior_sequence
428880,241555,4.14218,multi_behavior_sequence
428880,209050,3.894691,multi_behavior_sequence
428880,224481,3.791857,multi_behavior_sequence
428880,278208,3.616047,multi_behavior_sequence
428880,170527,3.560332,multi_behavior_sequence
428880,409530,3.549795,multi_behavior_sequence
428880,62549,3.512048,multi_behavior_sequence
428880,205829,3.501819,multi_behavior_sequence
428880,208971,3.43331,multi_behavior_sequence
428880,372389,3.423043,multi_behavior_sequence
429035,147684,4.115718,multi_behavior_sequence
429035,169155,4.050954,multi_behavior_sequence
429035,146471,3.701624,multi_behavior_sequence
429035,29196,3.694092,multi_behavior_sequence
429035,295537,3.674038,multi_behavior_sequence
429035,184199,3.670479,multi_behavior_sequence
429035,321089,3.622727,multi_behavior_sequence
429035,143622,3.4733,multi_behavior_sequence
429035,466747,3.39657,multi_behavior_sequence
429035,262186,3.349285,multi_behavior_sequence
429450,360610,2.70566,multi_behavior_sequence
429450,393809,2.552145,multi_behavior_sequence
429450,6174,2.469639,multi_behavior_sequence
429450,453290,2.452065,multi_behavior_sequence
429450,68237,2.445311,multi_behavior_sequence
429450,363109,2.419714,multi_behavior_sequence
429450,394678,2.361572,multi_behavior_sequence
429450,363645,2.338284,multi_behavior_sequence
429450,202907,2.313938,multi_behavior_sequence
429450,204403,2.290004,multi_behavior_sequence
431926,375058,2.417643,multi_behavior_sequence
431926,137352,2.352735,multi_behavior_sequence
431926,215412,2.324924,multi_behavior_sequence
431926,98178,2.294994,multi_behavior_sequence
431926,29741,2.279188,multi_behavior_sequence
431926,388536,2.215905,multi_behavior_sequence
431926,59842,2.202377,multi_behavior_sequence
431926,447292,2.199415,multi_behavior_sequence
431926,265273,2.194543,multi_behavior_sequence
431926,323701,2.18626,multi_behavior_sequence
433298,365320,5.940644,multi_behavior_sequence
433298,70277,4.85393,multi_behavior_sequence
433298,138027,4.509074,multi_behavior_sequence
433298,117075,4.50861,multi_behavior_sequence
433298,454265,4.462516,multi_behavior_sequence
433298,224191,4.431074,multi_behavior_sequence
433298,5190,4.38706,multi_behavior_sequence
433298,232542,4.357935,multi_behavior_sequence
433298,394548,4.330339,multi_behavior_sequence
433298,379390,4.330177,multi_behavior_sequence
433583,144635,4.42793,multi_behavior_sequence
433583,373534,3.939592,multi_behavior_sequence
433583,326094,3.819683,multi_behavior_sequence
433583,449489,3.771137,multi_behavior_sequence
433583,262186,3.770865,multi_behavior_sequence
433583,165230,3.712232,multi_behavior_sequence
433583,153099,3.585033,multi_behavior_sequence
433583,312982,3.579616,multi_behavior_sequence
433583,33899,3.497987,multi_behavior_sequence
433583,36278,3.456482,multi_behavior_sequence
434418,241555,4.010012,multi_behavior_sequence
434418,119736,3.701864,multi_behavior_sequence
434418,338395,3.470357,multi_behavior_sequence
434418,118914,3.391867,multi_behavior_sequence
434418,439963,3.37917,multi_behavior_sequence
434418,546,3.226313,multi_behavior_sequence
434418,428648,3.215713,multi_behavior_sequence
434418,213834,3.193899,multi_behavior_sequence
434418,150882,3.170352,multi_behavior_sequence
434418,369158,3.169266,multi_behavior_sequence
438441,184199,5.382762,multi_behavior_sequence
438441,460187,4.800242,multi_behavior_sequence
438441,456056,4.757676,multi_behavior_sequence
438441,153708,4.591389,multi_behavior_sequence
438441,294242,4.419473,multi_behavior_sequence
438441,170262,4.269586,multi_behavior_sequence
438441,207337,4.198187,multi_behavior_sequence
438441,309778,4.168973,multi_behavior_sequence
438441,447848,4.111313,multi_behavior_sequence
438441,321089,4.104901,multi_behavior_sequence
447488,15466,4.588175,multi_behavior_sequence
447488,122324,4.268812,multi_behavior_sequence
447488,460187,4.214159,multi_behavior_sequence
447488,450726,4.151014,multi_behavior_sequence
447488,455804,4.125733,multi_behavior_sequence
447488,45190,4.083117,multi_behavior_sequence
447488,456056,4.042765,multi_behavior_sequence
447488,362760,4.035055,multi_behavior_sequence
447488,373690,3.951811,multi_behavior_sequence
447488,102702,3.947712,multi_behavior_sequence
449194,75458,4.251253,multi_behavior_sequence
449194,252314,4.012969,multi_behavior_sequence
449194,50648,3.82732,multi_behavior_sequence
449194,45089,3.771322,multi_behavior_sequence
449194,414914,3.723829,multi_behavior_sequence
449194,17910,3.671487,multi_behavior_sequence
449194,91896,3.671021,multi_behavior_sequence
449194,173921,3.653242,multi_behavior_sequence
449194,216768,3.645049,multi_behavior_sequence
449194,305790,3.612478,multi_behavior_sequence
449683,365044,4.167565,multi_behavior_sequence
449683,337101,3.655812,multi_behavior_sequence
449683,165230,3.469492,multi_behavior_sequence
449683,41662,3.343092,multi_behavior_sequence
449683,356668,3.334743,multi_behavior_sequence
449683,314579,3.260918,multi_behavior_sequence
449683,134255,3.189707,multi_behavior_sequence
449683,1684,3.064692,multi_behavior_sequence
449683,438515,3.042818,multi_behavior_sequence
449683,84003,3.010883,multi_behavior_sequence
45018,302858,2.476225,multi_behavior_sequence
45018,444697,2.448062,multi_behavior_sequence
45018,310816,2.445625,multi_behavior_sequence
45018,381352,2.374587,multi_behavior_sequence
45018,167039,2.34361,multi_behavior_sequence
45018,431099,2.332287,multi_behavior_sequence
45018,456276,2.250828,multi_behavior_sequence
45018,247483,2.233546,multi_behavior_sequence
45018,291285,2.226834,multi_behavior_sequence
45018,134776,2.180214,multi_behavior_sequence
454690,234255,3.294039,multi_behavior_sequence
454690,256769,3.174579,multi_behavior_sequence
454690,358064,3.133439,multi_behavior_sequence
454690,358565,2.943035,multi_behavior_sequence
454690,332605,2.936411,multi_behavior_sequence
454690,379390,2.936133,multi_behavior_sequence
454690,198238,2.926782,multi_behavior_sequence
454690,134255,2.919898,multi_behavior_sequence
454690,422044,2.907573,multi_behavior_sequence
454690,381265,2.887171,multi_behavior_sequence
454771,136182,4.226016,multi_behavior_sequence
454771,357949,3.657947,multi_behavior_sequence
454771,77514,3.442524,multi_behavior_sequence
454771,325306,3.242779,multi_behavior_sequence
454771,90240,3.201962,multi_behavior_sequence
454771,442256,3.088514,multi_behavior_sequence
454771,386049,3.03679,multi_behavior_sequence
454771,86391,2.959092,multi_behavior_sequence
454771,358697,2.957091,multi_behavior_sequence
454771,375058,2.939336,multi_behavior_sequence
457187,393809,5.192665,multi_behavior_sequence
457187,442889,5.149114,multi_behavior_sequence
457187,410139,4.889115,multi_behavior_sequence
457187,269211,4.679319,multi_behavior_sequence
457187,214836,4.621466,multi_behavior_sequence
457187,71825,4.590334,multi_behavior_sequence
457187,352799,4.587332,multi_behavior_sequence
457187,9166,4.532137,multi_behavior_sequence
457187,139760,4.529424,multi_behavior_sequence
457187,400962,4.523664,multi_behavior_sequence
457547,7943,6.049788,multi_behavior_sequence
457547,264917,4.286366,multi_behavior_sequence
457547,387105,4.088883,multi_behavior_sequence
457547,427507,4.057258,multi_behavior_sequence
457547,100393,3.999839,multi_behavior_sequence
457547,125275,3.994501,multi_behavior_sequence
457547,49621,3.914625,multi_behavior_sequence
457547,184903,3.876035,multi_behavior_sequence
457547,2104,3.825541,multi_behavior_sequence
457547,290550,3.802016,multi_behavior_sequence
458689,366101,2.602648,multi_behavior_sequence
458689,85047,2.59641,multi_behavior_sequence
458689,306041,2.468366,multi_behavior_sequence
458689,359344,2.369149,multi_behavior_sequence
458689,192138,2.329541,multi_behavior_sequence
458689,448091,2.255725,multi_behavior_sequence
458689,30308,2.227026,multi_behavior_sequence
458689,133157,2.213323,multi_behavior_sequence
458689,281717,2.151616,multi_behavior_sequence
458689,276240,2.14318,multi_behavior_sequence
460599,318761,3.587123,multi_behavior_sequence
460599,358565,3.505477,multi_behavior_sequence
460599,240088,3.3066,multi_behavior_sequence
460599,13516,3.246809,multi_behavior_sequence
460599,208270,3.238606,multi_behavior_sequence
460599,263245,3.135785,multi_behavior_sequence
460599,401529,3.035525,multi_behavior_sequence
460599,278610,3.020078,multi_behavior_sequence
460599,352230,2.998308,multi_behavior_sequence
460599,356339,2.974499,multi_behavior_sequence
460601,294438,4.287176,multi_behavior_sequence
460601,161478,3.905202,multi_behavior_sequence
460601,272770,3.689874,multi_behavior_sequence
460601,51275,3.658783,multi_behavior_sequence
460601,355325,3.640996,multi_behavior_sequence
460601,153948,3.594156,multi_behavior_sequence
460601,154171,3.581241,multi_behavior_sequence
460601,112566,3.399146,multi_behavior_sequence
460601,327471,3.35637,multi_behavior_sequence
460601,81473,3.282444,multi_behavior_sequence
46276,150857,3.075997,multi_behavior_sequence
46276,211478,2.855675,multi_behavior_sequence
46276,365044,2.759612,multi_behavior_sequence
46276,125628,2.752382,multi_behavior_sequence
46276,77155,2.699152,multi_behavior_sequence
46276,398489,2.551499,multi_behavior_sequence
46276,308704,2.494956,multi_behavior_sequence
46276,281103,2.483786,multi_behavior_sequence
46276,447888,2.481724,multi_behavior_sequence
46276,387041,2.468156,multi_behavior_sequence
463561,135446,3.98231,multi_behavior_sequence
463561,210985,3.815821,multi_behavior_sequence
463561,196200,3.800683,multi_behavior_sequence
463561,397157,3.762707,multi_behavior_sequence
463561,262815,3.758728,multi_behavior_sequence
463561,125275,3.687723,multi_behavior_sequence
463561,434054,3.666225,multi_behavior_sequence
463561,152861,3.637988,multi_behavior_sequence
463561,213695,3.594628,multi_behavior_sequence
463561,98547,3.577768,multi_behavior_sequence
46535,229382,4.019271,multi_behavior_sequence
46535,5190,3.969402,multi_behavior_sequence
46535,241555,3.941096,multi_behavior_sequence
46535,170811,3.848698,multi_behavior_sequence
46535,461891,3.832887,multi_behavior_sequence
46535,24734,3.809728,multi_behavior_sequence
46535,367447,3.788946,multi_behavior_sequence
46535,116624,3.613347,multi_behavior_sequence
46535,186256,3.57484,multi_behavior_sequence
46535,350629,3.5615,multi_behavior_sequence
468309,68237,5.252686,multi_behavior_sequence
468309,282913,4.9746,multi_behavior_sequence
468309,226756,4.898793,multi_behavior_sequence
468309,258097,4.768406,multi_behavior_sequence
468309,365399,4.508457,multi_behavior_sequence
468309,122064,4.493432,multi_behavior_sequence
468309,224056,4.465597,multi_behavior_sequence
468309,305675,4.40458,multi_behavior_sequence
468309,258293,4.332461,multi_behavior_sequence
468309,347167,4.328793,multi_behavior_sequence
469410,20773,4.143749,multi_behavior_sequence
469410,183226,4.092333,multi_behavior_sequence
469410,336645,3.81998,multi_behavior_sequence
469410,286337,3.792748,multi_behavior_sequence
469410,344739,3.748312,multi_behavior_sequence
469410,13094,3.703264,multi_behavior_sequence
469410,222185,3.687959,multi_behavior_sequence
469410,46253,3.638347,multi_behavior_sequence
469410,140378,3.635137,multi_behavior_sequence
469410,211478,3.565674,multi_behavior_sequence
471519,96043,3.046413,multi_behavior_sequence
471519,187862,2.820508,multi_behavior_sequence
471519,139918,2.78727,multi_behavior_sequence
471519,203850,2.77646,multi_behavior_sequence
471519,456656,2.752194,multi_behavior_sequence
471519,366282,2.708555,multi_behavior_sequence
471519,75710,2.699766,multi_behavior_sequence
471519,450887,2.684186,multi_behavior_sequence
471519,269626,2.670992,multi_behavior_sequence
471519,6745,2.643932,multi_behavior_sequence
471992,348503,3.954122,multi_behavior_sequence
471992,1634,3.941858,multi_behavior_sequence
471992,68337,3.852111,multi_behavior_sequence
471992,313867,3.829436,multi_behavior_sequence
471992,2657,3.704581,multi_behavior_sequence
471992,241950,3.689086,multi_behavior_sequence
471992,326686,3.631503,multi_behavior_sequence
471992,33182,3.577917,multi_behavior_sequence
471992,108083,3.529154,multi_behavior_sequence
471992,240752,3.490017,multi_behavior_sequence
474308,295537,3.483654,multi_behavior_sequence
474308,29196,2.747135,multi_behavior_sequence
474308,439371,2.709516,multi_behavior_sequence
474308,370984,2.66995,multi_behavior_sequence
474308,154171,2.637899,multi_behavior_sequence
474308,202171,2.490249,multi_behavior_sequence
474308,414432,2.47064,multi_behavior_sequence
474308,355325,2.470193,multi_behavior_sequence
474308,437715,2.459208,multi_behavior_sequence
474308,397528,2.42735,multi_behavior_sequence
475172,440912,4.32883,multi_behavior_sequence
475172,241555,4.276767,multi_behavior_sequence
475172,439963,4.079865,multi_behavior_sequence
475172,186702,3.950339,multi_behavior_sequence
475172,238865,3.91608,multi_behavior_sequence
475172,386160,3.887433,multi_behavior_sequence
475172,58638,3.837056,multi_behavior_sequence
475172,208939,3.822597,multi_behavior_sequence
475172,400442,3.76937,multi_behavior_sequence
475172,202871,3.736323,multi_behavior_sequence
475479,257655,6.84639,multi_behavior_sequence
475479,9877,5.746994,multi_behavior_sequence
475479,138427,5.410034,multi_behavior_sequence
475479,354585,5.135296,multi_behavior_sequence
475479,272324,5.058375,multi_behavior_sequence
475479,416017,4.859792,multi_behavior_sequence
475479,248455,4.832686,multi_behavior_sequence
475479,313163,4.797138,multi_behavior_sequence
475479,235796,4.753119,multi_behavior_sequence
475479,546,4.740723,multi_behavior_sequence
477826,119736,6.999033,multi_behavior_sequence
477826,369158,6.997213,multi_behavior_sequence
477826,313163,6.884775,multi_behavior_sequence
477826,286731,6.794235,multi_behavior_sequence
477826,309778,6.507434,multi_behavior_sequence
477826,76060,6.12879,multi_behavior_sequence
477826,306763,6.072041,multi_behavior_sequence
477826,257040,6.005601,multi_behavior_sequence
477826,85914,5.961064,multi_behavior_sequence
477826,186702,5.915614,multi_behavior_sequence
478006,365320,5.42026,multi_behavior_sequence
478006,144635,5.320019,multi_behavior_sequence
478006,133138,5.26819,multi_behavior_sequence
478006,221233,5.100326,multi_behavior_sequence
478006,366667,5.048132,multi_behavior_sequence
478006,272770,4.965262,multi_behavior_sequence
478006,38616,4.935955,multi_behavior_sequence
478006,398161,4.855971,multi_behavior_sequence
478006,290749,4.798018,multi_behavior_sequence
478006,62599,4.786869,multi_behavior_sequence
478054,260621,3.561172,multi_behavior_sequence
478054,208939,3.191988,multi_behavior_sequence
478054,78729,3.159121,multi_behavior_sequence
478054,306763,3.075535,multi_behavior_sequence
478054,357949,3.065879,multi_behavior_sequence
478054,451937,2.990372,multi_behavior_sequence
478054,320130,2.972682,multi_behavior_sequence
478054,269811,2.944361,multi_behavior_sequence
478054,272259,2.93326,multi_behavior_sequence
478054,459936,2.902527,multi_behavior_sequence
478537,100282,4.697479,multi_behavior_sequence
478537,49257,4.680893,multi_behavior_sequence
478537,7943,4.662944,multi_behavior_sequence
478537,85334,4.623264,multi_behavior_sequence
478537,90910,4.510185,multi_behavior_sequence
478537,417927,4.506493,multi_behavior_sequence
478537,134255,4.492859,multi_behavior_sequence
478537,117096,4.488966,multi_behavior_sequence
478537,305656,4.440179,multi_behavior_sequence
478537,228644,4.40692,multi_behavior_sequence
480744,264917,3.409717,multi_behavior_sequence
480744,103322,3.01629,multi_behavior_sequence
480744,311585,2.94159,multi_behavior_sequence
480744,455886,2.847768,multi_behavior_sequence
480744,227621,2.724405,multi_behavior_sequence
480744,162139,2.709677,multi_behavior_sequence
480744,387652,2.673608,multi_behavior_sequence
480744,385371,2.657279,multi_behavior_sequence
480744,318785,2.643318,multi_behavior_sequence
480744,260621,2.62879,multi_behavior_sequence
481437,125275,4.475806,multi_behavior_sequence
481437,23905,3.835949,multi_behavior_sequence
481437,11670,3.81825,multi_behavior_sequence
481437,122219,3.771884,multi_behavior_sequence
481437,296806,3.756649,multi_behavior_sequence
481437,312827,3.736939,multi_behavior_sequence
481437,260609,3.615284,multi_behavior_sequence
481437,378322,3.600457,multi_behavior_sequence
481437,7943,3.59958,multi_behavior_sequence
481437,404615,3.49798,multi_behavior_sequence
483471,144635,2.635254,multi_behavior_sequence
483471,116624,2.616923,multi_behavior_sequence
483471,335975,2.609318,multi_behavior_sequence
483471,89076,2.602562,multi_behavior_sequence
483471,125799,2.601908,multi_behavior_sequence
483471,37115,2.600204,multi_behavior_sequence
483471,61971,2.529686,multi_behavior_sequence
483471,398714,2.513005,multi_behavior_sequence
483471,168367,2.462126,multi_behavior_sequence
483471,131734,2.364951,multi_behavior_sequence
484215,168367,3.106742,multi_behavior_sequence
484215,204808,3.013449,multi_behavior_sequence
484215,17437,2.98514,multi_behavior_sequence
484215,303845,2.971246,multi_behavior_sequence
484215,279310,2.914243,multi_behavior_sequence
484215,143866,2.904596,multi_behavior_sequence
484215,226374,2.780409,multi_behavior_sequence
484215,287696,2.72296,multi_behavior_sequence
484215,103236,2.68685,multi_behavior_sequence
484215,294109,2.676826,multi_behavior_sequence
484663,37115,4.557734,multi_behavior_sequence
484663,303845,4.225056,multi_behavior_sequence
484663,9877,3.8659,multi_behavior_sequence
484663,171878,3.829583,multi_behavior_sequence
484663,125799,3.808944,multi_behavior_sequence
484663,377868,3.748778,multi_behavior_sequence
484663,231482,3.688144,multi_behavior_sequence
484663,283115,3.583508,multi_behavior_sequence
484663,44826,3.556172,multi_behavior_sequence
484663,2463,3.480852,multi_behavior_sequence
485556,165511,3.713626,multi_behavior_sequence
485556,312581,3.70208,multi_behavior_sequence
485556,122324,3.680838,multi_behavior_sequence
485556,322485,3.559075,multi_behavior_sequence
485556,205430,3.454418,multi_behavior_sequence
485556,356668,3.376475,multi_behavior_sequence
485556,2455,3.370461,multi_behavior_sequence
485556,288078,3.35974,multi_behavior_sequence
485556,352685,3.35958,multi_behavior_sequence
485556,151183,3.316401,multi_behavior_sequence
485689,355200,6.181491,multi_behavior_sequence
485689,369158,6.126298,multi_behavior_sequence
485689,372188,6.049442,multi_behavior_sequence
485689,439963,5.752879,multi_behavior_sequence
485689,366775,5.575847,multi_behavior_sequence
485689,455804,5.522386,multi_behavior_sequence
485689,244819,5.515712,multi_behavior_sequence
485689,273144,5.451139,multi_behavior_sequence
485689,445351,5.418704,multi_behavior_sequence
485689,313163,5.244927,multi_behavior_sequence
487986,356339,2.547871,multi_behavior_sequence
487986,350384,2.225189,multi_behavior_sequence
487986,119630,2.079613,multi_behavior_sequence
487986,45089,2.060059,multi_behavior_sequence
487986,461199,1.961134,multi_behavior_sequence
487986,92466,1.9266,multi_behavior_sequence
487986,403969,1.843542,multi_behavior_sequence
487986,234255,1.843513,multi_behavior_sequence
487986,427103,1.842932,multi_behavior_sequence
487986,50648,1.834841,multi_behavior_sequence
48820,7943,4.760711,multi_behavior_sequence
48820,384157,4.569936,multi_behavior_sequence
48820,218794,4.513904,multi_behavior_sequence
48820,219782,4.367229,multi_behavior_sequence
48820,452908,4.327583,multi_behavior_sequence
48820,50923,4.213373,multi_behavior_sequence
48820,28072,4.035813,multi_behavior_sequence
48820,343375,4.0127,multi_behavior_sequence
48820,357054,4.004112,multi_behavior_sequence
48820,3975,3.983829,multi_behavior_sequence
491323,79956,4.342055,multi_behavior_sequence
491323,30479,3.628486,multi_behavior_sequence
491323,396853,3.478946,multi_behavior_sequence
491323,188227,3.46797,multi_behavior_sequence
491323,31640,3.336457,multi_behavior_sequence
491323,165348,3.329398,multi_behavior_sequence
491323,91896,3.261342,multi_behavior_sequence
491323,98955,3.234451,multi_behavior_sequence
491323,415081,3.208093,multi_behavior_sequence
491323,22495,3.184743,multi_behavior_sequence
496313,306041,4.732637,multi_behavior_sequence
496313,396427,4.209495,multi_behavior_sequence
496313,343375,3.766629,multi_behavior_sequence
496313,253574,3.619614,multi_behavior_sequence
496313,335533,3.610857,multi_behavior_sequence
496313,85047,3.593768,multi_behavior_sequence
496313,415081,3.593498,multi_behavior_sequence
496313,237030,3.580177,multi_behavior_sequence
496313,182278,3.532875,multi_behavior_sequence
496313,285061,3.477974,multi_behavior_sequence
497170,376134,4.062094,multi_behavior_sequence
497170,466436,3.948663,multi_behavior_sequence
497170,394828,3.892011,multi_behavior_sequence
497170,365044,3.787362,multi_behavior_sequence
497170,281103,3.590183,multi_behavior_sequence
497170,447888,3.513314,multi_behavior_sequence
497170,187138,3.444441,multi_behavior_sequence
497170,109219,3.434055,multi_behavior_sequence
497170,264322,3.426478,multi_behavior_sequence
497170,138546,3.408641,multi_behavior_sequence
499320,387024,3.453426,multi_behavior_sequence
499320,131080,3.163358,multi_behavior_sequence
499320,71825,3.157118,multi_behavior_sequence
499320,234199,2.984019,multi_behavior_sequence
499320,430292,2.966507,multi_behavior_sequence
499320,11976,2.922557,multi_behavior_sequence
499320,216266,2.909019,multi_behavior_sequence
499320,171374,2.906214,multi_behavior_sequence
499320,38457,2.89832,multi_behavior_sequence
499320,96267,2.861432,multi_behavior_sequence
501429,46232,4.899641,multi_behavior_sequence
501429,9877,4.727763,multi_behavior_sequence
501429,409804,4.519838,multi_behavior_sequence
501429,213834,4.390882,multi_behavior_sequence
501429,63543,4.236818,multi_behavior_sequence
501429,445351,4.100044,multi_behavior_sequence
501429,190000,4.031566,multi_behavior_sequence
501429,272770,3.890721,multi_behavior_sequence
501429,177106,3.86129,multi_behavior_sequence
501429,166358,3.763222,multi_behavior_sequence
501896,399674,3.300164,multi_behavior_sequence
501896,171878,3.119058,multi_behavior_sequence
501896,461199,3.102274,multi_behavior_sequence
501896,44631,3.091361,multi_behavior_sequence
501896,350399,3.090507,multi_behavior_sequence
501896,362339,2.993669,multi_behavior_sequence
501896,239581,2.96448,multi_behavior_sequence
501896,167075,2.962333,multi_behavior_sequence
501896,1261,2.952851,multi_behavior_sequence
501896,466736,2.916637,multi_behavior_sequence
502208,241555,4.408275,multi_behavior_sequence
502208,9877,3.943554,multi_behavior_sequence
502208,37115,3.932044,multi_behavior_sequence
502208,51969,3.592088,multi_behavior_sequence
502208,403969,3.460795,multi_behavior_sequence
502208,221761,3.439861,multi_behavior_sequence
502208,234494,3.404627,multi_behavior_sequence
502208,315543,3.402148,multi_behavior_sequence
502208,116205,3.353056,multi_behavior_sequence
502208,144635,3.330029,multi_behavior_sequence
502828,218177,4.90521,multi_behavior_sequence
502828,338411,4.824265,multi_behavior_sequence
502828,179834,4.459595,multi_behavior_sequence
502828,450866,4.437529,multi_behavior_sequence
502828,320073,4.422612,multi_behavior_sequence
502828,63769,4.416761,multi_behavior_sequence
502828,318289,4.395846,multi_behavior_sequence
502828,366141,4.376477,multi_behavior_sequence
502828,267320,4.342335,multi_behavior_sequence
502828,325306,4.327546,multi_behavior_sequence
502832,323137,4.547663,multi_behavior_sequence
502832,262125,3.968598,multi_behavior_sequence
502832,136524,3.965694,multi_behavior_sequence
502832,443344,3.890528,multi_behavior_sequence
502832,733,3.872315,multi_behavior_sequence
502832,97039,3.871589,multi_behavior_sequence
502832,196296,3.74099,multi_behavior_sequence
502832,431227,3.708315,multi_behavior_sequence
502832,438515,3.676386,multi_behavior_sequence
502832,251362,3.675452,multi_behavior_sequence
503071,456056,5.095883,multi_behavior_sequence
503071,204494,4.154548,multi_behavior_sequence
503071,332721,4.009669,multi_behavior_sequence
503071,153948,3.944246,multi_behavior_sequence
503071,460187,3.734011,multi_behavior_sequence
503071,234255,3.71589,multi_behavior_sequence
503071,447848,3.710169,multi_behavior_sequence
503071,243795,3.692592,multi_behavior_sequence
503071,246532,3.583119,multi_behavior_sequence
503071,363125,3.552192,multi_behavior_sequence
503857,374873,3.853394,multi_behavior_sequence
503857,33899,3.504379,multi_behavior_sequence
503857,393809,3.413856,multi_behavior_sequence
503857,331545,3.080979,multi_behavior_sequence
503857,413990,3.026504,multi_behavior_sequence
503857,222580,3.016758,multi_behavior_sequence
503857,187490,2.979018,multi_behavior_sequence
503857,389693,2.974586,multi_behavior_sequence
503857,421993,2.951038,multi_behavior_sequence
503857,461081,2.93816,multi_behavior_sequence
509017,458271,3.585129,multi_behavior_sequence
509017,312728,3.509209,multi_behavior_sequence
509017,28134,3.240511,multi_behavior_sequence
509017,208922,3.23706,multi_behavior_sequence
509017,222888,3.083398,multi_behavior_sequence
509017,158677,3.079476,multi_behavior_sequence
509017,110645,3.070476,multi_behavior_sequence
509017,213834,2.979118,multi_behavior_sequence
509017,128745,2.979018,multi_behavior_sequence
509017,275575,2.937293,multi_behavior_sequence
509081,173780,4.61528,multi_behavior_sequence
509081,443344,4.133171,multi_behavior_sequence
509081,366282,4.052812,multi_behavior_sequence
509081,195852,4.039292,multi_behavior_sequence
509081,50934,3.984141,multi_behavior_sequence
509081,37009,3.957612,multi_behavior_sequence
509081,149505,3.909767,multi_behavior_sequence
509081,137401,3.848271,multi_behavior_sequence
509081,211478,3.839131,multi_behavior_sequence
509081,379693,3.749652,multi_behavior_sequence
509109,452041,3.297751,multi_behavior_sequence
509109,37009,3.261803,multi_behavior_sequence
509109,210985,3.188604,multi_behavior_sequence
509109,239368,3.114424,multi_behavior_sequence
509109,351264,3.069999,multi_behavior_sequence
509109,20773,3.051539,multi_behavior_sequence
509109,44826,3.033361,multi_behavior_sequence
509109,304846,3.032557,multi_behavior_sequence
509109,376429,3.029608,multi_behavior_sequence
509109,444948,3.00671,multi_behavior_sequence
514220,24734,3.367201,multi_behavior_sequence
514220,73602,3.161491,multi_behavior_sequence
514220,400810,3.134875,multi_behavior_sequence
514220,417927,3.01124,multi_behavior_sequence
514220,190000,2.942035,multi_behavior_sequence
514220,334401,2.874129,multi_behavior_sequence
514220,57245,2.868179,multi_behavior_sequence
514220,329595,2.857172,multi_behavior_sequence
514220,449489,2.841951,multi_behavior_sequence
514220,372188,2.841212,multi_behavior_sequence
514595,117075,4.624511,multi_behavior_sequence
514595,204494,4.605579,multi_behavior_sequence
514595,437122,4.463557,multi_behavior_sequence
514595,444763,4.299295,multi_behavior_sequence
514595,50648,4.125247,multi_behavior_sequence
514595,382885,4.081043,multi_behavior_sequence
514595,240149,4.035533,multi_behavior_sequence
514595,3629,3.951623,multi_behavior_sequence
514595,289004,3.915038,multi_behavior_sequence
514595,453487,3.907811,multi_behavior_sequence
515017,352685,4.10264,multi_behavior_sequence
515017,205136,3.990173,multi_behavior_sequence
515017,458637,3.936336,multi_behavior_sequence
515017,100108,3.848616,multi_behavior_sequence
515017,63536,3.84377,multi_behavior_sequence
515017,257420,3.839335,multi_behavior_sequence
515017,360318,3.826727,multi_behavior_sequence
515017,460187,3.622842,multi_behavior_sequence
515017,138114,3.602345,multi_behavior_sequence
515017,154436,3.59881,multi_behavior_sequence
516261,372188,4.762555,multi_behavior_sequence
516261,190000,4.577425,multi_behavior_sequence
516261,338395,4.575319,multi_behavior_sequence
516261,119736,4.550926,multi_behavior_sequence
516261,50648,4.508574,multi_behavior_sequence
516261,456056,4.469887,multi_behavior_sequence
516261,337101,4.41007,multi_behavior_sequence
516261,345279,4.303796,multi_behavior_sequence
516261,85914,4.278528,multi_behavior_sequence
516261,257040,4.270177,multi_behavior_sequence
518659,46232,6.725002,multi_behavior_sequence
518659,61303,5.685454,multi_behavior_sequence
518659,147955,5.494381,multi_behavior_sequence
518659,222888,5.412124,multi_behavior_sequence
518659,465751,5.198412,multi_behavior_sequence
518659,89646,5.101313,multi_behavior_sequence
518659,188051,5.056437,multi_behavior_sequence
518659,43215,5.012675,multi_behavior_sequence
518659,303178,4.960258,multi_behavior_sequence
518659,137697,4.894535,multi_behavior_sequence
518851,91086,2.87347,multi_behavior_sequence
518851,377691,2.860641,multi_behavior_sequence
518851,374873,2.837722,multi_behavior_sequence
518851,435670,2.820086,multi_behavior_sequence
518851,246366,2.788665,multi_behavior_sequence
518851,164828,2.703237,multi_behavior_sequence
518851,463122,2.701532,multi_behavior_sequence
518851,438484,2.599939,multi_behavior_sequence
518851,178355,2.581561,multi_behavior_sequence
518851,281717,2.578578,multi_behavior_sequence
519839,216225,5.510183,multi_behavior_sequence
519839,2463,5.178495,multi_behavior_sequence
519839,358482,4.97511,multi_behavior_sequence
519839,328467,4.800259,multi_behavior_sequence
519839,216266,4.799924,multi_behavior_sequence
519839,78265,4.67031,multi_behavior_sequence
519839,247483,4.650782,multi_behavior_sequence
519839,237030,4.622431,multi_behavior_sequence
519839,313745,4.619568,multi_behavior_sequence
519839,266900,4.560174,multi_behavior_sequence
520636,405934,3.539435,multi_behavior_sequence
520636,393809,3.306442,multi_behavior_sequence
520636,178169,3.262671,multi_behavior_sequence
520636,241555,3.235311,multi_behavior_sequence
520636,400890,3.197831,multi_behavior_sequence
520636,126606,3.090686,multi_behavior_sequence
520636,9877,3.071951,multi_behavior_sequence
520636,244027,2.982033,multi_behavior_sequence
520636,103127,2.96327,multi_behavior_sequence
520636,270421,2.889995,multi_behavior_sequence
522161,435481,6.209478,multi_behavior_sequence
522161,53151,5.533096,multi_behavior_sequence
522161,167039,5.323854,multi_behavior_sequence
522161,25002,5.064013,multi_behavior_sequence
522161,440896,5.007125,multi_behavior_sequence
522161,27694,4.874143,multi_behavior_sequence
522161,233362,4.867002,multi_behavior_sequence
522161,447224,4.768369,multi_behavior_sequence
522161,167075,4.756526,multi_behavior_sequence
522161,320148,4.704215,multi_behavior_sequence
524146,399674,6.144763,multi_behavior_sequence
524146,212782,5.275085,multi_behavior_sequence
524146,461199,5.24703,multi_behavior_sequence
524146,429765,5.244338,multi_behavior_sequence
524146,64852,4.944444,multi_behavior_sequence
524146,441250,4.887158,multi_behavior_sequence
524146,28072,4.879325,multi_behavior_sequence
524146,267320,4.871576,multi_behavior_sequence
524146,30329,4.788446,multi_behavior_sequence
524146,207742,4.788402,multi_behavior_sequence
525077,328696,3.223934,multi_behavior_sequence
525077,122219,3.133273,multi_behavior_sequence
525077,7943,2.875555,multi_behavior_sequence
525077,153099,2.870922,multi_behavior_sequence
525077,241555,2.678597,multi_behavior_sequence
525077,268081,2.67275,multi_behavior_sequence
525077,389135,2.669242,multi_behavior_sequence
525077,45190,2.664952,multi_behavior_sequence
525077,122604,2.662529,multi_behavior_sequence
525077,456056,2.657286,multi_behavior_sequence
527307,407661,5.882899,multi_behavior_sequence
527307,402460,5.6696,multi_behavior_sequence
527307,150103,4.942957,multi_behavior_sequence
527307,115788,4.516146,multi_behavior_sequence
527307,28983,4.438555,multi_behavior_sequence
527307,351264,4.435796,multi_behavior_sequence
527307,103322,4.368372,multi_behavior_sequence
527307,111070,4.312443,multi_behavior_sequence
527307,186888,4.242819,multi_behavior_sequence
527307,77514,4.199603,multi_behavior_sequence
527815,262186,3.605402,multi_behavior_sequence
527815,105334,3.127446,multi_behavior_sequence
527815,29196,3.087983,multi_behavior_sequence
527815,389135,3.02401,multi_behavior_sequence
527815,21253,2.99391,multi_behavior_sequence
527815,146471,2.982367,multi_behavior_sequence
527815,62599,2.905339,multi_behavior_sequence
527815,218038,2.795599,multi_behavior_sequence
527815,177615,2.764796,multi_behavior_sequence
527815,33537,2.759497,multi_behavior_sequence
528074,372188,3.514972,multi_behavior_sequence
528074,241555,3.458153,multi_behavior_sequence
528074,180959,3.431601,multi_behavior_sequence
528074,82377,3.335078,multi_behavior_sequence
528074,456276,2.994596,multi_behavior_sequence
528074,325310,2.972676,multi_behavior_sequence
528074,400442,2.941055,multi_behavior_sequence
528074,130371,2.810835,multi_behavior_sequence
528074,2463,2.809494,multi_behavior_sequence
528074,19135,2.80639,multi_behavior_sequence
529925,63543,4.140299,multi_behavior_sequence
529925,119736,4.121614,multi_behavior_sequence
529925,190000,4.031951,multi_behavior_sequence
529925,37029,3.992399,multi_behavior_sequence
529925,188051,3.94293,multi_behavior_sequence
529925,240558,3.889192,multi_behavior_sequence
529925,65273,3.875633,multi_behavior_sequence
529925,320130,3.693452,multi_behavior_sequence
529925,312728,3.68033,multi_behavior_sequence
529925,323641,3.531463,multi_behavior_sequence
530033,546,3.489458,multi_behavior_sequence
530033,116624,3.21641,multi_behavior_sequence
530033,358594,3.163635,multi_behavior_sequence
530033,389135,3.159913,multi_behavior_sequence
530033,219512,3.131866,multi_behavior_sequence
530033,91888,3.123149,multi_behavior_sequence
530033,33087,3.053353,multi_behavior_sequence
530033,103127,3.045082,multi_behavior_sequence
530033,384302,3.019057,multi_behavior_sequence
530033,231482,3.005326,multi_behavior_sequence
530559,37115,8.122821,multi_behavior_sequence
530559,369158,7.808582,multi_behavior_sequence
530559,184199,7.723593,multi_behavior_sequence
530559,456005,7.206902,multi_behavior_sequence
530559,1684,6.984357,multi_behavior_sequence
530559,13925,6.877999,multi_behavior_sequence
530559,116334,6.771363,multi_behavior_sequence
530559,33692,6.760721,multi_behavior_sequence
530559,78729,6.649455,multi_behavior_sequence
530559,265113,6.527104,multi_behavior_sequence
531661,122219,3.46105,multi_behavior_sequence
531661,153099,3.280424,multi_behavior_sequence
531661,314789,3.230025,multi_behavior_sequence
531661,4001,3.203351,multi_behavior_sequence
531661,414654,3.195039,multi_behavior_sequence
531661,424912,3.110063,multi_behavior_sequence
531661,450156,3.076783,multi_behavior_sequence
531661,77155,2.999927,multi_behavior_sequence
531661,177522,2.96513,multi_behavior_sequence
531661,293557,2.961653,multi_behavior_sequence
531951,241555,4.213463,multi_behavior_sequence
531951,452720,4.080914,multi_behavior_sequence
531951,310816,3.935622,multi_behavior_sequence
531951,205829,3.920418,multi_behavior_sequence
531951,5190,3.768627,multi_behavior_sequence
531951,82377,3.748042,multi_behavior_sequence
531951,103003,3.678212,multi_behavior_sequence
531951,3146,3.656054,multi_behavior_sequence
531951,277380,3.647649,multi_behavior_sequence
531951,51421,3.623331,multi_behavior_sequence
532023,456276,3.540609,multi_behavior_sequence
532023,207178,3.503719,multi_behavior_sequence
532023,167337,3.225916,multi_behavior_sequence
532023,66752,3.061753,multi_behavior_sequence
532023,345409,3.021579,multi_behavior_sequence
532023,466843,3.00781,multi_behavior_sequence
532023,319723,2.981804,multi_behavior_sequence
532023,252387,2.977911,multi_behavior_sequence
532023,238865,2.958148,multi_behavior_sequence
532023,127726,2.942472,multi_behavior_sequence
534792,185305,3.372542,multi_behavior_sequence
534792,133282,3.236546,multi_behavior_sequence
534792,389135,3.181772,multi_behavior_sequence
534792,219782,3.171713,multi_behavior_sequence
534792,228644,3.135763,multi_behavior_sequence
534792,208450,3.065591,multi_behavior_sequence
534792,446820,2.912961,multi_behavior_sequence
534792,262186,2.79423,multi_behavior_sequence
534792,240149,2.783077,multi_behavior_sequence
534792,256242,2.765694,multi_behavior_sequence
536804,204403,3.868799,multi_behavior_sequence
536804,215258,3.39651,multi_behavior_sequence
536804,165789,3.296834,multi_behavior_sequence
536804,178355,3.27327,multi_behavior_sequence
536804,115764,3.24845,multi_behavior_sequence
536804,379288,3.062048,multi_behavior_sequence
536804,346790,3.061754,multi_behavior_sequence
536804,184903,3.025207,multi_behavior_sequence
536804,316135,2.969706,multi_behavior_sequence
536804,134604,2.960773,multi_behavior_sequence
538006,315543,3.738115,multi_behavior_sequence
538006,456056,3.408633,multi_behavior_sequence
538006,293587,3.157018,multi_behavior_sequence
538006,153708,3.089263,multi_behavior_sequence
538006,416850,3.087748,multi_behavior_sequence
538006,63846,3.080272,multi_behavior_sequence
538006,175246,3.070118,multi_behavior_sequence
538006,234255,3.018527,multi_behavior_sequence
538006,130094,3.017272,multi_behavior_sequence
538006,128745,3.010906,multi_behavior_sequence
538165,430034,3.018796,multi_behavior_sequence
538165,465824,3.014386,multi_behavior_sequence
538165,413990,2.993902,multi_behavior_sequence
538165,303039,2.949363,multi_behavior_sequence
538165,280328,2.917257,multi_behavior_sequence
538165,75710,2.887594,multi_behavior_sequence
538165,268335,2.864814,multi_behavior_sequence
538165,345136,2.792249,multi_behavior_sequence
538165,160272,2.671691,multi_behavior_sequence
538165,129972,2.670013,multi_behavior_sequence
53842,208922,2.900775,multi_behavior_sequence
53842,449391,2.884046,multi_behavior_sequence
53842,347014,2.715093,multi_behavior_sequence
53842,295317,2.702553,multi_behavior_sequence
53842,54698,2.592889,multi_behavior_sequence
53842,148165,2.586858,multi_behavior_sequence
53842,93315,2.547826,multi_behavior_sequence
53842,140527,2.535823,multi_behavior_sequence
53842,100393,2.504794,multi_behavior_sequence
53842,211911,2.47641,multi_behavior_sequence
538433,350384,2.891808,multi_behavior_sequence
538433,164828,2.732769,multi_behavior_sequence
538433,320130,2.693702,multi_behavior_sequence
538433,79956,2.602762,multi_behavior_sequence
538433,330506,2.600197,multi_behavior_sequence
538433,420960,2.538885,multi_behavior_sequence
538433,92466,2.532986,multi_behavior_sequence
538433,463804,2.531279,multi_behavior_sequence
538433,37029,2.486387,multi_behavior_sequence
538433,314285,2.480592,multi_behavior_sequence
539043,414654,5.049081,multi_behavior_sequence
539043,4001,4.629237,multi_behavior_sequence
539043,462188,4.613717,multi_behavior_sequence
539043,146325,4.573361,multi_behavior_sequence
539043,309778,4.461531,multi_behavior_sequence
539043,167978,4.445542,multi_behavior_sequence
539043,275559,4.311563,multi_behavior_sequence
539043,291877,4.211397,multi_behavior_sequence
539043,381265,4.176175,multi_behavior_sequence
539043,369158,4.117049,multi_behavior_sequence
541474,240149,3.784273,multi_behavior_sequence
541474,343375,3.598695,multi_behavior_sequence
541474,431728,3.571949,multi_behavior_sequence
541474,198170,3.405003,multi_behavior_sequence
541474,396427,3.382054,multi_behavior_sequence
541474,28136,3.365268,multi_behavior_sequence
541474,397424,3.330574,multi_behavior_sequence
541474,134776,3.164936,multi_behavior_sequence
541474,130599,3.12601,multi_behavior_sequence
541474,46389,3.11216,multi_behavior_sequence
541564,38457,5.240966,multi_behavior_sequence
541564,272455,5.006986,multi_behavior_sequence
541564,208922,4.680322,multi_behavior_sequence
541564,120183,4.468107,multi_behavior_sequence
541564,235796,4.201613,multi_behavior_sequence
541564,391823,4.188626,multi_behavior_sequence
541564,287687,4.124565,multi_behavior_sequence
541564,187862,4.122676,multi_behavior_sequence
541564,167978,3.933794,multi_behavior_sequence
541564,378322,3.904445,multi_behavior_sequence
542164,306041,3.724894,multi_behavior_sequence
542164,161173,3.006286,multi_behavior_sequence
542164,389572,2.876133,multi_behavior_sequence
542164,178112,2.714134,multi_behavior_sequence
542164,427103,2.713551,multi_behavior_sequence
542164,67154,2.683175,multi_behavior_sequence
542164,427777,2.653903,multi_behavior_sequence
542164,223958,2.631723,multi_behavior_sequence
542164,271151,2.525609,multi_behavior_sequence
542164,446989,2.504658,multi_behavior_sequence
542702,234255,4.340572,multi_behavior_sequence
542702,50648,4.240942,multi_behavior_sequence
542702,288249,4.023889,multi_behavior_sequence
542702,290003,3.961221,multi_behavior_sequence
542702,155188,3.958546,multi_behavior_sequence
542702,456056,3.793659,multi_behavior_sequence
542702,274443,3.704557,multi_behavior_sequence
542702,363109,3.704225,multi_behavior_sequence
542702,363459,3.686412,multi_behavior_sequence
542702,119942,3.677789,multi_behavior_sequence
542983,398004,2.896741,multi_behavior_sequence
542983,421471,2.832855,multi_behavior_sequence
542983,389693,2.697511,multi_behavior_sequence
542983,45148,2.680739,multi_behavior_sequence
542983,287696,2.672116,multi_behavior_sequence
542983,387024,2.666956,multi_behavior_sequence
542983,379337,2.622501,multi_behavior_sequence
542983,303845,2.594939,multi_behavior_sequence
542983,11279,2.572401,multi_behavior_sequence
542983,4887,2.567474,multi_behavior_sequence
546086,241555,4.297251,multi_behavior_sequence
546086,335975,4.272408,multi_behavior_sequence
546086,36278,4.238904,multi_behavior_sequence
546086,94890,3.963809,multi_behavior_sequence
546086,2455,3.910913,multi_behavior_sequence
546086,190000,3.88149,multi_behavior_sequence
546086,37115,3.819487,multi_behavior_sequence
546086,100282,3.743456,multi_behavior_sequence
546086,261844,3.674752,multi_behavior_sequence
546086,162139,3.636782,multi_behavior_sequence
546527,393809,4.266865,multi_behavior_sequence
546527,345136,3.757314,multi_behavior_sequence
546527,69507,3.56797,multi_behavior_sequence
546527,4887,3.453983,multi_behavior_sequence
546527,256655,3.426888,multi_behavior_sequence
546527,331244,3.35585,multi_behavior_sequence
546527,233861,3.201583,multi_behavior_sequence
546527,276013,3.194424,multi_behavior_sequence
546527,64669,3.17348,multi_behavior_sequence
546527,301483,3.127198,multi_behavior_sequence
547506,46232,5.10836,multi_behavior_sequence
547506,295537,4.463314,multi_behavior_sequence
547506,409804,4.277721,multi_behavior_sequence
547506,437715,4.173074,multi_behavior_sequence
547506,105338,4.067683,multi_behavior_sequence
547506,406021,4.021479,multi_behavior_sequence
547506,38965,4.009072,multi_behavior_sequence
547506,44539,3.998639,multi_behavior_sequence
547506,213834,3.959408,multi_behavior_sequence
547506,414432,3.89047,multi_behavior_sequence
547852,241555,4.862723,multi_behavior_sequence
547852,287811,3.825487,multi_behavior_sequence
547852,453290,3.782218,multi_behavior_sequence
547852,328696,3.676608,multi_behavior_sequence
547852,447888,3.597952,multi_behavior_sequence
547852,52962,3.582666,multi_behavior_sequence
547852,343375,3.534217,multi_behavior_sequence
547852,369194,3.523236,multi_behavior_sequence
547852,455079,3.459641,multi_behavior_sequence
547852,3975,3.455284,multi_behavior_sequence
54791,90240,2.632758,multi_behavior_sequence
54791,165789,2.570105,multi_behavior_sequence
54791,264663,2.558241,multi_behavior_sequence
54791,314579,2.557489,multi_behavior_sequence
54791,138712,2.483498,multi_behavior_sequence
54791,136768,2.421743,multi_behavior_sequence
54791,50383,2.343472,multi_behavior_sequence
54791,29741,2.341339,multi_behavior_sequence
54791,354348,2.331881,multi_behavior_sequence
54791,187138,2.296398,multi_behavior_sequence
548772,46232,6.176256,multi_behavior_sequence
548772,444931,5.942796,multi_behavior_sequence
548772,48030,5.912488,multi_behavior_sequence
548772,234255,5.898295,multi_behavior_sequence
548772,89323,5.81226,multi_behavior_sequence
548772,312728,5.656931,multi_behavior_sequence
548772,445351,5.651829,multi_behavior_sequence
548772,328476,5.471153,multi_behavior_sequence
548772,303178,5.460403,multi_behavior_sequence
548772,409804,5.43859,multi_behavior_sequence
550568,11670,3.963278,multi_behavior_sequence
550568,110720,3.903086,multi_behavior_sequence
550568,63769,3.81802,multi_behavior_sequence
550568,417673,3.642775,multi_behavior_sequence
550568,30479,3.642068,multi_behavior_sequence
550568,450866,3.564549,multi_behavior_sequence
550568,352788,3.494927,multi_behavior_sequence
550568,355325,3.48421,multi_behavior_sequence
550568,96904,3.481984,multi_behavior_sequence
550568,90219,3.434875,multi_behavior_sequence
550789,301235,4.993562,multi_behavior_sequence
550789,2455,4.630607,multi_behavior_sequence
550789,119630,4.443646,multi_behavior_sequence
550789,356339,4.306334,multi_behavior_sequence
550789,322485,4.043892,multi_behavior_sequence
550789,241209,3.978026,multi_behavior_sequence
550789,192221,3.946695,multi_behavior_sequence
550789,186391,3.912314,multi_behavior_sequence
550789,414460,3.863533,multi_behavior_sequence
550789,288887,3.81407,multi_behavior_sequence
550928,358594,4.579774,multi_behavior_sequence
550928,213356,4.056221,multi_behavior_sequence
550928,305798,3.877468,multi_behavior_sequence
550928,232350,3.78072,multi_behavior_sequence
550928,93382,3.762153,multi_behavior_sequence
550928,37930,3.71433,multi_behavior_sequence
550928,417927,3.586586,multi_behavior_sequence
550928,106547,3.54369,multi_behavior_sequence
550928,84321,3.463602,multi_behavior_sequence
550928,216271,3.42887,multi_behavior_sequence
553277,394548,5.030907,multi_behavior_sequence
553277,77769,4.735,multi_behavior_sequence
553277,167399,4.438687,multi_behavior_sequence
553277,107503,4.389664,multi_behavior_sequence
553277,422992,4.222538,multi_behavior_sequence
553277,390379,4.157418,multi_behavior_sequence
553277,403969,3.900277,multi_behavior_sequence
553277,231243,3.869175,multi_behavior_sequence
553277,357722,3.835847,multi_behavior_sequence
553277,233861,3.798417,multi_behavior_sequence
55389,438484,4.482841,multi_behavior_sequence
55389,78729,4.346019,multi_behavior_sequence
55389,234255,4.058886,multi_behavior_sequence
55389,350384,4.04621,multi_behavior_sequence
55389,396732,4.027418,multi_behavior_sequence
55389,351481,3.906795,multi_behavior_sequence
55389,155188,3.87253,multi_behavior_sequence
55389,337101,3.586336,multi_behavior_sequence
55389,362760,3.476172,multi_behavior_sequence
55389,417927,3.39207,multi_behavior_sequence
555714,130094,3.15613,multi_behavior_sequence
555714,315543,3.061645,multi_behavior_sequence
555714,386635,3.046752,multi_behavior_sequence
555714,78379,3.017706,multi_behavior_sequence
555714,238192,2.988037,multi_behavior_sequence
555714,232129,2.928222,multi_behavior_sequence
555714,356475,2.895723,multi_behavior_sequence
555714,101006,2.81158,multi_behavior_sequence
555714,545,2.811089,multi_behavior_sequence
555714,237524,2.808717,multi_behavior_sequence
556819,439726,3.521845,multi_behavior_sequence
556819,188051,3.508013,multi_behavior_sequence
556819,234255,3.493104,multi_behavior_sequence
556819,167399,3.215739,multi_behavior_sequence
556819,338794,3.059383,multi_behavior_sequence
556819,458637,3.059122,multi_behavior_sequence
556819,57577,2.888613,multi_behavior_sequence
556819,37254,2.882342,multi_behavior_sequence
556819,279457,2.867081,multi_behavior_sequence
556819,323641,2.828776,multi_behavior_sequence
559484,216266,3.833111,multi_behavior_sequence
559484,185305,3.805342,multi_behavior_sequence
559484,122219,3.765052,multi_behavior_sequence
559484,277380,3.728171,multi_behavior_sequence
559484,78265,3.514338,multi_behavior_sequence
559484,385755,3.465771,multi_behavior_sequence
559484,398489,3.416749,multi_behavior_sequence
559484,399031,3.402522,multi_behavior_sequence
559484,358482,3.399776,multi_behavior_sequence
559484,350525,3.331817,multi_behavior_sequence
560891,198833,5.050558,multi_behavior_sequence
560891,241209,4.573237,multi_behavior_sequence
560891,66752,4.416078,multi_behavior_sequence
560891,46232,4.406571,multi_behavior_sequence
560891,342443,4.381294,multi_behavior_sequence
560891,51275,4.340677,multi_behavior_sequence
560891,57209,4.337303,multi_behavior_sequence
560891,229821,4.246316,multi_behavior_sequence
560891,184412,4.201602,multi_behavior_sequence
560891,421993,4.13465,multi_behavior_sequence
564199,91896,2.862515,multi_behavior_sequence
564199,459416,2.839479,multi_behavior_sequence
564199,360645,2.775487,multi_behavior_sequence
564199,229746,2.692531,multi_behavior_sequence
564199,444918,2.685958,multi_behavior_sequence
564199,336200,2.643084,multi_behavior_sequence
564199,334118,2.640167,multi_behavior_sequence
564199,179047,2.603763,multi_behavior_sequence
564199,65764,2.592879,multi_behavior_sequence
564199,403162,2.566862,multi_behavior_sequence
564674,456056,4.719522,multi_behavior_sequence
564674,274443,3.713857,multi_behavior_sequence
564674,167126,3.67044,multi_behavior_sequence
564674,368403,3.617095,multi_behavior_sequence
564674,85914,3.550923,multi_behavior_sequence
564674,179601,3.535147,multi_behavior_sequence
564674,150882,3.502942,multi_behavior_sequence
564674,387024,3.416152,multi_behavior_sequence
564674,207825,3.300858,multi_behavior_sequence
564674,275625,3.223112,multi_behavior_sequence
565903,178451,4.003666,multi_behavior_sequence
565903,275075,3.684771,multi_behavior_sequence
565903,348245,3.597251,multi_behavior_sequence
565903,336753,3.548465,multi_behavior_sequence
565903,299560,3.546858,multi_behavior_sequence
565903,20017,3.515876,multi_behavior_sequence
565903,23912,3.493074,multi_behavior_sequence
565903,239404,3.424173,multi_behavior_sequence
565903,129892,3.391845,multi_behavior_sequence
565903,288387,3.295516,multi_behavior_sequence
565978,428272,6.803632,multi_behavior_sequence
565978,382885,6.351097,multi_behavior_sequence
565978,295537,6.307734,multi_behavior_sequence
565978,406021,6.162941,multi_behavior_sequence
565978,184826,5.811377,multi_behavior_sequence
565978,345308,5.659248,multi_behavior_sequence
565978,118823,5.572193,multi_behavior_sequence
565978,374759,5.546702,multi_behavior_sequence
565978,37115,5.444555,multi_behavior_sequence
565978,437715,5.436142,multi_behavior_sequence
566009,389158,4.414917,multi_behavior_sequence
566009,131080,4.384354,multi_behavior_sequence
566009,134255,4.233627,multi_behavior_sequence
566009,325852,4.056632,multi_behavior_sequence
566009,68337,3.942182,multi_behavior_sequence
566009,358064,3.800717,multi_behavior_sequence
566009,281480,3.758453,multi_behavior_sequence
566009,386635,3.73991,multi_behavior_sequence
566009,419825,3.723471,multi_behavior_sequence
566009,100049,3.674183,multi_behavior_sequence
567463,122219,3.967036,multi_behavior_sequence
567463,444712,3.302016,multi_behavior_sequence
567463,400442,3.29038,multi_behavior_sequence
567463,456056,3.284865,multi_behavior_sequence
567463,456276,3.248466,multi_behavior_sequence
567463,86532,3.095447,multi_behavior_sequence
567463,130054,3.088997,multi_behavior_sequence
567463,383735,3.011161,multi_behavior_sequence
567463,83280,2.990349,multi_behavior_sequence
567463,139447,2.969109,multi_behavior_sequence
568481,400442,4.56774,multi_behavior_sequence
568481,2463,4.304489,multi_behavior_sequence
568481,83280,3.429095,multi_behavior_sequence
568481,125799,3.413087,multi_behavior_sequence
568481,15327,3.402383,multi_behavior_sequence
568481,266900,3.218223,multi_behavior_sequence
568481,167039,3.103583,multi_behavior_sequence
568481,158912,3.099773,multi_behavior_sequence
568481,14606,3.0444,multi_behavior_sequence
568481,456056,3.018842,multi_behavior_sequence
569539,445351,5.977712,multi_behavior_sequence
569539,396732,5.20136,multi_behavior_sequence
569539,130628,5.009349,multi_behavior_sequence
569539,278586,5.00431,multi_behavior_sequence
569539,426926,4.899745,multi_behavior_sequence
569539,45140,4.836476,multi_behavior_sequence
569539,100282,4.830699,multi_behavior_sequence
569539,85334,4.742181,multi_behavior_sequence
569539,79975,4.741022,multi_behavior_sequence
569539,455079,4.670232,multi_behavior_sequence
572644,176484,5.358802,multi_behavior_sequence
572644,100282,5.120917,multi_behavior_sequence
572644,272770,5.058075,multi_behavior_sequence
572644,24734,4.886764,multi_behavior_sequence
572644,461891,4.773281,multi_behavior_sequence
572644,337101,4.768145,multi_behavior_sequence
572644,237244,4.640759,multi_behavior_sequence
572644,362714,4.635497,multi_behavior_sequence
572644,136587,4.629777,multi_behavior_sequence
572644,449391,4.607556,multi_behavior_sequence
572806,272455,4.111484,multi_behavior_sequence
572806,66752,4.047379,multi_behavior_sequence
572806,444931,3.898133,multi_behavior_sequence
572806,20098,3.803974,multi_behavior_sequence
572806,464731,3.801646,multi_behavior_sequence
572806,46232,3.799948,multi_behavior_sequence
572806,456056,3.781724,multi_behavior_sequence
572806,115923,3.758752,multi_behavior_sequence
572806,300670,3.681381,multi_behavior_sequence
572806,354585,3.453818,multi_behavior_sequence
575600,2657,3.860468,multi_behavior_sequence
575600,417927,3.83962,multi_behavior_sequence
575600,138427,3.721641,multi_behavior_sequence
575600,67115,3.677811,multi_behavior_sequence
575600,50648,3.674072,multi_behavior_sequence
575600,234255,3.656425,multi_behavior_sequence
575600,153948,3.622707,multi_behavior_sequence
575600,450082,3.619962,multi_behavior_sequence
575600,462271,3.52217,multi_behavior_sequence
575600,311721,3.459031,multi_behavior_sequence
577459,393809,3.979857,multi_behavior_sequence
577459,149505,3.364906,multi_behavior_sequence
577459,301235,3.3481,multi_behavior_sequence
577459,407661,3.311734,multi_behavior_sequence
577459,238995,3.259226,multi_behavior_sequence
577459,126522,3.116681,multi_behavior_sequence
577459,119630,3.065757,multi_behavior_sequence
577459,428249,3.037547,multi_behavior_sequence
577459,413110,3.036871,multi_behavior_sequence
577459,326447,3.036329,multi_behavior_sequence
579049,456056,3.345301,multi_behavior_sequence
579049,122219,2.915491,multi_behavior_sequence
579049,46660,2.644792,multi_behavior_sequence
579049,401896,2.628145,multi_behavior_sequence
579049,172894,2.596047,multi_behavior_sequence
579049,286924,2.570256,multi_behavior_sequence
579049,456276,2.545146,multi_behavior_sequence
579049,244819,2.489183,multi_behavior_sequence
579049,421227,2.460753,multi_behavior_sequence
579049,447848,2.45479,multi_behavior_sequence
57905,414654,4.631889,multi_behavior_sequence
57905,285061,4.209564,multi_behavior_sequence
57905,228644,4.145947,multi_behavior_sequence
57905,324462,4.124688,multi_behavior_sequence
57905,315543,3.947721,multi_behavior_sequence
57905,214415,3.917499,multi_behavior_sequence
57905,381265,3.883387,multi_behavior_sequence
57905,382885,3.830587,multi_behavior_sequence
57905,37068,3.720448,multi_behavior_sequence
57905,257735,3.667865,multi_behavior_sequence
580290,2463,4.677659,multi_behavior_sequence
580290,65273,4.604575,multi_behavior_sequence
580290,2641,4.489265,multi_behavior_sequence
580290,188051,4.450639,multi_behavior_sequence
580290,14606,4.141746,multi_behavior_sequence
580290,288525,4.129693,multi_behavior_sequence
580290,63543,4.111424,multi_behavior_sequence
580290,461686,4.088794,multi_behavior_sequence
580290,213834,4.068447,multi_behavior_sequence
580290,322190,3.966029,multi_behavior_sequence
581174,125275,3.842808,multi_behavior_sequence
581174,7943,3.772733,multi_behavior_sequence
581174,86532,3.764038,multi_behavior_sequence
581174,328696,3.687918,multi_behavior_sequence
581174,322887,3.407339,multi_behavior_sequence
581174,40635,3.374621,multi_behavior_sequence
581174,384157,3.352036,multi_behavior_sequence
581174,293733,3.146921,multi_behavior_sequence
581174,259487,3.06535,multi_behavior_sequence
581174,452908,3.049226,multi_behavior_sequence
582600,422992,4.213047,multi_behavior_sequence
582600,427103,4.041956,multi_behavior_sequence
582600,182278,3.708392,multi_behavior_sequence
582600,546,3.611714,multi_behavior_sequence
582600,336200,3.588662,multi_behavior_sequence
582600,352788,3.46106,multi_behavior_sequence
582600,179047,3.349734,multi_behavior_sequence
582600,368488,3.332165,multi_behavior_sequence
582600,260481,3.313715,multi_behavior_sequence
582600,358594,3.3017,multi_behavior_sequence
582933,439371,5.41408,multi_behavior_sequence
582933,248455,5.136343,multi_behavior_sequence
582933,119736,5.109471,multi_behavior_sequence
582933,234255,4.909502,multi_behavior_sequence
582933,148545,4.793575,multi_behavior_sequence
582933,420960,4.793308,multi_behavior_sequence
582933,46232,4.788498,multi_behavior_sequence
582933,358348,4.701586,multi_behavior_sequence
582933,411280,4.674934,multi_behavior_sequence
582933,233936,4.672794,multi_behavior_sequence
585174,430292,4.063529,multi_behavior_sequence
585174,192138,3.687534,multi_behavior_sequence
585174,260579,3.612346,multi_behavior_sequence
585174,319723,3.536002,multi_behavior_sequence
585174,268210,3.532936,multi_behavior_sequence
585174,355393,3.447982,multi_behavior_sequence
585174,165902,3.418367,multi_behavior_sequence
585174,286924,3.39513,multi_behavior_sequence
585174,118754,3.357152,multi_behavior_sequence
585174,456276,3.353369,multi_behavior_sequence
585935,443344,2.368376,multi_behavior_sequence
585935,341012,2.273437,multi_behavior_sequence
585935,137352,2.152979,multi_behavior_sequence
585935,90240,2.093539,multi_behavior_sequence
585935,345382,2.061165,multi_behavior_sequence
585935,371155,1.972846,multi_behavior_sequence
585935,81998,1.937954,multi_behavior_sequence
585935,154170,1.881477,multi_behavior_sequence
585935,183435,1.863171,multi_behavior_sequence
585935,304685,1.842428,multi_behavior_sequence
587389,320130,3.226146,multi_behavior_sequence
587389,234255,3.185688,multi_behavior_sequence
587389,350384,3.181136,multi_behavior_sequence
587389,78729,3.126756,multi_behavior_sequence
587389,439963,3.081063,multi_behavior_sequence
587389,248455,3.018148,multi_behavior_sequence
587389,37029,3.00632,multi_behavior_sequence
587389,369158,2.972606,multi_behavior_sequence
587389,168927,2.953312,multi_behavior_sequence
587389,322717,2.925089,multi_behavior_sequence
589239,390379,2.82903,multi_behavior_sequence
589239,279457,2.720388,multi_behavior_sequence
589239,385520,2.497407,multi_behavior_sequence
589239,412905,2.393432,multi_behavior_sequence
589239,394548,2.390976,multi_behavior_sequence
589239,453290,2.338443,multi_behavior_sequence
589239,378517,2.250904,multi_behavior_sequence
589239,439726,2.236246,multi_behavior_sequence
589239,387478,2.18454,multi_behavior_sequence
589239,389135,2.132336,multi_behavior_sequence
590943,208450,3.383348,multi_behavior_sequence
590943,65273,3.273143,multi_behavior_sequence
590943,153948,3.233776,multi_behavior_sequence
590943,368060,3.117375,multi_behavior_sequence
590943,315543,3.114358,multi_behavior_sequence
590943,288525,3.076616,multi_behavior_sequence
590943,97890,3.025221,multi_behavior_sequence
590943,192653,2.920669,multi_behavior_sequence
590943,62599,2.91199,multi_behavior_sequence
590943,50648,2.820519,multi_behavior_sequence
591760,14276,3.652468,multi_behavior_sequence
591760,374873,3.600712,multi_behavior_sequence
591760,341578,3.485367,multi_behavior_sequence
591760,174783,3.44264,multi_behavior_sequence
591760,322717,3.420599,multi_behavior_sequence
591760,141572,3.39518,multi_behavior_sequence
591760,331545,3.35683,multi_behavior_sequence
591760,301235,3.356491,multi_behavior_sequence
591760,205553,3.266514,multi_behavior_sequence
591760,367956,3.262532,multi_behavior_sequence
591869,243355,5.829584,multi_behavior_sequence
591869,456056,5.443954,multi_behavior_sequence
591869,228644,5.179147,multi_behavior_sequence
591869,389838,5.051421,multi_behavior_sequence
591869,442131,5.043918,multi_behavior_sequence
591869,465824,5.000795,multi_behavior_sequence
591869,459835,4.951514,multi_behavior_sequence
591869,234222,4.937045,multi_behavior_sequence
591869,274443,4.916048,multi_behavior_sequence
591869,223003,4.876459,multi_behavior_sequence
596356,354585,2.708448,multi_behavior_sequence
596356,213356,2.688794,multi_behavior_sequence
596356,444931,2.516845,multi_behavior_sequence
596356,337101,2.506001,multi_behavior_sequence
596356,85334,2.362025,multi_behavior_sequence
596356,100393,2.355657,multi_behavior_sequence
596356,271896,2.340064,multi_behavior_sequence
596356,51650,2.322053,multi_behavior_sequence
596356,80554,2.311873,multi_behavior_sequence
596356,115764,2.303318,multi_behavior_sequence
598277,398489,3.450705,multi_behavior_sequence
598277,424186,2.957409,multi_behavior_sequence
598277,261644,2.896863,multi_behavior_sequence
598277,167978,2.804666,multi_behavior_sequence
598277,205275,2.800972,multi_behavior_sequence
598277,177382,2.797008,multi_behavior_sequence
598277,48030,2.711659,multi_behavior_sequence
598277,159892,2.700569,multi_behavior_sequence
598277,24734,2.68644,multi_behavior_sequence
598277,444931,2.672371,multi_behavior_sequence
601836,57245,5.470103,multi_behavior_sequence
601836,65633,4.835243,multi_behavior_sequence
601836,279457,4.683698,multi_behavior_sequence
601836,390379,4.190524,multi_behavior_sequence
601836,94344,4.184176,multi_behavior_sequence
601836,340490,4.127097,multi_behavior_sequence
601836,404056,4.054765,multi_behavior_sequence
601836,231243,3.939958,multi_behavior_sequence
601836,87347,3.923065,multi_behavior_sequence
601836,160272,3.857704,multi_behavior_sequence
602115,456056,2.97593,multi_behavior_sequence
602115,179601,2.60322,multi_behavior_sequence
602115,243795,2.454703,multi_behavior_sequence
602115,234255,2.441024,multi_behavior_sequence
602115,334401,2.435788,multi_behavior_sequence
602115,415263,2.408018,multi_behavior_sequence
602115,143931,2.293604,multi_behavior_sequence
602115,330647,2.290536,multi_behavior_sequence
602115,51767,2.262661,multi_behavior_sequence
602115,48030,2.245481,multi_behavior_sequence
607090,413990,3.330563,multi_behavior_sequence
607090,202052,3.26954,multi_behavior_sequence
607090,351125,3.248434,multi_behavior_sequence
607090,6692,3.175063,multi_behavior_sequence
607090,435670,3.158433,multi_behavior_sequence
607090,51832,3.127244,multi_behavior_sequence
607090,280328,3.102282,multi_behavior_sequence
607090,444163,3.0576,multi_behavior_sequence
607090,131080,3.032825,multi_behavior_sequence
607090,339966,3.030782,multi_behavior_sequence
608714,5190,2.720978,multi_behavior_sequence
608714,78379,2.691184,multi_behavior_sequence
608714,325852,2.60589,multi_behavior_sequence
608714,192721,2.538714,multi_behavior_sequence
608714,447888,2.473431,multi_behavior_sequence
608714,37115,2.4541,multi_behavior_sequence
608714,365320,2.451632,multi_behavior_sequence
608714,136524,2.395876,multi_behavior_sequence
608714,466436,2.394291,multi_behavior_sequence
608714,41662,2.37807,multi_behavior_sequence
610403,382885,3.19514,multi_behavior_sequence
610403,188051,3.105894,multi_behavior_sequence
610403,236302,3.032554,multi_behavior_sequence
610403,456005,2.904667,multi_behavior_sequence
610403,453290,2.888115,multi_behavior_sequence
610403,284045,2.876758,multi_behavior_sequence
610403,448453,2.82332,multi_behavior_sequence
610403,430034,2.815545,multi_behavior_sequence
610403,77733,2.805348,multi_behavior_sequence
610403,465824,2.789089,multi_behavior_sequence
614908,260609,3.715484,multi_behavior_sequence
614908,398161,3.28744,multi_behavior_sequence
614908,272770,3.269248,multi_behavior_sequence
614908,48892,3.173043,multi_behavior_sequence
614908,350465,3.135261,multi_behavior_sequence
614908,216768,3.11936,multi_behavior_sequence
614908,170527,3.11618,multi_behavior_sequence
614908,380440,3.103551,multi_behavior_sequence
614908,358565,3.09809,multi_behavior_sequence
614908,82576,3.064441,multi_behavior_sequence
615132,7943,6.818038,multi_behavior_sequence
615132,49257,6.194251,multi_behavior_sequence
615132,375854,5.995071,multi_behavior_sequence
615132,303828,5.80502,multi_behavior_sequence
615132,100282,5.675551,multi_behavior_sequence
615132,328696,5.621912,multi_behavior_sequence
615132,90910,5.394353,multi_behavior_sequence
615132,463617,5.312562,multi_behavior_sequence
615132,172894,5.297799,multi_behavior_sequence
615132,219512,5.2096,multi_behavior_sequence
6170,448291,5.816436,multi_behavior_sequence
6170,143866,5.544984,multi_behavior_sequence
6170,12419,5.317685,multi_behavior_sequence
6170,442889,5.207865,multi_behavior_sequence
6170,228279,5.177351,multi_behavior_sequence
6170,16079,5.163928,multi_behavior_sequence
6170,131080,5.148158,multi_behavior_sequence
6170,410139,5.147204,multi_behavior_sequence
6170,455680,5.078014,multi_behavior_sequence
6170,439586,5.019624,multi_behavior_sequence
617101,147955,3.327975,multi_behavior_sequence
617101,338671,3.178173,multi_behavior_sequence
617101,248455,3.075348,multi_behavior_sequence
617101,218626,3.047614,multi_behavior_sequence
617101,315309,3.036495,multi_behavior_sequence
617101,290003,2.926464,multi_behavior_sequence
617101,234255,2.903046,multi_behavior_sequence
617101,188051,2.878319,multi_behavior_sequence
617101,407952,2.8779,multi_behavior_sequence
617101,382885,2.760886,multi_behavior_sequence
619525,171878,3.227487,multi_behavior_sequence
619525,334936,3.065343,multi_behavior_sequence
619525,218746,3.004444,multi_behavior_sequence
619525,40635,2.956635,multi_behavior_sequence
619525,227591,2.924974,multi_behavior_sequence
619525,182498,2.920329,multi_behavior_sequence
619525,428827,2.919399,multi_behavior_sequence
619525,55164,2.918823,multi_behavior_sequence
619525,125275,2.888013,multi_behavior_sequence
619525,43830,2.841539,multi_behavior_sequence
620048,306041,3.742098,multi_behavior_sequence
620048,397606,3.188891,multi_behavior_sequence
620048,129279,3.155586,multi_behavior_sequence
620048,399943,3.074782,multi_behavior_sequence
620048,16862,3.061181,multi_behavior_sequence
620048,326447,3.055277,multi_behavior_sequence
620048,461199,3.026937,multi_behavior_sequence
620048,381151,2.979717,multi_behavior_sequence
620048,369447,2.959882,multi_behavior_sequence
620048,372845,2.955488,multi_behavior_sequence
623174,382885,6.224694,multi_behavior_sequence
623174,229382,5.607565,multi_behavior_sequence
623174,46232,5.49303,multi_behavior_sequence
623174,190000,5.300158,multi_behavior_sequence
623174,37115,5.187396,multi_behavior_sequence
623174,407952,5.137272,multi_behavior_sequence
623174,137697,4.987314,multi_behavior_sequence
623174,325384,4.951817,multi_behavior_sequence
623174,325310,4.947829,multi_behavior_sequence
623174,38965,4.863307,multi_behavior_sequence
623277,130094,3.30304,multi_behavior_sequence
623277,78379,3.232998,multi_behavior_sequence
623277,153961,2.819404,multi_behavior_sequence
623277,309778,2.665346,multi_behavior_sequence
623277,83717,2.618957,multi_behavior_sequence
623277,277380,2.555259,multi_behavior_sequence
623277,432152,2.54124,multi_behavior_sequence
623277,202871,2.425231,multi_behavior_sequence
623277,444500,2.37958,multi_behavior_sequence
623277,381265,2.363812,multi_behavior_sequence
623304,122219,5.156293,multi_behavior_sequence
623304,86532,4.501814,multi_behavior_sequence
623304,407661,4.305867,multi_behavior_sequence
623304,112197,4.205607,multi_behavior_sequence
623304,117750,4.190615,multi_behavior_sequence
623304,314789,4.182589,multi_behavior_sequence
623304,153099,4.160177,multi_behavior_sequence
623304,214264,4.125643,multi_behavior_sequence
623304,11663,4.036614,multi_behavior_sequence
623304,271801,4.02311,multi_behavior_sequence
625167,269177,3.613804,multi_behavior_sequence
625167,312728,3.52896,multi_behavior_sequence
625167,424869,3.467088,multi_behavior_sequence
625167,184903,3.446463,multi_behavior_sequence
625167,320081,3.437113,multi_behavior_sequence
625167,264917,3.42547,multi_behavior_sequence
625167,330090,3.394575,multi_behavior_sequence
625167,110799,3.311626,multi_behavior_sequence
625167,24440,3.235154,multi_behavior_sequence
625167,456320,3.155335,multi_behavior_sequence
625795,358565,3.228311,multi_behavior_sequence
625795,65273,3.081273,multi_behavior_sequence
625795,288525,3.072257,multi_behavior_sequence
625795,458637,3.028543,multi_behavior_sequence
625795,460187,3.009134,multi_behavior_sequence
625795,110412,2.951366,multi_behavior_sequence
625795,355393,2.901953,multi_behavior_sequence
625795,445351,2.897659,multi_behavior_sequence
625795,167126,2.894252,multi_behavior_sequence
625795,413990,2.889368,multi_behavior_sequence
628940,234255,3.619051,multi_behavior_sequence
628940,417927,3.303412,multi_behavior_sequence
628940,100282,3.288542,multi_behavior_sequence
628940,7943,3.279867,multi_behavior_sequence
628940,37029,3.27752,multi_behavior_sequence
628940,51650,3.21852,multi_behavior_sequence
628940,322717,3.119813,multi_behavior_sequence
628940,248455,3.11438,multi_behavior_sequence
628940,138427,3.053424,multi_behavior_sequence
628940,31791,2.992169,multi_behavior_sequence
629627,144635,2.673186,multi_behavior_sequence
629627,391226,2.511457,multi_behavior_sequence
629627,209050,2.461257,multi_behavior_sequence
629627,241555,2.429081,multi_behavior_sequence
629627,181202,2.383821,multi_behavior_sequence
629627,439963,2.341325,multi_behavior_sequence
629627,130628,2.232454,multi_behavior_sequence
629627,396732,2.229408,multi_behavior_sequence
629627,73602,2.222152,multi_behavior_sequence
629627,372188,2.199661,multi_behavior_sequence
630463,456056,4.469322,multi_behavior_sequence
630463,119736,4.404623,multi_behavior_sequence
630463,369158,4.00415,multi_behavior_sequence
630463,389838,3.967544,multi_behavior_sequence
630463,208939,3.847967,multi_behavior_sequence
630463,309778,3.843982,multi_behavior_sequence
630463,150882,3.683702,multi_behavior_sequence
630463,213834,3.649829,multi_behavior_sequence
630463,190000,3.587439,multi_behavior_sequence
630463,320130,3.571913,multi_behavior_sequence
631905,131080,4.301383,multi_behavior_sequence
631905,336562,4.295619,multi_behavior_sequence
631905,178355,4.217252,multi_behavior_sequence
631905,188980,4.127681,multi_behavior_sequence
631905,14758,4.104555,multi_behavior_sequence
631905,409023,3.900455,multi_behavior_sequence
631905,384594,3.873566,multi_behavior_sequence
631905,99003,3.868934,multi_behavior_sequence
631905,388212,3.82675,multi_behavior_sequence
631905,293493,3.765875,multi_behavior_sequence
634327,51275,5.660483,multi_behavior_sequence
634327,407661,4.741799,multi_behavior_sequence
634327,331056,4.722714,multi_behavior_sequence
634327,208450,4.44649,multi_behavior_sequence
634327,109474,4.245552,multi_behavior_sequence
634327,402510,4.219041,multi_behavior_sequence
634327,441248,4.182743,multi_behavior_sequence
634327,178355,4.144537,multi_behavior_sequence
634327,305790,4.098247,multi_behavior_sequence
634327,84822,4.051072,multi_behavior_sequence
638482,270144,7.302203,multi_behavior_sequence
638482,179151,6.769632,multi_behavior_sequence
638482,303821,6.539168,multi_behavior_sequence
638482,92320,6.136353,multi_behavior_sequence
638482,130225,5.896327,multi_behavior_sequence
638482,141342,5.768172,multi_behavior_sequence
638482,466436,5.713247,multi_behavior_sequence
638482,117075,5.67219,multi_behavior_sequence
638482,399666,5.574109,multi_behavior_sequence
638482,14205,5.482252,multi_behavior_sequence
639414,248455,2.656446,multi_behavior_sequence
639414,261644,2.442594,multi_behavior_sequence
639414,386724,2.419803,multi_behavior_sequence
639414,228644,2.331037,multi_behavior_sequence
639414,320130,2.328218,multi_behavior_sequence
639414,302066,2.276584,multi_behavior_sequence
639414,389135,2.269971,multi_behavior_sequence
639414,466385,2.261028,multi_behavior_sequence
639414,234255,2.240033,multi_behavior_sequence
639414,4001,2.189132,multi_behavior_sequence
640951,90240,2.886572,multi_behavior_sequence
640951,356339,2.867028,multi_behavior_sequence
640951,368841,2.844497,multi_behavior_sequence
640951,109474,2.844409,multi_behavior_sequence
640951,65273,2.831925,multi_behavior_sequence
640951,351125,2.73405,multi_behavior_sequence
640951,287356,2.716245,multi_behavior_sequence
640951,350629,2.693513,multi_behavior_sequence
640951,396853,2.677394,multi_behavior_sequence
640951,67115,2.653827,multi_behavior_sequence
641040,122219,4.451007,multi_behavior_sequence
641040,444712,4.18768,multi_behavior_sequence
641040,343151,4.152026,multi_behavior_sequence
641040,456276,3.87551,multi_behavior_sequence
641040,92580,3.781158,multi_behavior_sequence
641040,336753,3.778852,multi_behavior_sequence
641040,69507,3.703185,multi_behavior_sequence
641040,292353,3.655937,multi_behavior_sequence
641040,276013,3.632647,multi_behavior_sequence
641040,116493,3.578047,multi_behavior_sequence
643673,80174,3.757412,multi_behavior_sequence
643673,405770,3.726111,multi_behavior_sequence
643673,379739,3.701321,multi_behavior_sequence
643673,375058,3.585876,multi_behavior_sequence
643673,310775,3.552949,multi_behavior_sequence
643673,391823,3.48185,multi_behavior_sequence
643673,23905,3.394913,multi_behavior_sequence
643673,277183,3.369861,multi_behavior_sequence
643673,213500,3.353813,multi_behavior_sequence
643673,318785,3.29854,multi_behavior_sequence
643768,304920,3.983251,multi_behavior_sequence
643768,137034,3.910787,multi_behavior_sequence
643768,67154,3.839356,multi_behavior_sequence
643768,445351,3.725274,multi_behavior_sequence
643768,267111,3.704173,multi_behavior_sequence
643768,296795,3.695526,multi_behavior_sequence
643768,37029,3.56612,multi_behavior_sequence
643768,262815,3.557634,multi_behavior_sequence
643768,301235,3.553647,multi_behavior_sequence
643768,319869,3.528482,multi_behavior_sequence
644939,461891,3.624275,multi_behavior_sequence
644939,144635,3.458333,multi_behavior_sequence
644939,24734,3.4032,multi_behavior_sequence
644939,464116,3.20454,multi_behavior_sequence
644939,37554,3.111422,multi_behavior_sequence
644939,116205,3.024262,multi_behavior_sequence
644939,236652,3.022608,multi_behavior_sequence
644939,273332,2.967106,multi_behavior_sequence
644939,306041,2.913455,multi_behavior_sequence
644939,17794,2.882565,multi_behavior_sequence
645525,46232,7.027522,multi_behavior_sequence
645525,260621,6.170769,multi_behavior_sequence
645525,125275,5.946634,multi_behavior_sequence
645525,400077,5.891155,multi_behavior_sequence
645525,286731,5.85431,multi_behavior_sequence
645525,277490,5.707035,multi_behavior_sequence
645525,286022,5.66617,multi_behavior_sequence
645525,257070,5.535225,multi_behavior_sequence
645525,367102,5.513826,multi_behavior_sequence
645525,459936,5.481845,multi_behavior_sequence
648175,223582,4.154263,multi_behavior_sequence
648175,5550,4.122643,multi_behavior_sequence
648175,267320,4.115875,multi_behavior_sequence
648175,92199,3.948004,multi_behavior_sequence
648175,366141,3.825189,multi_behavior_sequence
648175,429765,3.796882,multi_behavior_sequence
648175,179834,3.750017,multi_behavior_sequence
648175,41611,3.733599,multi_behavior_sequence
648175,405548,3.733374,multi_behavior_sequence
648175,109475,3.713631,multi_behavior_sequence
64931,349002,3.784936,multi_behavior_sequence
64931,322887,3.784842,multi_behavior_sequence
64931,204403,3.732189,multi_behavior_sequence
64931,182498,3.674487,multi_behavior_sequence
64931,379288,3.618601,multi_behavior_sequence
64931,270144,3.599899,multi_behavior_sequence
64931,124919,3.515752,multi_behavior_sequence
64931,205948,3.459462,multi_behavior_sequence
64931,345308,3.457829,multi_behavior_sequence
64931,376974,3.433456,multi_behavior_sequence
649511,350384,4.268641,multi_behavior_sequence
649511,330506,3.91866,multi_behavior_sequence
649511,208922,3.898584,multi_behavior_sequence
649511,352788,3.719338,multi_behavior_sequence
649511,199874,3.685322,multi_behavior_sequence
649511,188723,3.581459,multi_behavior_sequence
649511,164828,3.472853,multi_behavior_sequence
649511,370442,3.471835,multi_behavior_sequence
649511,211418,3.428053,multi_behavior_sequence
649511,272770,3.426918,multi_behavior_sequence
653115,381941,4.579317,multi_behavior_sequence
653115,241555,4.222188,multi_behavior_sequence
653115,103003,4.057153,multi_behavior_sequence
653115,40635,4.023805,multi_behavior_sequence
653115,351264,3.840465,multi_behavior_sequence
653115,283726,3.83048,multi_behavior_sequence
653115,457711,3.628819,multi_behavior_sequence
653115,283115,3.599623,multi_behavior_sequence
653115,82377,3.596984,multi_behavior_sequence
653115,44826,3.572213,multi_behavior_sequence
653779,299665,3.773688,multi_behavior_sequence
653779,238865,3.482748,multi_behavior_sequence
653779,293397,3.420505,multi_behavior_sequence
653779,303025,3.410674,multi_behavior_sequence
653779,443344,3.300045,multi_behavior_sequence
653779,323290,3.203098,multi_behavior_sequence
653779,402460,3.098865,multi_behavior_sequence
653779,415081,3.086851,multi_behavior_sequence
653779,113438,3.070225,multi_behavior_sequence
653779,417594,3.003801,multi_behavior_sequence
658626,375058,3.783198,multi_behavior_sequence
658626,29741,3.693277,multi_behavior_sequence
658626,395656,3.537337,multi_behavior_sequence
658626,215715,3.400009,multi_behavior_sequence
658626,130054,3.299188,multi_behavior_sequence
658626,346501,3.2819,multi_behavior_sequence
658626,77514,3.112289,multi_behavior_sequence
658626,449316,3.006251,multi_behavior_sequence
658626,439424,2.963472,multi_behavior_sequence
658626,220353,2.933352,multi_behavior_sequence
664763,125275,3.532691,multi_behavior_sequence
664763,7943,3.491821,multi_behavior_sequence
664763,79956,3.260102,multi_behavior_sequence
664763,78265,3.034686,multi_behavior_sequence
664763,352788,2.874243,multi_behavior_sequence
664763,17322,2.833818,multi_behavior_sequence
664763,218794,2.828357,multi_behavior_sequence
664763,434054,2.807199,multi_behavior_sequence
664763,10572,2.802889,multi_behavior_sequence
664763,427103,2.791984,multi_behavior_sequence
6699,295537,2.719984,multi_behavior_sequence
6699,183435,2.553581,multi_behavior_sequence
6699,382885,2.465055,multi_behavior_sequence
6699,303161,2.378627,multi_behavior_sequence
6699,454422,2.36665,multi_behavior_sequence
6699,371965,2.364349,multi_behavior_sequence
6699,230813,2.364208,multi_behavior_sequence
6699,325384,2.347122,multi_behavior_sequence
6699,460420,2.341814,multi_behavior_sequence
6699,192227,2.336726,multi_behavior_sequence
671264,11670,4.219182,multi_behavior_sequence
671264,295023,4.125374,multi_behavior_sequence
671264,46232,3.77261,multi_behavior_sequence
671264,208922,3.748569,multi_behavior_sequence
671264,464731,3.658477,multi_behavior_sequence
671264,280328,3.587946,multi_behavior_sequence
671264,228903,3.57466,multi_behavior_sequence
671264,157004,3.355512,multi_behavior_sequence
671264,58086,3.33266,multi_behavior_sequence
671264,66752,3.253931,multi_behavior_sequence
672218,9877,3.705481,multi_behavior_sequence
672218,2463,3.263606,multi_behavior_sequence
672218,42523,3.194185,multi_behavior_sequence
672218,31640,3.163483,multi_behavior_sequence
672218,3914,3.152543,multi_behavior_sequence
672218,234390,2.980964,multi_behavior_sequence
672218,422992,2.793273,multi_behavior_sequence
672218,463804,2.792067,multi_behavior_sequence
672218,263245,2.791347,multi_behavior_sequence
672218,439371,2.790908,multi_behavior_sequence
672733,85219,3.657552,multi_behavior_sequence
672733,47526,3.631449,multi_behavior_sequence
672733,100150,3.488578,multi_behavior_sequence
672733,259078,3.355221,multi_behavior_sequence
672733,459835,3.346511,multi_behavior_sequence
672733,310720,3.287615,multi_behavior_sequence
672733,283586,3.25051,multi_behavior_sequence
672733,111042,3.206326,multi_behavior_sequence
672733,329279,3.116333,multi_behavior_sequence
672733,143866,3.052858,multi_behavior_sequence
672735,51275,5.297101,multi_behavior_sequence
672735,116299,5.139807,multi_behavior_sequence
672735,29196,5.104312,multi_behavior_sequence
672735,302195,4.45516,multi_behavior_sequence
672735,130226,4.451794,multi_behavior_sequence
672735,268335,4.244778,multi_behavior_sequence
672735,147684,4.201807,multi_behavior_sequence
672735,266843,4.194581,multi_behavior_sequence
672735,178355,4.181535,multi_behavior_sequence
672735,234818,4.165085,multi_behavior_sequence
673572,453290,4.746743,multi_behavior_sequence
673572,234255,4.630861,multi_behavior_sequence
673572,104560,4.122007,multi_behavior_sequence
673572,136236,4.078113,multi_behavior_sequence
673572,11663,4.064739,multi_behavior_sequence
673572,257735,3.8917,multi_behavior_sequence
673572,199647,3.857536,multi_behavior_sequence
673572,394548,3.817511,multi_behavior_sequence
673572,345529,3.769988,multi_behavior_sequence
673572,117075,3.741784,multi_behavior_sequence
674163,388755,4.438746,multi_behavior_sequence
674163,329361,4.396743,multi_behavior_sequence
674163,314880,4.251169,multi_behavior_sequence
674163,346892,4.088361,multi_behavior_sequence
674163,277247,4.081336,multi_behavior_sequence
674163,273144,4.005577,multi_behavior_sequence
674163,428072,3.972312,multi_behavior_sequence
674163,150882,3.8895,multi_behavior_sequence
674163,146325,3.87433,multi_behavior_sequence
674163,147005,3.850851,multi_behavior_sequence
679502,234255,2.908304,multi_behavior_sequence
679502,116624,2.830701,multi_behavior_sequence
679502,228644,2.797905,multi_behavior_sequence
679502,381265,2.692186,multi_behavior_sequence
679502,351481,2.553228,multi_behavior_sequence
679502,435624,2.539178,multi_behavior_sequence
679502,181462,2.53071,multi_behavior_sequence
679502,49257,2.479959,multi_behavior_sequence
679502,117096,2.473495,multi_behavior_sequence
679502,91888,2.461307,multi_behavior_sequence
680352,278208,4.367325,multi_behavior_sequence
680352,375854,4.22098,multi_behavior_sequence
680352,153099,4.215041,multi_behavior_sequence
680352,437778,4.104691,multi_behavior_sequence
680352,192288,3.913234,multi_behavior_sequence
680352,172894,3.890579,multi_behavior_sequence
680352,92361,3.831877,multi_behavior_sequence
680352,350384,3.773731,multi_behavior_sequence
680352,453618,3.745641,multi_behavior_sequence
680352,275339,3.744441,multi_behavior_sequence
682621,187138,4.889369,multi_behavior_sequence
682621,307212,4.36679,multi_behavior_sequence
682621,103322,4.267497,multi_behavior_sequence
682621,117075,4.249862,multi_behavior_sequence
682621,234255,4.155059,multi_behavior_sequence
682621,108083,4.133108,multi_behavior_sequence
682621,270144,4.115872,multi_behavior_sequence
682621,151551,4.058736,multi_behavior_sequence
682621,122324,3.969495,multi_behavior_sequence
682621,73593,3.957405,multi_behavior_sequence
684514,325310,7.66445,multi_behavior_sequence
684514,456056,7.286963,multi_behavior_sequence
684514,439963,6.589782,multi_behavior_sequence
684514,241555,6.459942,multi_behavior_sequence
684514,110421,6.452499,multi_behavior_sequence
684514,76060,6.312316,multi_behavior_sequence
684514,117730,6.094503,multi_behavior_sequence
684514,35403,6.06101,multi_behavior_sequence
684514,322190,5.686436,multi_behavior_sequence
684514,303573,5.655777,multi_behavior_sequence
686012,79956,5.60674,multi_behavior_sequence
686012,400442,5.456325,multi_behavior_sequence
686012,461686,5.199935,multi_behavior_sequence
686012,138427,4.994067,multi_behavior_sequence
686012,450082,4.554481,multi_behavior_sequence
686012,213834,4.532566,multi_behavior_sequence
686012,185348,4.523862,multi_behavior_sequence
686012,372188,4.496176,multi_behavior_sequence
686012,45175,4.470799,multi_behavior_sequence
686012,248455,4.460124,multi_behavior_sequence
686854,150103,4.534013,multi_behavior_sequence
686854,40635,4.489681,multi_behavior_sequence
686854,374633,4.051699,multi_behavior_sequence
686854,325384,4.025097,multi_behavior_sequence
686854,386947,4.022371,multi_behavior_sequence
686854,26228,3.957015,multi_behavior_sequence
686854,354881,3.820949,multi_behavior_sequence
686854,324858,3.799343,multi_behavior_sequence
686854,422376,3.768659,multi_behavior_sequence
686854,260621,3.728271,multi_behavior_sequence
689834,241555,4.839406,multi_behavior_sequence
689834,111070,4.426658,multi_behavior_sequence
689834,431728,4.401048,multi_behavior_sequence
689834,122219,4.02925,multi_behavior_sequence
689834,179749,4.014731,multi_behavior_sequence
689834,63499,3.996812,multi_behavior_sequence
689834,352541,3.88454,multi_behavior_sequence
689834,407661,3.872666,multi_behavior_sequence
689834,32398,3.638147,multi_behavior_sequence
689834,183417,3.594301,multi_behavior_sequence
692778,398489,3.772409,multi_behavior_sequence
692778,282385,3.304018,multi_behavior_sequence
692778,48030,3.286813,multi_behavior_sequence
692778,133282,3.260792,multi_behavior_sequence
692778,354585,3.147466,multi_behavior_sequence
692778,243355,3.069676,multi_behavior_sequence
692778,153708,3.060966,multi_behavior_sequence
692778,167978,2.88514,multi_behavior_sequence
692778,234255,2.872749,multi_behavior_sequence
692778,444848,2.860509,multi_behavior_sequence
693709,235796,5.88557,multi_behavior_sequence
693709,377863,5.472031,multi_behavior_sequence
693709,46156,5.459791,multi_behavior_sequence
693709,360922,5.422541,multi_behavior_sequence
693709,119736,5.382988,multi_behavior_sequence
693709,243355,5.097024,multi_behavior_sequence
693709,48030,5.08387,multi_behavior_sequence
693709,456056,5.021111,multi_behavior_sequence
693709,170262,4.88794,multi_behavior_sequence
693709,441852,4.860301,multi_behavior_sequence
694913,355325,3.532587,multi_behavior_sequence
694913,153280,3.188784,multi_behavior_sequence
694913,404056,3.07016,multi_behavior_sequence
694913,334404,3.005242,multi_behavior_sequence
694913,29539,2.978721,multi_behavior_sequence
694913,261316,2.884967,multi_behavior_sequence
694913,363459,2.875988,multi_behavior_sequence
694913,63769,2.872813,multi_behavior_sequence
694913,201515,2.867107,multi_behavior_sequence
694913,210408,2.832329,multi_behavior_sequence
695074,445351,2.816921,multi_behavior_sequence
695074,355994,2.787851,multi_behavior_sequence
695074,350384,2.647148,multi_behavior_sequence
695074,240558,2.588094,multi_behavior_sequence
695074,228166,2.576193,multi_behavior_sequence
695074,119736,2.57483,multi_behavior_sequence
695074,37029,2.566584,multi_behavior_sequence
695074,65633,2.542425,multi_behavior_sequence
695074,112828,2.531778,multi_behavior_sequence
695074,462188,2.503004,multi_behavior_sequence
695164,332605,4.979029,multi_behavior_sequence
695164,454265,4.825631,multi_behavior_sequence
695164,461671,4.734606,multi_behavior_sequence
695164,224191,4.654805,multi_behavior_sequence
695164,337101,4.549417,multi_behavior_sequence
695164,379390,4.430628,multi_behavior_sequence
695164,365320,4.423529,multi_behavior_sequence
695164,5190,4.356132,multi_behavior_sequence
695164,415735,4.305097,multi_behavior_sequence
695164,398161,4.286212,multi_behavior_sequence
6958,376429,3.803822,multi_behavior_sequence
6958,266843,3.507071,multi_behavior_sequence
6958,336562,3.485257,multi_behavior_sequence
6958,401896,3.480215,multi_behavior_sequence
6958,281145,3.455244,multi_behavior_sequence
6958,295317,3.444631,multi_behavior_sequence
6958,277833,3.433434,multi_behavior_sequence
6958,173938,3.366729,multi_behavior_sequence
6958,197735,3.344639,multi_behavior_sequence
6958,104962,3.340178,multi_behavior_sequence
699471,403564,3.398368,multi_behavior_sequence
699471,122219,3.39189,multi_behavior_sequence
699471,116493,3.332103,multi_behavior_sequence
699471,412326,3.300914,multi_behavior_sequence
699471,158661,3.163616,multi_behavior_sequence
699471,407661,3.161169,multi_behavior_sequence
699471,112197,3.094896,multi_behavior_sequence
699471,153280,3.015111,multi_behavior_sequence
699471,62599,3.013687,multi_behavior_sequence
699471,27283,2.955305,multi_behavior_sequence
699890,117075,3.3866,multi_behavior_sequence
699890,140861,2.814116,multi_behavior_sequence
699890,222294,2.762423,multi_behavior_sequence
699890,29741,2.699532,multi_behavior_sequence
699890,437122,2.695323,multi_behavior_sequence
699890,403564,2.560244,multi_behavior_sequence
699890,260384,2.558894,multi_behavior_sequence
699890,358697,2.531316,multi_behavior_sequence
699890,239896,2.504335,multi_behavior_sequence
699890,66548,2.469641,multi_behavior_sequence
702279,119630,3.487577,multi_behavior_sequence
702279,100150,3.19995,multi_behavior_sequence
702279,173028,3.045571,multi_behavior_sequence
702279,46348,3.024273,multi_behavior_sequence
702279,392826,2.91697,multi_behavior_sequence
702279,83366,2.915136,multi_behavior_sequence
702279,196538,2.762729,multi_behavior_sequence
702279,365320,2.761619,multi_behavior_sequence
702279,315543,2.757374,multi_behavior_sequence
702279,187991,2.661815,multi_behavior_sequence
703762,429765,3.973625,multi_behavior_sequence
703762,81998,3.73775,multi_behavior_sequence
703762,137697,3.460717,multi_behavior_sequence
703762,403848,3.433425,multi_behavior_sequence
703762,63543,3.426253,multi_behavior_sequence
703762,260581,3.396541,multi_behavior_sequence
703762,312728,3.394804,multi_behavior_sequence
703762,386635,3.373499,multi_behavior_sequence
703762,286171,3.348983,multi_behavior_sequence
703762,154170,3.33709,multi_behavior_sequence
705106,9877,4.338449,multi_behavior_sequence
705106,38965,4.230341,multi_behavior_sequence
705106,185221,4.006366,multi_behavior_sequence
705106,77573,3.912335,multi_behavior_sequence
705106,37115,3.840051,multi_behavior_sequence
705106,241555,3.788914,multi_behavior_sequence
705106,439371,3.773433,multi_behavior_sequence
705106,315543,3.772796,multi_behavior_sequence
705106,192413,3.769518,multi_behavior_sequence
705106,2463,3.700771,multi_behavior_sequence
705542,444931,5.565749,multi_behavior_sequence
705542,368403,5.115077,multi_behavior_sequence
705542,243795,4.998003,multi_behavior_sequence
705542,85650,4.823529,multi_behavior_sequence
705542,234255,4.778715,multi_behavior_sequence
705542,219512,4.698986,multi_behavior_sequence
705542,150882,4.637769,multi_behavior_sequence
705542,275434,4.582936,multi_behavior_sequence
705542,247420,4.580781,multi_behavior_sequence
705542,204494,4.580179,multi_behavior_sequence
706387,234255,3.263718,multi_behavior_sequence
706387,337101,3.25095,multi_behavior_sequence
706387,417927,3.240597,multi_behavior_sequence
706387,449489,2.90411,multi_behavior_sequence
706387,315685,2.871825,multi_behavior_sequence
706387,351481,2.849926,multi_behavior_sequence
706387,221980,2.78479,multi_behavior_sequence
706387,267111,2.755423,multi_behavior_sequence
706387,257040,2.729809,multi_behavior_sequence
706387,418609,2.706084,multi_behavior_sequence
708248,234960,3.583629,multi_behavior_sequence
708248,363044,3.497455,multi_behavior_sequence
708248,207742,3.402714,multi_behavior_sequence
708248,234361,3.351094,multi_behavior_sequence
708248,398004,3.289117,multi_behavior_sequence
708248,303318,3.229679,multi_behavior_sequence
708248,6174,3.196315,multi_behavior_sequence
708248,441158,3.179227,multi_behavior_sequence
708248,285025,3.176665,multi_behavior_sequence
708248,386692,3.160203,multi_behavior_sequence
710338,36278,3.2085,multi_behavior_sequence
710338,50648,3.037783,multi_behavior_sequence
710338,1684,2.886162,multi_behavior_sequence
710338,441852,2.838274,multi_behavior_sequence
710338,546,2.768934,multi_behavior_sequence
710338,266553,2.760751,multi_behavior_sequence
710338,869,2.714045,multi_behavior_sequence
710338,146471,2.689968,multi_behavior_sequence
710338,143418,2.642408,multi_behavior_sequence
710338,144635,2.614828,multi_behavior_sequence
712422,448091,3.896544,multi_behavior_sequence
712422,438484,3.724337,multi_behavior_sequence
712422,192138,3.642329,multi_behavior_sequence
712422,332333,3.62729,multi_behavior_sequence
712422,373690,3.526347,multi_behavior_sequence
712422,455804,3.494796,multi_behavior_sequence
712422,441248,3.462628,multi_behavior_sequence
712422,415640,3.358895,multi_behavior_sequence
712422,109663,3.343062,multi_behavior_sequence
712422,366101,3.339054,multi_behavior_sequence
71606,444163,4.15929,multi_behavior_sequence
71606,37254,3.802644,multi_behavior_sequence
71606,234494,3.78896,multi_behavior_sequence
71606,153948,3.758272,multi_behavior_sequence
71606,106547,3.571603,multi_behavior_sequence
71606,413990,3.562032,multi_behavior_sequence
71606,369447,3.49638,multi_behavior_sequence
71606,103003,3.411045,multi_behavior_sequence
71606,390712,3.201562,multi_behavior_sequence
71606,11663,3.155679,multi_behavior_sequence
716510,138546,2.828818,multi_behavior_sequence
716510,442889,2.723533,multi_behavior_sequence
716510,256007,2.651462,multi_behavior_sequence
716510,267912,2.641961,multi_behavior_sequence
716510,360610,2.578175,multi_behavior_sequence
716510,211134,2.537173,multi_behavior_sequence
716510,234361,2.503193,multi_behavior_sequence
716510,269211,2.500084,multi_behavior_sequence
716510,223998,2.469324,multi_behavior_sequence
716510,185932,2.46351,multi_behavior_sequence
717336,360645,4.165134,multi_behavior_sequence
717336,17443,4.136186,multi_behavior_sequence
717336,268944,3.965664,multi_behavior_sequence
717336,179233,3.895105,multi_behavior_sequence
717336,367030,3.823841,multi_behavior_sequence
717336,56223,3.757328,multi_behavior_sequence
717336,192138,3.719885,multi_behavior_sequence
717336,409562,3.657166,multi_behavior_sequence
717336,241209,3.628664,multi_behavior_sequence
717336,447389,3.488821,multi_behavior_sequence
718180,351125,3.237244,multi_behavior_sequence
718180,413990,3.165117,multi_behavior_sequence
718180,241555,3.145808,multi_behavior_sequence
718180,33899,2.883477,multi_behavior_sequence
718180,153099,2.737272,multi_behavior_sequence
718180,9877,2.726316,multi_behavior_sequence
718180,437778,2.656536,multi_behavior_sequence
718180,81916,2.640173,multi_behavior_sequence
718180,92361,2.634294,multi_behavior_sequence
718180,278208,2.630661,multi_behavior_sequence
718284,450887,4.939423,multi_behavior_sequence
718284,288398,4.758395,multi_behavior_sequence
718284,211478,4.696332,multi_behavior_sequence
718284,72478,4.685233,multi_behavior_sequence
718284,331496,4.565855,multi_behavior_sequence
718284,156835,4.366702,multi_behavior_sequence
718284,352685,4.358768,multi_behavior_sequence
718284,297807,4.315325,multi_behavior_sequence
718284,64873,4.266798,multi_behavior_sequence
718284,277082,4.024292,multi_behavior_sequence
719153,4887,4.449352,multi_behavior_sequence
719153,40870,4.149634,multi_behavior_sequence
719153,446441,3.956402,multi_behavior_sequence
719153,20663,3.932318,multi_behavior_sequence
719153,187862,3.834805,multi_behavior_sequence
719153,27726,3.796756,multi_behavior_sequence
719153,31611,3.785422,multi_behavior_sequence
719153,132439,3.676217,multi_behavior_sequence
719153,120838,3.663225,multi_behavior_sequence
719153,316255,3.637814,multi_behavior_sequence
719708,394678,4.757943,multi_behavior_sequence
719708,153190,4.232838,multi_behavior_sequence
719708,151915,4.108796,multi_behavior_sequence
719708,67745,3.988307,multi_behavior_sequence
719708,244420,3.951192,multi_behavior_sequence
719708,69396,3.871096,multi_behavior_sequence
719708,455804,3.859304,multi_behavior_sequence
719708,310816,3.83143,multi_behavior_sequence
719708,302858,3.783808,multi_behavior_sequence
719708,57492,3.772236,multi_behavior_sequence
721440,267111,4.286933,multi_behavior_sequence
721440,102825,4.226267,multi_behavior_sequence
721440,396042,4.212686,multi_behavior_sequence
721440,231514,4.127761,multi_behavior_sequence
721440,306041,4.112062,multi_behavior_sequence
721440,137189,4.076472,multi_behavior_sequence
721440,53081,4.067708,multi_behavior_sequence
721440,441813,4.024836,multi_behavior_sequence
721440,2867,3.946957,multi_behavior_sequence
721440,25811,3.928514,multi_behavior_sequence
721702,262297,4.547348,multi_behavior_sequence
721702,393809,4.198127,multi_behavior_sequence
721702,336562,3.819203,multi_behavior_sequence
721702,22625,3.742937,multi_behavior_sequence
721702,2463,3.706076,multi_behavior_sequence
721702,227984,3.59127,multi_behavior_sequence
721702,45832,3.58266,multi_behavior_sequence
721702,4887,3.535349,multi_behavior_sequence
721702,27726,3.531911,multi_behavior_sequence
721702,65243,3.506244,multi_behavior_sequence
722334,278208,3.84039,multi_behavior_sequence
722334,119639,3.434463,multi_behavior_sequence
722334,209050,3.400933,multi_behavior_sequence
722334,227076,3.390345,multi_behavior_sequence
722334,41662,3.372648,multi_behavior_sequence
722334,176669,3.220333,multi_behavior_sequence
722334,224481,3.214995,multi_behavior_sequence
722334,106146,3.210336,multi_behavior_sequence
722334,350384,3.201958,multi_behavior_sequence
722334,291163,3.181169,multi_behavior_sequence
722706,456056,3.894261,multi_behavior_sequence
722706,179601,2.843337,multi_behavior_sequence
722706,368403,2.822763,multi_behavior_sequence
722706,380810,2.809903,multi_behavior_sequence
722706,122219,2.739972,multi_behavior_sequence
722706,150882,2.735965,multi_behavior_sequence
722706,204494,2.639729,multi_behavior_sequence
722706,456276,2.576447,multi_behavior_sequence
722706,274443,2.564904,multi_behavior_sequence
722706,228644,2.47251,multi_behavior_sequence
723092,79956,4.444608,multi_behavior_sequence
723092,188227,3.850821,multi_behavior_sequence
723092,10572,3.850768,multi_behavior_sequence
723092,372188,3.822661,multi_behavior_sequence
723092,461686,3.70666,multi_behavior_sequence
723092,138427,3.699332,multi_behavior_sequence
723092,125275,3.692634,multi_behavior_sequence
723092,7943,3.551449,multi_behavior_sequence
723092,219782,3.487328,multi_behavior_sequence
723092,76426,3.449295,multi_behavior_sequence
723419,14758,4.225583,multi_behavior_sequence
723419,351456,4.200131,multi_behavior_sequence
723419,65764,3.900866,multi_behavior_sequence
723419,116634,3.843064,multi_behavior_sequence
723419,56223,3.801571,multi_behavior_sequence
723419,459416,3.779366,multi_behavior_sequence
723419,393809,3.771499,multi_behavior_sequence
723419,336562,3.707385,multi_behavior_sequence
723419,319246,3.673422,multi_behavior_sequence
723419,189356,3.581844,multi_behavior_sequence
724401,262186,3.951719,multi_behavior_sequence
724401,179834,3.730876,multi_behavior_sequence
724401,146471,3.632598,multi_behavior_sequence
724401,160272,3.360491,multi_behavior_sequence
724401,404056,3.346134,multi_behavior_sequence
724401,202952,3.30969,multi_behavior_sequence
724401,24461,3.190289,multi_behavior_sequence
724401,442431,3.16186,multi_behavior_sequence
724401,390689,3.147677,multi_behavior_sequence
724401,112828,3.103424,multi_behavior_sequence
724618,46232,4.578213,multi_behavior_sequence
724618,461686,4.368465,multi_behavior_sequence
724618,9877,4.196347,multi_behavior_sequence
724618,65273,4.16489,multi_behavior_sequence
724618,213834,4.015596,multi_behavior_sequence
724618,296795,4.007996,multi_behavior_sequence
724618,254290,4.006434,multi_behavior_sequence
724618,303178,3.965158,multi_behavior_sequence
724618,445351,3.956289,multi_behavior_sequence
724618,314942,3.878611,multi_behavior_sequence
729150,306041,3.909499,multi_behavior_sequence
729150,103127,3.642994,multi_behavior_sequence
729150,178169,3.521139,multi_behavior_sequence
729150,137825,3.320939,multi_behavior_sequence
729150,418513,3.303264,multi_behavior_sequence
729150,265810,3.291684,multi_behavior_sequence
729150,119630,3.235093,multi_behavior_sequence
729150,438466,3.22949,multi_behavior_sequence
729150,399674,3.203293,multi_behavior_sequence
729150,29656,3.185561,multi_behavior_sequence
729479,134776,3.535685,multi_behavior_sequence
729479,357949,3.346586,multi_behavior_sequence
729479,256271,3.287403,multi_behavior_sequence
729479,361499,3.276351,multi_behavior_sequence
729479,346982,3.274749,multi_behavior_sequence
729479,211483,3.2142,multi_behavior_sequence
729479,407706,3.177662,multi_behavior_sequence
729479,330506,3.167539,multi_behavior_sequence
729479,361945,3.154554,multi_behavior_sequence
729479,2455,3.131192,multi_behavior_sequence
729726,77769,2.978083,multi_behavior_sequence
729726,422425,2.948219,multi_behavior_sequence
729726,363044,2.772064,multi_behavior_sequence
729726,183439,2.707579,multi_behavior_sequence
729726,398489,2.669115,multi_behavior_sequence
729726,206000,2.588108,multi_behavior_sequence
729726,207907,2.5421,multi_behavior_sequence
729726,394005,2.526565,multi_behavior_sequence
729726,138546,2.517417,multi_behavior_sequence
729726,234255,2.480584,multi_behavior_sequence
730800,465951,4.520798,multi_behavior_sequence
730800,439371,4.510545,multi_behavior_sequence
730800,546,4.187142,multi_behavior_sequence
730800,263245,4.157821,multi_behavior_sequence
730800,459475,4.096039,multi_behavior_sequence
730800,322501,4.066402,multi_behavior_sequence
730800,390591,3.989881,multi_behavior_sequence
730800,393562,3.932023,multi_behavior_sequence
730800,94014,3.862017,multi_behavior_sequence
730800,29196,3.841564,multi_behavior_sequence
731292,134776,4.534718,multi_behavior_sequence
731292,76426,4.036895,multi_behavior_sequence
731292,119630,3.930611,multi_behavior_sequence
731292,459936,3.87911,multi_behavior_sequence
731292,396853,3.790149,multi_behavior_sequence
731292,231400,3.768109,multi_behavior_sequence
731292,29393,3.69559,multi_behavior_sequence
731292,313736,3.686838,multi_behavior_sequence
731292,134108,3.645434,multi_behavior_sequence
731292,108828,3.631449,multi_behavior_sequence
731398,333140,4.253769,multi_behavior_sequence
731398,117730,4.212358,multi_behavior_sequence
731398,438892,3.797856,multi_behavior_sequence
731398,29683,3.764609,multi_behavior_sequence
731398,240558,3.535128,multi_behavior_sequence
731398,280495,3.383193,multi_behavior_sequence
731398,390379,3.344466,multi_behavior_sequence
731398,331244,3.253801,multi_behavior_sequence
731398,255732,3.250402,multi_behavior_sequence
731398,102802,3.250105,multi_behavior_sequence
732249,30479,4.889685,multi_behavior_sequence
732249,79956,4.249628,multi_behavior_sequence
732249,7943,4.088296,multi_behavior_sequence
732249,267236,3.985103,multi_behavior_sequence
732249,150103,3.821789,multi_behavior_sequence
732249,343475,3.672455,multi_behavior_sequence
732249,24440,3.657746,multi_behavior_sequence
732249,125275,3.625808,multi_behavior_sequence
732249,9491,3.593978,multi_behavior_sequence
732249,302195,3.563068,multi_behavior_sequence
732548,350384,2.51777,multi_behavior_sequence
732548,140527,2.410434,multi_behavior_sequence
732548,219553,2.339073,multi_behavior_sequence
732548,374873,2.181696,multi_behavior_sequence
732548,29196,2.17652,multi_behavior_sequence
732548,266843,2.174699,multi_behavior_sequence
732548,326590,2.152867,multi_behavior_sequence
732548,375058,2.138864,multi_behavior_sequence
732548,401896,2.119247,multi_behavior_sequence
732548,104342,2.1188,multi_behavior_sequence
733192,358594,2.821173,multi_behavior_sequence
733192,417927,2.519336,multi_behavior_sequence
733192,106547,2.389858,multi_behavior_sequence
733192,461199,2.371805,multi_behavior_sequence
733192,402366,2.307842,multi_behavior_sequence
733192,338794,2.274565,multi_behavior_sequence
733192,37930,2.258305,multi_behavior_sequence
733192,434688,2.236676,multi_behavior_sequence
733192,77573,2.236068,multi_behavior_sequence
733192,305798,2.21877,multi_behavior_sequence
733532,222069,2.583493,multi_behavior_sequence
733532,140527,2.490702,multi_behavior_sequence
733532,215412,2.301964,multi_behavior_sequence
733532,444712,2.280281,multi_behavior_sequence
733532,280354,2.280242,multi_behavior_sequence
733532,20773,2.24107,multi_behavior_sequence
733532,323701,2.191423,multi_behavior_sequence
733532,66752,2.17677,multi_behavior_sequence
733532,51275,2.162244,multi_behavior_sequence
733532,329361,2.153225,multi_behavior_sequence
73449,279332,5.518131,multi_behavior_sequence
73449,445351,5.239438,multi_behavior_sequence
73449,398489,5.063564,multi_behavior_sequence
73449,235047,5.031769,multi_behavior_sequence
73449,282385,4.877606,multi_behavior_sequence
73449,456056,4.877216,multi_behavior_sequence
73449,172894,4.648968,multi_behavior_sequence
73449,414654,4.641786,multi_behavior_sequence
73449,284848,4.629412,multi_behavior_sequence
73449,184199,4.610017,multi_behavior_sequence
734633,275339,4.035127,multi_behavior_sequence
734633,169233,4.027303,multi_behavior_sequence
734633,352685,3.950285,multi_behavior_sequence
734633,156995,3.894242,multi_behavior_sequence
734633,447888,3.837294,multi_behavior_sequence
734633,308704,3.746327,multi_behavior_sequence
734633,301345,3.728578,multi_behavior_sequence
734633,464496,3.700362,multi_behavior_sequence
734633,461081,3.682086,multi_behavior_sequence
734633,394590,3.657688,multi_behavior_sequence
737053,238865,8.266303,multi_behavior_sequence
737053,111070,7.210722,multi_behavior_sequence
737053,372188,7.01822,multi_behavior_sequence
737053,402460,6.849707,multi_behavior_sequence
737053,325310,6.581391,multi_behavior_sequence
737053,456056,6.552204,multi_behavior_sequence
737053,446861,6.504297,multi_behavior_sequence
737053,440912,6.271376,multi_behavior_sequence
737053,228392,6.181532,multi_behavior_sequence
737053,208939,6.145781,multi_behavior_sequence
739007,284045,4.177591,multi_behavior_sequence
739007,334481,3.947734,multi_behavior_sequence
739007,77733,3.881624,multi_behavior_sequence
739007,241555,3.851975,multi_behavior_sequence
739007,456056,3.802294,multi_behavior_sequence
739007,288525,3.795952,multi_behavior_sequence
739007,9877,3.745723,multi_behavior_sequence
739007,382885,3.710931,multi_behavior_sequence
739007,303161,3.619326,multi_behavior_sequence
739007,429344,3.538259,multi_behavior_sequence
739647,234255,4.410787,multi_behavior_sequence
739647,50648,4.204276,multi_behavior_sequence
739647,320130,3.945239,multi_behavior_sequence
739647,108486,3.910784,multi_behavior_sequence
739647,129356,3.847082,multi_behavior_sequence
739647,331884,3.822328,multi_behavior_sequence
739647,356339,3.791223,multi_behavior_sequence
739647,439726,3.741262,multi_behavior_sequence
739647,89262,3.709538,multi_behavior_sequence
739647,323641,3.608476,multi_behavior_sequence
740123,334401,3.580874,multi_behavior_sequence
740123,456056,3.547445,multi_behavior_sequence
740123,190000,3.335013,multi_behavior_sequence
740123,234255,3.1602,multi_behavior_sequence
740123,257040,3.038655,multi_behavior_sequence
740123,37029,2.827972,multi_behavior_sequence
740123,369158,2.753006,multi_behavior_sequence
740123,66752,2.712519,multi_behavior_sequence
740123,46232,2.70023,multi_behavior_sequence
740123,89323,2.662733,multi_behavior_sequence
741671,117286,4.285474,multi_behavior_sequence
741671,444593,4.261277,multi_behavior_sequence
741671,381352,4.25943,multi_behavior_sequence
741671,31640,3.818488,multi_behavior_sequence
741671,445134,3.75904,multi_behavior_sequence
741671,444697,3.750418,multi_behavior_sequence
741671,426958,3.57943,multi_behavior_sequence
741671,167039,3.535029,multi_behavior_sequence
741671,180959,3.377267,multi_behavior_sequence
741671,260609,3.352249,multi_behavior_sequence
746939,306041,2.746927,multi_behavior_sequence
746939,161173,2.668118,multi_behavior_sequence
746939,110914,2.575434,multi_behavior_sequence
746939,436837,2.505223,multi_behavior_sequence
746939,404934,2.499462,multi_behavior_sequence
746939,457045,2.478848,multi_behavior_sequence
746939,276240,2.453383,multi_behavior_sequence
746939,147005,2.400381,multi_behavior_sequence
746939,221963,2.386502,multi_behavior_sequence
746939,328715,2.363705,multi_behavior_sequence
748040,363109,5.152239,multi_behavior_sequence
748040,103127,4.377512,multi_behavior_sequence
748040,172113,4.363105,multi_behavior_sequence
748040,219782,4.326584,multi_behavior_sequence
748040,431278,4.158183,multi_behavior_sequence
748040,343375,4.133321,multi_behavior_sequence
748040,150103,4.000608,multi_behavior_sequence
748040,308273,3.895185,multi_behavior_sequence
748040,230883,3.877334,multi_behavior_sequence
748040,384157,3.856866,multi_behavior_sequence
748562,312728,5.144209,multi_behavior_sequence
748562,445351,5.109495,multi_behavior_sequence
748562,184199,4.848473,multi_behavior_sequence
748562,315543,4.834874,multi_behavior_sequence
748562,9877,4.811053,multi_behavior_sequence
748562,458637,4.685973,multi_behavior_sequence
748562,358064,4.66018,multi_behavior_sequence
748562,386635,4.606388,multi_behavior_sequence
748562,100282,4.576876,multi_behavior_sequence
748562,416850,4.453513,multi_behavior_sequence
750601,373690,3.935276,multi_behavior_sequence
750601,397168,3.598772,multi_behavior_sequence
750601,362480,3.502782,multi_behavior_sequence
750601,455240,3.429834,multi_behavior_sequence
750601,180905,3.406634,multi_behavior_sequence
750601,209402,3.398819,multi_behavior_sequence
750601,35359,3.375371,multi_behavior_sequence
750601,198784,3.347816,multi_behavior_sequence
750601,415263,3.337567,multi_behavior_sequence
750601,438484,3.326187,multi_behavior_sequence
752803,97039,3.592391,multi_behavior_sequence
752803,240088,3.250621,multi_behavior_sequence
752803,3914,3.222638,multi_behavior_sequence
752803,223958,3.150297,multi_behavior_sequence
752803,189786,3.003383,multi_behavior_sequence
752803,343475,2.994659,multi_behavior_sequence
752803,360610,2.992962,multi_behavior_sequence
752803,306041,2.97772,multi_behavior_sequence
752803,126989,2.963517,multi_behavior_sequence
752803,195457,2.95741,multi_behavior_sequence
754218,241209,4.887433,multi_behavior_sequence
754218,272770,4.180651,multi_behavior_sequence
754218,324077,4.131173,multi_behavior_sequence
754218,260579,4.120923,multi_behavior_sequence
754218,367030,4.106946,multi_behavior_sequence
754218,184903,3.94662,multi_behavior_sequence
754218,407661,3.863897,multi_behavior_sequence
754218,437006,3.837845,multi_behavior_sequence
754218,432480,3.819904,multi_behavior_sequence
754218,122324,3.754457,multi_behavior_sequence
75424,265571,4.772068,multi_behavior_sequence
75424,301235,3.91188,multi_behavior_sequence
75424,286136,3.813424,multi_behavior_sequence
75424,418609,3.741741,multi_behavior_sequence
75424,223998,3.613238,multi_behavior_sequence
75424,239058,3.608006,multi_behavior_sequence
75424,463585,3.569907,multi_behavior_sequence
75424,461081,3.563475,multi_behavior_sequence
75424,85334,3.556164,multi_behavior_sequence
75424,164828,3.547594,multi_behavior_sequence
755962,381941,4.091981,multi_behavior_sequence
755962,2463,3.971635,multi_behavior_sequence
755962,234390,3.847745,multi_behavior_sequence
755962,44826,3.737089,multi_behavior_sequence
755962,171878,3.622714,multi_behavior_sequence
755962,1895,3.561535,multi_behavior_sequence
755962,46391,3.421341,multi_behavior_sequence
755962,231482,3.364841,multi_behavior_sequence
755962,341701,3.357974,multi_behavior_sequence
755962,325310,3.345182,multi_behavior_sequence
757355,312728,7.783548,multi_behavior_sequence
757355,128745,6.392212,multi_behavior_sequence
757355,46232,6.364064,multi_behavior_sequence
757355,405380,6.308661,multi_behavior_sequence
757355,409804,6.212392,multi_behavior_sequence
757355,190000,6.159054,multi_behavior_sequence
757355,248455,5.830264,multi_behavior_sequence
757355,303178,5.810825,multi_behavior_sequence
757355,9877,5.782269,multi_behavior_sequence
757355,122366,5.602418,multi_behavior_sequence
759234,241555,5.021518,multi_behavior_sequence
759234,63543,4.540628,multi_behavior_sequence
759234,382885,4.492857,multi_behavior_sequence
759234,188051,4.377696,multi_behavior_sequence
759234,190000,4.096662,multi_behavior_sequence
759234,288525,3.984796,multi_behavior_sequence
759234,2463,3.927918,multi_behavior_sequence
759234,400442,3.708311,multi_behavior_sequence
759234,231482,3.683422,multi_behavior_sequence
759234,219512,3.679602,multi_behavior_sequence
760430,186702,4.591215,multi_behavior_sequence
760430,320130,4.444553,multi_behavior_sequence
760430,372188,4.425508,multi_behavior_sequence
760430,400442,4.327145,multi_behavior_sequence
760430,37029,4.288665,multi_behavior_sequence
760430,322717,4.220122,multi_behavior_sequence
760430,248455,4.172678,multi_behavior_sequence
760430,150882,4.157958,multi_behavior_sequence
760430,421993,4.066588,multi_behavior_sequence
760430,369158,4.023017,multi_behavior_sequence
761482,131080,5.365846,multi_behavior_sequence
761482,439258,4.555344,multi_behavior_sequence
761482,96267,4.475966,multi_behavior_sequence
761482,394882,4.452595,multi_behavior_sequence
761482,394678,4.369386,multi_behavior_sequence
761482,54964,4.124486,multi_behavior_sequence
761482,65000,4.052855,multi_behavior_sequence
761482,13112,4.035752,multi_behavior_sequence
761482,153889,4.019549,multi_behavior_sequence
761482,379739,3.981897,multi_behavior_sequence
762655,3629,4.374349,multi_behavior_sequence
762655,283115,4.25876,multi_behavior_sequence
762655,399031,4.193283,multi_behavior_sequence
762655,174532,4.160454,multi_behavior_sequence
762655,27479,4.082551,multi_behavior_sequence
762655,354233,3.976204,multi_behavior_sequence
762655,115788,3.971187,multi_behavior_sequence
762655,103322,3.968816,multi_behavior_sequence
762655,307212,3.949944,multi_behavior_sequence
762655,58726,3.941727,multi_behavior_sequence
763141,241555,4.149711,multi_behavior_sequence
763141,132772,4.130062,multi_behavior_sequence
763141,258012,4.029484,multi_behavior_sequence
763141,300670,3.926875,multi_behavior_sequence
763141,2463,3.896149,multi_behavior_sequence
763141,9877,3.868075,multi_behavior_sequence
763141,350384,3.862071,multi_behavior_sequence
763141,138114,3.599411,multi_behavior_sequence
763141,37115,3.53388,multi_behavior_sequence
763141,133224,3.495633,multi_behavior_sequence
763257,204403,6.422287,multi_behavior_sequence
763257,134604,5.966729,multi_behavior_sequence
763257,89090,5.889904,multi_behavior_sequence
763257,105114,5.682937,multi_behavior_sequence
763257,283664,5.509774,multi_behavior_sequence
763257,119636,5.215178,multi_behavior_sequence
763257,198719,5.15613,multi_behavior_sequence
763257,370746,5.142363,multi_behavior_sequence
763257,392026,5.122766,multi_behavior_sequence
763257,329996,5.061633,multi_behavior_sequence
765630,9877,6.08955,multi_behavior_sequence
765630,213834,5.425499,multi_behavior_sequence
765630,76060,5.334403,multi_behavior_sequence
765630,313163,5.161727,multi_behavior_sequence
765630,207178,5.156413,multi_behavior_sequence
765630,83280,5.060411,multi_behavior_sequence
765630,303178,5.030409,multi_behavior_sequence
765630,184199,4.918267,multi_behavior_sequence
765630,168671,4.916672,multi_behavior_sequence
765630,127080,4.879679,multi_behavior_sequence
76757,51969,5.539435,multi_behavior_sequence
76757,355741,5.306921,multi_behavior_sequence
76757,176484,5.135174,multi_behavior_sequence
76757,47586,5.089882,multi_behavior_sequence
76757,321905,5.038671,multi_behavior_sequence
76757,345136,4.963551,multi_behavior_sequence
76757,50648,4.963464,multi_behavior_sequence
76757,369194,4.896009,multi_behavior_sequence
76757,227161,4.884301,multi_behavior_sequence
76757,412905,4.839679,multi_behavior_sequence
768267,321905,2.316451,multi_behavior_sequence
768267,144635,2.191703,multi_behavior_sequence
768267,77769,1.976067,multi_behavior_sequence
768267,191303,1.966091,multi_behavior_sequence
768267,168927,1.96421,multi_behavior_sequence
768267,3146,1.957741,multi_behavior_sequence
768267,398489,1.93354,multi_behavior_sequence
768267,194831,1.877373,multi_behavior_sequence
768267,125799,1.824505,multi_behavior_sequence
768267,335975,1.815967,multi_behavior_sequence
768334,356339,4.854124,multi_behavior_sequence
768334,323641,4.178895,multi_behavior_sequence
768334,427103,3.708344,multi_behavior_sequence
768334,21300,3.704267,multi_behavior_sequence
768334,279150,3.703212,multi_behavior_sequence
768334,352788,3.680831,multi_behavior_sequence
768334,404934,3.673927,multi_behavior_sequence
768334,389158,3.588525,multi_behavior_sequence
768334,183435,3.54011,multi_behavior_sequence
768334,162458,3.531204,multi_behavior_sequence
770651,388755,3.695745,multi_behavior_sequence
770651,93382,3.316088,multi_behavior_sequence
770651,306041,3.310313,multi_behavior_sequence
770651,103127,3.178324,multi_behavior_sequence
770651,86391,3.109414,multi_behavior_sequence
770651,417927,3.061226,multi_behavior_sequence
770651,322717,3.037735,multi_behavior_sequence
770651,443103,2.983403,multi_behavior_sequence
770651,374873,2.877295,multi_behavior_sequence
770651,302943,2.877229,multi_behavior_sequence
770983,358565,3.276162,multi_behavior_sequence
770983,292444,2.986969,multi_behavior_sequence
770983,293139,2.865479,multi_behavior_sequence
770983,365399,2.758335,multi_behavior_sequence
770983,404934,2.74491,multi_behavior_sequence
770983,184465,2.725735,multi_behavior_sequence
770983,360200,2.708098,multi_behavior_sequence
770983,445351,2.692583,multi_behavior_sequence
770983,356339,2.673646,multi_behavior_sequence
770983,172894,2.605625,multi_behavior_sequence
771313,213834,5.170381,multi_behavior_sequence
771313,46232,5.04487,multi_behavior_sequence
771313,9877,4.930001,multi_behavior_sequence
771313,208939,4.769083,multi_behavior_sequence
771313,456056,4.671596,multi_behavior_sequence
771313,303178,4.542048,multi_behavior_sequence
771313,14606,4.524934,multi_behavior_sequence
771313,338395,4.450456,multi_behavior_sequence
771313,117286,4.432072,multi_behavior_sequence
771313,241555,4.405843,multi_behavior_sequence
771571,85047,3.71902,multi_behavior_sequence
771571,306041,3.577485,multi_behavior_sequence
771571,392020,3.467087,multi_behavior_sequence
771571,399031,3.454594,multi_behavior_sequence
771571,361805,3.411989,multi_behavior_sequence
771571,301235,3.368,multi_behavior_sequence
771571,253574,3.146421,multi_behavior_sequence
771571,178451,3.122857,multi_behavior_sequence
771571,193188,3.119275,multi_behavior_sequence
771571,283766,3.113244,multi_behavior_sequence
77177,37115,3.432193,multi_behavior_sequence
77177,438484,3.339175,multi_behavior_sequence
77177,192721,3.112906,multi_behavior_sequence
77177,386947,3.080465,multi_behavior_sequence
77177,211418,3.049739,multi_behavior_sequence
77177,355994,2.999639,multi_behavior_sequence
77177,94014,2.969046,multi_behavior_sequence
77177,312728,2.965999,multi_behavior_sequence
77177,241555,2.948724,multi_behavior_sequence
77177,229382,2.932878,multi_behavior_sequence
77390,62825,4.320915,multi_behavior_sequence
77390,161478,4.265311,multi_behavior_sequence
77390,248908,4.045611,multi_behavior_sequence
77390,268336,4.014817,multi_behavior_sequence
77390,89262,4.006551,multi_behavior_sequence
77390,265264,3.932771,multi_behavior_sequence
77390,294438,3.836213,multi_behavior_sequence
77390,233725,3.78181,multi_behavior_sequence
77390,440587,3.720756,multi_behavior_sequence
77390,429765,3.703753,multi_behavior_sequence
774003,301235,4.186858,multi_behavior_sequence
774003,276240,3.843658,multi_behavior_sequence
774003,372188,3.799532,multi_behavior_sequence
774003,30308,3.709636,multi_behavior_sequence
774003,350384,3.703797,multi_behavior_sequence
774003,450191,3.536118,multi_behavior_sequence
774003,439963,3.525232,multi_behavior_sequence
774003,75415,3.429403,multi_behavior_sequence
774003,245852,3.400968,multi_behavior_sequence
774003,74634,3.400546,multi_behavior_sequence
774707,234255,4.111109,multi_behavior_sequence
774707,869,3.87,multi_behavior_sequence
774707,50648,3.81297,multi_behavior_sequence
774707,370395,3.726225,multi_behavior_sequence
774707,257040,3.69702,multi_behavior_sequence
774707,228644,3.679896,multi_behavior_sequence
774707,282385,3.563704,multi_behavior_sequence
774707,172894,3.537013,multi_behavior_sequence
774707,422044,3.518759,multi_behavior_sequence
774707,387373,3.497209,multi_behavior_sequence
776534,46156,2.925322,multi_behavior_sequence
776534,363044,2.821464,multi_behavior_sequence
776534,120098,2.743321,multi_behavior_sequence
776534,268336,2.703975,multi_behavior_sequence
776534,303845,2.702459,multi_behavior_sequence
776534,457045,2.684924,multi_behavior_sequence
776534,133907,2.67369,multi_behavior_sequence
776534,11279,2.58033,multi_behavior_sequence
776534,105338,2.572218,multi_behavior_sequence
776534,157318,2.571904,multi_behavior_sequence
777089,67115,2.577618,multi_behavior_sequence
777089,428891,2.54526,multi_behavior_sequence
777089,219512,2.527918,multi_behavior_sequence
777089,138427,2.477337,multi_behavior_sequence
777089,274443,2.432884,multi_behavior_sequence
777089,450082,2.395597,multi_behavior_sequence
777089,234390,2.382269,multi_behavior_sequence
777089,103127,2.356441,multi_behavior_sequence
777089,77573,2.345759,multi_behavior_sequence
777089,20388,2.344907,multi_behavior_sequence
777908,409804,4.027685,multi_behavior_sequence
777908,9877,4.020648,multi_behavior_sequence
777908,312728,3.880399,multi_behavior_sequence
777908,208939,3.676411,multi_behavior_sequence
777908,445351,3.658834,multi_behavior_sequence
777908,37115,3.56989,multi_behavior_sequence
777908,405380,3.517709,multi_behavior_sequence
777908,219512,3.480904,multi_behavior_sequence
777908,46156,3.42013,multi_behavior_sequence
777908,2463,3.379642,multi_behavior_sequence
779492,231400,3.465096,multi_behavior_sequence
779492,343375,3.164608,multi_behavior_sequence
779492,286022,2.967434,multi_behavior_sequence
779492,100150,2.931506,multi_behavior_sequence
779492,399317,2.869105,multi_behavior_sequence
779492,459345,2.837632,multi_behavior_sequence
779492,182278,2.764691,multi_behavior_sequence
779492,392826,2.761027,multi_behavior_sequence
779492,153280,2.736815,multi_behavior_sequence
779492,442150,2.729148,multi_behavior_sequence
780414,7943,3.549444,multi_behavior_sequence
780414,51969,3.490697,multi_behavior_sequence
780414,305656,3.490672,multi_behavior_sequence
780414,418609,3.417788,multi_behavior_sequence
780414,37029,3.307645,multi_behavior_sequence
780414,261644,3.305485,multi_behavior_sequence
780414,111122,3.290324,multi_behavior_sequence
780414,377691,3.289128,multi_behavior_sequence
780414,445135,3.261781,multi_behavior_sequence
780414,216225,3.260795,multi_behavior_sequence
78219,190000,2.912139,multi_behavior_sequence
78219,47586,2.756989,multi_behavior_sequence
78219,407952,2.750471,multi_behavior_sequence
78219,119736,2.744341,multi_behavior_sequence
78219,63543,2.668993,multi_behavior_sequence
78219,241555,2.603935,multi_behavior_sequence
78219,320130,2.572814,multi_behavior_sequence
78219,137697,2.568701,multi_behavior_sequence
78219,358348,2.564553,multi_behavior_sequence
78219,150882,2.561862,multi_behavior_sequence
783557,293733,4.569066,multi_behavior_sequence
783557,354585,4.495523,multi_behavior_sequence
783557,294109,4.200882,multi_behavior_sequence
783557,405934,4.169358,multi_behavior_sequence
783557,55292,4.098385,multi_behavior_sequence
783557,228644,3.969452,multi_behavior_sequence
783557,80554,3.907897,multi_behavior_sequence
783557,182131,3.898419,multi_behavior_sequence
783557,125799,3.71824,multi_behavior_sequence
783557,28072,3.709549,multi_behavior_sequence
78724,178355,4.545595,multi_behavior_sequence
78724,51275,4.446967,multi_behavior_sequence
78724,173921,4.116119,multi_behavior_sequence
78724,234255,4.042224,multi_behavior_sequence
78724,137697,4.00471,multi_behavior_sequence
78724,312982,3.990167,multi_behavior_sequence
78724,400946,3.973107,multi_behavior_sequence
78724,50648,3.971986,multi_behavior_sequence
78724,208922,3.926059,multi_behavior_sequence
78724,371928,3.909555,multi_behavior_sequence
788941,116624,4.769745,multi_behavior_sequence
788941,117075,4.719169,multi_behavior_sequence
788941,33087,4.573287,multi_behavior_sequence
788941,20542,4.544361,multi_behavior_sequence
788941,234255,4.315047,multi_behavior_sequence
788941,119383,4.278481,multi_behavior_sequence
788941,234536,4.240783,multi_behavior_sequence
788941,441852,4.232638,multi_behavior_sequence
788941,37115,4.213547,multi_behavior_sequence
788941,79524,4.156404,multi_behavior_sequence
789933,350399,3.98533,multi_behavior_sequence
789933,223042,3.831113,multi_behavior_sequence
789933,337671,3.83022,multi_behavior_sequence
789933,430200,3.649634,multi_behavior_sequence
789933,293397,3.484482,multi_behavior_sequence
789933,262125,3.48435,multi_behavior_sequence
789933,80519,3.468076,multi_behavior_sequence
789933,33182,3.387425,multi_behavior_sequence
789933,225492,3.371157,multi_behavior_sequence
789933,196538,3.357635,multi_behavior_sequence
791750,46232,3.690467,multi_behavior_sequence
791750,124919,3.620417,multi_behavior_sequence
791750,299222,3.517771,multi_behavior_sequence
791750,294438,3.442902,multi_behavior_sequence
791750,158677,3.302832,multi_behavior_sequence
791750,162139,3.247055,multi_behavior_sequence
791750,272770,3.240319,multi_behavior_sequence
791750,190000,3.143402,multi_behavior_sequence
791750,57972,3.13561,multi_behavior_sequence
791750,394518,3.133385,multi_behavior_sequence
792741,456056,3.696668,multi_behavior_sequence
792741,350764,3.529764,multi_behavior_sequence
792741,322190,3.191501,multi_behavior_sequence
792741,274443,3.02629,multi_behavior_sequence
792741,430292,2.955066,multi_behavior_sequence
792741,145159,2.925932,multi_behavior_sequence
792741,389158,2.913685,multi_behavior_sequence
792741,90240,2.89317,multi_behavior_sequence
792741,372732,2.882181,multi_behavior_sequence
792741,446820,2.872292,multi_behavior_sequence
794751,445351,5.087203,multi_behavior_sequence
794751,461686,4.514182,multi_behavior_sequence
794751,312728,4.414336,multi_behavior_sequence
794751,46232,4.405044,multi_behavior_sequence
794751,409804,4.359075,multi_behavior_sequence
794751,416850,4.33918,multi_behavior_sequence
794751,213834,4.233698,multi_behavior_sequence
794751,546,4.13287,multi_behavior_sequence
794751,9877,4.053313,multi_behavior_sequence
794751,104848,3.938665,multi_behavior_sequence
795383,150857,3.866649,multi_behavior_sequence
795383,142589,3.439346,multi_behavior_sequence
795383,416938,3.264628,multi_behavior_sequence
795383,442431,3.137846,multi_behavior_sequence
795383,89775,3.115397,multi_behavior_sequence
795383,345136,3.076144,multi_behavior_sequence
795383,182569,3.071652,multi_behavior_sequence
795383,396560,3.038938,multi_behavior_sequence
795383,124583,3.029905,multi_behavior_sequence
795383,71843,3.010072,multi_behavior_sequence
79627,278192,7.288858,multi_behavior_sequence
79627,123176,6.957109,multi_behavior_sequence
79627,31249,6.728281,multi_behavior_sequence
79627,172081,6.675824,multi_behavior_sequence
79627,277183,6.580417,multi_behavior_sequence
79627,368692,6.57368,multi_behavior_sequence
79627,1261,6.434923,multi_behavior_sequence
79627,18561,6.419517,multi_behavior_sequence
79627,358565,6.278052,multi_behavior_sequence
79627,171583,6.267897,multi_behavior_sequence
796636,302858,4.731256,multi_behavior_sequence
796636,306041,4.345098,multi_behavior_sequence
796636,34269,4.075673,multi_behavior_sequence
796636,348728,4.052712,multi_behavior_sequence
796636,134776,3.968477,multi_behavior_sequence
796636,396427,3.932428,multi_behavior_sequence
796636,185577,3.871963,multi_behavior_sequence
796636,157509,3.849376,multi_behavior_sequence
796636,415081,3.725868,multi_behavior_sequence
796636,144619,3.712661,multi_behavior_sequence
796682,366141,4.433531,multi_behavior_sequence
796682,331056,4.01572,multi_behavior_sequence
796682,41611,3.92928,multi_behavior_sequence
796682,5550,3.862495,multi_behavior_sequence
796682,84321,3.82953,multi_behavior_sequence
796682,240088,3.827939,multi_behavior_sequence
796682,390712,3.756544,multi_behavior_sequence
796682,223582,3.689425,multi_behavior_sequence
796682,11670,3.668159,multi_behavior_sequence
796682,267320,3.646382,multi_behavior_sequence
797409,234255,6.003181,multi_behavior_sequence
797409,37029,5.571012,multi_behavior_sequence
797409,445351,5.477097,multi_behavior_sequence
797409,50648,5.313972,multi_behavior_sequence
797409,49257,5.179132,multi_behavior_sequence
797409,372188,5.147978,multi_behavior_sequence
797409,31791,5.006509,multi_behavior_sequence
797409,33537,4.988197,multi_behavior_sequence
797409,78729,4.899467,multi_behavior_sequence
797409,396732,4.888853,multi_behavior_sequence
797488,337101,3.733033,multi_behavior_sequence
797488,179834,3.622111,multi_behavior_sequence
797488,170353,3.326362,multi_behavior_sequence
797488,85262,3.271273,multi_behavior_sequence
797488,272770,3.221599,multi_behavior_sequence
797488,62825,3.215044,multi_behavior_sequence
797488,16672,3.212888,multi_behavior_sequence
797488,306041,3.159787,multi_behavior_sequence
797488,92466,3.156198,multi_behavior_sequence
797488,464895,3.139637,multi_behavior_sequence
798002,328240,6.412889,multi_behavior_sequence
798002,119433,6.245629,multi_behavior_sequence
798002,91896,5.868011,multi_behavior_sequence
798002,157509,5.821627,multi_behavior_sequence
798002,14276,5.555222,multi_behavior_sequence
798002,349815,5.547268,multi_behavior_sequence
798002,86391,5.510598,multi_behavior_sequence
798002,405185,5.489159,multi_behavior_sequence
798002,325495,5.434222,multi_behavior_sequence
798002,27694,5.387496,multi_behavior_sequence
801373,43487,2.772978,multi_behavior_sequence
801373,398004,2.760518,multi_behavior_sequence
801373,389693,2.646398,multi_behavior_sequence
801373,214643,2.638545,multi_behavior_sequence
801373,14276,2.587947,multi_behavior_sequence
801373,453468,2.559241,multi_behavior_sequence
801373,308468,2.48623,multi_behavior_sequence
801373,91086,2.481326,multi_behavior_sequence
801373,227076,2.462936,multi_behavior_sequence
801373,138546,2.433928,multi_behavior_sequence
802320,286022,3.504994,multi_behavior_sequence
802320,231400,3.454183,multi_behavior_sequence
802320,29871,3.396615,multi_behavior_sequence
802320,420631,3.358742,multi_behavior_sequence
802320,226374,3.35593,multi_behavior_sequence
802320,242905,3.345896,multi_behavior_sequence
802320,31611,3.332489,multi_behavior_sequence
802320,150882,3.285919,multi_behavior_sequence
802320,352788,3.276599,multi_behavior_sequence
802320,100150,3.26369,multi_behavior_sequence
802505,393809,2.997562,multi_behavior_sequence
802505,363109,2.953446,multi_behavior_sequence
802505,337327,2.757214,multi_behavior_sequence
802505,119433,2.692121,multi_behavior_sequence
802505,441248,2.669565,multi_behavior_sequence
802505,368403,2.626641,multi_behavior_sequence
802505,228166,2.624514,multi_behavior_sequence
802505,71825,2.605146,multi_behavior_sequence
802505,155097,2.603062,multi_behavior_sequence
802505,374873,2.568655,multi_behavior_sequence
805200,48997,4.11169,multi_behavior_sequence
805200,245852,4.074079,multi_behavior_sequence
805200,300394,3.980054,multi_behavior_sequence
805200,136524,3.980002,multi_behavior_sequence
805200,338660,3.841756,multi_behavior_sequence
805200,59873,3.834109,multi_behavior_sequence
805200,335592,3.808238,multi_behavior_sequence
805200,377981,3.735152,multi_behavior_sequence
805200,444500,3.720776,multi_behavior_sequence
805200,260093,3.695416,multi_behavior_sequence
805204,46232,4.08288,multi_behavior_sequence
805204,429765,3.98364,multi_behavior_sequence
805204,320130,3.924633,multi_behavior_sequence
805204,50648,3.899911,multi_behavior_sequence
805204,57788,3.85471,multi_behavior_sequence
805204,269811,3.748401,multi_behavior_sequence
805204,137697,3.664551,multi_behavior_sequence
805204,455183,3.653023,multi_behavior_sequence
805204,38965,3.643067,multi_behavior_sequence
805204,350384,3.575672,multi_behavior_sequence
807384,315543,2.723626,multi_behavior_sequence
807384,250908,2.694857,multi_behavior_sequence
807384,255732,2.682841,multi_behavior_sequence
807384,110983,2.613093,multi_behavior_sequence
807384,281103,2.606891,multi_behavior_sequence
807384,103003,2.592524,multi_behavior_sequence
807384,116514,2.58227,multi_behavior_sequence
807384,401849,2.554696,multi_behavior_sequence
807384,380440,2.539987,multi_behavior_sequence
807384,114385,2.539114,multi_behavior_sequence
807509,365320,3.71326,multi_behavior_sequence
807509,355301,3.436104,multi_behavior_sequence
807509,377519,3.357821,multi_behavior_sequence
807509,143866,3.276516,multi_behavior_sequence
807509,4892,3.26737,multi_behavior_sequence
807509,337671,3.249755,multi_behavior_sequence
807509,212995,3.214596,multi_behavior_sequence
807509,263557,3.196816,multi_behavior_sequence
807509,426220,3.182412,multi_behavior_sequence
807509,73247,3.136331,multi_behavior_sequence
808813,85334,3.33425,multi_behavior_sequence
808813,360318,3.205402,multi_behavior_sequence
808813,205948,3.141532,multi_behavior_sequence
808813,256938,3.066771,multi_behavior_sequence
808813,318761,2.942045,multi_behavior_sequence
808813,449451,2.938243,multi_behavior_sequence
808813,221761,2.91658,multi_behavior_sequence
808813,443466,2.909106,multi_behavior_sequence
808813,160449,2.822174,multi_behavior_sequence
808813,363645,2.812735,multi_behavior_sequence
809822,391226,3.946146,multi_behavior_sequence
809822,79056,3.769147,multi_behavior_sequence
809822,160272,3.766273,multi_behavior_sequence
809822,23762,3.684583,multi_behavior_sequence
809822,319666,3.624269,multi_behavior_sequence
809822,273144,3.593213,multi_behavior_sequence
809822,413990,3.561908,multi_behavior_sequence
809822,444163,3.550833,multi_behavior_sequence
809822,216768,3.544649,multi_behavior_sequence
809822,153948,3.514458,multi_behavior_sequence
810368,365320,4.660497,multi_behavior_sequence
810368,240149,4.004638,multi_behavior_sequence
810368,117075,3.770616,multi_behavior_sequence
810368,343375,3.647425,multi_behavior_sequence
810368,5190,3.557156,multi_behavior_sequence
810368,98840,3.535474,multi_behavior_sequence
810368,13504,3.525736,multi_behavior_sequence
810368,353166,3.495047,multi_behavior_sequence
810368,375169,3.420069,multi_behavior_sequence
810368,264915,3.411908,multi_behavior_sequence
811745,241555,4.857144,multi_behavior_sequence
811745,37009,4.559971,multi_behavior_sequence
811745,20773,4.380897,multi_behavior_sequence
811745,253156,4.267253,multi_behavior_sequence
811745,326686,4.215777,multi_behavior_sequence
811745,167337,4.109833,multi_behavior_sequence
811745,444948,4.042395,multi_behavior_sequence
811745,14932,4.006443,multi_behavior_sequence
811745,248142,3.977365,multi_behavior_sequence
811745,305465,3.973558,multi_behavior_sequence
813971,295537,4.957119,multi_behavior_sequence
813971,130094,4.510587,multi_behavior_sequence
813971,184199,4.421653,multi_behavior_sequence
813971,262186,4.360058,multi_behavior_sequence
813971,143622,4.151793,multi_behavior_sequence
813971,401896,4.149937,multi_behavior_sequence
813971,464751,3.867598,multi_behavior_sequence
813971,266843,3.792006,multi_behavior_sequence
813971,181523,3.746753,multi_behavior_sequence
813971,29196,3.637241,multi_behavior_sequence
816229,44882,3.353511,multi_behavior_sequence
816229,75710,3.250657,multi_behavior_sequence
816229,386899,3.215119,multi_behavior_sequence
816229,135045,3.177412,multi_behavior_sequence
816229,150990,3.159224,multi_behavior_sequence
816229,107414,3.134914,multi_behavior_sequence
816229,138546,3.124436,multi_behavior_sequence
816229,63656,3.047157,multi_behavior_sequence
816229,216271,3.034456,multi_behavior_sequence
816229,363044,3.034111,multi_behavior_sequence
819370,418609,5.481114,multi_behavior_sequence
819370,67486,5.27574,multi_behavior_sequence
819370,341578,5.185168,multi_behavior_sequence
819370,417594,5.086367,multi_behavior_sequence
819370,154448,4.948361,multi_behavior_sequence
819370,405185,4.866495,multi_behavior_sequence
819370,20773,4.860637,multi_behavior_sequence
819370,421993,4.803655,multi_behavior_sequence
819370,79823,4.771269,multi_behavior_sequence
819370,446372,4.763026,multi_behavior_sequence
819547,50648,3.701243,multi_behavior_sequence
819547,165230,3.696243,multi_behavior_sequence
819547,464895,3.369743,multi_behavior_sequence
819547,267111,3.251102,multi_behavior_sequence
819547,356668,3.23558,multi_behavior_sequence
819547,75458,3.234728,multi_behavior_sequence
819547,350384,3.203577,multi_behavior_sequence
819547,372318,3.156916,multi_behavior_sequence
819547,189313,3.141027,multi_behavior_sequence
819547,66737,3.139371,multi_behavior_sequence
819698,295537,3.717645,multi_behavior_sequence
819698,11279,3.656411,multi_behavior_sequence
819698,29196,3.555539,multi_behavior_sequence
819698,184199,3.432374,multi_behavior_sequence
819698,284648,3.410212,multi_behavior_sequence
819698,143622,3.389193,multi_behavior_sequence
819698,210087,3.384855,multi_behavior_sequence
819698,401896,3.37374,multi_behavior_sequence
819698,116514,3.317995,multi_behavior_sequence
819698,163780,3.22323,multi_behavior_sequence
820159,227976,4.326758,multi_behavior_sequence
820159,427541,4.155733,multi_behavior_sequence
820159,263692,4.006562,multi_behavior_sequence
820159,246532,3.982567,multi_behavior_sequence
820159,374873,3.934939,multi_behavior_sequence
820159,388755,3.908462,multi_behavior_sequence
820159,408218,3.801031,multi_behavior_sequence
820159,199233,3.763316,multi_behavior_sequence
820159,25802,3.739417,multi_behavior_sequence
820159,224178,3.722535,multi_behavior_sequence
822310,122219,4.965497,multi_behavior_sequence
822310,78265,4.417415,multi_behavior_sequence
822310,62599,4.270388,multi_behavior_sequence
822310,153099,4.262446,multi_behavior_sequence
822310,41932,4.012648,multi_behavior_sequence
822310,407661,4.000126,multi_behavior_sequence
822310,336131,3.90795,multi_behavior_sequence
822310,208450,3.849538,multi_behavior_sequence
822310,376092,3.644604,multi_behavior_sequence
822310,317051,3.622334,multi_behavior_sequence
823367,414995,3.504668,multi_behavior_sequence
823367,278586,3.491219,multi_behavior_sequence
823367,398489,3.322964,multi_behavior_sequence
823367,199233,3.125083,multi_behavior_sequence
823367,466436,3.119372,multi_behavior_sequence
823367,321905,3.118466,multi_behavior_sequence
823367,6107,3.097244,multi_behavior_sequence
823367,187862,3.088161,multi_behavior_sequence
823367,232568,3.059721,multi_behavior_sequence
823367,75710,3.040901,multi_behavior_sequence
823982,119736,5.569125,multi_behavior_sequence
823982,46232,5.261042,multi_behavior_sequence
823982,409804,5.128985,multi_behavior_sequence
823982,213834,5.050952,multi_behavior_sequence
823982,312728,4.969088,multi_behavior_sequence
823982,445351,4.873995,multi_behavior_sequence
823982,190000,4.602951,multi_behavior_sequence
823982,369158,4.582859,multi_behavior_sequence
823982,9877,4.544925,multi_behavior_sequence
823982,208939,4.504395,multi_behavior_sequence
824082,461686,4.939944,multi_behavior_sequence
824082,9877,4.726473,multi_behavior_sequence
824082,63543,4.589877,multi_behavior_sequence
824082,325310,4.372059,multi_behavior_sequence
824082,407952,4.305643,multi_behavior_sequence
824082,355741,4.281464,multi_behavior_sequence
824082,51969,4.224079,multi_behavior_sequence
824082,137697,4.135085,multi_behavior_sequence
824082,37115,4.130272,multi_behavior_sequence
824082,2463,4.129951,multi_behavior_sequence
824842,190000,5.06635,multi_behavior_sequence
824842,119736,5.014797,multi_behavior_sequence
824842,213834,4.907913,multi_behavior_sequence
824842,46232,4.880991,multi_behavior_sequence
824842,188051,4.836925,multi_behavior_sequence
824842,406021,4.734062,multi_behavior_sequence
824842,461686,4.724407,multi_behavior_sequence
824842,9877,4.649439,multi_behavior_sequence
824842,445351,4.64132,multi_behavior_sequence
824842,219512,4.554245,multi_behavior_sequence
825321,7943,6.028346,multi_behavior_sequence
825321,397157,5.751016,multi_behavior_sequence
825321,303161,5.519832,multi_behavior_sequence
825321,374271,5.37836,multi_behavior_sequence
825321,218746,5.331785,multi_behavior_sequence
825321,358482,5.156556,multi_behavior_sequence
825321,334401,5.15394,multi_behavior_sequence
825321,334481,5.058076,multi_behavior_sequence
825321,125275,5.05757,multi_behavior_sequence
825321,445351,5.056066,multi_behavior_sequence
829289,444948,3.490553,multi_behavior_sequence
829289,314579,3.454967,multi_behavior_sequence
829289,422012,3.437028,multi_behavior_sequence
829289,224771,3.433841,multi_behavior_sequence
829289,119639,3.411956,multi_behavior_sequence
829289,13925,3.396517,multi_behavior_sequence
829289,390553,3.385513,multi_behavior_sequence
829289,45658,3.383105,multi_behavior_sequence
829289,379953,3.348762,multi_behavior_sequence
829289,257059,3.286267,multi_behavior_sequence
829859,350764,4.509715,multi_behavior_sequence
829859,108486,4.302054,multi_behavior_sequence
829859,379337,3.913111,multi_behavior_sequence
829859,398004,3.909339,multi_behavior_sequence
829859,269177,3.89381,multi_behavior_sequence
829859,90240,3.881199,multi_behavior_sequence
829859,80661,3.723131,multi_behavior_sequence
829859,20388,3.719086,multi_behavior_sequence
829859,146471,3.685937,multi_behavior_sequence
829859,105338,3.64958,multi_behavior_sequence
833253,138546,4.487,multi_behavior_sequence
833253,386112,3.857717,multi_behavior_sequence
833253,207907,3.61717,multi_behavior_sequence
833253,77769,3.309202,multi_behavior_sequence
833253,338307,3.202798,multi_behavior_sequence
833253,439371,3.199066,multi_behavior_sequence
833253,103236,3.189871,multi_behavior_sequence
833253,144635,3.151709,multi_behavior_sequence
833253,291404,3.15072,multi_behavior_sequence
833253,358148,3.126608,multi_behavior_sequence
83573,409804,6.103179,multi_behavior_sequence
83573,445351,5.977509,multi_behavior_sequence
83573,312728,5.395049,multi_behavior_sequence
83573,416017,5.36489,multi_behavior_sequence
83573,348154,5.327976,multi_behavior_sequence
83573,405380,5.176542,multi_behavior_sequence
83573,276649,5.171043,multi_behavior_sequence
83573,119736,5.017247,multi_behavior_sequence
83573,208939,4.991421,multi_behavior_sequence
83573,223644,4.977808,multi_behavior_sequence
835774,208650,4.133828,multi_behavior_sequence
835774,288887,4.094982,multi_behavior_sequence
835774,205553,3.722033,multi_behavior_sequence
835774,8070,3.708786,multi_behavior_sequence
835774,414460,3.696227,multi_behavior_sequence
835774,192288,3.651732,multi_behavior_sequence
835774,74634,3.642998,multi_behavior_sequence
835774,221761,3.53979,multi_behavior_sequence
835774,355874,3.464727,multi_behavior_sequence
835774,281717,3.427971,multi_behavior_sequence
835779,243355,4.507576,multi_behavior_sequence
835779,456056,4.473899,multi_behavior_sequence
835779,213834,4.233654,multi_behavior_sequence
835779,223644,4.126638,multi_behavior_sequence
835779,48030,4.062205,multi_behavior_sequence
835779,312728,4.0162,multi_behavior_sequence
835779,184199,3.956459,multi_behavior_sequence
835779,110421,3.919103,multi_behavior_sequence
835779,409804,3.910823,multi_behavior_sequence
835779,217278,3.903158,multi_behavior_sequence
836044,290003,3.045128,multi_behavior_sequence
836044,444712,3.029865,multi_behavior_sequence
836044,215412,2.980622,multi_behavior_sequence
836044,222069,2.834083,multi_behavior_sequence
836044,295998,2.764898,multi_behavior_sequence
836044,74634,2.746416,multi_behavior_sequence
836044,383735,2.737732,multi_behavior_sequence
836044,323701,2.694599,multi_behavior_sequence
836044,343151,2.685226,multi_behavior_sequence
836044,280354,2.683007,multi_behavior_sequence
836468,140527,5.375186,multi_behavior_sequence
836468,208939,4.828522,multi_behavior_sequence
836468,111070,4.703016,multi_behavior_sequence
836468,213834,4.66542,multi_behavior_sequence
836468,58638,4.64591,multi_behavior_sequence
836468,422327,4.545652,multi_behavior_sequence
836468,387570,4.405081,multi_behavior_sequence
836468,79956,4.39451,multi_behavior_sequence
836468,433213,4.373454,multi_behavior_sequence
836468,108828,4.319907,multi_behavior_sequence
836635,199233,7.190259,multi_behavior_sequence
836635,248455,6.482447,multi_behavior_sequence
836635,79376,5.779924,multi_behavior_sequence
836635,76060,5.722839,multi_behavior_sequence
836635,227976,5.643376,multi_behavior_sequence
836635,260900,5.533249,multi_behavior_sequence
836635,363663,5.508977,multi_behavior_sequence
836635,278586,5.300992,multi_behavior_sequence
836635,439963,5.296306,multi_behavior_sequence
836635,139918,5.222585,multi_behavior_sequence
837189,162139,2.272749,multi_behavior_sequence
837189,13925,2.228456,multi_behavior_sequence
837189,367262,2.165767,multi_behavior_sequence
837189,192721,2.126686,multi_behavior_sequence
837189,350384,2.107913,multi_behavior_sequence
837189,213212,2.107726,multi_behavior_sequence
837189,386947,2.081875,multi_behavior_sequence
837189,49621,2.060232,multi_behavior_sequence
837189,184465,1.978872,multi_behavior_sequence
837189,333140,1.93361,multi_behavior_sequence
837377,445351,4.627735,multi_behavior_sequence
837377,401896,4.021408,multi_behavior_sequence
837377,184199,3.958721,multi_behavior_sequence
837377,464812,3.948511,multi_behavior_sequence
837377,370442,3.800844,multi_behavior_sequence
837377,371155,3.749871,multi_behavior_sequence
837377,104848,3.652245,multi_behavior_sequence
837377,328467,3.651474,multi_behavior_sequence
837377,238865,3.561461,multi_behavior_sequence
837377,247483,3.482253,multi_behavior_sequence
837995,416357,5.076131,multi_behavior_sequence
837995,442889,4.879285,multi_behavior_sequence
837995,407133,4.670614,multi_behavior_sequence
837995,11711,4.66347,multi_behavior_sequence
837995,323137,4.656976,multi_behavior_sequence
837995,13537,4.575296,multi_behavior_sequence
837995,189356,4.51733,multi_behavior_sequence
837995,64084,4.367187,multi_behavior_sequence
837995,373725,4.301056,multi_behavior_sequence
837995,322331,4.263439,multi_behavior_sequence
841939,241555,4.452459,multi_behavior_sequence
841939,414654,4.305545,multi_behavior_sequence
841939,28501,4.010896,multi_behavior_sequence
841939,130094,3.872967,multi_behavior_sequence
841939,184199,3.842228,multi_behavior_sequence
841939,378517,3.818754,multi_behavior_sequence
841939,207865,3.789292,multi_behavior_sequence
841939,382885,3.684186,multi_behavior_sequence
841939,192227,3.650682,multi_behavior_sequence
841939,45190,3.642046,multi_behavior_sequence
844618,359547,4.251336,multi_behavior_sequence
844618,464116,4.08919,multi_behavior_sequence
844618,251962,4.055015,multi_behavior_sequence
844618,433216,4.044975,multi_behavior_sequence
844618,195852,4.031788,multi_behavior_sequence
844618,261844,3.839955,multi_behavior_sequence
844618,158506,3.748092,multi_behavior_sequence
844618,226756,3.708221,multi_behavior_sequence
844618,76876,3.646446,multi_behavior_sequence
844618,258097,3.640654,multi_behavior_sequence
84465,253156,4.060429,multi_behavior_sequence
84465,375058,3.898546,multi_behavior_sequence
84465,140527,3.829339,multi_behavior_sequence
84465,66752,3.781999,multi_behavior_sequence
84465,71733,3.674916,multi_behavior_sequence
84465,402460,3.664669,multi_behavior_sequence
84465,219553,3.629479,multi_behavior_sequence
84465,464404,3.621944,multi_behavior_sequence
84465,105869,3.607479,multi_behavior_sequence
84465,386947,3.606589,multi_behavior_sequence
846767,464116,3.338766,multi_behavior_sequence
846767,31519,3.005066,multi_behavior_sequence
846767,75415,3.000844,multi_behavior_sequence
846767,288887,2.898413,multi_behavior_sequence
846767,195852,2.885087,multi_behavior_sequence
846767,161431,2.882689,multi_behavior_sequence
846767,20773,2.851588,multi_behavior_sequence
846767,286477,2.819424,multi_behavior_sequence
846767,211418,2.818461,multi_behavior_sequence
846767,390582,2.79439,multi_behavior_sequence
846926,150882,4.433702,multi_behavior_sequence
846926,243355,4.236621,multi_behavior_sequence
846926,96904,4.219266,multi_behavior_sequence
846926,207825,4.20584,multi_behavior_sequence
846926,48030,4.100249,multi_behavior_sequence
846926,138427,4.082548,multi_behavior_sequence
846926,248455,3.903537,multi_behavior_sequence
846926,83280,3.856999,multi_behavior_sequence
846926,411373,3.794171,multi_behavior_sequence
846926,79956,3.777879,multi_behavior_sequence
846933,456056,3.364544,multi_behavior_sequence
846933,363109,3.33123,multi_behavior_sequence
846933,234255,3.066813,multi_behavior_sequence
846933,159624,2.875685,multi_behavior_sequence
846933,354585,2.781133,multi_behavior_sequence
846933,85914,2.69103,multi_behavior_sequence
846933,359567,2.677744,multi_behavior_sequence
846933,244027,2.651426,multi_behavior_sequence
846933,313163,2.647214,multi_behavior_sequence
846933,334520,2.638456,multi_behavior_sequence
850171,18561,3.266019,multi_behavior_sequence
850171,306763,3.242534,multi_behavior_sequence
850171,325852,3.208171,multi_behavior_sequence
850171,380971,3.18896,multi_behavior_sequence
850171,186391,3.161617,multi_behavior_sequence
850171,172894,3.111446,multi_behavior_sequence
850171,33182,3.097842,multi_behavior_sequence
850171,437103,3.038217,multi_behavior_sequence
850171,68337,3.037205,multi_behavior_sequence
850171,136524,3.026389,multi_behavior_sequence
854743,445351,2.361299,multi_behavior_sequence
854743,369158,2.268558,multi_behavior_sequence
854743,176484,2.253673,multi_behavior_sequence
854743,321905,2.223712,multi_behavior_sequence
854743,4001,2.208356,multi_behavior_sequence
854743,348154,2.181803,multi_behavior_sequence
854743,414654,2.176442,multi_behavior_sequence
854743,37029,2.160073,multi_behavior_sequence
854743,119736,2.150392,multi_behavior_sequence
854743,296795,2.073018,multi_behavior_sequence
855728,337101,2.877452,multi_behavior_sequence
855728,309778,2.470183,multi_behavior_sequence
855728,244819,2.441362,multi_behavior_sequence
855728,138017,2.422027,multi_behavior_sequence
855728,201515,2.40304,multi_behavior_sequence
855728,382437,2.384881,multi_behavior_sequence
855728,139918,2.36489,multi_behavior_sequence
855728,76941,2.281976,multi_behavior_sequence
855728,371585,2.279061,multi_behavior_sequence
855728,355393,2.270973,multi_behavior_sequence
856874,444472,5.353886,multi_behavior_sequence
856874,49621,5.283406,multi_behavior_sequence
856874,169344,5.012868,multi_behavior_sequence
856874,371965,4.978016,multi_behavior_sequence
856874,14205,4.962017,multi_behavior_sequence
856874,118823,4.884425,multi_behavior_sequence
856874,385371,4.860957,multi_behavior_sequence
856874,183435,4.831987,multi_behavior_sequence
856874,213212,4.752945,multi_behavior_sequence
856874,235902,4.710094,multi_behavior_sequence
856909,387024,3.686574,multi_behavior_sequence
856909,80858,3.539178,multi_behavior_sequence
856909,248455,3.458595,multi_behavior_sequence
856909,170262,3.393848,multi_behavior_sequence
856909,235796,3.366925,multi_behavior_sequence
856909,424421,3.276196,multi_behavior_sequence
856909,204494,3.189755,multi_behavior_sequence
856909,290003,3.187722,multi_behavior_sequence
856909,456056,3.167019,multi_behavior_sequence
856909,260621,3.129525,multi_behavior_sequence
85734,338794,6.011168,multi_behavior_sequence
85734,363109,5.668267,multi_behavior_sequence
85734,23762,5.330881,multi_behavior_sequence
85734,20968,5.181929,multi_behavior_sequence
85734,117075,5.053287,multi_behavior_sequence
85734,14288,5.046672,multi_behavior_sequence
85734,188051,4.894521,multi_behavior_sequence
85734,428891,4.874924,multi_behavior_sequence
85734,287561,4.840252,multi_behavior_sequence
85734,281480,4.764228,multi_behavior_sequence
857567,5190,4.510619,multi_behavior_sequence
857567,431728,4.092569,multi_behavior_sequence
857567,3146,4.072677,multi_behavior_sequence
857567,179749,3.795719,multi_behavior_sequence
857567,55557,3.754967,multi_behavior_sequence
857567,76426,3.752639,multi_behavior_sequence
857567,127580,3.750026,multi_behavior_sequence
857567,80174,3.737581,multi_behavior_sequence
857567,198170,3.661891,multi_behavior_sequence
857567,431561,3.660112,multi_behavior_sequence
860113,456056,2.868031,multi_behavior_sequence
860113,315543,2.552709,multi_behavior_sequence
860113,185305,2.49946,multi_behavior_sequence
860113,446820,2.412771,multi_behavior_sequence
860113,332721,2.387117,multi_behavior_sequence
860113,354233,2.379143,multi_behavior_sequence
860113,63499,2.367956,multi_behavior_sequence
860113,386609,2.338776,multi_behavior_sequence
860113,257040,2.335019,multi_behavior_sequence
860113,398489,2.298133,multi_behavior_sequence
861299,248601,7.516684,multi_behavior_sequence
861299,167978,6.98762,multi_behavior_sequence
861299,416017,6.830054,multi_behavior_sequence
861299,363109,6.750485,multi_behavior_sequence
861299,343828,6.57501,multi_behavior_sequence
861299,7943,6.438967,multi_behavior_sequence
861299,14868,6.37278,multi_behavior_sequence
861299,71733,6.307835,multi_behavior_sequence
861299,428648,6.299505,multi_behavior_sequence
861299,355200,6.264263,multi_behavior_sequence
861630,262186,3.975765,multi_behavior_sequence
861630,429765,3.7275,multi_behavior_sequence
861630,223582,3.472638,multi_behavior_sequence
861630,399674,3.437322,multi_behavior_sequence
861630,404056,3.314823,multi_behavior_sequence
861630,459475,3.308034,multi_behavior_sequence
861630,436360,3.142424,multi_behavior_sequence
861630,29196,3.132232,multi_behavior_sequence
861630,461199,3.112192,multi_behavior_sequence
861630,154171,3.012663,multi_behavior_sequence
861638,369447,3.767089,multi_behavior_sequence
861638,153948,3.765064,multi_behavior_sequence
861638,230813,3.58674,multi_behavior_sequence
861638,453290,3.519712,multi_behavior_sequence
861638,81473,3.454643,multi_behavior_sequence
861638,91152,3.437325,multi_behavior_sequence
861638,112566,3.350307,multi_behavior_sequence
861638,387220,3.29765,multi_behavior_sequence
861638,365320,3.292202,multi_behavior_sequence
861638,242521,3.287459,multi_behavior_sequence
863219,70855,5.66495,multi_behavior_sequence
863219,325310,5.531087,multi_behavior_sequence
863219,150882,5.430162,multi_behavior_sequence
863219,382885,5.376856,multi_behavior_sequence
863219,288525,5.266425,multi_behavior_sequence
863219,336753,5.232265,multi_behavior_sequence
863219,457711,5.227068,multi_behavior_sequence
863219,433213,5.218462,multi_behavior_sequence
863219,450082,5.205335,multi_behavior_sequence
863219,204494,5.202917,multi_behavior_sequence
86459,66752,3.475339,multi_behavior_sequence
86459,88129,3.405606,multi_behavior_sequence
86459,306763,3.387099,multi_behavior_sequence
86459,272770,3.341317,multi_behavior_sequence
86459,461671,3.332828,multi_behavior_sequence
86459,68337,3.226904,multi_behavior_sequence
86459,335351,3.191965,multi_behavior_sequence
86459,463002,3.183254,multi_behavior_sequence
86459,329361,3.173445,multi_behavior_sequence
86459,337101,3.108258,multi_behavior_sequence
868057,301235,3.71261,multi_behavior_sequence
868057,306041,3.547781,multi_behavior_sequence
868057,37009,3.406409,multi_behavior_sequence
868057,67486,3.269422,multi_behavior_sequence
868057,130352,3.172735,multi_behavior_sequence
868057,341578,3.106305,multi_behavior_sequence
868057,337161,3.104945,multi_behavior_sequence
868057,74634,3.070078,multi_behavior_sequence
868057,149505,2.991869,multi_behavior_sequence
868057,178451,2.979456,multi_behavior_sequence
868541,140527,2.535297,multi_behavior_sequence
868541,2463,2.529762,multi_behavior_sequence
868541,280328,2.478147,multi_behavior_sequence
868541,377133,2.338415,multi_behavior_sequence
868541,33692,2.281898,multi_behavior_sequence
868541,163780,2.219376,multi_behavior_sequence
868541,437778,2.21587,multi_behavior_sequence
868541,11279,2.197109,multi_behavior_sequence
868541,120098,2.186249,multi_behavior_sequence
868541,456276,2.155926,multi_behavior_sequence
869858,37115,4.028779,multi_behavior_sequence
869858,377691,3.618834,multi_behavior_sequence
869858,85334,3.228991,multi_behavior_sequence
869858,409804,3.212111,multi_behavior_sequence
869858,9877,3.157812,multi_behavior_sequence
869858,125799,2.956724,multi_behavior_sequence
869858,51969,2.944206,multi_behavior_sequence
869858,312728,2.893759,multi_behavior_sequence
869858,349002,2.851164,multi_behavior_sequence
869858,403965,2.808522,multi_behavior_sequence
872031,235796,3.761146,multi_behavior_sequence
872031,435624,3.596726,multi_behavior_sequence
872031,396732,3.55636,multi_behavior_sequence
872031,228644,3.550164,multi_behavior_sequence
872031,41803,3.347849,multi_behavior_sequence
872031,337101,3.323025,multi_behavior_sequence
872031,234818,3.322156,multi_behavior_sequence
872031,76941,3.278902,multi_behavior_sequence
872031,394052,3.244913,multi_behavior_sequence
872031,355200,3.165188,multi_behavior_sequence
874209,9877,4.186002,multi_behavior_sequence
874209,400442,4.054857,multi_behavior_sequence
874209,2463,4.037584,multi_behavior_sequence
874209,150882,4.004553,multi_behavior_sequence
874209,125799,3.99704,multi_behavior_sequence
874209,199233,3.981508,multi_behavior_sequence
874209,409804,3.871077,multi_behavior_sequence
874209,208939,3.716375,multi_behavior_sequence
874209,266900,3.670582,multi_behavior_sequence
874209,140527,3.666116,multi_behavior_sequence
875908,394548,3.757301,multi_behavior_sequence
875908,222745,3.674169,multi_behavior_sequence
875908,300394,3.653857,multi_behavior_sequence
875908,2455,3.436669,multi_behavior_sequence
875908,79944,3.247203,multi_behavior_sequence
875908,216768,3.244182,multi_behavior_sequence
875908,435481,3.18166,multi_behavior_sequence
875908,412905,3.170697,multi_behavior_sequence
875908,205829,3.149127,multi_behavior_sequence
875908,278192,3.12436,multi_behavior_sequence
876048,117075,2.697625,multi_behavior_sequence
876048,405548,2.464985,multi_behavior_sequence
876048,84947,2.464548,multi_behavior_sequence
876048,150103,2.434213,multi_behavior_sequence
876048,222294,2.377182,multi_behavior_sequence
876048,50648,2.356889,multi_behavior_sequence
876048,143418,2.278885,multi_behavior_sequence
876048,141908,2.271166,multi_behavior_sequence
876048,49466,2.240966,multi_behavior_sequence
876048,146471,2.239864,multi_behavior_sequence
881061,336753,4.393304,multi_behavior_sequence
881061,29741,3.782647,multi_behavior_sequence
881061,194643,3.671236,multi_behavior_sequence
881061,265571,3.615729,multi_behavior_sequence
881061,74634,3.612429,multi_behavior_sequence
881061,407661,3.590497,multi_behavior_sequence
881061,227591,3.527017,multi_behavior_sequence
881061,165302,3.455262,multi_behavior_sequence
881061,444712,3.452329,multi_behavior_sequence
881061,210985,3.381697,multi_behavior_sequence
881986,11279,3.844998,multi_behavior_sequence
881986,131080,3.764699,multi_behavior_sequence
881986,417304,3.579922,multi_behavior_sequence
881986,284648,3.556765,multi_behavior_sequence
881986,228903,3.432651,multi_behavior_sequence
881986,414432,3.430659,multi_behavior_sequence
881986,311464,3.429352,multi_behavior_sequence
881986,160817,3.425521,multi_behavior_sequence
881986,421584,3.397615,multi_behavior_sequence
881986,27726,3.383605,multi_behavior_sequence
882851,315543,5.34921,multi_behavior_sequence
882851,359834,4.544485,multi_behavior_sequence
882851,277380,4.33611,multi_behavior_sequence
882851,70277,4.329371,multi_behavior_sequence
882851,349516,4.140115,multi_behavior_sequence
882851,116624,4.139996,multi_behavior_sequence
882851,335592,4.118598,multi_behavior_sequence
882851,293347,4.112428,multi_behavior_sequence
882851,264915,4.075016,multi_behavior_sequence
882851,320970,4.063868,multi_behavior_sequence
883799,103127,3.306512,multi_behavior_sequence
883799,380440,3.176525,multi_behavior_sequence
883799,405934,3.166067,multi_behavior_sequence
883799,14276,3.03344,multi_behavior_sequence
883799,222580,2.965779,multi_behavior_sequence
883799,274451,2.95925,multi_behavior_sequence
883799,138546,2.929352,multi_behavior_sequence
883799,444848,2.889292,multi_behavior_sequence
883799,398489,2.843369,multi_behavior_sequence
883799,170527,2.821433,multi_behavior_sequence
884108,295537,5.131292,multi_behavior_sequence
884108,17323,4.934614,multi_behavior_sequence
884108,184826,4.212049,multi_behavior_sequence
884108,362216,4.192514,multi_behavior_sequence
884108,303520,4.180413,multi_behavior_sequence
884108,269997,4.160427,multi_behavior_sequence
884108,45148,4.137102,multi_behavior_sequence
884108,371965,4.021054,multi_behavior_sequence
884108,355325,3.968046,multi_behavior_sequence
884108,223644,3.895941,multi_behavior_sequence
885139,122021,4.647878,multi_behavior_sequence
885139,122219,4.443327,multi_behavior_sequence
885139,125275,4.370634,multi_behavior_sequence
885139,7943,4.333138,multi_behavior_sequence
885139,183226,4.247511,multi_behavior_sequence
885139,226756,4.238496,multi_behavior_sequence
885139,222185,4.052819,multi_behavior_sequence
885139,137465,4.049557,multi_behavior_sequence
885139,276402,4.043787,multi_behavior_sequence
885139,393809,4.038584,multi_behavior_sequence
886204,397168,4.715528,multi_behavior_sequence
886204,82576,4.660647,multi_behavior_sequence
886204,303821,4.622179,multi_behavior_sequence
886204,100108,4.529165,multi_behavior_sequence
886204,426437,4.320034,multi_behavior_sequence
886204,402984,4.191973,multi_behavior_sequence
886204,69678,4.169172,multi_behavior_sequence
886204,403996,4.093474,multi_behavior_sequence
886204,347461,4.038407,multi_behavior_sequence
886204,180128,4.031902,multi_behavior_sequence
888200,374873,3.53501,multi_behavior_sequence
888200,338530,3.149531,multi_behavior_sequence
888200,435670,3.096704,multi_behavior_sequence
888200,386112,3.043055,multi_behavior_sequence
888200,441158,2.952427,multi_behavior_sequence
888200,222580,2.912194,multi_behavior_sequence
888200,86391,2.901379,multi_behavior_sequence
888200,288887,2.897379,multi_behavior_sequence
888200,188980,2.869855,multi_behavior_sequence
888200,141572,2.869354,multi_behavior_sequence
890980,322190,6.275633,multi_behavior_sequence
890980,325310,5.978239,multi_behavior_sequence
890980,295537,5.932195,multi_behavior_sequence
890980,29196,5.918197,multi_behavior_sequence
890980,1684,5.896697,multi_behavior_sequence
890980,284648,5.76579,multi_behavior_sequence
890980,143293,5.719969,multi_behavior_sequence
890980,219512,5.712936,multi_behavior_sequence
890980,2463,5.644171,multi_behavior_sequence
890980,219553,5.577219,multi_behavior_sequence
892013,40870,8.902233,multi_behavior_sequence
892013,310816,7.921832,multi_behavior_sequence
892013,32701,7.441144,multi_behavior_sequence
892013,120183,6.698984,multi_behavior_sequence
892013,248512,6.365986,multi_behavior_sequence
892013,152121,6.259244,multi_behavior_sequence
892013,379272,6.058886,multi_behavior_sequence
892013,51695,5.958836,multi_behavior_sequence
892013,4887,5.94175,multi_behavior_sequence
892013,275451,5.90853,multi_behavior_sequence
892355,313736,4.821919,multi_behavior_sequence
892355,76426,4.619233,multi_behavior_sequence
892355,150882,4.571886,multi_behavior_sequence
892355,78729,4.400551,multi_behavior_sequence
892355,428268,4.223676,multi_behavior_sequence
892355,290003,4.201961,multi_behavior_sequence
892355,215961,4.201444,multi_behavior_sequence
892355,79956,4.194328,multi_behavior_sequence
892355,301721,4.152849,multi_behavior_sequence
892355,306763,4.13884,multi_behavior_sequence
892697,403564,3.649621,multi_behavior_sequence
892697,359995,3.022395,multi_behavior_sequence
892697,17379,2.892492,multi_behavior_sequence
892697,343828,2.855783,multi_behavior_sequence
892697,420631,2.740365,multi_behavior_sequence
892697,211902,2.687605,multi_behavior_sequence
892697,350399,2.683408,multi_behavior_sequence
892697,310720,2.673575,multi_behavior_sequence
892697,182601,2.662222,multi_behavior_sequence
892697,309778,2.636868,multi_behavior_sequence
894124,59842,4.512411,multi_behavior_sequence
894124,75415,4.411229,multi_behavior_sequence
894124,372188,4.390166,multi_behavior_sequence
894124,202871,4.341918,multi_behavior_sequence
894124,315309,4.329229,multi_behavior_sequence
894124,111122,4.218125,multi_behavior_sequence
894124,408218,3.992551,multi_behavior_sequence
894124,439963,3.955282,multi_behavior_sequence
894124,396732,3.926829,multi_behavior_sequence
894124,343379,3.925969,multi_behavior_sequence
894153,445351,3.983661,multi_behavior_sequence
894153,100282,3.736332,multi_behavior_sequence
894153,152100,3.481863,multi_behavior_sequence
894153,100108,3.398078,multi_behavior_sequence
894153,305656,3.385699,multi_behavior_sequence
894153,263980,3.341553,multi_behavior_sequence
894153,337101,3.337345,multi_behavior_sequence
894153,37029,3.290882,multi_behavior_sequence
894153,418609,3.258332,multi_behavior_sequence
894153,111240,3.243073,multi_behavior_sequence
89426,208939,4.152966,multi_behavior_sequence
89426,9877,3.892558,multi_behavior_sequence
89426,366734,3.825084,multi_behavior_sequence
89426,422992,3.665915,multi_behavior_sequence
89426,546,3.658648,multi_behavior_sequence
89426,312827,3.61956,multi_behavior_sequence
89426,449391,3.593868,multi_behavior_sequence
89426,218794,3.580944,multi_behavior_sequence
89426,312728,3.522842,multi_behavior_sequence
89426,207825,3.491074,multi_behavior_sequence
894555,318785,3.477212,multi_behavior_sequence
894555,121295,3.302715,multi_behavior_sequence
894555,350389,3.253597,multi_behavior_sequence
894555,150185,3.235772,multi_behavior_sequence
894555,427777,3.190576,multi_behavior_sequence
894555,181895,3.184156,multi_behavior_sequence
894555,326956,3.059024,multi_behavior_sequence
894555,375693,3.054883,multi_behavior_sequence
894555,234361,3.033979,multi_behavior_sequence
894555,257070,2.964287,multi_behavior_sequence
894747,301235,6.051228,multi_behavior_sequence
894747,382535,5.419628,multi_behavior_sequence
894747,211134,5.323124,multi_behavior_sequence
894747,188980,5.31323,multi_behavior_sequence
894747,130352,5.235856,multi_behavior_sequence
894747,341578,5.228056,multi_behavior_sequence
894747,298201,5.21033,multi_behavior_sequence
894747,99003,5.196267,multi_behavior_sequence
894747,463201,5.159448,multi_behavior_sequence
894747,123518,5.09707,multi_behavior_sequence
895783,265571,4.919006,multi_behavior_sequence
895783,315193,4.258519,multi_behavior_sequence
895783,37009,4.199754,multi_behavior_sequence
895783,26678,4.121382,multi_behavior_sequence
895783,443344,4.104094,multi_behavior_sequence
895783,65273,4.07232,multi_behavior_sequence
895783,72307,4.050338,multi_behavior_sequence
895783,210985,3.944386,multi_behavior_sequence
895783,156897,3.920471,multi_behavior_sequence
895783,67486,3.902483,multi_behavior_sequence
895969,9877,4.404131,multi_behavior_sequence
895969,452041,3.790249,multi_behavior_sequence
895969,44826,3.741098,multi_behavior_sequence
895969,457711,3.555563,multi_behavior_sequence
895969,381941,3.488353,multi_behavior_sequence
895969,382885,3.423378,multi_behavior_sequence
895969,26678,3.400989,multi_behavior_sequence
895969,143079,3.234694,multi_behavior_sequence
895969,319680,3.21784,multi_behavior_sequence
895969,2463,3.204865,multi_behavior_sequence
895999,358594,6.916175,multi_behavior_sequence
895999,67115,6.571537,multi_behavior_sequence
895999,334585,6.471472,multi_behavior_sequence
895999,274443,6.343375,multi_behavior_sequence
895999,264663,6.148792,multi_behavior_sequence
895999,234255,6.124209,multi_behavior_sequence
895999,461686,6.081509,multi_behavior_sequence
895999,119383,5.892478,multi_behavior_sequence
895999,346892,5.885542,multi_behavior_sequence
895999,228644,5.840044,multi_behavior_sequence
896066,9877,6.210263,multi_behavior_sequence
896066,461686,6.046204,multi_behavior_sequence
896066,405380,5.852655,multi_behavior_sequence
896066,407952,5.741965,multi_behavior_sequence
896066,119736,5.727503,multi_behavior_sequence
896066,63543,5.72195,multi_behavior_sequence
896066,2641,5.648926,multi_behavior_sequence
896066,363663,5.617146,multi_behavior_sequence
896066,190000,5.415076,multi_behavior_sequence
896066,383307,5.2679,multi_behavior_sequence
896347,409804,4.060727,multi_behavior_sequence
896347,165058,3.669585,multi_behavior_sequence
896347,459835,3.65977,multi_behavior_sequence
896347,415492,3.635114,multi_behavior_sequence
896347,156436,3.592271,multi_behavior_sequence
896347,351641,3.583045,multi_behavior_sequence
896347,142076,3.478621,multi_behavior_sequence
896347,164681,3.454446,multi_behavior_sequence
896347,168831,3.454217,multi_behavior_sequence
896347,312728,3.401921,multi_behavior_sequence
897679,382885,4.548621,multi_behavior_sequence
897679,288525,4.38031,multi_behavior_sequence
897679,38965,4.207607,multi_behavior_sequence
897679,37115,3.93843,multi_behavior_sequence
897679,63543,3.785403,multi_behavior_sequence
897679,188051,3.578315,multi_behavior_sequence
897679,2463,3.567766,multi_behavior_sequence
897679,283115,3.478554,multi_behavior_sequence
897679,190000,3.417024,multi_behavior_sequence
897679,457711,3.388286,multi_behavior_sequence
898067,380440,3.994933,multi_behavior_sequence
898067,442256,3.633598,multi_behavior_sequence
898067,319869,3.566263,multi_behavior_sequence
898067,173780,3.5459,multi_behavior_sequence
898067,454265,3.53531,multi_behavior_sequence
898067,78379,3.528211,multi_behavior_sequence
898067,342659,3.508515,multi_behavior_sequence
898067,451656,3.467799,multi_behavior_sequence
898067,365320,3.45422,multi_behavior_sequence
898067,268243,3.445974,multi_behavior_sequence
899857,430292,4.574573,multi_behavior_sequence
899857,275937,4.526806,multi_behavior_sequence
899857,160272,4.519206,multi_behavior_sequence
899857,456276,4.469904,multi_behavior_sequence
899857,388755,4.345759,multi_behavior_sequence
899857,278208,4.299914,multi_behavior_sequence
899857,377380,4.232264,multi_behavior_sequence
899857,333147,4.218709,multi_behavior_sequence
899857,329361,4.183112,multi_behavior_sequence
899857,271930,4.130385,multi_behavior_sequence
901341,393809,3.594395,multi_behavior_sequence
901341,303039,3.395943,multi_behavior_sequence
901341,161431,3.37258,multi_behavior_sequence
901341,301013,3.320786,multi_behavior_sequence
901341,82173,3.263674,multi_behavior_sequence
901341,346292,3.2138,multi_behavior_sequence
901341,450887,3.212742,multi_behavior_sequence
901341,268491,3.193887,multi_behavior_sequence
901341,442228,3.126498,multi_behavior_sequence
901341,32612,3.109047,multi_behavior_sequence
903390,21147,3.780658,multi_behavior_sequence
903390,179151,3.569004,multi_behavior_sequence
903390,289915,3.474237,multi_behavior_sequence
903390,181204,3.457557,multi_behavior_sequence
903390,173780,3.424765,multi_behavior_sequence
903390,295341,3.415732,multi_behavior_sequence
903390,262982,3.397473,multi_behavior_sequence
903390,301379,3.395321,multi_behavior_sequence
903390,287811,3.385437,multi_behavior_sequence
903390,281103,3.357617,multi_behavior_sequence
904351,150103,4.972974,multi_behavior_sequence
904351,222888,4.575476,multi_behavior_sequence
904351,337327,4.357527,multi_behavior_sequence
904351,407952,4.206948,multi_behavior_sequence
904351,415818,4.174824,multi_behavior_sequence
904351,444993,4.159365,multi_behavior_sequence
904351,218626,4.152048,multi_behavior_sequence
904351,398762,4.092365,multi_behavior_sequence
904351,361554,4.089807,multi_behavior_sequence
904351,204955,4.077826,multi_behavior_sequence
905316,62825,4.023242,multi_behavior_sequence
905316,204403,3.758671,multi_behavior_sequence
905316,147141,3.746793,multi_behavior_sequence
905316,205948,3.636199,multi_behavior_sequence
905316,360610,3.473431,multi_behavior_sequence
905316,363109,3.448165,multi_behavior_sequence
905316,26477,3.43177,multi_behavior_sequence
905316,453881,3.431666,multi_behavior_sequence
905316,50033,3.380595,multi_behavior_sequence
905316,75272,3.366932,multi_behavior_sequence
907087,241555,5.37289,multi_behavior_sequence
907087,315543,4.609598,multi_behavior_sequence
907087,325310,4.604315,multi_behavior_sequence
907087,190000,4.572935,multi_behavior_sequence
907087,188051,4.364849,multi_behavior_sequence
907087,213834,4.211925,multi_behavior_sequence
907087,338794,4.14677,multi_behavior_sequence
907087,119736,3.937394,multi_behavior_sequence
907087,2641,3.906914,multi_behavior_sequence
907087,445780,3.883437,multi_behavior_sequence
909859,235796,5.649887,multi_behavior_sequence
909859,438484,5.472576,multi_behavior_sequence
909859,100108,5.462205,multi_behavior_sequence
909859,397168,5.424948,multi_behavior_sequence
909859,465751,5.213467,multi_behavior_sequence
909859,459615,4.993045,multi_behavior_sequence
909859,147955,4.959353,multi_behavior_sequence
909859,1664,4.948111,multi_behavior_sequence
909859,351501,4.91115,multi_behavior_sequence
909859,205231,4.90006,multi_behavior_sequence
915126,77769,3.525762,multi_behavior_sequence
915126,275339,3.427408,multi_behavior_sequence
915126,376365,3.333982,multi_behavior_sequence
915126,240170,3.313063,multi_behavior_sequence
915126,207907,3.296751,multi_behavior_sequence
915126,197723,3.226784,multi_behavior_sequence
915126,368702,3.168942,multi_behavior_sequence
915126,180858,3.165153,multi_behavior_sequence
915126,138546,3.163858,multi_behavior_sequence
915126,277082,3.149386,multi_behavior_sequence
915578,51275,3.882315,multi_behavior_sequence
915578,386947,3.479318,multi_behavior_sequence
915578,29196,3.374362,multi_behavior_sequence
915578,178355,3.281872,multi_behavior_sequence
915578,321089,3.061157,multi_behavior_sequence
915578,355325,3.050271,multi_behavior_sequence
915578,219553,2.978557,multi_behavior_sequence
915578,147684,2.931075,multi_behavior_sequence
915578,326590,2.923948,multi_behavior_sequence
915578,302195,2.908512,multi_behavior_sequence
916871,422992,3.931413,multi_behavior_sequence
916871,2463,3.896579,multi_behavior_sequence
916871,77769,3.875235,multi_behavior_sequence
916871,263245,3.870586,multi_behavior_sequence
916871,1261,3.739694,multi_behavior_sequence
916871,3914,3.711491,multi_behavior_sequence
916871,436837,3.703243,multi_behavior_sequence
916871,171878,3.682841,multi_behavior_sequence
916871,159813,3.498579,multi_behavior_sequence
916871,447710,3.470384,multi_behavior_sequence
917036,9877,5.511747,multi_behavior_sequence
917036,2463,4.289032,multi_behavior_sequence
917036,382885,3.955093,multi_behavior_sequence
917036,288525,3.95355,multi_behavior_sequence
917036,188051,3.943502,multi_behavior_sequence
917036,456056,3.859563,multi_behavior_sequence
917036,37115,3.818319,multi_behavior_sequence
917036,213834,3.707334,multi_behavior_sequence
917036,2641,3.660493,multi_behavior_sequence
917036,400442,3.637492,multi_behavior_sequence
917504,125275,3.704445,multi_behavior_sequence
917504,212672,3.55809,multi_behavior_sequence
917504,459416,3.552177,multi_behavior_sequence
917504,28072,3.442415,multi_behavior_sequence
917504,218746,3.427989,multi_behavior_sequence
917504,10065,3.420835,multi_behavior_sequence
917504,97010,3.394195,multi_behavior_sequence
917504,207907,3.384263,multi_behavior_sequence
917504,11670,3.29963,multi_behavior_sequence
917504,171878,3.242761,multi_behavior_sequence
917791,90240,4.387267,multi_behavior_sequence
917791,337298,3.687035,multi_behavior_sequence
917791,334936,3.656725,multi_behavior_sequence
917791,13398,3.636762,multi_behavior_sequence
917791,109474,3.606353,multi_behavior_sequence
917791,271801,3.594507,multi_behavior_sequence
917791,401368,3.505646,multi_behavior_sequence
917791,351125,3.428679,multi_behavior_sequence
917791,262982,3.377053,multi_behavior_sequence
917791,305790,3.313095,multi_behavior_sequence
921225,288525,4.461767,multi_behavior_sequence
921225,382885,4.315776,multi_behavior_sequence
921225,3854,4.270653,multi_behavior_sequence
921225,369158,4.058443,multi_behavior_sequence
921225,414654,4.047035,multi_behavior_sequence
921225,309778,3.867484,multi_behavior_sequence
921225,313163,3.83253,multi_behavior_sequence
921225,268081,3.790228,multi_behavior_sequence
921225,396732,3.769226,multi_behavior_sequence
921225,192227,3.738955,multi_behavior_sequence
922849,7943,2.742388,multi_behavior_sequence
922849,6745,2.622068,multi_behavior_sequence
922849,160272,2.581303,multi_behavior_sequence
922849,150857,2.576258,multi_behavior_sequence
922849,188612,2.525658,multi_behavior_sequence
922849,404056,2.500537,multi_behavior_sequence
922849,357949,2.491299,multi_behavior_sequence
922849,26902,2.480741,multi_behavior_sequence
922849,260415,2.430058,multi_behavior_sequence
922849,137352,2.423069,multi_behavior_sequence
924268,149939,3.500443,multi_behavior_sequence
924268,375058,3.454596,multi_behavior_sequence
924268,23171,3.32096,multi_behavior_sequence
924268,381539,3.238217,multi_behavior_sequence
924268,262186,3.205852,multi_behavior_sequence
924268,96267,3.186271,multi_behavior_sequence
924268,262477,3.16735,multi_behavior_sequence
924268,181204,3.166979,multi_behavior_sequence
924268,78265,3.118379,multi_behavior_sequence
924268,431227,3.038347,multi_behavior_sequence
927838,19408,3.048954,multi_behavior_sequence
927838,6745,3.020329,multi_behavior_sequence
927838,40630,3.005825,multi_behavior_sequence
927838,53151,2.996412,multi_behavior_sequence
927838,2463,2.884473,multi_behavior_sequence
927838,227591,2.827231,multi_behavior_sequence
927838,40635,2.773494,multi_behavior_sequence
927838,387105,2.755965,multi_behavior_sequence
927838,171878,2.721919,multi_behavior_sequence
927838,400442,2.693102,multi_behavior_sequence
928443,234818,2.872162,multi_behavior_sequence
928443,170262,2.867872,multi_behavior_sequence
928443,11279,2.83984,multi_behavior_sequence
928443,438484,2.825157,multi_behavior_sequence
928443,378517,2.792402,multi_behavior_sequence
928443,150103,2.77145,multi_behavior_sequence
928443,220468,2.718891,multi_behavior_sequence
928443,204494,2.69811,multi_behavior_sequence
928443,48030,2.694811,multi_behavior_sequence
928443,29196,2.656195,multi_behavior_sequence
929356,109474,3.365843,multi_behavior_sequence
929356,416357,3.104401,multi_behavior_sequence
929356,393809,3.094121,multi_behavior_sequence
929356,45226,3.039963,multi_behavior_sequence
929356,292353,3.001961,multi_behavior_sequence
929356,310816,2.968281,multi_behavior_sequence
929356,139447,2.945754,multi_behavior_sequence
929356,69507,2.870802,multi_behavior_sequence
929356,324077,2.862715,multi_behavior_sequence
929356,241209,2.811413,multi_behavior_sequence
929638,123176,4.731695,multi_behavior_sequence
929638,257070,4.27786,multi_behavior_sequence
929638,67304,4.2564,multi_behavior_sequence
929638,286731,3.97924,multi_behavior_sequence
929638,461686,3.884613,multi_behavior_sequence
929638,172894,3.88116,multi_behavior_sequence
929638,168927,3.851468,multi_behavior_sequence
929638,325852,3.797069,multi_behavior_sequence
929638,346892,3.754087,multi_behavior_sequence
929638,439963,3.696841,multi_behavior_sequence
929807,436360,3.106712,multi_behavior_sequence
929807,416017,3.00052,multi_behavior_sequence
929807,409804,2.925678,multi_behavior_sequence
929807,312728,2.904468,multi_behavior_sequence
929807,343828,2.877746,multi_behavior_sequence
929807,442131,2.876202,multi_behavior_sequence
929807,187862,2.823728,multi_behavior_sequence
929807,296901,2.79548,multi_behavior_sequence
929807,96904,2.762409,multi_behavior_sequence
929807,255614,2.749373,multi_behavior_sequence
931536,320974,4.127757,multi_behavior_sequence
931536,380440,3.869069,multi_behavior_sequence
931536,170511,3.732442,multi_behavior_sequence
931536,430292,3.624455,multi_behavior_sequence
931536,303969,3.559713,multi_behavior_sequence
931536,181204,3.554144,multi_behavior_sequence
931536,205210,3.452649,multi_behavior_sequence
931536,119630,3.420215,multi_behavior_sequence
931536,38616,3.363287,multi_behavior_sequence
931536,280495,3.332838,multi_behavior_sequence
934040,57245,5.683774,multi_behavior_sequence
934040,190000,5.419593,multi_behavior_sequence
934040,334401,5.399448,multi_behavior_sequence
934040,372395,5.370775,multi_behavior_sequence
934040,433213,5.270947,multi_behavior_sequence
934040,332629,5.220584,multi_behavior_sequence
934040,355994,5.208816,multi_behavior_sequence
934040,355200,5.156962,multi_behavior_sequence
934040,176484,5.154976,multi_behavior_sequence
934040,284848,5.071373,multi_behavior_sequence
93504,40870,5.301661,multi_behavior_sequence
93504,393809,5.156371,multi_behavior_sequence
93504,210985,4.655683,multi_behavior_sequence
93504,17655,4.468893,multi_behavior_sequence
93504,227591,4.425602,multi_behavior_sequence
93504,413110,4.2887,multi_behavior_sequence
93504,288887,4.067116,multi_behavior_sequence
93504,91896,4.053045,multi_behavior_sequence
93504,63406,3.986999,multi_behavior_sequence
93504,19408,3.924874,multi_behavior_sequence
935325,241555,3.791565,multi_behavior_sequence
935325,78729,3.356287,multi_behavior_sequence
935325,399031,3.287467,multi_behavior_sequence
935325,455804,3.13027,multi_behavior_sequence
935325,400442,3.088376,multi_behavior_sequence
935325,70855,3.082355,multi_behavior_sequence
935325,386947,2.886626,multi_behavior_sequence
935325,231482,2.879886,multi_behavior_sequence
935325,215363,2.877476,multi_behavior_sequence
935325,9877,2.869465,multi_behavior_sequence
93627,45137,5.085369,multi_behavior_sequence
93627,232568,4.939734,multi_behavior_sequence
93627,329187,4.806717,multi_behavior_sequence
93627,211478,4.580403,multi_behavior_sequence
93627,268243,4.525696,multi_behavior_sequence
93627,459835,4.402203,multi_behavior_sequence
93627,238453,4.303616,multi_behavior_sequence
93627,144540,4.296153,multi_behavior_sequence
93627,440248,4.253551,multi_behavior_sequence
93627,13504,4.234405,multi_behavior_sequence
937463,2463,3.713933,multi_behavior_sequence
937463,381941,3.506217,multi_behavior_sequence
937463,240558,3.472518,multi_behavior_sequence
937463,334936,3.410612,multi_behavior_sequence
937463,88098,3.08331,multi_behavior_sequence
937463,280029,3.061193,multi_behavior_sequence
937463,137974,3.006443,multi_behavior_sequence
937463,122604,3.006214,multi_behavior_sequence
937463,415884,2.971104,multi_behavior_sequence
937463,90240,2.959332,multi_behavior_sequence
940608,21147,3.27942,multi_behavior_sequence
940608,103003,3.220908,multi_behavior_sequence
940608,13398,3.184368,multi_behavior_sequence
940608,407661,3.110266,multi_behavior_sequence
940608,34805,3.077106,multi_behavior_sequence
940608,444163,3.038011,multi_behavior_sequence
940608,149505,2.992273,multi_behavior_sequence
940608,379390,2.986424,multi_behavior_sequence
940608,153948,2.985415,multi_behavior_sequence
940608,305790,2.879567,multi_behavior_sequence
941288,11279,2.659998,multi_behavior_sequence
941288,136524,2.43833,multi_behavior_sequence
941288,132683,2.405842,multi_behavior_sequence
941288,317068,2.375033,multi_behavior_sequence
941288,425726,2.369947,multi_behavior_sequence
941288,131080,2.255454,multi_behavior_sequence
941288,224178,2.248801,multi_behavior_sequence
941288,66737,2.21363,multi_behavior_sequence
941288,443344,2.190344,multi_behavior_sequence
941288,416357,2.18041,multi_behavior_sequence
943801,407661,4.422475,multi_behavior_sequence
943801,178451,4.117716,multi_behavior_sequence
943801,149505,4.103657,multi_behavior_sequence
943801,312929,4.081358,multi_behavior_sequence
943801,435481,4.0663,multi_behavior_sequence
943801,14230,3.808012,multi_behavior_sequence
943801,310816,3.64128,multi_behavior_sequence
943801,166941,3.591656,multi_behavior_sequence
943801,185577,3.586588,multi_behavior_sequence
943801,397606,3.579956,multi_behavior_sequence
947389,203850,3.75925,multi_behavior_sequence
947389,387330,3.665954,multi_behavior_sequence
947389,348245,3.66181,multi_behavior_sequence
947389,366282,3.588565,multi_behavior_sequence
947389,133603,3.436244,multi_behavior_sequence
947389,341329,3.277257,multi_behavior_sequence
947389,444993,3.208318,multi_behavior_sequence
947389,105114,3.188593,multi_behavior_sequence
947389,388097,3.181437,multi_behavior_sequence
947389,139918,3.171386,multi_behavior_sequence
947844,45137,4.582567,multi_behavior_sequence
947844,382499,4.552165,multi_behavior_sequence
947844,233861,4.508169,multi_behavior_sequence
947844,166693,4.310454,multi_behavior_sequence
947844,40870,4.213018,multi_behavior_sequence
947844,348245,4.104766,multi_behavior_sequence
947844,315176,4.084536,multi_behavior_sequence
947844,129972,4.062707,multi_behavior_sequence
947844,361499,4.047486,multi_behavior_sequence
947844,293363,3.954858,multi_behavior_sequence
95128,71825,5.90092,multi_behavior_sequence
95128,214189,5.627386,multi_behavior_sequence
95128,456792,5.246298,multi_behavior_sequence
95128,394882,5.234155,multi_behavior_sequence
95128,122219,5.230404,multi_behavior_sequence
95128,154533,5.14459,multi_behavior_sequence
95128,95749,5.011764,multi_behavior_sequence
95128,99936,4.963551,multi_behavior_sequence
95128,257735,4.921228,multi_behavior_sequence
95128,211033,4.841018,multi_behavior_sequence
952246,321905,5.781651,multi_behavior_sequence
952246,135446,5.673637,multi_behavior_sequence
952246,229382,5.510915,multi_behavior_sequence
952246,462188,5.255595,multi_behavior_sequence
952246,65021,5.196477,multi_behavior_sequence
952246,176484,5.190999,multi_behavior_sequence
952246,359803,5.15244,multi_behavior_sequence
952246,76848,5.046879,multi_behavior_sequence
952246,1891,4.923158,multi_behavior_sequence
952246,24734,4.808724,multi_behavior_sequence
952974,3914,2.891063,multi_behavior_sequence
952974,96904,2.709821,multi_behavior_sequence
952974,357949,2.619656,multi_behavior_sequence
952974,413901,2.562516,multi_behavior_sequence
952974,90219,2.502903,multi_behavior_sequence
952974,177106,2.484741,multi_behavior_sequence
952974,417594,2.477571,multi_behavior_sequence
952974,386899,2.463985,multi_behavior_sequence
952974,416017,2.451765,multi_behavior_sequence
952974,79823,2.449481,multi_behavior_sequence
953371,363044,3.874801,multi_behavior_sequence
953371,328696,3.540627,multi_behavior_sequence
953371,77769,3.488066,multi_behavior_sequence
953371,139918,3.31902,multi_behavior_sequence
953371,398489,3.297599,multi_behavior_sequence
953371,382885,3.295454,multi_behavior_sequence
953371,453290,3.250435,multi_behavior_sequence
953371,424421,3.235087,multi_behavior_sequence
953371,236302,3.229351,multi_behavior_sequence
953371,4442,3.218039,multi_behavior_sequence
9535,444931,3.999016,multi_behavior_sequence
9535,269177,3.940453,multi_behavior_sequence
9535,324621,3.935263,multi_behavior_sequence
9535,376974,3.843391,multi_behavior_sequence
9535,35359,3.712657,multi_behavior_sequence
9535,4442,3.706115,multi_behavior_sequence
9535,179807,3.558334,multi_behavior_sequence
9535,26646,3.552236,multi_behavior_sequence
9535,178498,3.530252,multi_behavior_sequence
9535,204494,3.517895,multi_behavior_sequence
953771,134776,3.203824,multi_behavior_sequence
953771,375169,3.175264,multi_behavior_sequence
953771,182278,3.093972,multi_behavior_sequence
953771,15505,3.093294,multi_behavior_sequence
953771,179749,2.890435,multi_behavior_sequence
953771,322973,2.877932,multi_behavior_sequence
953771,291285,2.814112,multi_behavior_sequence
953771,320974,2.77752,multi_behavior_sequence
953771,369522,2.76719,multi_behavior_sequence
953771,130599,2.767033,multi_behavior_sequence
95405,210325,5.907044,multi_behavior_sequence
95405,272770,5.63553,multi_behavior_sequence
95405,300670,5.420662,multi_behavior_sequence
95405,281145,5.358742,multi_behavior_sequence
95405,365320,4.775362,multi_behavior_sequence
95405,172081,4.665497,multi_behavior_sequence
95405,350140,4.642082,multi_behavior_sequence
95405,165445,4.578843,multi_behavior_sequence
95405,329595,4.534222,multi_behavior_sequence
95405,186391,4.506289,multi_behavior_sequence
955587,37009,4.462775,multi_behavior_sequence
955587,375058,4.20757,multi_behavior_sequence
955587,280354,4.144876,multi_behavior_sequence
955587,11711,3.897348,multi_behavior_sequence
955587,64084,3.881783,multi_behavior_sequence
955587,143885,3.873062,multi_behavior_sequence
955587,158514,3.861341,multi_behavior_sequence
955587,57329,3.822679,multi_behavior_sequence
955587,400946,3.822325,multi_behavior_sequence
955587,322973,3.820968,multi_behavior_sequence
956716,401896,4.572495,multi_behavior_sequence
956716,445351,3.878422,multi_behavior_sequence
956716,371155,3.770796,multi_behavior_sequence
956716,184199,3.611782,multi_behavior_sequence
956716,421227,3.470574,multi_behavior_sequence
956716,179455,3.42914,multi_behavior_sequence
956716,290999,3.288076,multi_behavior_sequence
956716,397747,3.271931,multi_behavior_sequence
956716,300075,3.179568,multi_behavior_sequence
956716,339822,3.15428,multi_behavior_sequence
957260,98178,4.306297,multi_behavior_sequence
957260,446820,4.005317,multi_behavior_sequence
957260,456056,3.787458,multi_behavior_sequence
957260,388536,3.743377,multi_behavior_sequence
957260,122219,3.630888,multi_behavior_sequence
957260,345382,3.530667,multi_behavior_sequence
957260,14932,3.467597,multi_behavior_sequence
957260,341211,3.445711,multi_behavior_sequence
957260,369158,3.350499,multi_behavior_sequence
957260,49601,3.32808,multi_behavior_sequence
960004,190000,4.838813,multi_behavior_sequence
960004,338395,4.498789,multi_behavior_sequence
960004,350384,4.469719,multi_behavior_sequence
960004,46232,4.46852,multi_behavior_sequence
960004,150882,4.454341,multi_behavior_sequence
960004,438484,4.273204,multi_behavior_sequence
960004,286731,4.243736,multi_behavior_sequence
960004,229382,4.229795,multi_behavior_sequence
960004,355994,4.227879,multi_behavior_sequence
960004,213834,4.181281,multi_behavior_sequence
960773,396732,3.928692,multi_behavior_sequence
960773,7943,3.096381,multi_behavior_sequence
960773,61664,3.087639,multi_behavior_sequence
960773,436694,3.058251,multi_behavior_sequence
960773,317226,3.051962,multi_behavior_sequence
960773,358565,3.014464,multi_behavior_sequence
960773,139918,2.984416,multi_behavior_sequence
960773,181202,2.973482,multi_behavior_sequence
960773,363109,2.926443,multi_behavior_sequence
960773,302478,2.884093,multi_behavior_sequence
962057,160272,4.585331,multi_behavior_sequence
962057,210408,4.508069,multi_behavior_sequence
962057,256329,4.283223,multi_behavior_sequence
962057,363459,4.23935,multi_behavior_sequence
962057,153280,4.202774,multi_behavior_sequence
962057,194900,4.024608,multi_behavior_sequence
962057,394678,3.887435,multi_behavior_sequence
962057,327083,3.864543,multi_behavior_sequence
962057,452727,3.767967,multi_behavior_sequence
962057,443098,3.764826,multi_behavior_sequence
962131,234255,5.289442,multi_behavior_sequence
962131,48030,4.947604,multi_behavior_sequence
962131,116624,4.732725,multi_behavior_sequence
962131,301324,4.519116,multi_behavior_sequence
962131,439371,4.444036,multi_behavior_sequence
962131,359306,4.03899,multi_behavior_sequence
962131,463118,4.015913,multi_behavior_sequence
962131,295537,3.971507,multi_behavior_sequence
962131,78704,3.962845,multi_behavior_sequence
962131,428891,3.905979,multi_behavior_sequence
962631,244027,4.964503,multi_behavior_sequence
962631,207907,4.849777,multi_behavior_sequence
962631,236302,4.723287,multi_behavior_sequence
962631,275339,4.599176,multi_behavior_sequence
962631,205553,4.584169,multi_behavior_sequence
962631,240170,4.479027,multi_behavior_sequence
962631,55251,4.368394,multi_behavior_sequence
962631,197723,4.354126,multi_behavior_sequence
962631,368702,4.350445,multi_behavior_sequence
962631,417299,4.25974,multi_behavior_sequence
962770,416017,3.401727,multi_behavior_sequence
962770,312728,3.281815,multi_behavior_sequence
962770,409804,2.75403,multi_behavior_sequence
962770,445351,2.685384,multi_behavior_sequence
962770,248455,2.595569,multi_behavior_sequence
962770,461686,2.53695,multi_behavior_sequence
962770,208939,2.411353,multi_behavior_sequence
962770,9877,2.341886,multi_behavior_sequence
962770,48030,2.311203,multi_behavior_sequence
962770,427777,2.292539,multi_behavior_sequence
963348,25495,5.349552,multi_behavior_sequence
963348,293557,5.312586,multi_behavior_sequence
963348,277974,5.16326,multi_behavior_sequence
963348,424912,5.021256,multi_behavior_sequence
963348,272864,5.018201,multi_behavior_sequence
963348,25277,4.93151,multi_behavior_sequence
963348,45137,4.791795,multi_behavior_sequence
963348,69265,4.775453,multi_behavior_sequence
963348,181384,4.740607,multi_behavior_sequence
963348,434416,4.686845,multi_behavior_sequence
963352,184199,3.89995,multi_behavior_sequence
963352,266843,3.784207,multi_behavior_sequence
963352,445351,3.551595,multi_behavior_sequence
963352,340118,3.430186,multi_behavior_sequence
963352,326590,3.414959,multi_behavior_sequence
963352,29196,3.136839,multi_behavior_sequence
963352,322190,3.128111,multi_behavior_sequence
963352,313745,3.100064,multi_behavior_sequence
963352,456056,3.093436,multi_behavior_sequence
963352,238865,3.050463,multi_behavior_sequence
964794,248455,5.780149,multi_behavior_sequence
964794,63543,5.72425,multi_behavior_sequence
964794,119736,5.358739,multi_behavior_sequence
964794,416017,5.334482,multi_behavior_sequence
964794,37029,5.210197,multi_behavior_sequence
964794,190000,5.084508,multi_behavior_sequence
964794,312728,5.071694,multi_behavior_sequence
964794,7943,5.046155,multi_behavior_sequence
964794,456056,4.774307,multi_behavior_sequence
964794,12217,4.773537,multi_behavior_sequence
966491,372188,5.240463,multi_behavior_sequence
966491,449489,4.603694,multi_behavior_sequence
966491,461686,4.520621,multi_behavior_sequence
966491,369158,4.286293,multi_behavior_sequence
966491,396732,4.235042,multi_behavior_sequence
966491,180959,4.102846,multi_behavior_sequence
966491,370395,4.070529,multi_behavior_sequence
966491,358594,4.061815,multi_behavior_sequence
966491,288525,4.039114,multi_behavior_sequence
966491,1684,4.019766,multi_behavior_sequence
968683,109474,2.767619,multi_behavior_sequence
968683,167039,2.64831,multi_behavior_sequence
968683,150103,2.533039,multi_behavior_sequence
968683,192138,2.477314,multi_behavior_sequence
968683,393809,2.247611,multi_behavior_sequence
968683,79956,2.245854,multi_behavior_sequence
968683,192653,2.17986,multi_behavior_sequence
968683,450414,2.165273,multi_behavior_sequence
968683,199874,2.160368,multi_behavior_sequence
968683,284045,2.129596,multi_behavior_sequence
968892,136524,4.392451,multi_behavior_sequence
968892,299665,4.26954,multi_behavior_sequence
968892,20542,4.159992,multi_behavior_sequence
968892,308967,4.037849,multi_behavior_sequence
968892,128909,3.874971,multi_behavior_sequence
968892,85058,3.846793,multi_behavior_sequence
968892,186391,3.829005,multi_behavior_sequence
968892,83825,3.783855,multi_behavior_sequence
968892,150882,3.761146,multi_behavior_sequence
968892,164342,3.664939,multi_behavior_sequence
969827,393809,4.237409,multi_behavior_sequence
969827,40635,3.981474,multi_behavior_sequence
969827,238247,3.90578,multi_behavior_sequence
969827,103236,3.896592,multi_behavior_sequence
969827,458450,3.513953,multi_behavior_sequence
969827,395952,3.450661,multi_behavior_sequence
969827,171878,3.383706,multi_behavior_sequence
969827,383212,3.381624,multi_behavior_sequence
969827,418208,3.346136,multi_behavior_sequence
969827,53151,3.322328,multi_behavior_sequence
97112,203850,2.444829,multi_behavior_sequence
97112,156993,2.242411,multi_behavior_sequence
97112,436691,2.220351,multi_behavior_sequence
97112,119433,2.219934,multi_behavior_sequence
97112,211134,2.191108,multi_behavior_sequence
97112,171878,2.166324,multi_behavior_sequence
97112,393809,2.165933,multi_behavior_sequence
97112,42523,2.16449,multi_behavior_sequence
97112,386899,2.157165,multi_behavior_sequence
97112,150103,2.153425,multi_behavior_sequence
971454,445351,6.121815,multi_behavior_sequence
971454,366734,6.054425,multi_behavior_sequence
971454,2463,5.942018,multi_behavior_sequence
971454,339703,5.855061,multi_behavior_sequence
971454,240558,5.704532,multi_behavior_sequence
971454,9877,5.674876,multi_behavior_sequence
971454,215363,5.493766,multi_behavior_sequence
971454,83280,5.355342,multi_behavior_sequence
971454,409804,5.328248,multi_behavior_sequence
971454,63543,5.301679,multi_behavior_sequence
972071,119736,5.762624,multi_behavior_sequence
972071,461686,5.054968,multi_behavior_sequence
972071,338395,4.944406,multi_behavior_sequence
972071,213834,4.867564,multi_behavior_sequence
972071,546,4.861589,multi_behavior_sequence
972071,439963,4.757484,multi_behavior_sequence
972071,372188,4.721912,multi_behavior_sequence
972071,391226,4.717499,multi_behavior_sequence
972071,438484,4.631876,multi_behavior_sequence
972071,78729,4.58148,multi_behavior_sequence
974226,286731,5.935403,multi_behavior_sequence
974226,16789,5.586082,multi_behavior_sequence
974226,546,5.496707,multi_behavior_sequence
974226,248601,5.455279,multi_behavior_sequence
974226,277247,5.382349,multi_behavior_sequence
974226,350140,5.350066,multi_behavior_sequence
974226,123176,5.346342,multi_behavior_sequence
974226,272324,5.333334,multi_behavior_sequence
974226,368689,5.193177,multi_behavior_sequence
974226,147005,5.108644,multi_behavior_sequence
975710,369158,3.240531,multi_behavior_sequence
975710,122604,3.199266,multi_behavior_sequence
975710,378517,3.05727,multi_behavior_sequence
975710,241555,3.030224,multi_behavior_sequence
975710,119736,3.00738,multi_behavior_sequence
975710,414654,2.985146,multi_behavior_sequence
975710,439963,2.960948,multi_behavior_sequence
975710,204209,2.844345,multi_behavior_sequence
975710,389135,2.842214,multi_behavior_sequence
975710,428648,2.811138,multi_behavior_sequence
976328,234390,3.554049,multi_behavior_sequence
976328,3914,3.302852,multi_behavior_sequence
976328,208939,3.279719,multi_behavior_sequence
976328,357949,3.252935,multi_behavior_sequence
976328,271685,3.160315,multi_behavior_sequence
976328,223644,3.147523,multi_behavior_sequence
976328,416017,3.116264,multi_behavior_sequence
976328,312728,3.096199,multi_behavior_sequence
976328,266553,3.092891,multi_behavior_sequence
976328,413901,3.080884,multi_behavior_sequence
977753,275575,5.792843,multi_behavior_sequence
977753,137697,5.61953,multi_behavior_sequence
977753,407952,5.292006,multi_behavior_sequence
977753,375693,5.249274,multi_behavior_sequence
977753,465751,5.22758,multi_behavior_sequence
977753,63543,5.185306,multi_behavior_sequence
977753,147955,5.156589,multi_behavior_sequence
977753,407133,5.072043,multi_behavior_sequence
977753,310464,5.071404,multi_behavior_sequence
977753,46232,4.968985,multi_behavior_sequence
97958,77769,2.312417,multi_behavior_sequence
97958,449489,2.08496,multi_behavior_sequence
97958,318761,2.073968,multi_behavior_sequence
97958,144635,2.073424,multi_behavior_sequence
97958,234255,2.048404,multi_behavior_sequence
97958,275339,2.017963,multi_behavior_sequence
97958,51969,1.908394,multi_behavior_sequence
97958,168927,1.887078,multi_behavior_sequence
97958,207907,1.885038,multi_behavior_sequence
97958,439371,1.882547,multi_behavior_sequence
98071,413990,4.115523,multi_behavior_sequence
98071,13112,4.078515,multi_behavior_sequence
98071,336562,3.873138,multi_behavior_sequence
98071,209050,3.801432,multi_behavior_sequence
98071,280328,3.626348,multi_behavior_sequence
98071,33899,3.600482,multi_behavior_sequence
98071,181202,3.5516,multi_behavior_sequence
98071,412905,3.336152,multi_behavior_sequence
98071,131080,3.331882,multi_behavior_sequence
98071,379520,3.307229,multi_behavior_sequence
981298,332203,3.809464,multi_behavior_sequence
981298,457835,3.776218,multi_behavior_sequence
981298,396118,3.761446,multi_behavior_sequence
981298,122534,3.747952,multi_behavior_sequence
981298,322973,3.733672,multi_behavior_sequence
981298,149505,3.725847,multi_behavior_sequence
981298,441974,3.565375,multi_behavior_sequence
981298,325540,3.556799,multi_behavior_sequence
981298,445430,3.531915,multi_behavior_sequence
981298,124382,3.50924,multi_behavior_sequence
982670,218746,4.64664,multi_behavior_sequence
982670,335975,4.32443,multi_behavior_sequence
982670,247785,3.878489,multi_behavior_sequence
982670,150857,3.866191,multi_behavior_sequence
982670,382291,3.85702,multi_behavior_sequence
982670,332721,3.779594,multi_behavior_sequence
982670,257040,3.753418,multi_behavior_sequence
982670,459835,3.735004,multi_behavior_sequence
982670,309778,3.731871,multi_behavior_sequence
982670,242456,3.72383,multi_behavior_sequence
983013,238645,4.213707,multi_behavior_sequence
983013,358697,4.183337,multi_behavior_sequence
983013,415553,4.016699,multi_behavior_sequence
983013,56373,3.962149,multi_behavior_sequence
983013,90240,3.751151,multi_behavior_sequence
983013,396064,3.703631,multi_behavior_sequence
983013,162181,3.669171,multi_behavior_sequence
983013,309367,3.637084,multi_behavior_sequence
983013,62627,3.631253,multi_behavior_sequence
983013,458450,3.596262,multi_behavior_sequence
983143,257655,4.571963,multi_behavior_sequence
983143,456056,4.536077,multi_behavior_sequence
983143,313163,4.37205,multi_behavior_sequence
983143,204494,4.326478,multi_behavior_sequence
983143,241555,4.275887,multi_behavior_sequence
983143,228644,4.267764,multi_behavior_sequence
983143,190000,4.10417,multi_behavior_sequence
983143,328476,4.101428,multi_behavior_sequence
983143,213834,4.101336,multi_behavior_sequence
983143,248455,4.086566,multi_behavior_sequence
983395,262186,2.601108,multi_behavior_sequence
983395,389135,2.545301,multi_behavior_sequence
983395,78265,2.41717,multi_behavior_sequence
983395,454422,2.411234,multi_behavior_sequence
983395,216266,2.340443,multi_behavior_sequence
983395,262477,2.340352,multi_behavior_sequence
983395,280328,2.288727,multi_behavior_sequence
983395,120471,2.243362,multi_behavior_sequence
983395,62599,2.230365,multi_behavior_sequence
983395,456005,2.201414,multi_behavior_sequence
983447,213834,5.753326,multi_behavior_sequence
983447,190000,5.495785,multi_behavior_sequence
983447,119736,4.970177,multi_behavior_sequence
983447,456056,4.826436,multi_behavior_sequence
983447,303178,4.738733,multi_behavior_sequence
983447,219512,4.708177,multi_behavior_sequence
983447,46232,4.562514,multi_behavior_sequence
983447,204494,4.462745,multi_behavior_sequence
983447,208939,4.403132,multi_behavior_sequence
983447,63543,4.392144,multi_behavior_sequence
98499,234255,3.652169,multi_behavior_sequence
98499,37029,3.427811,multi_behavior_sequence
98499,382885,3.413425,multi_behavior_sequence
98499,449489,3.285115,multi_behavior_sequence
98499,334401,3.068418,multi_behavior_sequence
98499,381941,3.042635,multi_behavior_sequence
98499,51969,3.039202,multi_behavior_sequence
98499,417927,2.953429,multi_behavior_sequence
98499,332721,2.951258,multi_behavior_sequence
98499,193544,2.930946,multi_behavior_sequence
985837,268243,4.145835,multi_behavior_sequence
985837,167978,3.629712,multi_behavior_sequence
985837,228644,3.559675,multi_behavior_sequence
985837,143866,3.42758,multi_behavior_sequence
985837,275625,3.403779,multi_behavior_sequence
985837,315543,3.395565,multi_behavior_sequence
985837,277380,3.34111,multi_behavior_sequence
985837,146325,3.194499,multi_behavior_sequence
985837,168963,3.179148,multi_behavior_sequence
985837,133907,3.165635,multi_behavior_sequence
986364,68237,2.751311,multi_behavior_sequence
986364,446420,2.583835,multi_behavior_sequence
986364,208922,2.338025,multi_behavior_sequence
986364,142624,2.207337,multi_behavior_sequence
986364,352799,2.204222,multi_behavior_sequence
986364,125092,2.182896,multi_behavior_sequence
986364,253676,2.170151,multi_behavior_sequence
986364,346982,2.143919,multi_behavior_sequence
986364,112566,2.142118,multi_behavior_sequence
986364,161478,2.118868,multi_behavior_sequence
989515,179807,2.509246,multi_behavior_sequence
989515,287811,2.366552,multi_behavior_sequence
989515,115764,2.318483,multi_behavior_sequence
989515,316135,2.2759,multi_behavior_sequence
989515,249460,2.268198,multi_behavior_sequence
989515,268491,2.221202,multi_behavior_sequence
989515,375169,2.190456,multi_behavior_sequence
989515,284312,2.142295,multi_behavior_sequence
989515,108083,2.139348,multi_behavior_sequence
989515,59873,2.123467,multi_behavior_sequence
990582,337101,3.051801,multi_behavior_sequence
990582,144635,2.806619,multi_behavior_sequence
990582,20773,2.741343,multi_behavior_sequence
990582,272770,2.680318,multi_behavior_sequence
990582,179856,2.603034,multi_behavior_sequence
990582,37554,2.517825,multi_behavior_sequence
990582,12765,2.43522,multi_behavior_sequence
990582,372188,2.422736,multi_behavior_sequence
990582,273332,2.418729,multi_behavior_sequence
990582,82088,2.383839,multi_behavior_sequence
992749,459936,3.67712,multi_behavior_sequence
992749,260621,3.541948,multi_behavior_sequence
992749,272259,3.464858,multi_behavior_sequence
992749,141908,3.352896,multi_behavior_sequence
992749,162139,3.320568,multi_behavior_sequence
992749,313736,3.251573,multi_behavior_sequence
992749,208939,3.174803,multi_behavior_sequence
992749,312728,3.16917,multi_behavior_sequence
992749,288078,3.163941,multi_behavior_sequence
992749,330506,3.149215,multi_behavior_sequence
994820,363125,7.324507,multi_behavior_sequence
994820,85650,7.148882,multi_behavior_sequence
994820,50648,6.851502,multi_behavior_sequence
994820,445780,6.742208,multi_behavior_sequence
994820,66752,6.693501,multi_behavior_sequence
994820,446861,6.556422,multi_behavior_sequence
994820,320130,6.478502,multi_behavior_sequence
994820,38965,6.163116,multi_behavior_sequence
994820,457711,6.147276,multi_behavior_sequence
994820,248455,6.113075,multi_behavior_sequence
996879,37115,5.941652,multi_behavior_sequence
996879,422992,5.670784,multi_behavior_sequence
996879,51969,5.637775,multi_behavior_sequence
996879,378517,5.576757,multi_behavior_sequence
996879,130628,5.399117,multi_behavior_sequence
996879,77769,5.102651,multi_behavior_sequence
996879,2463,4.964972,multi_behavior_sequence
996879,272969,4.752439,multi_behavior_sequence
996879,275339,4.685092,multi_behavior_sequence
996879,163780,4.682796,multi_behavior_sequence
