customer_id,product_id,score,reason
1000294,119736,93.341381,popular_item
1000294,461686,42.501946,popular_item
1000294,356339,41.992234,popular_item
1000294,413901,38.242194,popular_item
1000294,248455,37.870508,popular_item
1000294,190000,33.530561,popular_item
1000294,409804,32.528157,popular_item
1000294,320130,31.803457,popular_item
1000294,312728,31.603345,popular_item
1000294,325310,30.400945,popular_item
1000306,119736,93.341381,popular_item
1000306,461686,42.501946,popular_item
1000306,356339,41.992234,popular_item
1000306,413901,38.242194,popular_item
1000306,190000,33.530561,popular_item
1000306,409804,32.528157,popular_item
1000306,320130,31.803457,popular_item
1000306,312728,31.603345,popular_item
1000306,325310,30.400945,popular_item
1000306,405380,30.34115,popular_item
1001230,119736,93.341381,popular_item
1001230,461686,42.501946,popular_item
1001230,356339,41.992234,popular_item
1001230,413901,38.242194,popular_item
1001230,248455,37.870508,popular_item
1001230,190000,33.530561,popular_item
1001230,409804,32.528157,popular_item
1001230,320130,31.803457,popular_item
1001230,312728,31.603345,popular_item
1001230,325310,30.400945,popular_item
1003939,119736,93.341381,popular_item
1003939,461686,42.501946,popular_item
1003939,356339,41.992234,popular_item
1003939,413901,38.242194,popular_item
1003939,248455,37.870508,popular_item
1003939,190000,33.530561,popular_item
1003939,409804,32.528157,popular_item
1003939,320130,31.803457,popular_item
1003939,312728,31.603345,popular_item
1003939,325310,30.400945,popular_item
100439,119736,93.341381,popular_item
100439,461686,42.501946,popular_item
100439,356339,41.992234,popular_item
100439,413901,38.242194,popular_item
100439,248455,37.870508,popular_item
100439,190000,33.530561,popular_item
100439,409804,32.528157,popular_item
100439,320130,31.803457,popular_item
100439,312728,31.603345,popular_item
100439,325310,30.400945,popular_item
1005247,119736,93.341381,popular_item
1005247,461686,42.501946,popular_item
1005247,356339,41.992234,popular_item
1005247,413901,38.242194,popular_item
1005247,248455,37.870508,popular_item
1005247,190000,33.530561,popular_item
1005247,409804,32.528157,popular_item
1005247,320130,31.803457,popular_item
1005247,312728,31.603345,popular_item
1005247,325310,30.400945,popular_item
1005558,119736,93.341381,popular_item
1005558,461686,42.501946,popular_item
1005558,356339,41.992234,popular_item
1005558,413901,38.242194,popular_item
1005558,248455,37.870508,popular_item
1005558,190000,33.530561,popular_item
1005558,409804,32.528157,popular_item
1005558,320130,31.803457,popular_item
1005558,312728,31.603345,popular_item
1005558,325310,30.400945,popular_item
1008739,119736,93.341381,popular_item
1008739,461686,42.501946,popular_item
1008739,356339,41.992234,popular_item
1008739,413901,38.242194,popular_item
1008739,248455,37.870508,popular_item
1008739,190000,33.530561,popular_item
1008739,409804,32.528157,popular_item
1008739,320130,31.803457,popular_item
1008739,312728,31.603345,popular_item
1008739,325310,30.400945,popular_item
1009311,119736,93.341381,popular_item
1009311,461686,42.501946,popular_item
1009311,356339,41.992234,popular_item
1009311,413901,38.242194,popular_item
1009311,248455,37.870508,popular_item
1009311,190000,33.530561,popular_item
1009311,409804,32.528157,popular_item
1009311,320130,31.803457,popular_item
1009311,312728,31.603345,popular_item
1009311,325310,30.400945,popular_item
1009676,119736,93.341381,popular_item
1009676,461686,42.501946,popular_item
1009676,356339,41.992234,popular_item
1009676,413901,38.242194,popular_item
1009676,248455,37.870508,popular_item
1009676,190000,33.530561,popular_item
1009676,409804,32.528157,popular_item
1009676,320130,31.803457,popular_item
1009676,312728,31.603345,popular_item
1009676,325310,30.400945,popular_item
1010711,119736,93.341381,popular_item
1010711,461686,42.501946,popular_item
1010711,356339,41.992234,popular_item
1010711,413901,38.242194,popular_item
1010711,248455,37.870508,popular_item
1010711,190000,33.530561,popular_item
1010711,409804,32.528157,popular_item
1010711,320130,31.803457,popular_item
1010711,312728,31.603345,popular_item
1010711,325310,30.400945,popular_item
101175,119736,93.341381,popular_item
101175,461686,42.501946,popular_item
101175,356339,41.992234,popular_item
101175,413901,38.242194,popular_item
101175,248455,37.870508,popular_item
101175,190000,33.530561,popular_item
101175,409804,32.528157,popular_item
101175,320130,31.803457,popular_item
101175,312728,31.603345,popular_item
101175,325310,30.400945,popular_item
1012043,119736,93.341381,popular_item
1012043,461686,42.501946,popular_item
1012043,356339,41.992234,popular_item
1012043,413901,38.242194,popular_item
1012043,248455,37.870508,popular_item
1012043,190000,33.530561,popular_item
1012043,409804,32.528157,popular_item
1012043,320130,31.803457,popular_item
1012043,312728,31.603345,popular_item
1012043,325310,30.400945,popular_item
1014730,119736,93.341381,popular_item
1014730,461686,42.501946,popular_item
1014730,356339,41.992234,popular_item
1014730,413901,38.242194,popular_item
1014730,248455,37.870508,popular_item
1014730,190000,33.530561,popular_item
1014730,409804,32.528157,popular_item
1014730,320130,31.803457,popular_item
1014730,312728,31.603345,popular_item
1014730,325310,30.400945,popular_item
1015139,119736,93.341381,popular_item
1015139,461686,42.501946,popular_item
1015139,356339,41.992234,popular_item
1015139,413901,38.242194,popular_item
1015139,248455,37.870508,popular_item
1015139,190000,33.530561,popular_item
1015139,409804,32.528157,popular_item
1015139,320130,31.803457,popular_item
1015139,312728,31.603345,popular_item
1015139,325310,30.400945,popular_item
1015599,119736,93.341381,popular_item
1015599,461686,42.501946,popular_item
1015599,356339,41.992234,popular_item
1015599,413901,38.242194,popular_item
1015599,248455,37.870508,popular_item
1015599,190000,33.530561,popular_item
1015599,409804,32.528157,popular_item
1015599,320130,31.803457,popular_item
1015599,325310,30.400945,popular_item
1015599,405380,30.34115,popular_item
1015928,119736,93.341381,popular_item
1015928,461686,42.501946,popular_item
1015928,356339,41.992234,popular_item
1015928,413901,38.242194,popular_item
1015928,248455,37.870508,popular_item
1015928,190000,33.530561,popular_item
1015928,409804,32.528157,popular_item
1015928,320130,31.803457,popular_item
1015928,312728,31.603345,popular_item
1015928,405380,30.34115,popular_item
1018140,119736,93.341381,popular_item
1018140,461686,42.501946,popular_item
1018140,356339,41.992234,popular_item
1018140,413901,38.242194,popular_item
1018140,248455,37.870508,popular_item
1018140,190000,33.530561,popular_item
1018140,409804,32.528157,popular_item
1018140,320130,31.803457,popular_item
1018140,312728,31.603345,popular_item
1018140,325310,30.400945,popular_item
1018974,119736,93.341381,popular_item
1018974,461686,42.501946,popular_item
1018974,356339,41.992234,popular_item
1018974,413901,38.242194,popular_item
1018974,248455,37.870508,popular_item
1018974,190000,33.530561,popular_item
1018974,409804,32.528157,popular_item
1018974,320130,31.803457,popular_item
1018974,312728,31.603345,popular_item
1018974,325310,30.400945,popular_item
1020169,119736,93.341381,popular_item
1020169,461686,42.501946,popular_item
1020169,356339,41.992234,popular_item
1020169,413901,38.242194,popular_item
1020169,248455,37.870508,popular_item
1020169,190000,33.530561,popular_item
1020169,409804,32.528157,popular_item
1020169,320130,31.803457,popular_item
1020169,312728,31.603345,popular_item
1020169,325310,30.400945,popular_item
1020286,119736,93.341381,popular_item
1020286,461686,42.501946,popular_item
1020286,356339,41.992234,popular_item
1020286,413901,38.242194,popular_item
1020286,248455,37.870508,popular_item
1020286,190000,33.530561,popular_item
1020286,409804,32.528157,popular_item
1020286,320130,31.803457,popular_item
1020286,312728,31.603345,popular_item
1020286,325310,30.400945,popular_item
1020655,119736,93.341381,popular_item
1020655,461686,42.501946,popular_item
1020655,356339,41.992234,popular_item
1020655,413901,38.242194,popular_item
1020655,248455,37.870508,popular_item
1020655,190000,33.530561,popular_item
1020655,409804,32.528157,popular_item
1020655,320130,31.803457,popular_item
1020655,312728,31.603345,popular_item
1020655,325310,30.400945,popular_item
1021922,119736,93.341381,popular_item
1021922,461686,42.501946,popular_item
1021922,356339,41.992234,popular_item
1021922,413901,38.242194,popular_item
1021922,248455,37.870508,popular_item
1021922,190000,33.530561,popular_item
1021922,409804,32.528157,popular_item
1021922,320130,31.803457,popular_item
1021922,312728,31.603345,popular_item
1021922,325310,30.400945,popular_item
1024334,119736,93.341381,popular_item
1024334,461686,42.501946,popular_item
1024334,356339,41.992234,popular_item
1024334,413901,38.242194,popular_item
1024334,248455,37.870508,popular_item
1024334,190000,33.530561,popular_item
1024334,409804,32.528157,popular_item
1024334,312728,31.603345,popular_item
1024334,325310,30.400945,popular_item
1024334,405380,30.34115,popular_item
1025500,119736,93.341381,popular_item
1025500,461686,42.501946,popular_item
1025500,356339,41.992234,popular_item
1025500,413901,38.242194,popular_item
1025500,248455,37.870508,popular_item
1025500,190000,33.530561,popular_item
1025500,409804,32.528157,popular_item
1025500,320130,31.803457,popular_item
1025500,312728,31.603345,popular_item
1025500,325310,30.400945,popular_item
1030890,119736,93.341381,popular_item
1030890,461686,42.501946,popular_item
1030890,356339,41.992234,popular_item
1030890,413901,38.242194,popular_item
1030890,248455,37.870508,popular_item
1030890,190000,33.530561,popular_item
1030890,409804,32.528157,popular_item
1030890,320130,31.803457,popular_item
1030890,312728,31.603345,popular_item
1030890,325310,30.400945,popular_item
1032049,119736,93.341381,popular_item
1032049,461686,42.501946,popular_item
1032049,356339,41.992234,popular_item
1032049,413901,38.242194,popular_item
1032049,248455,37.870508,popular_item
1032049,190000,33.530561,popular_item
1032049,409804,32.528157,popular_item
1032049,320130,31.803457,popular_item
1032049,312728,31.603345,popular_item
1032049,325310,30.400945,popular_item
1032159,119736,93.341381,popular_item
1032159,461686,42.501946,popular_item
1032159,356339,41.992234,popular_item
1032159,413901,38.242194,popular_item
1032159,248455,37.870508,popular_item
1032159,190000,33.530561,popular_item
1032159,409804,32.528157,popular_item
1032159,320130,31.803457,popular_item
1032159,312728,31.603345,popular_item
1032159,325310,30.400945,popular_item
1032742,119736,93.341381,popular_item
1032742,461686,42.501946,popular_item
1032742,356339,41.992234,popular_item
1032742,413901,38.242194,popular_item
1032742,248455,37.870508,popular_item
1032742,190000,33.530561,popular_item
1032742,409804,32.528157,popular_item
1032742,320130,31.803457,popular_item
1032742,312728,31.603345,popular_item
1032742,325310,30.400945,popular_item
103405,119736,93.341381,popular_item
103405,461686,42.501946,popular_item
103405,356339,41.992234,popular_item
103405,413901,38.242194,popular_item
103405,248455,37.870508,popular_item
103405,190000,33.530561,popular_item
103405,409804,32.528157,popular_item
103405,320130,31.803457,popular_item
103405,312728,31.603345,popular_item
103405,325310,30.400945,popular_item
1034672,119736,93.341381,popular_item
1034672,461686,42.501946,popular_item
1034672,356339,41.992234,popular_item
1034672,413901,38.242194,popular_item
1034672,248455,37.870508,popular_item
1034672,190000,33.530561,popular_item
1034672,409804,32.528157,popular_item
1034672,320130,31.803457,popular_item
1034672,312728,31.603345,popular_item
1034672,325310,30.400945,popular_item
1035814,119736,93.341381,popular_item
1035814,461686,42.501946,popular_item
1035814,356339,41.992234,popular_item
1035814,413901,38.242194,popular_item
1035814,248455,37.870508,popular_item
1035814,190000,33.530561,popular_item
1035814,409804,32.528157,popular_item
1035814,320130,31.803457,popular_item
1035814,312728,31.603345,popular_item
1035814,325310,30.400945,popular_item
103637,119736,93.341381,popular_item
103637,461686,42.501946,popular_item
103637,356339,41.992234,popular_item
103637,413901,38.242194,popular_item
103637,248455,37.870508,popular_item
103637,190000,33.530561,popular_item
103637,409804,32.528157,popular_item
103637,320130,31.803457,popular_item
103637,312728,31.603345,popular_item
103637,325310,30.400945,popular_item
1037173,119736,93.341381,popular_item
1037173,461686,42.501946,popular_item
1037173,356339,41.992234,popular_item
1037173,413901,38.242194,popular_item
1037173,248455,37.870508,popular_item
1037173,190000,33.530561,popular_item
1037173,409804,32.528157,popular_item
1037173,320130,31.803457,popular_item
1037173,312728,31.603345,popular_item
1037173,325310,30.400945,popular_item
1037724,119736,93.341381,popular_item
1037724,461686,42.501946,popular_item
1037724,356339,41.992234,popular_item
1037724,413901,38.242194,popular_item
1037724,248455,37.870508,popular_item
1037724,190000,33.530561,popular_item
1037724,409804,32.528157,popular_item
1037724,320130,31.803457,popular_item
1037724,312728,31.603345,popular_item
1037724,325310,30.400945,popular_item
1039026,119736,93.341381,popular_item
1039026,461686,42.501946,popular_item
1039026,356339,41.992234,popular_item
1039026,413901,38.242194,popular_item
1039026,248455,37.870508,popular_item
1039026,190000,33.530561,popular_item
1039026,409804,32.528157,popular_item
1039026,320130,31.803457,popular_item
1039026,312728,31.603345,popular_item
1039026,325310,30.400945,popular_item
1042112,119736,93.341381,popular_item
1042112,461686,42.501946,popular_item
1042112,356339,41.992234,popular_item
1042112,413901,38.242194,popular_item
1042112,248455,37.870508,popular_item
1042112,190000,33.530561,popular_item
1042112,409804,32.528157,popular_item
1042112,320130,31.803457,popular_item
1042112,312728,31.603345,popular_item
1042112,325310,30.400945,popular_item
1046904,119736,93.341381,popular_item
1046904,461686,42.501946,popular_item
1046904,356339,41.992234,popular_item
1046904,413901,38.242194,popular_item
1046904,248455,37.870508,popular_item
1046904,190000,33.530561,popular_item
1046904,409804,32.528157,popular_item
1046904,320130,31.803457,popular_item
1046904,312728,31.603345,popular_item
1046904,325310,30.400945,popular_item
104829,119736,93.341381,popular_item
104829,461686,42.501946,popular_item
104829,356339,41.992234,popular_item
104829,413901,38.242194,popular_item
104829,248455,37.870508,popular_item
104829,190000,33.530561,popular_item
104829,409804,32.528157,popular_item
104829,320130,31.803457,popular_item
104829,312728,31.603345,popular_item
104829,325310,30.400945,popular_item
1048300,119736,93.341381,popular_item
1048300,461686,42.501946,popular_item
1048300,356339,41.992234,popular_item
1048300,413901,38.242194,popular_item
1048300,248455,37.870508,popular_item
1048300,190000,33.530561,popular_item
1048300,409804,32.528157,popular_item
1048300,320130,31.803457,popular_item
1048300,312728,31.603345,popular_item
1048300,325310,30.400945,popular_item
1048533,119736,93.341381,popular_item
1048533,461686,42.501946,popular_item
1048533,356339,41.992234,popular_item
1048533,413901,38.242194,popular_item
1048533,248455,37.870508,popular_item
1048533,190000,33.530561,popular_item
1048533,409804,32.528157,popular_item
1048533,320130,31.803457,popular_item
1048533,312728,31.603345,popular_item
1048533,325310,30.400945,popular_item
1048816,119736,93.341381,popular_item
1048816,461686,42.501946,popular_item
1048816,356339,41.992234,popular_item
1048816,413901,38.242194,popular_item
1048816,248455,37.870508,popular_item
1048816,190000,33.530561,popular_item
1048816,409804,32.528157,popular_item
1048816,320130,31.803457,popular_item
1048816,312728,31.603345,popular_item
1048816,325310,30.400945,popular_item
104974,119736,93.341381,popular_item
104974,461686,42.501946,popular_item
104974,356339,41.992234,popular_item
104974,413901,38.242194,popular_item
104974,248455,37.870508,popular_item
104974,190000,33.530561,popular_item
104974,409804,32.528157,popular_item
104974,320130,31.803457,popular_item
104974,312728,31.603345,popular_item
104974,325310,30.400945,popular_item
1052034,119736,93.341381,popular_item
1052034,461686,42.501946,popular_item
1052034,356339,41.992234,popular_item
1052034,413901,38.242194,popular_item
1052034,248455,37.870508,popular_item
1052034,190000,33.530561,popular_item
1052034,409804,32.528157,popular_item
1052034,320130,31.803457,popular_item
1052034,312728,31.603345,popular_item
1052034,325310,30.400945,popular_item
1055121,119736,93.341381,popular_item
1055121,461686,42.501946,popular_item
1055121,356339,41.992234,popular_item
1055121,413901,38.242194,popular_item
1055121,248455,37.870508,popular_item
1055121,190000,33.530561,popular_item
1055121,409804,32.528157,popular_item
1055121,320130,31.803457,popular_item
1055121,312728,31.603345,popular_item
1055121,325310,30.400945,popular_item
1065157,119736,93.341381,popular_item
1065157,461686,42.501946,popular_item
1065157,356339,41.992234,popular_item
1065157,413901,38.242194,popular_item
1065157,248455,37.870508,popular_item
1065157,190000,33.530561,popular_item
1065157,409804,32.528157,popular_item
1065157,320130,31.803457,popular_item
1065157,312728,31.603345,popular_item
1065157,325310,30.400945,popular_item
1065255,461686,42.501946,popular_item
1065255,356339,41.992234,popular_item
1065255,413901,38.242194,popular_item
1065255,248455,37.870508,popular_item
1065255,190000,33.530561,popular_item
1065255,409804,32.528157,popular_item
1065255,320130,31.803457,popular_item
1065255,312728,31.603345,popular_item
1065255,325310,30.400945,popular_item
1065255,405380,30.34115,popular_item
106692,119736,93.341381,popular_item
106692,461686,42.501946,popular_item
106692,356339,41.992234,popular_item
106692,413901,38.242194,popular_item
106692,248455,37.870508,popular_item
106692,190000,33.530561,popular_item
106692,409804,32.528157,popular_item
106692,320130,31.803457,popular_item
106692,312728,31.603345,popular_item
106692,325310,30.400945,popular_item
1069054,119736,93.341381,popular_item
1069054,461686,42.501946,popular_item
1069054,356339,41.992234,popular_item
1069054,413901,38.242194,popular_item
1069054,248455,37.870508,popular_item
1069054,190000,33.530561,popular_item
1069054,409804,32.528157,popular_item
1069054,320130,31.803457,popular_item
1069054,312728,31.603345,popular_item
1069054,325310,30.400945,popular_item
1069856,119736,93.341381,popular_item
1069856,461686,42.501946,popular_item
1069856,356339,41.992234,popular_item
1069856,413901,38.242194,popular_item
1069856,248455,37.870508,popular_item
1069856,190000,33.530561,popular_item
1069856,409804,32.528157,popular_item
1069856,320130,31.803457,popular_item
1069856,312728,31.603345,popular_item
1069856,325310,30.400945,popular_item
1071308,119736,93.341381,popular_item
1071308,461686,42.501946,popular_item
1071308,356339,41.992234,popular_item
1071308,413901,38.242194,popular_item
1071308,248455,37.870508,popular_item
1071308,190000,33.530561,popular_item
1071308,409804,32.528157,popular_item
1071308,320130,31.803457,popular_item
1071308,312728,31.603345,popular_item
1071308,325310,30.400945,popular_item
1073958,119736,93.341381,popular_item
1073958,461686,42.501946,popular_item
1073958,356339,41.992234,popular_item
1073958,413901,38.242194,popular_item
1073958,248455,37.870508,popular_item
1073958,190000,33.530561,popular_item
1073958,320130,31.803457,popular_item
1073958,312728,31.603345,popular_item
1073958,325310,30.400945,popular_item
1073958,405380,30.34115,popular_item
1075423,461686,42.501946,popular_item
1075423,356339,41.992234,popular_item
1075423,413901,38.242194,popular_item
1075423,248455,37.870508,popular_item
1075423,190000,33.530561,popular_item
1075423,409804,32.528157,popular_item
1075423,320130,31.803457,popular_item
1075423,312728,31.603345,popular_item
1075423,325310,30.400945,popular_item
1075423,405380,30.34115,popular_item
1076366,119736,93.341381,popular_item
1076366,461686,42.501946,popular_item
1076366,356339,41.992234,popular_item
1076366,413901,38.242194,popular_item
1076366,248455,37.870508,popular_item
1076366,190000,33.530561,popular_item
1076366,409804,32.528157,popular_item
1076366,320130,31.803457,popular_item
1076366,312728,31.603345,popular_item
1076366,325310,30.400945,popular_item
1076479,119736,93.341381,popular_item
1076479,461686,42.501946,popular_item
1076479,356339,41.992234,popular_item
1076479,413901,38.242194,popular_item
1076479,248455,37.870508,popular_item
1076479,190000,33.530561,popular_item
1076479,409804,32.528157,popular_item
1076479,320130,31.803457,popular_item
1076479,312728,31.603345,popular_item
1076479,325310,30.400945,popular_item
1080047,119736,93.341381,popular_item
1080047,461686,42.501946,popular_item
1080047,356339,41.992234,popular_item
1080047,413901,38.242194,popular_item
1080047,248455,37.870508,popular_item
1080047,190000,33.530561,popular_item
1080047,409804,32.528157,popular_item
1080047,320130,31.803457,popular_item
1080047,312728,31.603345,popular_item
1080047,325310,30.400945,popular_item
1080566,119736,93.341381,popular_item
1080566,461686,42.501946,popular_item
1080566,356339,41.992234,popular_item
1080566,413901,38.242194,popular_item
1080566,248455,37.870508,popular_item
1080566,190000,33.530561,popular_item
1080566,409804,32.528157,popular_item
1080566,320130,31.803457,popular_item
1080566,312728,31.603345,popular_item
1080566,325310,30.400945,popular_item
1080579,119736,93.341381,popular_item
1080579,461686,42.501946,popular_item
1080579,356339,41.992234,popular_item
1080579,413901,38.242194,popular_item
1080579,248455,37.870508,popular_item
1080579,190000,33.530561,popular_item
1080579,409804,32.528157,popular_item
1080579,320130,31.803457,popular_item
1080579,312728,31.603345,popular_item
1080579,325310,30.400945,popular_item
1081664,119736,93.341381,popular_item
1081664,461686,42.501946,popular_item
1081664,356339,41.992234,popular_item
1081664,413901,38.242194,popular_item
1081664,248455,37.870508,popular_item
1081664,190000,33.530561,popular_item
1081664,409804,32.528157,popular_item
1081664,320130,31.803457,popular_item
1081664,312728,31.603345,popular_item
1081664,325310,30.400945,popular_item
1082044,119736,93.341381,popular_item
1082044,461686,42.501946,popular_item
1082044,356339,41.992234,popular_item
1082044,413901,38.242194,popular_item
1082044,248455,37.870508,popular_item
1082044,190000,33.530561,popular_item
1082044,409804,32.528157,popular_item
1082044,320130,31.803457,popular_item
1082044,312728,31.603345,popular_item
1082044,325310,30.400945,popular_item
1083118,119736,93.341381,popular_item
1083118,461686,42.501946,popular_item
1083118,356339,41.992234,popular_item
1083118,413901,38.242194,popular_item
1083118,248455,37.870508,popular_item
1083118,190000,33.530561,popular_item
1083118,409804,32.528157,popular_item
1083118,320130,31.803457,popular_item
1083118,312728,31.603345,popular_item
1083118,325310,30.400945,popular_item
108346,119736,93.341381,popular_item
108346,461686,42.501946,popular_item
108346,356339,41.992234,popular_item
108346,413901,38.242194,popular_item
108346,248455,37.870508,popular_item
108346,190000,33.530561,popular_item
108346,409804,32.528157,popular_item
108346,320130,31.803457,popular_item
108346,312728,31.603345,popular_item
108346,325310,30.400945,popular_item
1083704,119736,93.341381,popular_item
1083704,461686,42.501946,popular_item
1083704,356339,41.992234,popular_item
1083704,413901,38.242194,popular_item
1083704,248455,37.870508,popular_item
1083704,190000,33.530561,popular_item
1083704,409804,32.528157,popular_item
1083704,320130,31.803457,popular_item
1083704,312728,31.603345,popular_item
1083704,325310,30.400945,popular_item
1086719,119736,93.341381,popular_item
1086719,461686,42.501946,popular_item
1086719,356339,41.992234,popular_item
1086719,413901,38.242194,popular_item
1086719,248455,37.870508,popular_item
1086719,190000,33.530561,popular_item
1086719,409804,32.528157,popular_item
1086719,320130,31.803457,popular_item
1086719,312728,31.603345,popular_item
1086719,325310,30.400945,popular_item
1089235,119736,93.341381,popular_item
1089235,461686,42.501946,popular_item
1089235,356339,41.992234,popular_item
1089235,413901,38.242194,popular_item
1089235,248455,37.870508,popular_item
1089235,190000,33.530561,popular_item
1089235,409804,32.528157,popular_item
1089235,320130,31.803457,popular_item
1089235,312728,31.603345,popular_item
1089235,325310,30.400945,popular_item
1090460,119736,93.341381,popular_item
1090460,461686,42.501946,popular_item
1090460,356339,41.992234,popular_item
1090460,413901,38.242194,popular_item
1090460,248455,37.870508,popular_item
1090460,190000,33.530561,popular_item
1090460,409804,32.528157,popular_item
1090460,320130,31.803457,popular_item
1090460,312728,31.603345,popular_item
1090460,325310,30.400945,popular_item
1092248,119736,93.341381,popular_item
1092248,461686,42.501946,popular_item
1092248,356339,41.992234,popular_item
1092248,413901,38.242194,popular_item
1092248,248455,37.870508,popular_item
1092248,190000,33.530561,popular_item
1092248,409804,32.528157,popular_item
1092248,320130,31.803457,popular_item
1092248,312728,31.603345,popular_item
1092248,325310,30.400945,popular_item
1092949,119736,93.341381,popular_item
1092949,461686,42.501946,popular_item
1092949,356339,41.992234,popular_item
1092949,413901,38.242194,popular_item
1092949,248455,37.870508,popular_item
1092949,190000,33.530561,popular_item
1092949,409804,32.528157,popular_item
1092949,320130,31.803457,popular_item
1092949,312728,31.603345,popular_item
1092949,325310,30.400945,popular_item
1093035,119736,93.341381,popular_item
1093035,461686,42.501946,popular_item
1093035,356339,41.992234,popular_item
1093035,413901,38.242194,popular_item
1093035,248455,37.870508,popular_item
1093035,190000,33.530561,popular_item
1093035,409804,32.528157,popular_item
1093035,320130,31.803457,popular_item
1093035,312728,31.603345,popular_item
1093035,325310,30.400945,popular_item
109357,119736,93.341381,popular_item
109357,461686,42.501946,popular_item
109357,356339,41.992234,popular_item
109357,413901,38.242194,popular_item
109357,248455,37.870508,popular_item
109357,190000,33.530561,popular_item
109357,409804,32.528157,popular_item
109357,320130,31.803457,popular_item
109357,312728,31.603345,popular_item
109357,325310,30.400945,popular_item
1094964,119736,93.341381,popular_item
1094964,461686,42.501946,popular_item
1094964,356339,41.992234,popular_item
1094964,413901,38.242194,popular_item
1094964,248455,37.870508,popular_item
1094964,190000,33.530561,popular_item
1094964,409804,32.528157,popular_item
1094964,320130,31.803457,popular_item
1094964,312728,31.603345,popular_item
1094964,325310,30.400945,popular_item
1096666,119736,93.341381,popular_item
1096666,461686,42.501946,popular_item
1096666,356339,41.992234,popular_item
1096666,413901,38.242194,popular_item
1096666,248455,37.870508,popular_item
1096666,190000,33.530561,popular_item
1096666,409804,32.528157,popular_item
1096666,320130,31.803457,popular_item
1096666,312728,31.603345,popular_item
1096666,325310,30.400945,popular_item
1098410,119736,93.341381,popular_item
1098410,461686,42.501946,popular_item
1098410,356339,41.992234,popular_item
1098410,413901,38.242194,popular_item
1098410,248455,37.870508,popular_item
1098410,190000,33.530561,popular_item
1098410,409804,32.528157,popular_item
1098410,320130,31.803457,popular_item
1098410,312728,31.603345,popular_item
1098410,325310,30.400945,popular_item
1098890,119736,93.341381,popular_item
1098890,461686,42.501946,popular_item
1098890,356339,41.992234,popular_item
1098890,413901,38.242194,popular_item
1098890,248455,37.870508,popular_item
1098890,190000,33.530561,popular_item
1098890,409804,32.528157,popular_item
1098890,320130,31.803457,popular_item
1098890,312728,31.603345,popular_item
1098890,325310,30.400945,popular_item
1099927,119736,93.341381,popular_item
1099927,461686,42.501946,popular_item
1099927,356339,41.992234,popular_item
1099927,413901,38.242194,popular_item
1099927,248455,37.870508,popular_item
1099927,190000,33.530561,popular_item
1099927,409804,32.528157,popular_item
1099927,320130,31.803457,popular_item
1099927,312728,31.603345,popular_item
1099927,325310,30.400945,popular_item
1101747,119736,93.341381,popular_item
1101747,461686,42.501946,popular_item
1101747,356339,41.992234,popular_item
1101747,413901,38.242194,popular_item
1101747,248455,37.870508,popular_item
1101747,190000,33.530561,popular_item
1101747,409804,32.528157,popular_item
1101747,320130,31.803457,popular_item
1101747,312728,31.603345,popular_item
1101747,325310,30.400945,popular_item
1102098,119736,93.341381,popular_item
1102098,356339,41.992234,popular_item
1102098,413901,38.242194,popular_item
1102098,248455,37.870508,popular_item
1102098,190000,33.530561,popular_item
1102098,409804,32.528157,popular_item
1102098,320130,31.803457,popular_item
1102098,312728,31.603345,popular_item
1102098,325310,30.400945,popular_item
1102098,405380,30.34115,popular_item
1102205,119736,93.341381,popular_item
1102205,461686,42.501946,popular_item
1102205,356339,41.992234,popular_item
1102205,413901,38.242194,popular_item
1102205,248455,37.870508,popular_item
1102205,190000,33.530561,popular_item
1102205,409804,32.528157,popular_item
1102205,320130,31.803457,popular_item
1102205,312728,31.603345,popular_item
1102205,325310,30.400945,popular_item
1103454,119736,93.341381,popular_item
1103454,461686,42.501946,popular_item
1103454,356339,41.992234,popular_item
1103454,413901,38.242194,popular_item
1103454,248455,37.870508,popular_item
1103454,190000,33.530561,popular_item
1103454,409804,32.528157,popular_item
1103454,320130,31.803457,popular_item
1103454,312728,31.603345,popular_item
1103454,325310,30.400945,popular_item
1103914,119736,93.341381,popular_item
1103914,461686,42.501946,popular_item
1103914,356339,41.992234,popular_item
1103914,413901,38.242194,popular_item
1103914,248455,37.870508,popular_item
1103914,190000,33.530561,popular_item
1103914,409804,32.528157,popular_item
1103914,320130,31.803457,popular_item
1103914,312728,31.603345,popular_item
1103914,325310,30.400945,popular_item
1104027,119736,93.341381,popular_item
1104027,461686,42.501946,popular_item
1104027,356339,41.992234,popular_item
1104027,413901,38.242194,popular_item
1104027,248455,37.870508,popular_item
1104027,190000,33.530561,popular_item
1104027,409804,32.528157,popular_item
1104027,320130,31.803457,popular_item
1104027,312728,31.603345,popular_item
1104027,325310,30.400945,popular_item
1105004,119736,93.341381,popular_item
1105004,461686,42.501946,popular_item
1105004,356339,41.992234,popular_item
1105004,413901,38.242194,popular_item
1105004,248455,37.870508,popular_item
1105004,190000,33.530561,popular_item
1105004,409804,32.528157,popular_item
1105004,320130,31.803457,popular_item
1105004,312728,31.603345,popular_item
1105004,325310,30.400945,popular_item
1105097,119736,93.341381,popular_item
1105097,461686,42.501946,popular_item
1105097,356339,41.992234,popular_item
1105097,413901,38.242194,popular_item
1105097,248455,37.870508,popular_item
1105097,190000,33.530561,popular_item
1105097,409804,32.528157,popular_item
1105097,320130,31.803457,popular_item
1105097,312728,31.603345,popular_item
1105097,325310,30.400945,popular_item
110597,119736,93.341381,popular_item
110597,461686,42.501946,popular_item
110597,356339,41.992234,popular_item
110597,413901,38.242194,popular_item
110597,248455,37.870508,popular_item
110597,190000,33.530561,popular_item
110597,409804,32.528157,popular_item
110597,320130,31.803457,popular_item
110597,312728,31.603345,popular_item
110597,325310,30.400945,popular_item
1106810,119736,93.341381,popular_item
1106810,461686,42.501946,popular_item
1106810,356339,41.992234,popular_item
1106810,413901,38.242194,popular_item
1106810,248455,37.870508,popular_item
1106810,190000,33.530561,popular_item
1106810,409804,32.528157,popular_item
1106810,320130,31.803457,popular_item
1106810,312728,31.603345,popular_item
1106810,325310,30.400945,popular_item
1108251,119736,93.341381,popular_item
1108251,461686,42.501946,popular_item
1108251,356339,41.992234,popular_item
1108251,413901,38.242194,popular_item
1108251,248455,37.870508,popular_item
1108251,190000,33.530561,popular_item
1108251,409804,32.528157,popular_item
1108251,320130,31.803457,popular_item
1108251,312728,31.603345,popular_item
1108251,325310,30.400945,popular_item
1108396,119736,93.341381,popular_item
1108396,461686,42.501946,popular_item
1108396,356339,41.992234,popular_item
1108396,413901,38.242194,popular_item
1108396,248455,37.870508,popular_item
1108396,190000,33.530561,popular_item
1108396,409804,32.528157,popular_item
1108396,320130,31.803457,popular_item
1108396,312728,31.603345,popular_item
1108396,325310,30.400945,popular_item
1108631,356339,41.992234,popular_item
1108631,413901,38.242194,popular_item
1108631,248455,37.870508,popular_item
1108631,190000,33.530561,popular_item
1108631,409804,32.528157,popular_item
1108631,320130,31.803457,popular_item
1108631,312728,31.603345,popular_item
1108631,405380,30.34115,popular_item
1108631,63543,27.242467,popular_item
1108631,98071,24.960201,popular_item
1109373,119736,93.341381,popular_item
1109373,461686,42.501946,popular_item
1109373,356339,41.992234,popular_item
1109373,413901,38.242194,popular_item
1109373,248455,37.870508,popular_item
1109373,190000,33.530561,popular_item
1109373,409804,32.528157,popular_item
1109373,320130,31.803457,popular_item
1109373,312728,31.603345,popular_item
1109373,325310,30.400945,popular_item
1109474,119736,93.341381,popular_item
1109474,461686,42.501946,popular_item
1109474,356339,41.992234,popular_item
1109474,413901,38.242194,popular_item
1109474,248455,37.870508,popular_item
1109474,190000,33.530561,popular_item
1109474,409804,32.528157,popular_item
1109474,312728,31.603345,popular_item
1109474,325310,30.400945,popular_item
1109474,405380,30.34115,popular_item
1113427,119736,93.341381,popular_item
1113427,461686,42.501946,popular_item
1113427,356339,41.992234,popular_item
1113427,413901,38.242194,popular_item
1113427,248455,37.870508,popular_item
1113427,190000,33.530561,popular_item
1113427,409804,32.528157,popular_item
1113427,320130,31.803457,popular_item
1113427,312728,31.603345,popular_item
1113427,325310,30.400945,popular_item
1114419,119736,93.341381,popular_item
1114419,461686,42.501946,popular_item
1114419,356339,41.992234,popular_item
1114419,413901,38.242194,popular_item
1114419,248455,37.870508,popular_item
1114419,190000,33.530561,popular_item
1114419,409804,32.528157,popular_item
1114419,320130,31.803457,popular_item
1114419,312728,31.603345,popular_item
1114419,325310,30.400945,popular_item
1115208,119736,93.341381,popular_item
1115208,461686,42.501946,popular_item
1115208,356339,41.992234,popular_item
1115208,413901,38.242194,popular_item
1115208,248455,37.870508,popular_item
1115208,190000,33.530561,popular_item
1115208,409804,32.528157,popular_item
1115208,320130,31.803457,popular_item
1115208,312728,31.603345,popular_item
1115208,325310,30.400945,popular_item
1116948,461686,42.501946,popular_item
1116948,356339,41.992234,popular_item
1116948,413901,38.242194,popular_item
1116948,248455,37.870508,popular_item
1116948,190000,33.530561,popular_item
1116948,409804,32.528157,popular_item
1116948,320130,31.803457,popular_item
1116948,312728,31.603345,popular_item
1116948,325310,30.400945,popular_item
1116948,405380,30.34115,popular_item
1118731,119736,93.341381,popular_item
1118731,461686,42.501946,popular_item
1118731,356339,41.992234,popular_item
1118731,413901,38.242194,popular_item
1118731,248455,37.870508,popular_item
1118731,190000,33.530561,popular_item
1118731,409804,32.528157,popular_item
1118731,320130,31.803457,popular_item
1118731,312728,31.603345,popular_item
1118731,325310,30.400945,popular_item
1119357,119736,93.341381,popular_item
1119357,461686,42.501946,popular_item
1119357,356339,41.992234,popular_item
1119357,413901,38.242194,popular_item
1119357,248455,37.870508,popular_item
1119357,190000,33.530561,popular_item
1119357,409804,32.528157,popular_item
1119357,320130,31.803457,popular_item
1119357,312728,31.603345,popular_item
1119357,325310,30.400945,popular_item
1119917,119736,93.341381,popular_item
1119917,461686,42.501946,popular_item
1119917,356339,41.992234,popular_item
1119917,413901,38.242194,popular_item
1119917,248455,37.870508,popular_item
1119917,190000,33.530561,popular_item
1119917,409804,32.528157,popular_item
1119917,320130,31.803457,popular_item
1119917,312728,31.603345,popular_item
1119917,325310,30.400945,popular_item
1120970,119736,93.341381,popular_item
1120970,461686,42.501946,popular_item
1120970,356339,41.992234,popular_item
1120970,413901,38.242194,popular_item
1120970,248455,37.870508,popular_item
1120970,190000,33.530561,popular_item
1120970,409804,32.528157,popular_item
1120970,320130,31.803457,popular_item
1120970,312728,31.603345,popular_item
1120970,325310,30.400945,popular_item
1121108,119736,93.341381,popular_item
1121108,461686,42.501946,popular_item
1121108,356339,41.992234,popular_item
1121108,413901,38.242194,popular_item
1121108,248455,37.870508,popular_item
1121108,190000,33.530561,popular_item
1121108,409804,32.528157,popular_item
1121108,312728,31.603345,popular_item
1121108,325310,30.400945,popular_item
1121108,405380,30.34115,popular_item
1122038,119736,93.341381,popular_item
1122038,461686,42.501946,popular_item
1122038,356339,41.992234,popular_item
1122038,413901,38.242194,popular_item
1122038,248455,37.870508,popular_item
1122038,190000,33.530561,popular_item
1122038,409804,32.528157,popular_item
1122038,320130,31.803457,popular_item
1122038,312728,31.603345,popular_item
1122038,325310,30.400945,popular_item
1122231,119736,93.341381,popular_item
1122231,461686,42.501946,popular_item
1122231,356339,41.992234,popular_item
1122231,413901,38.242194,popular_item
1122231,248455,37.870508,popular_item
1122231,190000,33.530561,popular_item
1122231,409804,32.528157,popular_item
1122231,320130,31.803457,popular_item
1122231,312728,31.603345,popular_item
1122231,325310,30.400945,popular_item
1122870,119736,93.341381,popular_item
1122870,461686,42.501946,popular_item
1122870,356339,41.992234,popular_item
1122870,413901,38.242194,popular_item
1122870,248455,37.870508,popular_item
1122870,190000,33.530561,popular_item
1122870,320130,31.803457,popular_item
1122870,312728,31.603345,popular_item
1122870,325310,30.400945,popular_item
1122870,63543,27.242467,popular_item
1124964,119736,93.341381,popular_item
1124964,461686,42.501946,popular_item
1124964,356339,41.992234,popular_item
1124964,413901,38.242194,popular_item
1124964,248455,37.870508,popular_item
1124964,190000,33.530561,popular_item
1124964,409804,32.528157,popular_item
1124964,320130,31.803457,popular_item
1124964,312728,31.603345,popular_item
1124964,325310,30.400945,popular_item
1126569,356339,41.992234,popular_item
1126569,413901,38.242194,popular_item
1126569,190000,33.530561,popular_item
1126569,409804,32.528157,popular_item
1126569,320130,31.803457,popular_item
1126569,325310,30.400945,popular_item
1126569,405380,30.34115,popular_item
1126569,63543,27.242467,popular_item
1126569,98071,24.960201,popular_item
1126569,368403,24.710523,popular_item
1127065,119736,93.341381,popular_item
1127065,461686,42.501946,popular_item
1127065,356339,41.992234,popular_item
1127065,413901,38.242194,popular_item
1127065,248455,37.870508,popular_item
1127065,190000,33.530561,popular_item
1127065,409804,32.528157,popular_item
1127065,320130,31.803457,popular_item
1127065,312728,31.603345,popular_item
1127065,325310,30.400945,popular_item
1127595,119736,93.341381,popular_item
1127595,461686,42.501946,popular_item
1127595,356339,41.992234,popular_item
1127595,413901,38.242194,popular_item
1127595,248455,37.870508,popular_item
1127595,190000,33.530561,popular_item
1127595,409804,32.528157,popular_item
1127595,320130,31.803457,popular_item
1127595,312728,31.603345,popular_item
1127595,325310,30.400945,popular_item
1128663,119736,93.341381,popular_item
1128663,461686,42.501946,popular_item
1128663,356339,41.992234,popular_item
1128663,413901,38.242194,popular_item
1128663,248455,37.870508,popular_item
1128663,190000,33.530561,popular_item
1128663,409804,32.528157,popular_item
1128663,320130,31.803457,popular_item
1128663,312728,31.603345,popular_item
1128663,325310,30.400945,popular_item
1128692,119736,93.341381,popular_item
1128692,461686,42.501946,popular_item
1128692,356339,41.992234,popular_item
1128692,413901,38.242194,popular_item
1128692,248455,37.870508,popular_item
1128692,190000,33.530561,popular_item
1128692,409804,32.528157,popular_item
1128692,320130,31.803457,popular_item
1128692,312728,31.603345,popular_item
1128692,325310,30.400945,popular_item
1129614,119736,93.341381,popular_item
1129614,461686,42.501946,popular_item
1129614,356339,41.992234,popular_item
1129614,413901,38.242194,popular_item
1129614,248455,37.870508,popular_item
1129614,190000,33.530561,popular_item
1129614,409804,32.528157,popular_item
1129614,320130,31.803457,popular_item
1129614,312728,31.603345,popular_item
1129614,325310,30.400945,popular_item
1133219,119736,93.341381,popular_item
1133219,461686,42.501946,popular_item
1133219,356339,41.992234,popular_item
1133219,413901,38.242194,popular_item
1133219,248455,37.870508,popular_item
1133219,190000,33.530561,popular_item
1133219,409804,32.528157,popular_item
1133219,320130,31.803457,popular_item
1133219,312728,31.603345,popular_item
1133219,325310,30.400945,popular_item
1134975,119736,93.341381,popular_item
1134975,461686,42.501946,popular_item
1134975,356339,41.992234,popular_item
1134975,413901,38.242194,popular_item
1134975,248455,37.870508,popular_item
1134975,190000,33.530561,popular_item
1134975,320130,31.803457,popular_item
1134975,325310,30.400945,popular_item
1134975,405380,30.34115,popular_item
1134975,63543,27.242467,popular_item
1137090,119736,93.341381,popular_item
1137090,461686,42.501946,popular_item
1137090,356339,41.992234,popular_item
1137090,413901,38.242194,popular_item
1137090,248455,37.870508,popular_item
1137090,190000,33.530561,popular_item
1137090,409804,32.528157,popular_item
1137090,320130,31.803457,popular_item
1137090,312728,31.603345,popular_item
1137090,325310,30.400945,popular_item
1138391,119736,93.341381,popular_item
1138391,461686,42.501946,popular_item
1138391,356339,41.992234,popular_item
1138391,413901,38.242194,popular_item
1138391,248455,37.870508,popular_item
1138391,190000,33.530561,popular_item
1138391,409804,32.528157,popular_item
1138391,320130,31.803457,popular_item
1138391,312728,31.603345,popular_item
1138391,325310,30.400945,popular_item
1139337,119736,93.341381,popular_item
1139337,461686,42.501946,popular_item
1139337,356339,41.992234,popular_item
1139337,413901,38.242194,popular_item
1139337,248455,37.870508,popular_item
1139337,190000,33.530561,popular_item
1139337,409804,32.528157,popular_item
1139337,320130,31.803457,popular_item
1139337,312728,31.603345,popular_item
1139337,325310,30.400945,popular_item
1139675,119736,93.341381,popular_item
1139675,461686,42.501946,popular_item
1139675,356339,41.992234,popular_item
1139675,413901,38.242194,popular_item
1139675,248455,37.870508,popular_item
1139675,190000,33.530561,popular_item
1139675,409804,32.528157,popular_item
1139675,320130,31.803457,popular_item
1139675,312728,31.603345,popular_item
1139675,325310,30.400945,popular_item
1140886,119736,93.341381,popular_item
1140886,356339,41.992234,popular_item
1140886,413901,38.242194,popular_item
1140886,248455,37.870508,popular_item
1140886,190000,33.530561,popular_item
1140886,409804,32.528157,popular_item
1140886,320130,31.803457,popular_item
1140886,312728,31.603345,popular_item
1140886,325310,30.400945,popular_item
1140886,405380,30.34115,popular_item
1141573,119736,93.341381,popular_item
1141573,461686,42.501946,popular_item
1141573,356339,41.992234,popular_item
1141573,413901,38.242194,popular_item
1141573,248455,37.870508,popular_item
1141573,190000,33.530561,popular_item
1141573,409804,32.528157,popular_item
1141573,320130,31.803457,popular_item
1141573,312728,31.603345,popular_item
1141573,325310,30.400945,popular_item
1142191,119736,93.341381,popular_item
1142191,461686,42.501946,popular_item
1142191,356339,41.992234,popular_item
1142191,413901,38.242194,popular_item
1142191,248455,37.870508,popular_item
1142191,190000,33.530561,popular_item
1142191,409804,32.528157,popular_item
1142191,320130,31.803457,popular_item
1142191,312728,31.603345,popular_item
1142191,405380,30.34115,popular_item
1142436,119736,93.341381,popular_item
1142436,461686,42.501946,popular_item
1142436,356339,41.992234,popular_item
1142436,413901,38.242194,popular_item
1142436,248455,37.870508,popular_item
1142436,190000,33.530561,popular_item
1142436,409804,32.528157,popular_item
1142436,320130,31.803457,popular_item
1142436,312728,31.603345,popular_item
1142436,325310,30.400945,popular_item
1143383,461686,42.501946,popular_item
1143383,356339,41.992234,popular_item
1143383,413901,38.242194,popular_item
1143383,248455,37.870508,popular_item
1143383,190000,33.530561,popular_item
1143383,409804,32.528157,popular_item
1143383,320130,31.803457,popular_item
1143383,312728,31.603345,popular_item
1143383,325310,30.400945,popular_item
1143383,405380,30.34115,popular_item
114362,119736,93.341381,popular_item
114362,461686,42.501946,popular_item
114362,356339,41.992234,popular_item
114362,413901,38.242194,popular_item
114362,248455,37.870508,popular_item
114362,190000,33.530561,popular_item
114362,409804,32.528157,popular_item
114362,320130,31.803457,popular_item
114362,312728,31.603345,popular_item
114362,325310,30.400945,popular_item
1144130,119736,93.341381,popular_item
1144130,461686,42.501946,popular_item
1144130,356339,41.992234,popular_item
1144130,413901,38.242194,popular_item
1144130,248455,37.870508,popular_item
1144130,190000,33.530561,popular_item
1144130,409804,32.528157,popular_item
1144130,320130,31.803457,popular_item
1144130,312728,31.603345,popular_item
1144130,325310,30.400945,popular_item
1145249,119736,93.341381,popular_item
1145249,461686,42.501946,popular_item
1145249,356339,41.992234,popular_item
1145249,413901,38.242194,popular_item
1145249,248455,37.870508,popular_item
1145249,190000,33.530561,popular_item
1145249,409804,32.528157,popular_item
1145249,320130,31.803457,popular_item
1145249,312728,31.603345,popular_item
1145249,325310,30.400945,popular_item
1147894,119736,93.341381,popular_item
1147894,461686,42.501946,popular_item
1147894,356339,41.992234,popular_item
1147894,413901,38.242194,popular_item
1147894,248455,37.870508,popular_item
1147894,190000,33.530561,popular_item
1147894,409804,32.528157,popular_item
1147894,320130,31.803457,popular_item
1147894,312728,31.603345,popular_item
1147894,325310,30.400945,popular_item
1148753,119736,93.341381,popular_item
1148753,461686,42.501946,popular_item
1148753,356339,41.992234,popular_item
1148753,413901,38.242194,popular_item
1148753,248455,37.870508,popular_item
1148753,190000,33.530561,popular_item
1148753,409804,32.528157,popular_item
1148753,320130,31.803457,popular_item
1148753,312728,31.603345,popular_item
1148753,325310,30.400945,popular_item
1150086,413901,38.242194,popular_item
1150086,405380,30.34115,popular_item
1150086,98071,24.960201,popular_item
1150086,368403,24.710523,popular_item
1150086,6605,23.401338,popular_item
1150086,133138,21.871604,popular_item
1150086,357949,21.032506,popular_item
1150086,414460,20.633813,popular_item
1150086,263245,18.984574,popular_item
1150086,358594,18.570868,popular_item
1150962,119736,93.341381,popular_item
1150962,461686,42.501946,popular_item
1150962,356339,41.992234,popular_item
1150962,413901,38.242194,popular_item
1150962,248455,37.870508,popular_item
1150962,190000,33.530561,popular_item
1150962,409804,32.528157,popular_item
1150962,320130,31.803457,popular_item
1150962,312728,31.603345,popular_item
1150962,325310,30.400945,popular_item
1152169,119736,93.341381,popular_item
1152169,461686,42.501946,popular_item
1152169,356339,41.992234,popular_item
1152169,413901,38.242194,popular_item
1152169,248455,37.870508,popular_item
1152169,190000,33.530561,popular_item
1152169,409804,32.528157,popular_item
1152169,320130,31.803457,popular_item
1152169,312728,31.603345,popular_item
1152169,325310,30.400945,popular_item
115257,119736,93.341381,popular_item
115257,461686,42.501946,popular_item
115257,356339,41.992234,popular_item
115257,413901,38.242194,popular_item
115257,248455,37.870508,popular_item
115257,190000,33.530561,popular_item
115257,409804,32.528157,popular_item
115257,320130,31.803457,popular_item
115257,312728,31.603345,popular_item
115257,325310,30.400945,popular_item
1152635,119736,93.341381,popular_item
1152635,461686,42.501946,popular_item
1152635,356339,41.992234,popular_item
1152635,413901,38.242194,popular_item
1152635,248455,37.870508,popular_item
1152635,190000,33.530561,popular_item
1152635,409804,32.528157,popular_item
1152635,320130,31.803457,popular_item
1152635,312728,31.603345,popular_item
1152635,325310,30.400945,popular_item
1157071,119736,93.341381,popular_item
1157071,461686,42.501946,popular_item
1157071,356339,41.992234,popular_item
1157071,413901,38.242194,popular_item
1157071,248455,37.870508,popular_item
1157071,190000,33.530561,popular_item
1157071,409804,32.528157,popular_item
1157071,320130,31.803457,popular_item
1157071,312728,31.603345,popular_item
1157071,325310,30.400945,popular_item
1159544,119736,93.341381,popular_item
1159544,461686,42.501946,popular_item
1159544,356339,41.992234,popular_item
1159544,413901,38.242194,popular_item
1159544,248455,37.870508,popular_item
1159544,190000,33.530561,popular_item
1159544,409804,32.528157,popular_item
1159544,320130,31.803457,popular_item
1159544,312728,31.603345,popular_item
1159544,325310,30.400945,popular_item
1161163,356339,41.992234,popular_item
1161163,413901,38.242194,popular_item
1161163,248455,37.870508,popular_item
1161163,190000,33.530561,popular_item
1161163,409804,32.528157,popular_item
1161163,320130,31.803457,popular_item
1161163,312728,31.603345,popular_item
1161163,405380,30.34115,popular_item
1161163,63543,27.242467,popular_item
1161163,98071,24.960201,popular_item
1161507,119736,93.341381,popular_item
1161507,461686,42.501946,popular_item
1161507,356339,41.992234,popular_item
1161507,413901,38.242194,popular_item
1161507,248455,37.870508,popular_item
1161507,190000,33.530561,popular_item
1161507,409804,32.528157,popular_item
1161507,320130,31.803457,popular_item
1161507,312728,31.603345,popular_item
1161507,325310,30.400945,popular_item
116169,119736,93.341381,popular_item
116169,461686,42.501946,popular_item
116169,356339,41.992234,popular_item
116169,413901,38.242194,popular_item
116169,248455,37.870508,popular_item
116169,190000,33.530561,popular_item
116169,409804,32.528157,popular_item
116169,320130,31.803457,popular_item
116169,312728,31.603345,popular_item
116169,325310,30.400945,popular_item
1161968,119736,93.341381,popular_item
1161968,461686,42.501946,popular_item
1161968,356339,41.992234,popular_item
1161968,413901,38.242194,popular_item
1161968,248455,37.870508,popular_item
1161968,190000,33.530561,popular_item
1161968,409804,32.528157,popular_item
1161968,320130,31.803457,popular_item
1161968,312728,31.603345,popular_item
1161968,325310,30.400945,popular_item
1162639,119736,93.341381,popular_item
1162639,461686,42.501946,popular_item
1162639,356339,41.992234,popular_item
1162639,413901,38.242194,popular_item
1162639,248455,37.870508,popular_item
1162639,190000,33.530561,popular_item
1162639,409804,32.528157,popular_item
1162639,320130,31.803457,popular_item
1162639,312728,31.603345,popular_item
1162639,325310,30.400945,popular_item
1163384,119736,93.341381,popular_item
1163384,461686,42.501946,popular_item
1163384,356339,41.992234,popular_item
1163384,413901,38.242194,popular_item
1163384,248455,37.870508,popular_item
1163384,190000,33.530561,popular_item
1163384,409804,32.528157,popular_item
1163384,320130,31.803457,popular_item
1163384,312728,31.603345,popular_item
1163384,325310,30.400945,popular_item
1163816,119736,93.341381,popular_item
1163816,461686,42.501946,popular_item
1163816,356339,41.992234,popular_item
1163816,413901,38.242194,popular_item
1163816,248455,37.870508,popular_item
1163816,190000,33.530561,popular_item
1163816,409804,32.528157,popular_item
1163816,320130,31.803457,popular_item
1163816,312728,31.603345,popular_item
1163816,325310,30.400945,popular_item
1165148,119736,93.341381,popular_item
1165148,461686,42.501946,popular_item
1165148,356339,41.992234,popular_item
1165148,413901,38.242194,popular_item
1165148,190000,33.530561,popular_item
1165148,409804,32.528157,popular_item
1165148,320130,31.803457,popular_item
1165148,325310,30.400945,popular_item
1165148,405380,30.34115,popular_item
1165148,63543,27.242467,popular_item
1167457,119736,93.341381,popular_item
1167457,461686,42.501946,popular_item
1167457,356339,41.992234,popular_item
1167457,413901,38.242194,popular_item
1167457,248455,37.870508,popular_item
1167457,190000,33.530561,popular_item
1167457,409804,32.528157,popular_item
1167457,320130,31.803457,popular_item
1167457,312728,31.603345,popular_item
1167457,325310,30.400945,popular_item
1169689,119736,93.341381,popular_item
1169689,356339,41.992234,popular_item
1169689,413901,38.242194,popular_item
1169689,248455,37.870508,popular_item
1169689,190000,33.530561,popular_item
1169689,409804,32.528157,popular_item
1169689,320130,31.803457,popular_item
1169689,312728,31.603345,popular_item
1169689,325310,30.400945,popular_item
1169689,405380,30.34115,popular_item
1169956,119736,93.341381,popular_item
1169956,461686,42.501946,popular_item
1169956,356339,41.992234,popular_item
1169956,413901,38.242194,popular_item
1169956,248455,37.870508,popular_item
1169956,190000,33.530561,popular_item
1169956,409804,32.528157,popular_item
1169956,320130,31.803457,popular_item
1169956,312728,31.603345,popular_item
1169956,325310,30.400945,popular_item
1170165,119736,93.341381,popular_item
1170165,461686,42.501946,popular_item
1170165,356339,41.992234,popular_item
1170165,413901,38.242194,popular_item
1170165,248455,37.870508,popular_item
1170165,190000,33.530561,popular_item
1170165,409804,32.528157,popular_item
1170165,320130,31.803457,popular_item
1170165,312728,31.603345,popular_item
1170165,325310,30.400945,popular_item
1171984,119736,93.341381,popular_item
1171984,461686,42.501946,popular_item
1171984,356339,41.992234,popular_item
1171984,413901,38.242194,popular_item
1171984,248455,37.870508,popular_item
1171984,190000,33.530561,popular_item
1171984,409804,32.528157,popular_item
1171984,320130,31.803457,popular_item
1171984,312728,31.603345,popular_item
1171984,405380,30.34115,popular_item
1172121,119736,93.341381,popular_item
1172121,461686,42.501946,popular_item
1172121,356339,41.992234,popular_item
1172121,413901,38.242194,popular_item
1172121,248455,37.870508,popular_item
1172121,190000,33.530561,popular_item
1172121,409804,32.528157,popular_item
1172121,320130,31.803457,popular_item
1172121,312728,31.603345,popular_item
1172121,325310,30.400945,popular_item
1172198,119736,93.341381,popular_item
1172198,461686,42.501946,popular_item
1172198,356339,41.992234,popular_item
1172198,413901,38.242194,popular_item
1172198,248455,37.870508,popular_item
1172198,190000,33.530561,popular_item
1172198,409804,32.528157,popular_item
1172198,320130,31.803457,popular_item
1172198,312728,31.603345,popular_item
1172198,325310,30.400945,popular_item
1176826,119736,93.341381,popular_item
1176826,461686,42.501946,popular_item
1176826,356339,41.992234,popular_item
1176826,413901,38.242194,popular_item
1176826,248455,37.870508,popular_item
1176826,190000,33.530561,popular_item
1176826,409804,32.528157,popular_item
1176826,320130,31.803457,popular_item
1176826,312728,31.603345,popular_item
1176826,325310,30.400945,popular_item
1178073,119736,93.341381,popular_item
1178073,461686,42.501946,popular_item
1178073,356339,41.992234,popular_item
1178073,413901,38.242194,popular_item
1178073,248455,37.870508,popular_item
1178073,190000,33.530561,popular_item
1178073,409804,32.528157,popular_item
1178073,320130,31.803457,popular_item
1178073,312728,31.603345,popular_item
1178073,325310,30.400945,popular_item
1178290,119736,93.341381,popular_item
1178290,461686,42.501946,popular_item
1178290,356339,41.992234,popular_item
1178290,413901,38.242194,popular_item
1178290,248455,37.870508,popular_item
1178290,190000,33.530561,popular_item
1178290,409804,32.528157,popular_item
1178290,320130,31.803457,popular_item
1178290,312728,31.603345,popular_item
1178290,325310,30.400945,popular_item
1178626,119736,93.341381,popular_item
1178626,461686,42.501946,popular_item
1178626,356339,41.992234,popular_item
1178626,413901,38.242194,popular_item
1178626,248455,37.870508,popular_item
1178626,190000,33.530561,popular_item
1178626,409804,32.528157,popular_item
1178626,320130,31.803457,popular_item
1178626,312728,31.603345,popular_item
1178626,325310,30.400945,popular_item
1179005,119736,93.341381,popular_item
1179005,461686,42.501946,popular_item
1179005,356339,41.992234,popular_item
1179005,413901,38.242194,popular_item
1179005,248455,37.870508,popular_item
1179005,190000,33.530561,popular_item
1179005,409804,32.528157,popular_item
1179005,320130,31.803457,popular_item
1179005,312728,31.603345,popular_item
1179005,325310,30.400945,popular_item
1181175,119736,93.341381,popular_item
1181175,461686,42.501946,popular_item
1181175,356339,41.992234,popular_item
1181175,413901,38.242194,popular_item
1181175,248455,37.870508,popular_item
1181175,190000,33.530561,popular_item
1181175,409804,32.528157,popular_item
1181175,320130,31.803457,popular_item
1181175,312728,31.603345,popular_item
1181175,325310,30.400945,popular_item
1181200,119736,93.341381,popular_item
1181200,461686,42.501946,popular_item
1181200,356339,41.992234,popular_item
1181200,413901,38.242194,popular_item
1181200,248455,37.870508,popular_item
1181200,190000,33.530561,popular_item
1181200,409804,32.528157,popular_item
1181200,320130,31.803457,popular_item
1181200,312728,31.603345,popular_item
1181200,325310,30.400945,popular_item
1185234,119736,93.341381,popular_item
1185234,461686,42.501946,popular_item
1185234,356339,41.992234,popular_item
1185234,413901,38.242194,popular_item
1185234,248455,37.870508,popular_item
1185234,190000,33.530561,popular_item
1185234,320130,31.803457,popular_item
1185234,312728,31.603345,popular_item
1185234,325310,30.400945,popular_item
1185234,405380,30.34115,popular_item
1185399,119736,93.341381,popular_item
1185399,461686,42.501946,popular_item
1185399,356339,41.992234,popular_item
1185399,413901,38.242194,popular_item
1185399,248455,37.870508,popular_item
1185399,190000,33.530561,popular_item
1185399,409804,32.528157,popular_item
1185399,320130,31.803457,popular_item
1185399,312728,31.603345,popular_item
1185399,325310,30.400945,popular_item
1186695,119736,93.341381,popular_item
1186695,461686,42.501946,popular_item
1186695,356339,41.992234,popular_item
1186695,413901,38.242194,popular_item
1186695,248455,37.870508,popular_item
1186695,190000,33.530561,popular_item
1186695,409804,32.528157,popular_item
1186695,320130,31.803457,popular_item
1186695,312728,31.603345,popular_item
1186695,325310,30.400945,popular_item
1187986,119736,93.341381,popular_item
1187986,461686,42.501946,popular_item
1187986,356339,41.992234,popular_item
1187986,413901,38.242194,popular_item
1187986,248455,37.870508,popular_item
1187986,190000,33.530561,popular_item
1187986,409804,32.528157,popular_item
1187986,320130,31.803457,popular_item
1187986,312728,31.603345,popular_item
1187986,325310,30.400945,popular_item
1188952,119736,93.341381,popular_item
1188952,461686,42.501946,popular_item
1188952,356339,41.992234,popular_item
1188952,413901,38.242194,popular_item
1188952,248455,37.870508,popular_item
1188952,190000,33.530561,popular_item
1188952,409804,32.528157,popular_item
1188952,320130,31.803457,popular_item
1188952,312728,31.603345,popular_item
1188952,325310,30.400945,popular_item
1190855,119736,93.341381,popular_item
1190855,461686,42.501946,popular_item
1190855,356339,41.992234,popular_item
1190855,413901,38.242194,popular_item
1190855,248455,37.870508,popular_item
1190855,190000,33.530561,popular_item
1190855,409804,32.528157,popular_item
1190855,320130,31.803457,popular_item
1190855,312728,31.603345,popular_item
1190855,325310,30.400945,popular_item
1191613,119736,93.341381,popular_item
1191613,461686,42.501946,popular_item
1191613,356339,41.992234,popular_item
1191613,413901,38.242194,popular_item
1191613,248455,37.870508,popular_item
1191613,190000,33.530561,popular_item
1191613,409804,32.528157,popular_item
1191613,320130,31.803457,popular_item
1191613,312728,31.603345,popular_item
1191613,325310,30.400945,popular_item
1192115,119736,93.341381,popular_item
1192115,461686,42.501946,popular_item
1192115,356339,41.992234,popular_item
1192115,413901,38.242194,popular_item
1192115,248455,37.870508,popular_item
1192115,190000,33.530561,popular_item
1192115,409804,32.528157,popular_item
1192115,320130,31.803457,popular_item
1192115,312728,31.603345,popular_item
1192115,325310,30.400945,popular_item
1193756,119736,93.341381,popular_item
1193756,461686,42.501946,popular_item
1193756,356339,41.992234,popular_item
1193756,413901,38.242194,popular_item
1193756,248455,37.870508,popular_item
1193756,409804,32.528157,popular_item
1193756,320130,31.803457,popular_item
1193756,312728,31.603345,popular_item
1193756,325310,30.400945,popular_item
1193756,405380,30.34115,popular_item
1195980,119736,93.341381,popular_item
1195980,461686,42.501946,popular_item
1195980,356339,41.992234,popular_item
1195980,413901,38.242194,popular_item
1195980,248455,37.870508,popular_item
1195980,190000,33.530561,popular_item
1195980,409804,32.528157,popular_item
1195980,320130,31.803457,popular_item
1195980,312728,31.603345,popular_item
1195980,325310,30.400945,popular_item
1197343,119736,93.341381,popular_item
1197343,356339,41.992234,popular_item
1197343,413901,38.242194,popular_item
1197343,248455,37.870508,popular_item
1197343,190000,33.530561,popular_item
1197343,409804,32.528157,popular_item
1197343,320130,31.803457,popular_item
1197343,312728,31.603345,popular_item
1197343,325310,30.400945,popular_item
1197343,405380,30.34115,popular_item
1199576,119736,93.341381,popular_item
1199576,461686,42.501946,popular_item
1199576,356339,41.992234,popular_item
1199576,413901,38.242194,popular_item
1199576,248455,37.870508,popular_item
1199576,190000,33.530561,popular_item
1199576,409804,32.528157,popular_item
1199576,320130,31.803457,popular_item
1199576,312728,31.603345,popular_item
1199576,325310,30.400945,popular_item
1200349,119736,93.341381,popular_item
1200349,461686,42.501946,popular_item
1200349,356339,41.992234,popular_item
1200349,413901,38.242194,popular_item
1200349,248455,37.870508,popular_item
1200349,190000,33.530561,popular_item
1200349,409804,32.528157,popular_item
1200349,320130,31.803457,popular_item
1200349,312728,31.603345,popular_item
1200349,325310,30.400945,popular_item
1202758,119736,93.341381,popular_item
1202758,461686,42.501946,popular_item
1202758,356339,41.992234,popular_item
1202758,413901,38.242194,popular_item
1202758,248455,37.870508,popular_item
1202758,190000,33.530561,popular_item
1202758,409804,32.528157,popular_item
1202758,320130,31.803457,popular_item
1202758,312728,31.603345,popular_item
1202758,325310,30.400945,popular_item
1202783,119736,93.341381,popular_item
1202783,461686,42.501946,popular_item
1202783,356339,41.992234,popular_item
1202783,413901,38.242194,popular_item
1202783,248455,37.870508,popular_item
1202783,190000,33.530561,popular_item
1202783,409804,32.528157,popular_item
1202783,320130,31.803457,popular_item
1202783,312728,31.603345,popular_item
1202783,325310,30.400945,popular_item
1203357,119736,93.341381,popular_item
1203357,461686,42.501946,popular_item
1203357,356339,41.992234,popular_item
1203357,413901,38.242194,popular_item
1203357,248455,37.870508,popular_item
1203357,190000,33.530561,popular_item
1203357,409804,32.528157,popular_item
1203357,320130,31.803457,popular_item
1203357,312728,31.603345,popular_item
1203357,325310,30.400945,popular_item
1204332,119736,93.341381,popular_item
1204332,461686,42.501946,popular_item
1204332,356339,41.992234,popular_item
1204332,413901,38.242194,popular_item
1204332,248455,37.870508,popular_item
1204332,190000,33.530561,popular_item
1204332,409804,32.528157,popular_item
1204332,320130,31.803457,popular_item
1204332,312728,31.603345,popular_item
1204332,325310,30.400945,popular_item
1209313,119736,93.341381,popular_item
1209313,461686,42.501946,popular_item
1209313,356339,41.992234,popular_item
1209313,413901,38.242194,popular_item
1209313,248455,37.870508,popular_item
1209313,190000,33.530561,popular_item
1209313,409804,32.528157,popular_item
1209313,320130,31.803457,popular_item
1209313,312728,31.603345,popular_item
1209313,325310,30.400945,popular_item
1210136,119736,93.341381,popular_item
1210136,461686,42.501946,popular_item
1210136,356339,41.992234,popular_item
1210136,413901,38.242194,popular_item
1210136,248455,37.870508,popular_item
1210136,190000,33.530561,popular_item
1210136,409804,32.528157,popular_item
1210136,320130,31.803457,popular_item
1210136,312728,31.603345,popular_item
1210136,325310,30.400945,popular_item
1210904,119736,93.341381,popular_item
1210904,461686,42.501946,popular_item
1210904,356339,41.992234,popular_item
1210904,413901,38.242194,popular_item
1210904,248455,37.870508,popular_item
1210904,190000,33.530561,popular_item
1210904,409804,32.528157,popular_item
1210904,320130,31.803457,popular_item
1210904,312728,31.603345,popular_item
1210904,325310,30.400945,popular_item
1212999,119736,93.341381,popular_item
1212999,461686,42.501946,popular_item
1212999,356339,41.992234,popular_item
1212999,413901,38.242194,popular_item
1212999,248455,37.870508,popular_item
1212999,190000,33.530561,popular_item
1212999,409804,32.528157,popular_item
1212999,320130,31.803457,popular_item
1212999,312728,31.603345,popular_item
1212999,325310,30.400945,popular_item
1213423,119736,93.341381,popular_item
1213423,461686,42.501946,popular_item
1213423,356339,41.992234,popular_item
1213423,413901,38.242194,popular_item
1213423,248455,37.870508,popular_item
1213423,190000,33.530561,popular_item
1213423,409804,32.528157,popular_item
1213423,320130,31.803457,popular_item
1213423,312728,31.603345,popular_item
1213423,325310,30.400945,popular_item
121441,119736,93.341381,popular_item
121441,461686,42.501946,popular_item
121441,356339,41.992234,popular_item
121441,413901,38.242194,popular_item
121441,248455,37.870508,popular_item
121441,190000,33.530561,popular_item
121441,409804,32.528157,popular_item
121441,320130,31.803457,popular_item
121441,312728,31.603345,popular_item
121441,325310,30.400945,popular_item
1216079,119736,93.341381,popular_item
1216079,461686,42.501946,popular_item
1216079,356339,41.992234,popular_item
1216079,413901,38.242194,popular_item
1216079,248455,37.870508,popular_item
1216079,190000,33.530561,popular_item
1216079,409804,32.528157,popular_item
1216079,320130,31.803457,popular_item
1216079,312728,31.603345,popular_item
1216079,325310,30.400945,popular_item
1216141,119736,93.341381,popular_item
1216141,461686,42.501946,popular_item
1216141,356339,41.992234,popular_item
1216141,413901,38.242194,popular_item
1216141,248455,37.870508,popular_item
1216141,190000,33.530561,popular_item
1216141,409804,32.528157,popular_item
1216141,320130,31.803457,popular_item
1216141,312728,31.603345,popular_item
1216141,325310,30.400945,popular_item
1216818,119736,93.341381,popular_item
1216818,461686,42.501946,popular_item
1216818,356339,41.992234,popular_item
1216818,413901,38.242194,popular_item
1216818,248455,37.870508,popular_item
1216818,190000,33.530561,popular_item
1216818,409804,32.528157,popular_item
1216818,320130,31.803457,popular_item
1216818,312728,31.603345,popular_item
1216818,325310,30.400945,popular_item
1216885,119736,93.341381,popular_item
1216885,461686,42.501946,popular_item
1216885,356339,41.992234,popular_item
1216885,413901,38.242194,popular_item
1216885,248455,37.870508,popular_item
1216885,190000,33.530561,popular_item
1216885,409804,32.528157,popular_item
1216885,320130,31.803457,popular_item
1216885,312728,31.603345,popular_item
1216885,325310,30.400945,popular_item
1218886,119736,93.341381,popular_item
1218886,461686,42.501946,popular_item
1218886,356339,41.992234,popular_item
1218886,413901,38.242194,popular_item
1218886,248455,37.870508,popular_item
1218886,190000,33.530561,popular_item
1218886,409804,32.528157,popular_item
1218886,320130,31.803457,popular_item
1218886,312728,31.603345,popular_item
1218886,325310,30.400945,popular_item
121914,119736,93.341381,popular_item
121914,461686,42.501946,popular_item
121914,356339,41.992234,popular_item
121914,413901,38.242194,popular_item
121914,248455,37.870508,popular_item
121914,190000,33.530561,popular_item
121914,409804,32.528157,popular_item
121914,320130,31.803457,popular_item
121914,312728,31.603345,popular_item
121914,325310,30.400945,popular_item
1219361,119736,93.341381,popular_item
1219361,461686,42.501946,popular_item
1219361,356339,41.992234,popular_item
1219361,413901,38.242194,popular_item
1219361,248455,37.870508,popular_item
1219361,190000,33.530561,popular_item
1219361,409804,32.528157,popular_item
1219361,320130,31.803457,popular_item
1219361,312728,31.603345,popular_item
1219361,325310,30.400945,popular_item
121975,119736,93.341381,popular_item
121975,461686,42.501946,popular_item
121975,356339,41.992234,popular_item
121975,413901,38.242194,popular_item
121975,248455,37.870508,popular_item
121975,190000,33.530561,popular_item
121975,409804,32.528157,popular_item
121975,320130,31.803457,popular_item
121975,312728,31.603345,popular_item
121975,325310,30.400945,popular_item
1220372,119736,93.341381,popular_item
1220372,461686,42.501946,popular_item
1220372,356339,41.992234,popular_item
1220372,413901,38.242194,popular_item
1220372,248455,37.870508,popular_item
1220372,190000,33.530561,popular_item
1220372,409804,32.528157,popular_item
1220372,320130,31.803457,popular_item
1220372,312728,31.603345,popular_item
1220372,325310,30.400945,popular_item
1222911,119736,93.341381,popular_item
1222911,461686,42.501946,popular_item
1222911,356339,41.992234,popular_item
1222911,413901,38.242194,popular_item
1222911,248455,37.870508,popular_item
1222911,190000,33.530561,popular_item
1222911,409804,32.528157,popular_item
1222911,320130,31.803457,popular_item
1222911,312728,31.603345,popular_item
1222911,325310,30.400945,popular_item
12232,119736,93.341381,popular_item
12232,461686,42.501946,popular_item
12232,356339,41.992234,popular_item
12232,413901,38.242194,popular_item
12232,248455,37.870508,popular_item
12232,190000,33.530561,popular_item
12232,409804,32.528157,popular_item
12232,320130,31.803457,popular_item
12232,312728,31.603345,popular_item
12232,325310,30.400945,popular_item
1224022,119736,93.341381,popular_item
1224022,461686,42.501946,popular_item
1224022,356339,41.992234,popular_item
1224022,413901,38.242194,popular_item
1224022,248455,37.870508,popular_item
1224022,190000,33.530561,popular_item
1224022,409804,32.528157,popular_item
1224022,320130,31.803457,popular_item
1224022,312728,31.603345,popular_item
1224022,325310,30.400945,popular_item
1227377,119736,93.341381,popular_item
1227377,461686,42.501946,popular_item
1227377,356339,41.992234,popular_item
1227377,413901,38.242194,popular_item
1227377,248455,37.870508,popular_item
1227377,190000,33.530561,popular_item
1227377,409804,32.528157,popular_item
1227377,320130,31.803457,popular_item
1227377,312728,31.603345,popular_item
1227377,325310,30.400945,popular_item
1229029,119736,93.341381,popular_item
1229029,461686,42.501946,popular_item
1229029,356339,41.992234,popular_item
1229029,413901,38.242194,popular_item
1229029,248455,37.870508,popular_item
1229029,190000,33.530561,popular_item
1229029,409804,32.528157,popular_item
1229029,320130,31.803457,popular_item
1229029,312728,31.603345,popular_item
1229029,325310,30.400945,popular_item
1229828,119736,93.341381,popular_item
1229828,461686,42.501946,popular_item
1229828,356339,41.992234,popular_item
1229828,413901,38.242194,popular_item
1229828,248455,37.870508,popular_item
1229828,190000,33.530561,popular_item
1229828,409804,32.528157,popular_item
1229828,320130,31.803457,popular_item
1229828,312728,31.603345,popular_item
1229828,325310,30.400945,popular_item
1229972,119736,93.341381,popular_item
1229972,461686,42.501946,popular_item
1229972,356339,41.992234,popular_item
1229972,413901,38.242194,popular_item
1229972,248455,37.870508,popular_item
1229972,190000,33.530561,popular_item
1229972,409804,32.528157,popular_item
1229972,320130,31.803457,popular_item
1229972,312728,31.603345,popular_item
1229972,325310,30.400945,popular_item
1231368,119736,93.341381,popular_item
1231368,461686,42.501946,popular_item
1231368,356339,41.992234,popular_item
1231368,413901,38.242194,popular_item
1231368,248455,37.870508,popular_item
1231368,190000,33.530561,popular_item
1231368,409804,32.528157,popular_item
1231368,320130,31.803457,popular_item
1231368,312728,31.603345,popular_item
1231368,325310,30.400945,popular_item
1235292,119736,93.341381,popular_item
1235292,461686,42.501946,popular_item
1235292,356339,41.992234,popular_item
1235292,413901,38.242194,popular_item
1235292,248455,37.870508,popular_item
1235292,190000,33.530561,popular_item
1235292,409804,32.528157,popular_item
1235292,320130,31.803457,popular_item
1235292,312728,31.603345,popular_item
1235292,325310,30.400945,popular_item
12356,119736,93.341381,popular_item
12356,461686,42.501946,popular_item
12356,356339,41.992234,popular_item
12356,413901,38.242194,popular_item
12356,248455,37.870508,popular_item
12356,190000,33.530561,popular_item
12356,409804,32.528157,popular_item
12356,320130,31.803457,popular_item
12356,312728,31.603345,popular_item
12356,325310,30.400945,popular_item
1236028,119736,93.341381,popular_item
1236028,461686,42.501946,popular_item
1236028,356339,41.992234,popular_item
1236028,413901,38.242194,popular_item
1236028,248455,37.870508,popular_item
1236028,190000,33.530561,popular_item
1236028,409804,32.528157,popular_item
1236028,312728,31.603345,popular_item
1236028,325310,30.400945,popular_item
1236028,405380,30.34115,popular_item
1237218,119736,93.341381,popular_item
1237218,461686,42.501946,popular_item
1237218,356339,41.992234,popular_item
1237218,413901,38.242194,popular_item
1237218,248455,37.870508,popular_item
1237218,190000,33.530561,popular_item
1237218,409804,32.528157,popular_item
1237218,320130,31.803457,popular_item
1237218,312728,31.603345,popular_item
1237218,325310,30.400945,popular_item
1239170,119736,93.341381,popular_item
1239170,461686,42.501946,popular_item
1239170,356339,41.992234,popular_item
1239170,413901,38.242194,popular_item
1239170,248455,37.870508,popular_item
1239170,190000,33.530561,popular_item
1239170,409804,32.528157,popular_item
1239170,320130,31.803457,popular_item
1239170,312728,31.603345,popular_item
1239170,325310,30.400945,popular_item
1240838,119736,93.341381,popular_item
1240838,461686,42.501946,popular_item
1240838,356339,41.992234,popular_item
1240838,413901,38.242194,popular_item
1240838,248455,37.870508,popular_item
1240838,190000,33.530561,popular_item
1240838,409804,32.528157,popular_item
1240838,320130,31.803457,popular_item
1240838,312728,31.603345,popular_item
1240838,325310,30.400945,popular_item
1243048,119736,93.341381,popular_item
1243048,461686,42.501946,popular_item
1243048,356339,41.992234,popular_item
1243048,413901,38.242194,popular_item
1243048,248455,37.870508,popular_item
1243048,190000,33.530561,popular_item
1243048,409804,32.528157,popular_item
1243048,320130,31.803457,popular_item
1243048,312728,31.603345,popular_item
1243048,325310,30.400945,popular_item
1243262,119736,93.341381,popular_item
1243262,461686,42.501946,popular_item
1243262,356339,41.992234,popular_item
1243262,413901,38.242194,popular_item
1243262,248455,37.870508,popular_item
1243262,190000,33.530561,popular_item
1243262,409804,32.528157,popular_item
1243262,320130,31.803457,popular_item
1243262,312728,31.603345,popular_item
1243262,325310,30.400945,popular_item
1248077,119736,93.341381,popular_item
1248077,461686,42.501946,popular_item
1248077,356339,41.992234,popular_item
1248077,413901,38.242194,popular_item
1248077,248455,37.870508,popular_item
1248077,190000,33.530561,popular_item
1248077,409804,32.528157,popular_item
1248077,320130,31.803457,popular_item
1248077,312728,31.603345,popular_item
1248077,325310,30.400945,popular_item
1248805,119736,93.341381,popular_item
1248805,461686,42.501946,popular_item
1248805,356339,41.992234,popular_item
1248805,413901,38.242194,popular_item
1248805,248455,37.870508,popular_item
1248805,190000,33.530561,popular_item
1248805,409804,32.528157,popular_item
1248805,320130,31.803457,popular_item
1248805,312728,31.603345,popular_item
1248805,325310,30.400945,popular_item
1248854,119736,93.341381,popular_item
1248854,461686,42.501946,popular_item
1248854,356339,41.992234,popular_item
1248854,413901,38.242194,popular_item
1248854,248455,37.870508,popular_item
1248854,190000,33.530561,popular_item
1248854,409804,32.528157,popular_item
1248854,320130,31.803457,popular_item
1248854,312728,31.603345,popular_item
1248854,325310,30.400945,popular_item
1250902,119736,93.341381,popular_item
1250902,461686,42.501946,popular_item
1250902,356339,41.992234,popular_item
1250902,413901,38.242194,popular_item
1250902,248455,37.870508,popular_item
1250902,190000,33.530561,popular_item
1250902,409804,32.528157,popular_item
1250902,320130,31.803457,popular_item
1250902,312728,31.603345,popular_item
1250902,325310,30.400945,popular_item
1251600,119736,93.341381,popular_item
1251600,461686,42.501946,popular_item
1251600,356339,41.992234,popular_item
1251600,413901,38.242194,popular_item
1251600,248455,37.870508,popular_item
1251600,190000,33.530561,popular_item
1251600,409804,32.528157,popular_item
1251600,320130,31.803457,popular_item
1251600,312728,31.603345,popular_item
1251600,325310,30.400945,popular_item
1254379,119736,93.341381,popular_item
1254379,461686,42.501946,popular_item
1254379,356339,41.992234,popular_item
1254379,413901,38.242194,popular_item
1254379,248455,37.870508,popular_item
1254379,190000,33.530561,popular_item
1254379,409804,32.528157,popular_item
1254379,320130,31.803457,popular_item
1254379,312728,31.603345,popular_item
1254379,325310,30.400945,popular_item
1254716,119736,93.341381,popular_item
1254716,461686,42.501946,popular_item
1254716,356339,41.992234,popular_item
1254716,413901,38.242194,popular_item
1254716,248455,37.870508,popular_item
1254716,190000,33.530561,popular_item
1254716,409804,32.528157,popular_item
1254716,320130,31.803457,popular_item
1254716,312728,31.603345,popular_item
1254716,325310,30.400945,popular_item
1254768,119736,93.341381,popular_item
1254768,461686,42.501946,popular_item
1254768,356339,41.992234,popular_item
1254768,413901,38.242194,popular_item
1254768,248455,37.870508,popular_item
1254768,190000,33.530561,popular_item
1254768,409804,32.528157,popular_item
1254768,320130,31.803457,popular_item
1254768,312728,31.603345,popular_item
1254768,325310,30.400945,popular_item
1255217,119736,93.341381,popular_item
1255217,461686,42.501946,popular_item
1255217,356339,41.992234,popular_item
1255217,413901,38.242194,popular_item
1255217,248455,37.870508,popular_item
1255217,190000,33.530561,popular_item
1255217,409804,32.528157,popular_item
1255217,320130,31.803457,popular_item
1255217,312728,31.603345,popular_item
1255217,325310,30.400945,popular_item
1255456,461686,42.501946,popular_item
1255456,356339,41.992234,popular_item
1255456,413901,38.242194,popular_item
1255456,248455,37.870508,popular_item
1255456,190000,33.530561,popular_item
1255456,409804,32.528157,popular_item
1255456,312728,31.603345,popular_item
1255456,325310,30.400945,popular_item
1255456,405380,30.34115,popular_item
1255456,63543,27.242467,popular_item
1256893,119736,93.341381,popular_item
1256893,461686,42.501946,popular_item
1256893,356339,41.992234,popular_item
1256893,413901,38.242194,popular_item
1256893,248455,37.870508,popular_item
1256893,190000,33.530561,popular_item
1256893,409804,32.528157,popular_item
1256893,320130,31.803457,popular_item
1256893,312728,31.603345,popular_item
1256893,325310,30.400945,popular_item
1257422,119736,93.341381,popular_item
1257422,461686,42.501946,popular_item
1257422,356339,41.992234,popular_item
1257422,413901,38.242194,popular_item
1257422,248455,37.870508,popular_item
1257422,190000,33.530561,popular_item
1257422,409804,32.528157,popular_item
1257422,320130,31.803457,popular_item
1257422,312728,31.603345,popular_item
1257422,325310,30.400945,popular_item
1257461,119736,93.341381,popular_item
1257461,461686,42.501946,popular_item
1257461,356339,41.992234,popular_item
1257461,413901,38.242194,popular_item
1257461,248455,37.870508,popular_item
1257461,190000,33.530561,popular_item
1257461,409804,32.528157,popular_item
1257461,320130,31.803457,popular_item
1257461,312728,31.603345,popular_item
1257461,325310,30.400945,popular_item
12579,119736,93.341381,popular_item
12579,461686,42.501946,popular_item
12579,356339,41.992234,popular_item
12579,413901,38.242194,popular_item
12579,248455,37.870508,popular_item
12579,190000,33.530561,popular_item
12579,409804,32.528157,popular_item
12579,320130,31.803457,popular_item
12579,312728,31.603345,popular_item
12579,325310,30.400945,popular_item
1260481,119736,93.341381,popular_item
1260481,461686,42.501946,popular_item
1260481,356339,41.992234,popular_item
1260481,413901,38.242194,popular_item
1260481,248455,37.870508,popular_item
1260481,190000,33.530561,popular_item
1260481,409804,32.528157,popular_item
1260481,320130,31.803457,popular_item
1260481,312728,31.603345,popular_item
1260481,325310,30.400945,popular_item
1261067,119736,93.341381,popular_item
1261067,461686,42.501946,popular_item
1261067,356339,41.992234,popular_item
1261067,413901,38.242194,popular_item
1261067,248455,37.870508,popular_item
1261067,190000,33.530561,popular_item
1261067,409804,32.528157,popular_item
1261067,320130,31.803457,popular_item
1261067,312728,31.603345,popular_item
1261067,325310,30.400945,popular_item
126139,119736,93.341381,popular_item
126139,461686,42.501946,popular_item
126139,356339,41.992234,popular_item
126139,413901,38.242194,popular_item
126139,248455,37.870508,popular_item
126139,190000,33.530561,popular_item
126139,409804,32.528157,popular_item
126139,320130,31.803457,popular_item
126139,312728,31.603345,popular_item
126139,325310,30.400945,popular_item
1262190,119736,93.341381,popular_item
1262190,461686,42.501946,popular_item
1262190,356339,41.992234,popular_item
1262190,413901,38.242194,popular_item
1262190,248455,37.870508,popular_item
1262190,190000,33.530561,popular_item
1262190,409804,32.528157,popular_item
1262190,320130,31.803457,popular_item
1262190,312728,31.603345,popular_item
1262190,325310,30.400945,popular_item
1262661,119736,93.341381,popular_item
1262661,461686,42.501946,popular_item
1262661,356339,41.992234,popular_item
1262661,413901,38.242194,popular_item
1262661,248455,37.870508,popular_item
1262661,190000,33.530561,popular_item
1262661,409804,32.528157,popular_item
1262661,320130,31.803457,popular_item
1262661,325310,30.400945,popular_item
1262661,405380,30.34115,popular_item
1263603,119736,93.341381,popular_item
1263603,461686,42.501946,popular_item
1263603,356339,41.992234,popular_item
1263603,413901,38.242194,popular_item
1263603,248455,37.870508,popular_item
1263603,190000,33.530561,popular_item
1263603,409804,32.528157,popular_item
1263603,320130,31.803457,popular_item
1263603,312728,31.603345,popular_item
1263603,325310,30.400945,popular_item
126404,119736,93.341381,popular_item
126404,461686,42.501946,popular_item
126404,356339,41.992234,popular_item
126404,413901,38.242194,popular_item
126404,248455,37.870508,popular_item
126404,190000,33.530561,popular_item
126404,409804,32.528157,popular_item
126404,320130,31.803457,popular_item
126404,312728,31.603345,popular_item
126404,325310,30.400945,popular_item
126422,119736,93.341381,popular_item
126422,461686,42.501946,popular_item
126422,356339,41.992234,popular_item
126422,413901,38.242194,popular_item
126422,248455,37.870508,popular_item
126422,190000,33.530561,popular_item
126422,409804,32.528157,popular_item
126422,320130,31.803457,popular_item
126422,312728,31.603345,popular_item
126422,325310,30.400945,popular_item
1266239,119736,93.341381,popular_item
1266239,461686,42.501946,popular_item
1266239,356339,41.992234,popular_item
1266239,413901,38.242194,popular_item
1266239,248455,37.870508,popular_item
1266239,190000,33.530561,popular_item
1266239,409804,32.528157,popular_item
1266239,320130,31.803457,popular_item
1266239,312728,31.603345,popular_item
1266239,325310,30.400945,popular_item
1271652,119736,93.341381,popular_item
1271652,461686,42.501946,popular_item
1271652,356339,41.992234,popular_item
1271652,413901,38.242194,popular_item
1271652,248455,37.870508,popular_item
1271652,190000,33.530561,popular_item
1271652,409804,32.528157,popular_item
1271652,320130,31.803457,popular_item
1271652,312728,31.603345,popular_item
1271652,325310,30.400945,popular_item
1272794,119736,93.341381,popular_item
1272794,461686,42.501946,popular_item
1272794,356339,41.992234,popular_item
1272794,248455,37.870508,popular_item
1272794,190000,33.530561,popular_item
1272794,409804,32.528157,popular_item
1272794,320130,31.803457,popular_item
1272794,312728,31.603345,popular_item
1272794,325310,30.400945,popular_item
1272794,405380,30.34115,popular_item
127311,119736,93.341381,popular_item
127311,461686,42.501946,popular_item
127311,356339,41.992234,popular_item
127311,413901,38.242194,popular_item
127311,248455,37.870508,popular_item
127311,190000,33.530561,popular_item
127311,409804,32.528157,popular_item
127311,320130,31.803457,popular_item
127311,312728,31.603345,popular_item
127311,325310,30.400945,popular_item
1273306,119736,93.341381,popular_item
1273306,461686,42.501946,popular_item
1273306,356339,41.992234,popular_item
1273306,413901,38.242194,popular_item
1273306,248455,37.870508,popular_item
1273306,190000,33.530561,popular_item
1273306,409804,32.528157,popular_item
1273306,320130,31.803457,popular_item
1273306,312728,31.603345,popular_item
1273306,325310,30.400945,popular_item
1279815,119736,93.341381,popular_item
1279815,461686,42.501946,popular_item
1279815,356339,41.992234,popular_item
1279815,413901,38.242194,popular_item
1279815,248455,37.870508,popular_item
1279815,190000,33.530561,popular_item
1279815,409804,32.528157,popular_item
1279815,320130,31.803457,popular_item
1279815,312728,31.603345,popular_item
1279815,325310,30.400945,popular_item
1286843,119736,93.341381,popular_item
1286843,461686,42.501946,popular_item
1286843,356339,41.992234,popular_item
1286843,413901,38.242194,popular_item
1286843,190000,33.530561,popular_item
1286843,409804,32.528157,popular_item
1286843,320130,31.803457,popular_item
1286843,325310,30.400945,popular_item
1286843,405380,30.34115,popular_item
1286843,63543,27.242467,popular_item
1287670,119736,93.341381,popular_item
1287670,461686,42.501946,popular_item
1287670,356339,41.992234,popular_item
1287670,413901,38.242194,popular_item
1287670,248455,37.870508,popular_item
1287670,190000,33.530561,popular_item
1287670,409804,32.528157,popular_item
1287670,320130,31.803457,popular_item
1287670,312728,31.603345,popular_item
1287670,325310,30.400945,popular_item
1287771,119736,93.341381,popular_item
1287771,461686,42.501946,popular_item
1287771,356339,41.992234,popular_item
1287771,413901,38.242194,popular_item
1287771,248455,37.870508,popular_item
1287771,190000,33.530561,popular_item
1287771,409804,32.528157,popular_item
1287771,320130,31.803457,popular_item
1287771,312728,31.603345,popular_item
1287771,325310,30.400945,popular_item
1288024,119736,93.341381,popular_item
1288024,461686,42.501946,popular_item
1288024,356339,41.992234,popular_item
1288024,413901,38.242194,popular_item
1288024,248455,37.870508,popular_item
1288024,190000,33.530561,popular_item
1288024,409804,32.528157,popular_item
1288024,320130,31.803457,popular_item
1288024,312728,31.603345,popular_item
1288024,325310,30.400945,popular_item
1289040,119736,93.341381,popular_item
1289040,461686,42.501946,popular_item
1289040,356339,41.992234,popular_item
1289040,413901,38.242194,popular_item
1289040,248455,37.870508,popular_item
1289040,190000,33.530561,popular_item
1289040,409804,32.528157,popular_item
1289040,320130,31.803457,popular_item
1289040,312728,31.603345,popular_item
1289040,325310,30.400945,popular_item
1289927,119736,93.341381,popular_item
1289927,461686,42.501946,popular_item
1289927,356339,41.992234,popular_item
1289927,413901,38.242194,popular_item
1289927,248455,37.870508,popular_item
1289927,190000,33.530561,popular_item
1289927,409804,32.528157,popular_item
1289927,320130,31.803457,popular_item
1289927,312728,31.603345,popular_item
1289927,325310,30.400945,popular_item
1293358,461686,42.501946,popular_item
1293358,356339,41.992234,popular_item
1293358,413901,38.242194,popular_item
1293358,248455,37.870508,popular_item
1293358,409804,32.528157,popular_item
1293358,320130,31.803457,popular_item
1293358,312728,31.603345,popular_item
1293358,325310,30.400945,popular_item
1293358,405380,30.34115,popular_item
1293358,63543,27.242467,popular_item
1293381,119736,93.341381,popular_item
1293381,461686,42.501946,popular_item
1293381,356339,41.992234,popular_item
1293381,413901,38.242194,popular_item
1293381,248455,37.870508,popular_item
1293381,190000,33.530561,popular_item
1293381,409804,32.528157,popular_item
1293381,320130,31.803457,popular_item
1293381,312728,31.603345,popular_item
1293381,325310,30.400945,popular_item
1296963,119736,93.341381,popular_item
1296963,461686,42.501946,popular_item
1296963,356339,41.992234,popular_item
1296963,413901,38.242194,popular_item
1296963,248455,37.870508,popular_item
1296963,190000,33.530561,popular_item
1296963,409804,32.528157,popular_item
1296963,320130,31.803457,popular_item
1296963,312728,31.603345,popular_item
1296963,325310,30.400945,popular_item
1297062,461686,42.501946,popular_item
1297062,356339,41.992234,popular_item
1297062,413901,38.242194,popular_item
1297062,248455,37.870508,popular_item
1297062,190000,33.530561,popular_item
1297062,409804,32.528157,popular_item
1297062,320130,31.803457,popular_item
1297062,312728,31.603345,popular_item
1297062,405380,30.34115,popular_item
1297062,63543,27.242467,popular_item
1297479,119736,93.341381,popular_item
1297479,461686,42.501946,popular_item
1297479,356339,41.992234,popular_item
1297479,413901,38.242194,popular_item
1297479,248455,37.870508,popular_item
1297479,190000,33.530561,popular_item
1297479,409804,32.528157,popular_item
1297479,320130,31.803457,popular_item
1297479,312728,31.603345,popular_item
1297479,325310,30.400945,popular_item
1298909,119736,93.341381,popular_item
1298909,461686,42.501946,popular_item
1298909,356339,41.992234,popular_item
1298909,413901,38.242194,popular_item
1298909,248455,37.870508,popular_item
1298909,190000,33.530561,popular_item
1298909,409804,32.528157,popular_item
1298909,320130,31.803457,popular_item
1298909,312728,31.603345,popular_item
1298909,325310,30.400945,popular_item
1300656,119736,93.341381,popular_item
1300656,461686,42.501946,popular_item
1300656,356339,41.992234,popular_item
1300656,413901,38.242194,popular_item
1300656,248455,37.870508,popular_item
1300656,190000,33.530561,popular_item
1300656,409804,32.528157,popular_item
1300656,320130,31.803457,popular_item
1300656,312728,31.603345,popular_item
1300656,325310,30.400945,popular_item
1301173,119736,93.341381,popular_item
1301173,461686,42.501946,popular_item
1301173,356339,41.992234,popular_item
1301173,413901,38.242194,popular_item
1301173,248455,37.870508,popular_item
1301173,190000,33.530561,popular_item
1301173,409804,32.528157,popular_item
1301173,320130,31.803457,popular_item
1301173,312728,31.603345,popular_item
1301173,325310,30.400945,popular_item
1306828,119736,93.341381,popular_item
1306828,461686,42.501946,popular_item
1306828,356339,41.992234,popular_item
1306828,413901,38.242194,popular_item
1306828,248455,37.870508,popular_item
1306828,190000,33.530561,popular_item
1306828,409804,32.528157,popular_item
1306828,320130,31.803457,popular_item
1306828,312728,31.603345,popular_item
1306828,325310,30.400945,popular_item
1307953,119736,93.341381,popular_item
1307953,356339,41.992234,popular_item
1307953,413901,38.242194,popular_item
1307953,248455,37.870508,popular_item
1307953,190000,33.530561,popular_item
1307953,409804,32.528157,popular_item
1307953,320130,31.803457,popular_item
1307953,312728,31.603345,popular_item
1307953,325310,30.400945,popular_item
1307953,405380,30.34115,popular_item
130999,119736,93.341381,popular_item
130999,461686,42.501946,popular_item
130999,356339,41.992234,popular_item
130999,413901,38.242194,popular_item
130999,248455,37.870508,popular_item
130999,190000,33.530561,popular_item
130999,409804,32.528157,popular_item
130999,320130,31.803457,popular_item
130999,312728,31.603345,popular_item
130999,325310,30.400945,popular_item
1310419,119736,93.341381,popular_item
1310419,461686,42.501946,popular_item
1310419,356339,41.992234,popular_item
1310419,413901,38.242194,popular_item
1310419,248455,37.870508,popular_item
1310419,190000,33.530561,popular_item
1310419,409804,32.528157,popular_item
1310419,320130,31.803457,popular_item
1310419,312728,31.603345,popular_item
1310419,325310,30.400945,popular_item
1310923,119736,93.341381,popular_item
1310923,461686,42.501946,popular_item
1310923,356339,41.992234,popular_item
1310923,413901,38.242194,popular_item
1310923,248455,37.870508,popular_item
1310923,190000,33.530561,popular_item
1310923,409804,32.528157,popular_item
1310923,320130,31.803457,popular_item
1310923,312728,31.603345,popular_item
1310923,325310,30.400945,popular_item
1311615,119736,93.341381,popular_item
1311615,461686,42.501946,popular_item
1311615,356339,41.992234,popular_item
1311615,413901,38.242194,popular_item
1311615,248455,37.870508,popular_item
1311615,190000,33.530561,popular_item
1311615,409804,32.528157,popular_item
1311615,320130,31.803457,popular_item
1311615,312728,31.603345,popular_item
1311615,325310,30.400945,popular_item
1312122,119736,93.341381,popular_item
1312122,461686,42.501946,popular_item
1312122,356339,41.992234,popular_item
1312122,413901,38.242194,popular_item
1312122,248455,37.870508,popular_item
1312122,190000,33.530561,popular_item
1312122,409804,32.528157,popular_item
1312122,320130,31.803457,popular_item
1312122,312728,31.603345,popular_item
1312122,325310,30.400945,popular_item
1313381,119736,93.341381,popular_item
1313381,461686,42.501946,popular_item
1313381,356339,41.992234,popular_item
1313381,413901,38.242194,popular_item
1313381,248455,37.870508,popular_item
1313381,190000,33.530561,popular_item
1313381,409804,32.528157,popular_item
1313381,320130,31.803457,popular_item
1313381,325310,30.400945,popular_item
1313381,405380,30.34115,popular_item
1314255,119736,93.341381,popular_item
1314255,461686,42.501946,popular_item
1314255,356339,41.992234,popular_item
1314255,413901,38.242194,popular_item
1314255,248455,37.870508,popular_item
1314255,190000,33.530561,popular_item
1314255,409804,32.528157,popular_item
1314255,320130,31.803457,popular_item
1314255,312728,31.603345,popular_item
1314255,325310,30.400945,popular_item
1314401,119736,93.341381,popular_item
1314401,461686,42.501946,popular_item
1314401,356339,41.992234,popular_item
1314401,413901,38.242194,popular_item
1314401,248455,37.870508,popular_item
1314401,190000,33.530561,popular_item
1314401,409804,32.528157,popular_item
1314401,320130,31.803457,popular_item
1314401,312728,31.603345,popular_item
1314401,325310,30.400945,popular_item
1314531,119736,93.341381,popular_item
1314531,461686,42.501946,popular_item
1314531,356339,41.992234,popular_item
1314531,413901,38.242194,popular_item
1314531,248455,37.870508,popular_item
1314531,190000,33.530561,popular_item
1314531,409804,32.528157,popular_item
1314531,320130,31.803457,popular_item
1314531,312728,31.603345,popular_item
1314531,325310,30.400945,popular_item
1317249,119736,93.341381,popular_item
1317249,461686,42.501946,popular_item
1317249,356339,41.992234,popular_item
1317249,413901,38.242194,popular_item
1317249,248455,37.870508,popular_item
1317249,190000,33.530561,popular_item
1317249,409804,32.528157,popular_item
1317249,320130,31.803457,popular_item
1317249,312728,31.603345,popular_item
1317249,325310,30.400945,popular_item
1317721,119736,93.341381,popular_item
1317721,461686,42.501946,popular_item
1317721,356339,41.992234,popular_item
1317721,413901,38.242194,popular_item
1317721,248455,37.870508,popular_item
1317721,190000,33.530561,popular_item
1317721,409804,32.528157,popular_item
1317721,320130,31.803457,popular_item
1317721,312728,31.603345,popular_item
1317721,325310,30.400945,popular_item
1318103,119736,93.341381,popular_item
1318103,461686,42.501946,popular_item
1318103,356339,41.992234,popular_item
1318103,413901,38.242194,popular_item
1318103,248455,37.870508,popular_item
1318103,190000,33.530561,popular_item
1318103,409804,32.528157,popular_item
1318103,320130,31.803457,popular_item
1318103,312728,31.603345,popular_item
1318103,325310,30.400945,popular_item
1319406,119736,93.341381,popular_item
1319406,461686,42.501946,popular_item
1319406,356339,41.992234,popular_item
1319406,413901,38.242194,popular_item
1319406,248455,37.870508,popular_item
1319406,190000,33.530561,popular_item
1319406,409804,32.528157,popular_item
1319406,325310,30.400945,popular_item
1319406,405380,30.34115,popular_item
1319406,63543,27.242467,popular_item
132066,119736,93.341381,popular_item
132066,461686,42.501946,popular_item
132066,356339,41.992234,popular_item
132066,413901,38.242194,popular_item
132066,248455,37.870508,popular_item
132066,190000,33.530561,popular_item
132066,409804,32.528157,popular_item
132066,320130,31.803457,popular_item
132066,312728,31.603345,popular_item
132066,405380,30.34115,popular_item
1322350,119736,93.341381,popular_item
1322350,461686,42.501946,popular_item
1322350,356339,41.992234,popular_item
1322350,413901,38.242194,popular_item
1322350,248455,37.870508,popular_item
1322350,190000,33.530561,popular_item
1322350,409804,32.528157,popular_item
1322350,320130,31.803457,popular_item
1322350,312728,31.603345,popular_item
1322350,325310,30.400945,popular_item
1323386,119736,93.341381,popular_item
1323386,356339,41.992234,popular_item
1323386,413901,38.242194,popular_item
1323386,248455,37.870508,popular_item
1323386,190000,33.530561,popular_item
1323386,409804,32.528157,popular_item
1323386,320130,31.803457,popular_item
1323386,312728,31.603345,popular_item
1323386,325310,30.400945,popular_item
1323386,405380,30.34115,popular_item
1323752,119736,93.341381,popular_item
1323752,461686,42.501946,popular_item
1323752,356339,41.992234,popular_item
1323752,413901,38.242194,popular_item
1323752,248455,37.870508,popular_item
1323752,190000,33.530561,popular_item
1323752,409804,32.528157,popular_item
1323752,320130,31.803457,popular_item
1323752,312728,31.603345,popular_item
1323752,325310,30.400945,popular_item
1324043,119736,93.341381,popular_item
1324043,461686,42.501946,popular_item
1324043,356339,41.992234,popular_item
1324043,413901,38.242194,popular_item
1324043,248455,37.870508,popular_item
1324043,190000,33.530561,popular_item
1324043,409804,32.528157,popular_item
1324043,320130,31.803457,popular_item
1324043,312728,31.603345,popular_item
1324043,325310,30.400945,popular_item
132676,119736,93.341381,popular_item
132676,461686,42.501946,popular_item
132676,356339,41.992234,popular_item
132676,413901,38.242194,popular_item
132676,248455,37.870508,popular_item
132676,190000,33.530561,popular_item
132676,409804,32.528157,popular_item
132676,320130,31.803457,popular_item
132676,312728,31.603345,popular_item
132676,325310,30.400945,popular_item
1326989,119736,93.341381,popular_item
1326989,461686,42.501946,popular_item
1326989,356339,41.992234,popular_item
1326989,413901,38.242194,popular_item
1326989,248455,37.870508,popular_item
1326989,190000,33.530561,popular_item
1326989,409804,32.528157,popular_item
1326989,320130,31.803457,popular_item
1326989,312728,31.603345,popular_item
1326989,325310,30.400945,popular_item
1327144,119736,93.341381,popular_item
1327144,461686,42.501946,popular_item
1327144,356339,41.992234,popular_item
1327144,413901,38.242194,popular_item
1327144,248455,37.870508,popular_item
1327144,190000,33.530561,popular_item
1327144,409804,32.528157,popular_item
1327144,312728,31.603345,popular_item
1327144,325310,30.400945,popular_item
1327144,405380,30.34115,popular_item
1328192,119736,93.341381,popular_item
1328192,461686,42.501946,popular_item
1328192,356339,41.992234,popular_item
1328192,413901,38.242194,popular_item
1328192,248455,37.870508,popular_item
1328192,190000,33.530561,popular_item
1328192,409804,32.528157,popular_item
1328192,320130,31.803457,popular_item
1328192,312728,31.603345,popular_item
1328192,325310,30.400945,popular_item
1330764,119736,93.341381,popular_item
1330764,461686,42.501946,popular_item
1330764,356339,41.992234,popular_item
1330764,413901,38.242194,popular_item
1330764,248455,37.870508,popular_item
1330764,190000,33.530561,popular_item
1330764,409804,32.528157,popular_item
1330764,320130,31.803457,popular_item
1330764,312728,31.603345,popular_item
1330764,325310,30.400945,popular_item
1332095,119736,93.341381,popular_item
1332095,461686,42.501946,popular_item
1332095,356339,41.992234,popular_item
1332095,413901,38.242194,popular_item
1332095,248455,37.870508,popular_item
1332095,190000,33.530561,popular_item
1332095,409804,32.528157,popular_item
1332095,320130,31.803457,popular_item
1332095,312728,31.603345,popular_item
1332095,325310,30.400945,popular_item
1335508,119736,93.341381,popular_item
1335508,461686,42.501946,popular_item
1335508,356339,41.992234,popular_item
1335508,413901,38.242194,popular_item
1335508,248455,37.870508,popular_item
1335508,190000,33.530561,popular_item
1335508,409804,32.528157,popular_item
1335508,320130,31.803457,popular_item
1335508,312728,31.603345,popular_item
1335508,325310,30.400945,popular_item
1336520,119736,93.341381,popular_item
1336520,461686,42.501946,popular_item
1336520,356339,41.992234,popular_item
1336520,413901,38.242194,popular_item
1336520,248455,37.870508,popular_item
1336520,190000,33.530561,popular_item
1336520,409804,32.528157,popular_item
1336520,320130,31.803457,popular_item
1336520,312728,31.603345,popular_item
1336520,325310,30.400945,popular_item
1336659,119736,93.341381,popular_item
1336659,461686,42.501946,popular_item
1336659,356339,41.992234,popular_item
1336659,413901,38.242194,popular_item
1336659,248455,37.870508,popular_item
1336659,190000,33.530561,popular_item
1336659,409804,32.528157,popular_item
1336659,320130,31.803457,popular_item
1336659,312728,31.603345,popular_item
1336659,325310,30.400945,popular_item
1336835,119736,93.341381,popular_item
1336835,461686,42.501946,popular_item
1336835,356339,41.992234,popular_item
1336835,413901,38.242194,popular_item
1336835,248455,37.870508,popular_item
1336835,190000,33.530561,popular_item
1336835,409804,32.528157,popular_item
1336835,320130,31.803457,popular_item
1336835,312728,31.603345,popular_item
1336835,325310,30.400945,popular_item
1340078,119736,93.341381,popular_item
1340078,461686,42.501946,popular_item
1340078,356339,41.992234,popular_item
1340078,413901,38.242194,popular_item
1340078,248455,37.870508,popular_item
1340078,190000,33.530561,popular_item
1340078,409804,32.528157,popular_item
1340078,320130,31.803457,popular_item
1340078,312728,31.603345,popular_item
1340078,325310,30.400945,popular_item
1341202,119736,93.341381,popular_item
1341202,461686,42.501946,popular_item
1341202,356339,41.992234,popular_item
1341202,413901,38.242194,popular_item
1341202,248455,37.870508,popular_item
1341202,190000,33.530561,popular_item
1341202,409804,32.528157,popular_item
1341202,320130,31.803457,popular_item
1341202,312728,31.603345,popular_item
1341202,325310,30.400945,popular_item
1343677,461686,42.501946,popular_item
1343677,356339,41.992234,popular_item
1343677,413901,38.242194,popular_item
1343677,248455,37.870508,popular_item
1343677,190000,33.530561,popular_item
1343677,409804,32.528157,popular_item
1343677,320130,31.803457,popular_item
1343677,312728,31.603345,popular_item
1343677,325310,30.400945,popular_item
1343677,405380,30.34115,popular_item
1347099,119736,93.341381,popular_item
1347099,461686,42.501946,popular_item
1347099,356339,41.992234,popular_item
1347099,413901,38.242194,popular_item
1347099,248455,37.870508,popular_item
1347099,190000,33.530561,popular_item
1347099,409804,32.528157,popular_item
1347099,320130,31.803457,popular_item
1347099,312728,31.603345,popular_item
1347099,325310,30.400945,popular_item
1348163,119736,93.341381,popular_item
1348163,461686,42.501946,popular_item
1348163,356339,41.992234,popular_item
1348163,413901,38.242194,popular_item
1348163,248455,37.870508,popular_item
1348163,190000,33.530561,popular_item
1348163,409804,32.528157,popular_item
1348163,320130,31.803457,popular_item
1348163,312728,31.603345,popular_item
1348163,325310,30.400945,popular_item
1349746,119736,93.341381,popular_item
1349746,461686,42.501946,popular_item
1349746,356339,41.992234,popular_item
1349746,413901,38.242194,popular_item
1349746,248455,37.870508,popular_item
1349746,190000,33.530561,popular_item
1349746,409804,32.528157,popular_item
1349746,320130,31.803457,popular_item
1349746,312728,31.603345,popular_item
1349746,325310,30.400945,popular_item
1350190,119736,93.341381,popular_item
1350190,461686,42.501946,popular_item
1350190,356339,41.992234,popular_item
1350190,413901,38.242194,popular_item
1350190,248455,37.870508,popular_item
1350190,190000,33.530561,popular_item
1350190,409804,32.528157,popular_item
1350190,320130,31.803457,popular_item
1350190,312728,31.603345,popular_item
1350190,325310,30.400945,popular_item
1352044,119736,93.341381,popular_item
1352044,461686,42.501946,popular_item
1352044,356339,41.992234,popular_item
1352044,413901,38.242194,popular_item
1352044,248455,37.870508,popular_item
1352044,190000,33.530561,popular_item
1352044,409804,32.528157,popular_item
1352044,320130,31.803457,popular_item
1352044,312728,31.603345,popular_item
1352044,325310,30.400945,popular_item
1352334,119736,93.341381,popular_item
1352334,461686,42.501946,popular_item
1352334,356339,41.992234,popular_item
1352334,413901,38.242194,popular_item
1352334,248455,37.870508,popular_item
1352334,190000,33.530561,popular_item
1352334,409804,32.528157,popular_item
1352334,320130,31.803457,popular_item
1352334,312728,31.603345,popular_item
1352334,325310,30.400945,popular_item
1353280,119736,93.341381,popular_item
1353280,461686,42.501946,popular_item
1353280,356339,41.992234,popular_item
1353280,413901,38.242194,popular_item
1353280,248455,37.870508,popular_item
1353280,190000,33.530561,popular_item
1353280,409804,32.528157,popular_item
1353280,320130,31.803457,popular_item
1353280,312728,31.603345,popular_item
1353280,325310,30.400945,popular_item
1354736,119736,93.341381,popular_item
1354736,461686,42.501946,popular_item
1354736,356339,41.992234,popular_item
1354736,413901,38.242194,popular_item
1354736,248455,37.870508,popular_item
1354736,190000,33.530561,popular_item
1354736,409804,32.528157,popular_item
1354736,320130,31.803457,popular_item
1354736,312728,31.603345,popular_item
1354736,325310,30.400945,popular_item
1355799,119736,93.341381,popular_item
1355799,461686,42.501946,popular_item
1355799,356339,41.992234,popular_item
1355799,413901,38.242194,popular_item
1355799,248455,37.870508,popular_item
1355799,190000,33.530561,popular_item
1355799,409804,32.528157,popular_item
1355799,320130,31.803457,popular_item
1355799,312728,31.603345,popular_item
1355799,325310,30.400945,popular_item
1356496,119736,93.341381,popular_item
1356496,461686,42.501946,popular_item
1356496,356339,41.992234,popular_item
1356496,413901,38.242194,popular_item
1356496,248455,37.870508,popular_item
1356496,190000,33.530561,popular_item
1356496,409804,32.528157,popular_item
1356496,320130,31.803457,popular_item
1356496,312728,31.603345,popular_item
1356496,325310,30.400945,popular_item
1356634,119736,93.341381,popular_item
1356634,461686,42.501946,popular_item
1356634,356339,41.992234,popular_item
1356634,413901,38.242194,popular_item
1356634,248455,37.870508,popular_item
1356634,190000,33.530561,popular_item
1356634,409804,32.528157,popular_item
1356634,320130,31.803457,popular_item
1356634,312728,31.603345,popular_item
1356634,325310,30.400945,popular_item
1356918,119736,93.341381,popular_item
1356918,461686,42.501946,popular_item
1356918,356339,41.992234,popular_item
1356918,413901,38.242194,popular_item
1356918,248455,37.870508,popular_item
1356918,190000,33.530561,popular_item
1356918,409804,32.528157,popular_item
1356918,320130,31.803457,popular_item
1356918,312728,31.603345,popular_item
1356918,325310,30.400945,popular_item
1357083,119736,93.341381,popular_item
1357083,461686,42.501946,popular_item
1357083,356339,41.992234,popular_item
1357083,413901,38.242194,popular_item
1357083,248455,37.870508,popular_item
1357083,409804,32.528157,popular_item
1357083,320130,31.803457,popular_item
1357083,312728,31.603345,popular_item
1357083,325310,30.400945,popular_item
1357083,405380,30.34115,popular_item
1357576,119736,93.341381,popular_item
1357576,461686,42.501946,popular_item
1357576,356339,41.992234,popular_item
1357576,413901,38.242194,popular_item
1357576,248455,37.870508,popular_item
1357576,190000,33.530561,popular_item
1357576,409804,32.528157,popular_item
1357576,320130,31.803457,popular_item
1357576,312728,31.603345,popular_item
1357576,325310,30.400945,popular_item
1358147,119736,93.341381,popular_item
1358147,461686,42.501946,popular_item
1358147,356339,41.992234,popular_item
1358147,413901,38.242194,popular_item
1358147,248455,37.870508,popular_item
1358147,190000,33.530561,popular_item
1358147,409804,32.528157,popular_item
1358147,320130,31.803457,popular_item
1358147,312728,31.603345,popular_item
1358147,325310,30.400945,popular_item
1358298,119736,93.341381,popular_item
1358298,461686,42.501946,popular_item
1358298,356339,41.992234,popular_item
1358298,413901,38.242194,popular_item
1358298,248455,37.870508,popular_item
1358298,190000,33.530561,popular_item
1358298,409804,32.528157,popular_item
1358298,320130,31.803457,popular_item
1358298,312728,31.603345,popular_item
1358298,325310,30.400945,popular_item
1359187,119736,93.341381,popular_item
1359187,461686,42.501946,popular_item
1359187,356339,41.992234,popular_item
1359187,413901,38.242194,popular_item
1359187,248455,37.870508,popular_item
1359187,190000,33.530561,popular_item
1359187,409804,32.528157,popular_item
1359187,320130,31.803457,popular_item
1359187,312728,31.603345,popular_item
1359187,325310,30.400945,popular_item
1360073,119736,93.341381,popular_item
1360073,461686,42.501946,popular_item
1360073,356339,41.992234,popular_item
1360073,413901,38.242194,popular_item
1360073,248455,37.870508,popular_item
1360073,190000,33.530561,popular_item
1360073,409804,32.528157,popular_item
1360073,320130,31.803457,popular_item
1360073,312728,31.603345,popular_item
1360073,325310,30.400945,popular_item
1361818,119736,93.341381,popular_item
1361818,461686,42.501946,popular_item
1361818,356339,41.992234,popular_item
1361818,413901,38.242194,popular_item
1361818,248455,37.870508,popular_item
1361818,190000,33.530561,popular_item
1361818,409804,32.528157,popular_item
1361818,320130,31.803457,popular_item
1361818,312728,31.603345,popular_item
1361818,325310,30.400945,popular_item
1363612,119736,93.341381,popular_item
1363612,461686,42.501946,popular_item
1363612,356339,41.992234,popular_item
1363612,413901,38.242194,popular_item
1363612,248455,37.870508,popular_item
1363612,190000,33.530561,popular_item
1363612,409804,32.528157,popular_item
1363612,320130,31.803457,popular_item
1363612,312728,31.603345,popular_item
1363612,325310,30.400945,popular_item
1364162,119736,93.341381,popular_item
1364162,461686,42.501946,popular_item
1364162,356339,41.992234,popular_item
1364162,413901,38.242194,popular_item
1364162,248455,37.870508,popular_item
1364162,190000,33.530561,popular_item
1364162,409804,32.528157,popular_item
1364162,320130,31.803457,popular_item
1364162,312728,31.603345,popular_item
1364162,325310,30.400945,popular_item
1364455,119736,93.341381,popular_item
1364455,461686,42.501946,popular_item
1364455,356339,41.992234,popular_item
1364455,413901,38.242194,popular_item
1364455,248455,37.870508,popular_item
1364455,190000,33.530561,popular_item
1364455,409804,32.528157,popular_item
1364455,320130,31.803457,popular_item
1364455,312728,31.603345,popular_item
1364455,325310,30.400945,popular_item
1365706,119736,93.341381,popular_item
1365706,461686,42.501946,popular_item
1365706,356339,41.992234,popular_item
1365706,413901,38.242194,popular_item
1365706,248455,37.870508,popular_item
1365706,190000,33.530561,popular_item
1365706,409804,32.528157,popular_item
1365706,320130,31.803457,popular_item
1365706,312728,31.603345,popular_item
1365706,325310,30.400945,popular_item
1367426,119736,93.341381,popular_item
1367426,461686,42.501946,popular_item
1367426,356339,41.992234,popular_item
1367426,413901,38.242194,popular_item
1367426,248455,37.870508,popular_item
1367426,190000,33.530561,popular_item
1367426,409804,32.528157,popular_item
1367426,320130,31.803457,popular_item
1367426,312728,31.603345,popular_item
1367426,325310,30.400945,popular_item
1369328,119736,93.341381,popular_item
1369328,461686,42.501946,popular_item
1369328,413901,38.242194,popular_item
1369328,248455,37.870508,popular_item
1369328,190000,33.530561,popular_item
1369328,409804,32.528157,popular_item
1369328,320130,31.803457,popular_item
1369328,312728,31.603345,popular_item
1369328,325310,30.400945,popular_item
1369328,405380,30.34115,popular_item
1369915,119736,93.341381,popular_item
1369915,461686,42.501946,popular_item
1369915,356339,41.992234,popular_item
1369915,413901,38.242194,popular_item
1369915,248455,37.870508,popular_item
1369915,190000,33.530561,popular_item
1369915,409804,32.528157,popular_item
1369915,320130,31.803457,popular_item
1369915,312728,31.603345,popular_item
1369915,325310,30.400945,popular_item
1370935,119736,93.341381,popular_item
1370935,461686,42.501946,popular_item
1370935,356339,41.992234,popular_item
1370935,413901,38.242194,popular_item
1370935,248455,37.870508,popular_item
1370935,190000,33.530561,popular_item
1370935,409804,32.528157,popular_item
1370935,320130,31.803457,popular_item
1370935,312728,31.603345,popular_item
1370935,325310,30.400945,popular_item
1376763,356339,41.992234,popular_item
1376763,413901,38.242194,popular_item
1376763,248455,37.870508,popular_item
1376763,190000,33.530561,popular_item
1376763,409804,32.528157,popular_item
1376763,320130,31.803457,popular_item
1376763,312728,31.603345,popular_item
1376763,325310,30.400945,popular_item
1376763,405380,30.34115,popular_item
1376763,98071,24.960201,popular_item
1377305,119736,93.341381,popular_item
1377305,461686,42.501946,popular_item
1377305,356339,41.992234,popular_item
1377305,413901,38.242194,popular_item
1377305,248455,37.870508,popular_item
1377305,190000,33.530561,popular_item
1377305,409804,32.528157,popular_item
1377305,320130,31.803457,popular_item
1377305,312728,31.603345,popular_item
1377305,325310,30.400945,popular_item
1378697,119736,93.341381,popular_item
1378697,461686,42.501946,popular_item
1378697,356339,41.992234,popular_item
1378697,413901,38.242194,popular_item
1378697,248455,37.870508,popular_item
1378697,190000,33.530561,popular_item
1378697,320130,31.803457,popular_item
1378697,325310,30.400945,popular_item
1378697,405380,30.34115,popular_item
1378697,63543,27.242467,popular_item
1379848,119736,93.341381,popular_item
1379848,461686,42.501946,popular_item
1379848,356339,41.992234,popular_item
1379848,413901,38.242194,popular_item
1379848,248455,37.870508,popular_item
1379848,190000,33.530561,popular_item
1379848,409804,32.528157,popular_item
1379848,320130,31.803457,popular_item
1379848,312728,31.603345,popular_item
1379848,325310,30.400945,popular_item
1380247,119736,93.341381,popular_item
1380247,461686,42.501946,popular_item
1380247,356339,41.992234,popular_item
1380247,413901,38.242194,popular_item
1380247,248455,37.870508,popular_item
1380247,190000,33.530561,popular_item
1380247,409804,32.528157,popular_item
1380247,320130,31.803457,popular_item
1380247,312728,31.603345,popular_item
1380247,325310,30.400945,popular_item
1380669,119736,93.341381,popular_item
1380669,461686,42.501946,popular_item
1380669,356339,41.992234,popular_item
1380669,413901,38.242194,popular_item
1380669,248455,37.870508,popular_item
1380669,190000,33.530561,popular_item
1380669,409804,32.528157,popular_item
1380669,312728,31.603345,popular_item
1380669,325310,30.400945,popular_item
1380669,405380,30.34115,popular_item
138131,356339,41.992234,popular_item
138131,413901,38.242194,popular_item
138131,248455,37.870508,popular_item
138131,190000,33.530561,popular_item
138131,409804,32.528157,popular_item
138131,325310,30.400945,popular_item
138131,405380,30.34115,popular_item
138131,63543,27.242467,popular_item
138131,98071,24.960201,popular_item
138131,368403,24.710523,popular_item
1381830,119736,93.341381,popular_item
1381830,461686,42.501946,popular_item
1381830,356339,41.992234,popular_item
1381830,413901,38.242194,popular_item
1381830,248455,37.870508,popular_item
1381830,190000,33.530561,popular_item
1381830,409804,32.528157,popular_item
1381830,320130,31.803457,popular_item
1381830,312728,31.603345,popular_item
1381830,325310,30.400945,popular_item
1381934,119736,93.341381,popular_item
1381934,461686,42.501946,popular_item
1381934,356339,41.992234,popular_item
1381934,413901,38.242194,popular_item
1381934,248455,37.870508,popular_item
1381934,190000,33.530561,popular_item
1381934,409804,32.528157,popular_item
1381934,320130,31.803457,popular_item
1381934,312728,31.603345,popular_item
1381934,325310,30.400945,popular_item
1383723,119736,93.341381,popular_item
1383723,461686,42.501946,popular_item
1383723,356339,41.992234,popular_item
1383723,413901,38.242194,popular_item
1383723,248455,37.870508,popular_item
1383723,190000,33.530561,popular_item
1383723,409804,32.528157,popular_item
1383723,320130,31.803457,popular_item
1383723,312728,31.603345,popular_item
1383723,325310,30.400945,popular_item
1384823,119736,93.341381,popular_item
1384823,461686,42.501946,popular_item
1384823,356339,41.992234,popular_item
1384823,413901,38.242194,popular_item
1384823,248455,37.870508,popular_item
1384823,190000,33.530561,popular_item
1384823,409804,32.528157,popular_item
1384823,320130,31.803457,popular_item
1384823,312728,31.603345,popular_item
1384823,325310,30.400945,popular_item
1385029,119736,93.341381,popular_item
1385029,461686,42.501946,popular_item
1385029,356339,41.992234,popular_item
1385029,413901,38.242194,popular_item
1385029,248455,37.870508,popular_item
1385029,190000,33.530561,popular_item
1385029,409804,32.528157,popular_item
1385029,320130,31.803457,popular_item
1385029,312728,31.603345,popular_item
1385029,325310,30.400945,popular_item
1385073,461686,42.501946,popular_item
1385073,356339,41.992234,popular_item
1385073,413901,38.242194,popular_item
1385073,248455,37.870508,popular_item
1385073,190000,33.530561,popular_item
1385073,409804,32.528157,popular_item
1385073,320130,31.803457,popular_item
1385073,312728,31.603345,popular_item
1385073,325310,30.400945,popular_item
1385073,405380,30.34115,popular_item
1385214,119736,93.341381,popular_item
1385214,461686,42.501946,popular_item
1385214,356339,41.992234,popular_item
1385214,413901,38.242194,popular_item
1385214,248455,37.870508,popular_item
1385214,190000,33.530561,popular_item
1385214,409804,32.528157,popular_item
1385214,320130,31.803457,popular_item
1385214,312728,31.603345,popular_item
1385214,325310,30.400945,popular_item
138604,119736,93.341381,popular_item
138604,461686,42.501946,popular_item
138604,356339,41.992234,popular_item
138604,413901,38.242194,popular_item
138604,248455,37.870508,popular_item
138604,190000,33.530561,popular_item
138604,409804,32.528157,popular_item
138604,320130,31.803457,popular_item
138604,312728,31.603345,popular_item
138604,325310,30.400945,popular_item
1386940,119736,93.341381,popular_item
1386940,461686,42.501946,popular_item
1386940,356339,41.992234,popular_item
1386940,413901,38.242194,popular_item
1386940,248455,37.870508,popular_item
1386940,190000,33.530561,popular_item
1386940,409804,32.528157,popular_item
1386940,320130,31.803457,popular_item
1386940,312728,31.603345,popular_item
1386940,325310,30.400945,popular_item
1388617,119736,93.341381,popular_item
1388617,461686,42.501946,popular_item
1388617,356339,41.992234,popular_item
1388617,413901,38.242194,popular_item
1388617,248455,37.870508,popular_item
1388617,190000,33.530561,popular_item
1388617,409804,32.528157,popular_item
1388617,320130,31.803457,popular_item
1388617,312728,31.603345,popular_item
1388617,325310,30.400945,popular_item
1391782,119736,93.341381,popular_item
1391782,461686,42.501946,popular_item
1391782,356339,41.992234,popular_item
1391782,413901,38.242194,popular_item
1391782,248455,37.870508,popular_item
1391782,190000,33.530561,popular_item
1391782,409804,32.528157,popular_item
1391782,320130,31.803457,popular_item
1391782,312728,31.603345,popular_item
1391782,325310,30.400945,popular_item
1391871,119736,93.341381,popular_item
1391871,461686,42.501946,popular_item
1391871,356339,41.992234,popular_item
1391871,413901,38.242194,popular_item
1391871,248455,37.870508,popular_item
1391871,190000,33.530561,popular_item
1391871,409804,32.528157,popular_item
1391871,320130,31.803457,popular_item
1391871,312728,31.603345,popular_item
1391871,325310,30.400945,popular_item
1392092,119736,93.341381,popular_item
1392092,461686,42.501946,popular_item
1392092,356339,41.992234,popular_item
1392092,413901,38.242194,popular_item
1392092,248455,37.870508,popular_item
1392092,190000,33.530561,popular_item
1392092,409804,32.528157,popular_item
1392092,320130,31.803457,popular_item
1392092,312728,31.603345,popular_item
1392092,325310,30.400945,popular_item
1392946,119736,93.341381,popular_item
1392946,461686,42.501946,popular_item
1392946,356339,41.992234,popular_item
1392946,413901,38.242194,popular_item
1392946,248455,37.870508,popular_item
1392946,190000,33.530561,popular_item
1392946,409804,32.528157,popular_item
1392946,320130,31.803457,popular_item
1392946,312728,31.603345,popular_item
1392946,405380,30.34115,popular_item
1394708,119736,93.341381,popular_item
1394708,461686,42.501946,popular_item
1394708,356339,41.992234,popular_item
1394708,413901,38.242194,popular_item
1394708,248455,37.870508,popular_item
1394708,190000,33.530561,popular_item
1394708,409804,32.528157,popular_item
1394708,320130,31.803457,popular_item
1394708,325310,30.400945,popular_item
1394708,405380,30.34115,popular_item
1394949,119736,93.341381,popular_item
1394949,461686,42.501946,popular_item
1394949,356339,41.992234,popular_item
1394949,413901,38.242194,popular_item
1394949,248455,37.870508,popular_item
1394949,190000,33.530561,popular_item
1394949,409804,32.528157,popular_item
1394949,320130,31.803457,popular_item
1394949,312728,31.603345,popular_item
1394949,325310,30.400945,popular_item
1398811,119736,93.341381,popular_item
1398811,461686,42.501946,popular_item
1398811,356339,41.992234,popular_item
1398811,413901,38.242194,popular_item
1398811,248455,37.870508,popular_item
1398811,190000,33.530561,popular_item
1398811,409804,32.528157,popular_item
1398811,320130,31.803457,popular_item
1398811,312728,31.603345,popular_item
1398811,325310,30.400945,popular_item
1403769,119736,93.341381,popular_item
1403769,461686,42.501946,popular_item
1403769,356339,41.992234,popular_item
1403769,413901,38.242194,popular_item
1403769,248455,37.870508,popular_item
1403769,190000,33.530561,popular_item
1403769,320130,31.803457,popular_item
1403769,325310,30.400945,popular_item
1403769,405380,30.34115,popular_item
1403769,63543,27.242467,popular_item
1406637,119736,93.341381,popular_item
1406637,461686,42.501946,popular_item
1406637,356339,41.992234,popular_item
1406637,413901,38.242194,popular_item
1406637,248455,37.870508,popular_item
1406637,190000,33.530561,popular_item
1406637,409804,32.528157,popular_item
1406637,320130,31.803457,popular_item
1406637,312728,31.603345,popular_item
1406637,325310,30.400945,popular_item
1407340,119736,93.341381,popular_item
1407340,461686,42.501946,popular_item
1407340,356339,41.992234,popular_item
1407340,413901,38.242194,popular_item
1407340,248455,37.870508,popular_item
1407340,190000,33.530561,popular_item
1407340,409804,32.528157,popular_item
1407340,320130,31.803457,popular_item
1407340,312728,31.603345,popular_item
1407340,325310,30.400945,popular_item
142785,119736,93.341381,popular_item
142785,461686,42.501946,popular_item
142785,356339,41.992234,popular_item
142785,413901,38.242194,popular_item
142785,248455,37.870508,popular_item
142785,190000,33.530561,popular_item
142785,409804,32.528157,popular_item
142785,320130,31.803457,popular_item
142785,312728,31.603345,popular_item
142785,325310,30.400945,popular_item
145721,119736,93.341381,popular_item
145721,461686,42.501946,popular_item
145721,356339,41.992234,popular_item
145721,413901,38.242194,popular_item
145721,248455,37.870508,popular_item
145721,190000,33.530561,popular_item
145721,409804,32.528157,popular_item
145721,320130,31.803457,popular_item
145721,312728,31.603345,popular_item
145721,325310,30.400945,popular_item
146698,119736,93.341381,popular_item
146698,461686,42.501946,popular_item
146698,356339,41.992234,popular_item
146698,413901,38.242194,popular_item
146698,248455,37.870508,popular_item
146698,190000,33.530561,popular_item
146698,409804,32.528157,popular_item
146698,320130,31.803457,popular_item
146698,312728,31.603345,popular_item
146698,325310,30.400945,popular_item
14735,119736,93.341381,popular_item
14735,461686,42.501946,popular_item
14735,356339,41.992234,popular_item
14735,413901,38.242194,popular_item
14735,248455,37.870508,popular_item
14735,190000,33.530561,popular_item
14735,409804,32.528157,popular_item
14735,320130,31.803457,popular_item
14735,312728,31.603345,popular_item
14735,325310,30.400945,popular_item
148927,119736,93.341381,popular_item
148927,461686,42.501946,popular_item
148927,356339,41.992234,popular_item
148927,413901,38.242194,popular_item
148927,248455,37.870508,popular_item
148927,190000,33.530561,popular_item
148927,409804,32.528157,popular_item
148927,320130,31.803457,popular_item
148927,312728,31.603345,popular_item
148927,325310,30.400945,popular_item
150651,119736,93.341381,popular_item
150651,461686,42.501946,popular_item
150651,356339,41.992234,popular_item
150651,413901,38.242194,popular_item
150651,248455,37.870508,popular_item
150651,190000,33.530561,popular_item
150651,409804,32.528157,popular_item
150651,320130,31.803457,popular_item
150651,312728,31.603345,popular_item
150651,325310,30.400945,popular_item
152635,119736,93.341381,popular_item
152635,461686,42.501946,popular_item
152635,356339,41.992234,popular_item
152635,413901,38.242194,popular_item
152635,248455,37.870508,popular_item
152635,190000,33.530561,popular_item
152635,409804,32.528157,popular_item
152635,320130,31.803457,popular_item
152635,312728,31.603345,popular_item
152635,325310,30.400945,popular_item
152693,119736,93.341381,popular_item
152693,461686,42.501946,popular_item
152693,356339,41.992234,popular_item
152693,413901,38.242194,popular_item
152693,248455,37.870508,popular_item
152693,190000,33.530561,popular_item
152693,409804,32.528157,popular_item
152693,320130,31.803457,popular_item
152693,312728,31.603345,popular_item
152693,325310,30.400945,popular_item
152963,356339,41.992234,popular_item
152963,413901,38.242194,popular_item
152963,409804,32.528157,popular_item
152963,98071,24.960201,popular_item
152963,368403,24.710523,popular_item
152963,6605,23.401338,popular_item
152963,128296,22.534901,popular_item
152963,133138,21.871604,popular_item
152963,188051,21.176775,popular_item
152963,357949,21.032506,popular_item
153600,119736,93.341381,popular_item
153600,461686,42.501946,popular_item
153600,356339,41.992234,popular_item
153600,413901,38.242194,popular_item
153600,248455,37.870508,popular_item
153600,190000,33.530561,popular_item
153600,409804,32.528157,popular_item
153600,320130,31.803457,popular_item
153600,312728,31.603345,popular_item
153600,325310,30.400945,popular_item
155171,119736,93.341381,popular_item
155171,461686,42.501946,popular_item
155171,356339,41.992234,popular_item
155171,413901,38.242194,popular_item
155171,248455,37.870508,popular_item
155171,190000,33.530561,popular_item
155171,409804,32.528157,popular_item
155171,320130,31.803457,popular_item
155171,312728,31.603345,popular_item
155171,325310,30.400945,popular_item
157844,119736,93.341381,popular_item
157844,461686,42.501946,popular_item
157844,356339,41.992234,popular_item
157844,413901,38.242194,popular_item
157844,248455,37.870508,popular_item
157844,190000,33.530561,popular_item
157844,409804,32.528157,popular_item
157844,320130,31.803457,popular_item
157844,312728,31.603345,popular_item
157844,325310,30.400945,popular_item
160804,119736,93.341381,popular_item
160804,461686,42.501946,popular_item
160804,356339,41.992234,popular_item
160804,413901,38.242194,popular_item
160804,248455,37.870508,popular_item
160804,190000,33.530561,popular_item
160804,409804,32.528157,popular_item
160804,320130,31.803457,popular_item
160804,312728,31.603345,popular_item
160804,325310,30.400945,popular_item
163049,119736,93.341381,popular_item
163049,461686,42.501946,popular_item
163049,356339,41.992234,popular_item
163049,413901,38.242194,popular_item
163049,248455,37.870508,popular_item
163049,190000,33.530561,popular_item
163049,409804,32.528157,popular_item
163049,320130,31.803457,popular_item
163049,312728,31.603345,popular_item
163049,405380,30.34115,popular_item
163561,356339,41.992234,popular_item
163561,413901,38.242194,popular_item
163561,248455,37.870508,popular_item
163561,190000,33.530561,popular_item
163561,409804,32.528157,popular_item
163561,312728,31.603345,popular_item
163561,325310,30.400945,popular_item
163561,405380,30.34115,popular_item
163561,63543,27.242467,popular_item
163561,98071,24.960201,popular_item
164201,119736,93.341381,popular_item
164201,461686,42.501946,popular_item
164201,356339,41.992234,popular_item
164201,413901,38.242194,popular_item
164201,248455,37.870508,popular_item
164201,190000,33.530561,popular_item
164201,409804,32.528157,popular_item
164201,320130,31.803457,popular_item
164201,312728,31.603345,popular_item
164201,325310,30.400945,popular_item
165052,119736,93.341381,popular_item
165052,461686,42.501946,popular_item
165052,356339,41.992234,popular_item
165052,413901,38.242194,popular_item
165052,248455,37.870508,popular_item
165052,190000,33.530561,popular_item
165052,409804,32.528157,popular_item
165052,320130,31.803457,popular_item
165052,325310,30.400945,popular_item
165052,405380,30.34115,popular_item
165542,119736,93.341381,popular_item
165542,461686,42.501946,popular_item
165542,356339,41.992234,popular_item
165542,413901,38.242194,popular_item
165542,248455,37.870508,popular_item
165542,190000,33.530561,popular_item
165542,409804,32.528157,popular_item
165542,320130,31.803457,popular_item
165542,312728,31.603345,popular_item
165542,325310,30.400945,popular_item
165712,119736,93.341381,popular_item
165712,461686,42.501946,popular_item
165712,356339,41.992234,popular_item
165712,413901,38.242194,popular_item
165712,248455,37.870508,popular_item
165712,190000,33.530561,popular_item
165712,409804,32.528157,popular_item
165712,320130,31.803457,popular_item
165712,312728,31.603345,popular_item
165712,325310,30.400945,popular_item
165839,119736,93.341381,popular_item
165839,461686,42.501946,popular_item
165839,356339,41.992234,popular_item
165839,413901,38.242194,popular_item
165839,248455,37.870508,popular_item
165839,190000,33.530561,popular_item
165839,409804,32.528157,popular_item
165839,320130,31.803457,popular_item
165839,312728,31.603345,popular_item
165839,325310,30.400945,popular_item
166590,119736,93.341381,popular_item
166590,461686,42.501946,popular_item
166590,356339,41.992234,popular_item
166590,413901,38.242194,popular_item
166590,248455,37.870508,popular_item
166590,190000,33.530561,popular_item
166590,409804,32.528157,popular_item
166590,320130,31.803457,popular_item
166590,312728,31.603345,popular_item
166590,325310,30.400945,popular_item
167489,119736,93.341381,popular_item
167489,461686,42.501946,popular_item
167489,356339,41.992234,popular_item
167489,413901,38.242194,popular_item
167489,248455,37.870508,popular_item
167489,190000,33.530561,popular_item
167489,409804,32.528157,popular_item
167489,320130,31.803457,popular_item
167489,312728,31.603345,popular_item
167489,325310,30.400945,popular_item
167704,119736,93.341381,popular_item
167704,461686,42.501946,popular_item
167704,356339,41.992234,popular_item
167704,413901,38.242194,popular_item
167704,248455,37.870508,popular_item
167704,190000,33.530561,popular_item
167704,409804,32.528157,popular_item
167704,320130,31.803457,popular_item
167704,312728,31.603345,popular_item
167704,325310,30.400945,popular_item
168636,119736,93.341381,popular_item
168636,461686,42.501946,popular_item
168636,356339,41.992234,popular_item
168636,413901,38.242194,popular_item
168636,248455,37.870508,popular_item
168636,190000,33.530561,popular_item
168636,409804,32.528157,popular_item
168636,320130,31.803457,popular_item
168636,312728,31.603345,popular_item
168636,325310,30.400945,popular_item
168685,119736,93.341381,popular_item
168685,461686,42.501946,popular_item
168685,356339,41.992234,popular_item
168685,413901,38.242194,popular_item
168685,248455,37.870508,popular_item
168685,190000,33.530561,popular_item
168685,409804,32.528157,popular_item
168685,320130,31.803457,popular_item
168685,312728,31.603345,popular_item
168685,325310,30.400945,popular_item
169423,119736,93.341381,popular_item
169423,461686,42.501946,popular_item
169423,356339,41.992234,popular_item
169423,413901,38.242194,popular_item
169423,248455,37.870508,popular_item
169423,190000,33.530561,popular_item
169423,409804,32.528157,popular_item
169423,320130,31.803457,popular_item
169423,312728,31.603345,popular_item
169423,325310,30.400945,popular_item
169586,119736,93.341381,popular_item
169586,461686,42.501946,popular_item
169586,356339,41.992234,popular_item
169586,413901,38.242194,popular_item
169586,248455,37.870508,popular_item
169586,190000,33.530561,popular_item
169586,409804,32.528157,popular_item
169586,320130,31.803457,popular_item
169586,312728,31.603345,popular_item
169586,325310,30.400945,popular_item
170100,119736,93.341381,popular_item
170100,461686,42.501946,popular_item
170100,356339,41.992234,popular_item
170100,413901,38.242194,popular_item
170100,248455,37.870508,popular_item
170100,190000,33.530561,popular_item
170100,409804,32.528157,popular_item
170100,320130,31.803457,popular_item
170100,312728,31.603345,popular_item
170100,325310,30.400945,popular_item
170277,119736,93.341381,popular_item
170277,461686,42.501946,popular_item
170277,356339,41.992234,popular_item
170277,413901,38.242194,popular_item
170277,248455,37.870508,popular_item
170277,190000,33.530561,popular_item
170277,409804,32.528157,popular_item
170277,320130,31.803457,popular_item
170277,312728,31.603345,popular_item
170277,325310,30.400945,popular_item
171718,119736,93.341381,popular_item
171718,461686,42.501946,popular_item
171718,356339,41.992234,popular_item
171718,413901,38.242194,popular_item
171718,248455,37.870508,popular_item
171718,190000,33.530561,popular_item
171718,409804,32.528157,popular_item
171718,320130,31.803457,popular_item
171718,312728,31.603345,popular_item
171718,325310,30.400945,popular_item
172019,119736,93.341381,popular_item
172019,461686,42.501946,popular_item
172019,356339,41.992234,popular_item
172019,413901,38.242194,popular_item
172019,248455,37.870508,popular_item
172019,190000,33.530561,popular_item
172019,409804,32.528157,popular_item
172019,320130,31.803457,popular_item
172019,312728,31.603345,popular_item
172019,325310,30.400945,popular_item
1722,119736,93.341381,popular_item
1722,461686,42.501946,popular_item
1722,356339,41.992234,popular_item
1722,413901,38.242194,popular_item
1722,248455,37.870508,popular_item
1722,190000,33.530561,popular_item
1722,409804,32.528157,popular_item
1722,320130,31.803457,popular_item
1722,312728,31.603345,popular_item
1722,325310,30.400945,popular_item
173863,119736,93.341381,popular_item
173863,356339,41.992234,popular_item
173863,413901,38.242194,popular_item
173863,409804,32.528157,popular_item
173863,312728,31.603345,popular_item
173863,405380,30.34115,popular_item
173863,98071,24.960201,popular_item
173863,368403,24.710523,popular_item
173863,213834,24.520048,popular_item
173863,6605,23.401338,popular_item
174121,119736,93.341381,popular_item
174121,461686,42.501946,popular_item
174121,356339,41.992234,popular_item
174121,413901,38.242194,popular_item
174121,248455,37.870508,popular_item
174121,190000,33.530561,popular_item
174121,409804,32.528157,popular_item
174121,320130,31.803457,popular_item
174121,312728,31.603345,popular_item
174121,325310,30.400945,popular_item
174331,119736,93.341381,popular_item
174331,461686,42.501946,popular_item
174331,356339,41.992234,popular_item
174331,413901,38.242194,popular_item
174331,248455,37.870508,popular_item
174331,190000,33.530561,popular_item
174331,409804,32.528157,popular_item
174331,320130,31.803457,popular_item
174331,312728,31.603345,popular_item
174331,325310,30.400945,popular_item
174396,119736,93.341381,popular_item
174396,461686,42.501946,popular_item
174396,356339,41.992234,popular_item
174396,413901,38.242194,popular_item
174396,248455,37.870508,popular_item
174396,190000,33.530561,popular_item
174396,409804,32.528157,popular_item
174396,320130,31.803457,popular_item
174396,312728,31.603345,popular_item
174396,325310,30.400945,popular_item
174972,119736,93.341381,popular_item
174972,461686,42.501946,popular_item
174972,356339,41.992234,popular_item
174972,413901,38.242194,popular_item
174972,248455,37.870508,popular_item
174972,190000,33.530561,popular_item
174972,409804,32.528157,popular_item
174972,320130,31.803457,popular_item
174972,312728,31.603345,popular_item
174972,325310,30.400945,popular_item
175801,461686,42.501946,popular_item
175801,356339,41.992234,popular_item
175801,413901,38.242194,popular_item
175801,248455,37.870508,popular_item
175801,190000,33.530561,popular_item
175801,409804,32.528157,popular_item
175801,320130,31.803457,popular_item
175801,312728,31.603345,popular_item
175801,325310,30.400945,popular_item
175801,405380,30.34115,popular_item
176103,119736,93.341381,popular_item
176103,461686,42.501946,popular_item
176103,356339,41.992234,popular_item
176103,413901,38.242194,popular_item
176103,248455,37.870508,popular_item
176103,190000,33.530561,popular_item
176103,409804,32.528157,popular_item
176103,320130,31.803457,popular_item
176103,312728,31.603345,popular_item
176103,325310,30.400945,popular_item
17676,119736,93.341381,popular_item
17676,461686,42.501946,popular_item
17676,356339,41.992234,popular_item
17676,413901,38.242194,popular_item
17676,248455,37.870508,popular_item
17676,190000,33.530561,popular_item
17676,409804,32.528157,popular_item
17676,320130,31.803457,popular_item
17676,312728,31.603345,popular_item
17676,325310,30.400945,popular_item
177211,119736,93.341381,popular_item
177211,461686,42.501946,popular_item
177211,356339,41.992234,popular_item
177211,413901,38.242194,popular_item
177211,248455,37.870508,popular_item
177211,190000,33.530561,popular_item
177211,409804,32.528157,popular_item
177211,320130,31.803457,popular_item
177211,312728,31.603345,popular_item
177211,325310,30.400945,popular_item
178851,119736,93.341381,popular_item
178851,461686,42.501946,popular_item
178851,356339,41.992234,popular_item
178851,413901,38.242194,popular_item
178851,248455,37.870508,popular_item
178851,190000,33.530561,popular_item
178851,409804,32.528157,popular_item
178851,320130,31.803457,popular_item
178851,312728,31.603345,popular_item
178851,325310,30.400945,popular_item
178867,119736,93.341381,popular_item
178867,461686,42.501946,popular_item
178867,356339,41.992234,popular_item
178867,413901,38.242194,popular_item
178867,248455,37.870508,popular_item
178867,190000,33.530561,popular_item
178867,409804,32.528157,popular_item
178867,320130,31.803457,popular_item
178867,312728,31.603345,popular_item
178867,325310,30.400945,popular_item
183677,119736,93.341381,popular_item
183677,461686,42.501946,popular_item
183677,356339,41.992234,popular_item
183677,413901,38.242194,popular_item
183677,248455,37.870508,popular_item
183677,190000,33.530561,popular_item
183677,409804,32.528157,popular_item
183677,320130,31.803457,popular_item
183677,312728,31.603345,popular_item
183677,325310,30.400945,popular_item
184151,119736,93.341381,popular_item
184151,461686,42.501946,popular_item
184151,356339,41.992234,popular_item
184151,413901,38.242194,popular_item
184151,248455,37.870508,popular_item
184151,190000,33.530561,popular_item
184151,409804,32.528157,popular_item
184151,320130,31.803457,popular_item
184151,312728,31.603345,popular_item
184151,325310,30.400945,popular_item
187544,119736,93.341381,popular_item
187544,461686,42.501946,popular_item
187544,356339,41.992234,popular_item
187544,413901,38.242194,popular_item
187544,248455,37.870508,popular_item
187544,190000,33.530561,popular_item
187544,409804,32.528157,popular_item
187544,320130,31.803457,popular_item
187544,312728,31.603345,popular_item
187544,325310,30.400945,popular_item
187778,119736,93.341381,popular_item
187778,461686,42.501946,popular_item
187778,356339,41.992234,popular_item
187778,413901,38.242194,popular_item
187778,248455,37.870508,popular_item
187778,190000,33.530561,popular_item
187778,409804,32.528157,popular_item
187778,320130,31.803457,popular_item
187778,312728,31.603345,popular_item
187778,325310,30.400945,popular_item
1879,119736,93.341381,popular_item
1879,461686,42.501946,popular_item
1879,356339,41.992234,popular_item
1879,413901,38.242194,popular_item
1879,248455,37.870508,popular_item
1879,190000,33.530561,popular_item
1879,409804,32.528157,popular_item
1879,320130,31.803457,popular_item
1879,312728,31.603345,popular_item
1879,405380,30.34115,popular_item
189473,119736,93.341381,popular_item
189473,461686,42.501946,popular_item
189473,356339,41.992234,popular_item
189473,413901,38.242194,popular_item
189473,248455,37.870508,popular_item
189473,190000,33.530561,popular_item
189473,409804,32.528157,popular_item
189473,320130,31.803457,popular_item
189473,312728,31.603345,popular_item
189473,325310,30.400945,popular_item
191637,119736,93.341381,popular_item
191637,461686,42.501946,popular_item
191637,356339,41.992234,popular_item
191637,413901,38.242194,popular_item
191637,248455,37.870508,popular_item
191637,190000,33.530561,popular_item
191637,409804,32.528157,popular_item
191637,320130,31.803457,popular_item
191637,312728,31.603345,popular_item
191637,325310,30.400945,popular_item
195216,119736,93.341381,popular_item
195216,461686,42.501946,popular_item
195216,356339,41.992234,popular_item
195216,413901,38.242194,popular_item
195216,248455,37.870508,popular_item
195216,190000,33.530561,popular_item
195216,409804,32.528157,popular_item
195216,320130,31.803457,popular_item
195216,312728,31.603345,popular_item
195216,325310,30.400945,popular_item
196448,119736,93.341381,popular_item
196448,461686,42.501946,popular_item
196448,356339,41.992234,popular_item
196448,413901,38.242194,popular_item
196448,248455,37.870508,popular_item
196448,190000,33.530561,popular_item
196448,409804,32.528157,popular_item
196448,320130,31.803457,popular_item
196448,312728,31.603345,popular_item
196448,325310,30.400945,popular_item
198153,119736,93.341381,popular_item
198153,461686,42.501946,popular_item
198153,356339,41.992234,popular_item
198153,413901,38.242194,popular_item
198153,190000,33.530561,popular_item
198153,320130,31.803457,popular_item
198153,325310,30.400945,popular_item
198153,405380,30.34115,popular_item
198153,63543,27.242467,popular_item
198153,98071,24.960201,popular_item
198270,461686,42.501946,popular_item
198270,356339,41.992234,popular_item
198270,413901,38.242194,popular_item
198270,248455,37.870508,popular_item
198270,409804,32.528157,popular_item
198270,320130,31.803457,popular_item
198270,312728,31.603345,popular_item
198270,63543,27.242467,popular_item
198270,98071,24.960201,popular_item
198270,368403,24.710523,popular_item
198299,119736,93.341381,popular_item
198299,461686,42.501946,popular_item
198299,356339,41.992234,popular_item
198299,413901,38.242194,popular_item
198299,248455,37.870508,popular_item
198299,190000,33.530561,popular_item
198299,409804,32.528157,popular_item
198299,320130,31.803457,popular_item
198299,312728,31.603345,popular_item
198299,325310,30.400945,popular_item
202730,119736,93.341381,popular_item
202730,461686,42.501946,popular_item
202730,356339,41.992234,popular_item
202730,413901,38.242194,popular_item
202730,248455,37.870508,popular_item
202730,190000,33.530561,popular_item
202730,409804,32.528157,popular_item
202730,320130,31.803457,popular_item
202730,312728,31.603345,popular_item
202730,325310,30.400945,popular_item
203760,119736,93.341381,popular_item
203760,461686,42.501946,popular_item
203760,356339,41.992234,popular_item
203760,413901,38.242194,popular_item
203760,248455,37.870508,popular_item
203760,190000,33.530561,popular_item
203760,409804,32.528157,popular_item
203760,320130,31.803457,popular_item
203760,312728,31.603345,popular_item
203760,325310,30.400945,popular_item
211166,119736,93.341381,popular_item
211166,461686,42.501946,popular_item
211166,356339,41.992234,popular_item
211166,413901,38.242194,popular_item
211166,248455,37.870508,popular_item
211166,190000,33.530561,popular_item
211166,409804,32.528157,popular_item
211166,320130,31.803457,popular_item
211166,312728,31.603345,popular_item
211166,325310,30.400945,popular_item
211412,119736,93.341381,popular_item
211412,461686,42.501946,popular_item
211412,356339,41.992234,popular_item
211412,413901,38.242194,popular_item
211412,248455,37.870508,popular_item
211412,190000,33.530561,popular_item
211412,409804,32.528157,popular_item
211412,320130,31.803457,popular_item
211412,312728,31.603345,popular_item
211412,325310,30.400945,popular_item
211691,119736,93.341381,popular_item
211691,461686,42.501946,popular_item
211691,356339,41.992234,popular_item
211691,413901,38.242194,popular_item
211691,248455,37.870508,popular_item
211691,190000,33.530561,popular_item
211691,409804,32.528157,popular_item
211691,320130,31.803457,popular_item
211691,312728,31.603345,popular_item
211691,325310,30.400945,popular_item
213145,461686,42.501946,popular_item
213145,356339,41.992234,popular_item
213145,413901,38.242194,popular_item
213145,248455,37.870508,popular_item
213145,190000,33.530561,popular_item
213145,409804,32.528157,popular_item
213145,320130,31.803457,popular_item
213145,312728,31.603345,popular_item
213145,325310,30.400945,popular_item
213145,405380,30.34115,popular_item
213772,119736,93.341381,popular_item
213772,461686,42.501946,popular_item
213772,356339,41.992234,popular_item
213772,413901,38.242194,popular_item
213772,248455,37.870508,popular_item
213772,190000,33.530561,popular_item
213772,409804,32.528157,popular_item
213772,320130,31.803457,popular_item
213772,312728,31.603345,popular_item
213772,325310,30.400945,popular_item
21395,119736,93.341381,popular_item
21395,461686,42.501946,popular_item
21395,356339,41.992234,popular_item
21395,413901,38.242194,popular_item
21395,248455,37.870508,popular_item
21395,190000,33.530561,popular_item
21395,409804,32.528157,popular_item
21395,320130,31.803457,popular_item
21395,312728,31.603345,popular_item
21395,325310,30.400945,popular_item
217095,119736,93.341381,popular_item
217095,461686,42.501946,popular_item
217095,356339,41.992234,popular_item
217095,413901,38.242194,popular_item
217095,248455,37.870508,popular_item
217095,190000,33.530561,popular_item
217095,409804,32.528157,popular_item
217095,320130,31.803457,popular_item
217095,312728,31.603345,popular_item
217095,325310,30.400945,popular_item
21712,119736,93.341381,popular_item
21712,461686,42.501946,popular_item
21712,356339,41.992234,popular_item
21712,413901,38.242194,popular_item
21712,248455,37.870508,popular_item
21712,190000,33.530561,popular_item
21712,409804,32.528157,popular_item
21712,320130,31.803457,popular_item
21712,312728,31.603345,popular_item
21712,325310,30.400945,popular_item
218648,119736,93.341381,popular_item
218648,461686,42.501946,popular_item
218648,356339,41.992234,popular_item
218648,413901,38.242194,popular_item
218648,190000,33.530561,popular_item
218648,409804,32.528157,popular_item
218648,320130,31.803457,popular_item
218648,312728,31.603345,popular_item
218648,405380,30.34115,popular_item
218648,63543,27.242467,popular_item
218828,119736,93.341381,popular_item
218828,356339,41.992234,popular_item
218828,413901,38.242194,popular_item
218828,248455,37.870508,popular_item
218828,190000,33.530561,popular_item
218828,409804,32.528157,popular_item
218828,312728,31.603345,popular_item
218828,325310,30.400945,popular_item
218828,405380,30.34115,popular_item
218828,63543,27.242467,popular_item
2194,119736,93.341381,popular_item
2194,461686,42.501946,popular_item
2194,356339,41.992234,popular_item
2194,413901,38.242194,popular_item
2194,248455,37.870508,popular_item
2194,190000,33.530561,popular_item
2194,409804,32.528157,popular_item
2194,320130,31.803457,popular_item
2194,312728,31.603345,popular_item
2194,325310,30.400945,popular_item
220139,119736,93.341381,popular_item
220139,461686,42.501946,popular_item
220139,356339,41.992234,popular_item
220139,413901,38.242194,popular_item
220139,248455,37.870508,popular_item
220139,190000,33.530561,popular_item
220139,409804,32.528157,popular_item
220139,320130,31.803457,popular_item
220139,312728,31.603345,popular_item
220139,325310,30.400945,popular_item
221202,119736,93.341381,popular_item
221202,461686,42.501946,popular_item
221202,356339,41.992234,popular_item
221202,413901,38.242194,popular_item
221202,248455,37.870508,popular_item
221202,190000,33.530561,popular_item
221202,409804,32.528157,popular_item
221202,320130,31.803457,popular_item
221202,312728,31.603345,popular_item
221202,325310,30.400945,popular_item
221702,119736,93.341381,popular_item
221702,461686,42.501946,popular_item
221702,356339,41.992234,popular_item
221702,413901,38.242194,popular_item
221702,190000,33.530561,popular_item
221702,409804,32.528157,popular_item
221702,320130,31.803457,popular_item
221702,312728,31.603345,popular_item
221702,325310,30.400945,popular_item
221702,405380,30.34115,popular_item
222046,119736,93.341381,popular_item
222046,461686,42.501946,popular_item
222046,356339,41.992234,popular_item
222046,413901,38.242194,popular_item
222046,248455,37.870508,popular_item
222046,190000,33.530561,popular_item
222046,409804,32.528157,popular_item
222046,320130,31.803457,popular_item
222046,312728,31.603345,popular_item
222046,325310,30.400945,popular_item
222604,119736,93.341381,popular_item
222604,461686,42.501946,popular_item
222604,356339,41.992234,popular_item
222604,413901,38.242194,popular_item
222604,248455,37.870508,popular_item
222604,190000,33.530561,popular_item
222604,409804,32.528157,popular_item
222604,320130,31.803457,popular_item
222604,312728,31.603345,popular_item
222604,325310,30.400945,popular_item
224207,119736,93.341381,popular_item
224207,461686,42.501946,popular_item
224207,356339,41.992234,popular_item
224207,413901,38.242194,popular_item
224207,248455,37.870508,popular_item
224207,190000,33.530561,popular_item
224207,409804,32.528157,popular_item
224207,320130,31.803457,popular_item
224207,312728,31.603345,popular_item
224207,325310,30.400945,popular_item
227091,119736,93.341381,popular_item
227091,461686,42.501946,popular_item
227091,356339,41.992234,popular_item
227091,413901,38.242194,popular_item
227091,248455,37.870508,popular_item
227091,190000,33.530561,popular_item
227091,409804,32.528157,popular_item
227091,320130,31.803457,popular_item
227091,312728,31.603345,popular_item
227091,325310,30.400945,popular_item
227781,119736,93.341381,popular_item
227781,461686,42.501946,popular_item
227781,356339,41.992234,popular_item
227781,413901,38.242194,popular_item
227781,248455,37.870508,popular_item
227781,190000,33.530561,popular_item
227781,409804,32.528157,popular_item
227781,320130,31.803457,popular_item
227781,312728,31.603345,popular_item
227781,325310,30.400945,popular_item
229157,461686,42.501946,popular_item
229157,356339,41.992234,popular_item
229157,413901,38.242194,popular_item
229157,248455,37.870508,popular_item
229157,190000,33.530561,popular_item
229157,409804,32.528157,popular_item
229157,320130,31.803457,popular_item
229157,312728,31.603345,popular_item
229157,325310,30.400945,popular_item
229157,405380,30.34115,popular_item
22990,119736,93.341381,popular_item
22990,461686,42.501946,popular_item
22990,356339,41.992234,popular_item
22990,413901,38.242194,popular_item
22990,248455,37.870508,popular_item
22990,190000,33.530561,popular_item
22990,409804,32.528157,popular_item
22990,320130,31.803457,popular_item
22990,312728,31.603345,popular_item
22990,325310,30.400945,popular_item
2326,119736,93.341381,popular_item
2326,461686,42.501946,popular_item
2326,356339,41.992234,popular_item
2326,413901,38.242194,popular_item
2326,248455,37.870508,popular_item
2326,190000,33.530561,popular_item
2326,409804,32.528157,popular_item
2326,320130,31.803457,popular_item
2326,312728,31.603345,popular_item
2326,325310,30.400945,popular_item
233961,119736,93.341381,popular_item
233961,461686,42.501946,popular_item
233961,356339,41.992234,popular_item
233961,413901,38.242194,popular_item
233961,248455,37.870508,popular_item
233961,190000,33.530561,popular_item
233961,409804,32.528157,popular_item
233961,320130,31.803457,popular_item
233961,312728,31.603345,popular_item
233961,325310,30.400945,popular_item
233979,119736,93.341381,popular_item
233979,461686,42.501946,popular_item
233979,356339,41.992234,popular_item
233979,413901,38.242194,popular_item
233979,248455,37.870508,popular_item
233979,190000,33.530561,popular_item
233979,409804,32.528157,popular_item
233979,320130,31.803457,popular_item
233979,312728,31.603345,popular_item
233979,325310,30.400945,popular_item
234164,119736,93.341381,popular_item
234164,461686,42.501946,popular_item
234164,356339,41.992234,popular_item
234164,413901,38.242194,popular_item
234164,248455,37.870508,popular_item
234164,190000,33.530561,popular_item
234164,409804,32.528157,popular_item
234164,320130,31.803457,popular_item
234164,312728,31.603345,popular_item
234164,325310,30.400945,popular_item
234593,119736,93.341381,popular_item
234593,461686,42.501946,popular_item
234593,356339,41.992234,popular_item
234593,413901,38.242194,popular_item
234593,248455,37.870508,popular_item
234593,190000,33.530561,popular_item
234593,409804,32.528157,popular_item
234593,320130,31.803457,popular_item
234593,312728,31.603345,popular_item
234593,325310,30.400945,popular_item
241145,119736,93.341381,popular_item
241145,461686,42.501946,popular_item
241145,356339,41.992234,popular_item
241145,413901,38.242194,popular_item
241145,248455,37.870508,popular_item
241145,190000,33.530561,popular_item
241145,409804,32.528157,popular_item
241145,320130,31.803457,popular_item
241145,312728,31.603345,popular_item
241145,325310,30.400945,popular_item
24197,119736,93.341381,popular_item
24197,461686,42.501946,popular_item
24197,356339,41.992234,popular_item
24197,413901,38.242194,popular_item
24197,248455,37.870508,popular_item
24197,190000,33.530561,popular_item
24197,409804,32.528157,popular_item
24197,320130,31.803457,popular_item
24197,312728,31.603345,popular_item
24197,325310,30.400945,popular_item
244468,119736,93.341381,popular_item
244468,461686,42.501946,popular_item
244468,356339,41.992234,popular_item
244468,413901,38.242194,popular_item
244468,248455,37.870508,popular_item
244468,190000,33.530561,popular_item
244468,409804,32.528157,popular_item
244468,320130,31.803457,popular_item
244468,312728,31.603345,popular_item
244468,325310,30.400945,popular_item
244620,119736,93.341381,popular_item
244620,461686,42.501946,popular_item
244620,356339,41.992234,popular_item
244620,413901,38.242194,popular_item
244620,248455,37.870508,popular_item
244620,190000,33.530561,popular_item
244620,409804,32.528157,popular_item
244620,320130,31.803457,popular_item
244620,312728,31.603345,popular_item
244620,325310,30.400945,popular_item
244723,119736,93.341381,popular_item
244723,461686,42.501946,popular_item
244723,356339,41.992234,popular_item
244723,413901,38.242194,popular_item
244723,248455,37.870508,popular_item
244723,190000,33.530561,popular_item
244723,409804,32.528157,popular_item
244723,320130,31.803457,popular_item
244723,312728,31.603345,popular_item
244723,325310,30.400945,popular_item
244756,356339,41.992234,popular_item
244756,413901,38.242194,popular_item
244756,190000,33.530561,popular_item
244756,409804,32.528157,popular_item
244756,320130,31.803457,popular_item
244756,312728,31.603345,popular_item
244756,325310,30.400945,popular_item
244756,405380,30.34115,popular_item
244756,63543,27.242467,popular_item
244756,98071,24.960201,popular_item
247235,356339,41.992234,popular_item
247235,413901,38.242194,popular_item
247235,409804,32.528157,popular_item
247235,312728,31.603345,popular_item
247235,325310,30.400945,popular_item
247235,98071,24.960201,popular_item
247235,9877,24.531017,popular_item
247235,6605,23.401338,popular_item
247235,133138,21.871604,popular_item
247235,357949,21.032506,popular_item
247461,119736,93.341381,popular_item
247461,461686,42.501946,popular_item
247461,356339,41.992234,popular_item
247461,413901,38.242194,popular_item
247461,248455,37.870508,popular_item
247461,190000,33.530561,popular_item
247461,409804,32.528157,popular_item
247461,320130,31.803457,popular_item
247461,312728,31.603345,popular_item
247461,325310,30.400945,popular_item
24757,119736,93.341381,popular_item
24757,461686,42.501946,popular_item
24757,356339,41.992234,popular_item
24757,413901,38.242194,popular_item
24757,248455,37.870508,popular_item
24757,190000,33.530561,popular_item
24757,409804,32.528157,popular_item
24757,320130,31.803457,popular_item
24757,312728,31.603345,popular_item
24757,325310,30.400945,popular_item
248679,119736,93.341381,popular_item
248679,461686,42.501946,popular_item
248679,356339,41.992234,popular_item
248679,413901,38.242194,popular_item
248679,248455,37.870508,popular_item
248679,190000,33.530561,popular_item
248679,409804,32.528157,popular_item
248679,320130,31.803457,popular_item
248679,312728,31.603345,popular_item
248679,325310,30.400945,popular_item
249783,119736,93.341381,popular_item
249783,461686,42.501946,popular_item
249783,356339,41.992234,popular_item
249783,413901,38.242194,popular_item
249783,248455,37.870508,popular_item
249783,190000,33.530561,popular_item
249783,409804,32.528157,popular_item
249783,320130,31.803457,popular_item
249783,312728,31.603345,popular_item
249783,325310,30.400945,popular_item
250814,119736,93.341381,popular_item
250814,461686,42.501946,popular_item
250814,356339,41.992234,popular_item
250814,413901,38.242194,popular_item
250814,248455,37.870508,popular_item
250814,190000,33.530561,popular_item
250814,409804,32.528157,popular_item
250814,320130,31.803457,popular_item
250814,312728,31.603345,popular_item
250814,325310,30.400945,popular_item
251018,119736,93.341381,popular_item
251018,461686,42.501946,popular_item
251018,356339,41.992234,popular_item
251018,413901,38.242194,popular_item
251018,248455,37.870508,popular_item
251018,190000,33.530561,popular_item
251018,409804,32.528157,popular_item
251018,320130,31.803457,popular_item
251018,312728,31.603345,popular_item
251018,325310,30.400945,popular_item
251672,119736,93.341381,popular_item
251672,461686,42.501946,popular_item
251672,356339,41.992234,popular_item
251672,413901,38.242194,popular_item
251672,248455,37.870508,popular_item
251672,190000,33.530561,popular_item
251672,409804,32.528157,popular_item
251672,320130,31.803457,popular_item
251672,325310,30.400945,popular_item
251672,405380,30.34115,popular_item
252520,119736,93.341381,popular_item
252520,461686,42.501946,popular_item
252520,356339,41.992234,popular_item
252520,413901,38.242194,popular_item
252520,248455,37.870508,popular_item
252520,190000,33.530561,popular_item
252520,409804,32.528157,popular_item
252520,320130,31.803457,popular_item
252520,312728,31.603345,popular_item
252520,325310,30.400945,popular_item
253410,119736,93.341381,popular_item
253410,461686,42.501946,popular_item
253410,356339,41.992234,popular_item
253410,413901,38.242194,popular_item
253410,248455,37.870508,popular_item
253410,190000,33.530561,popular_item
253410,409804,32.528157,popular_item
253410,320130,31.803457,popular_item
253410,312728,31.603345,popular_item
253410,325310,30.400945,popular_item
254328,119736,93.341381,popular_item
254328,461686,42.501946,popular_item
254328,356339,41.992234,popular_item
254328,413901,38.242194,popular_item
254328,248455,37.870508,popular_item
254328,190000,33.530561,popular_item
254328,409804,32.528157,popular_item
254328,320130,31.803457,popular_item
254328,312728,31.603345,popular_item
254328,325310,30.400945,popular_item
255589,119736,93.341381,popular_item
255589,461686,42.501946,popular_item
255589,356339,41.992234,popular_item
255589,413901,38.242194,popular_item
255589,248455,37.870508,popular_item
255589,190000,33.530561,popular_item
255589,409804,32.528157,popular_item
255589,320130,31.803457,popular_item
255589,312728,31.603345,popular_item
255589,325310,30.400945,popular_item
256367,119736,93.341381,popular_item
256367,461686,42.501946,popular_item
256367,356339,41.992234,popular_item
256367,413901,38.242194,popular_item
256367,248455,37.870508,popular_item
256367,190000,33.530561,popular_item
256367,409804,32.528157,popular_item
256367,320130,31.803457,popular_item
256367,312728,31.603345,popular_item
256367,325310,30.400945,popular_item
258500,119736,93.341381,popular_item
258500,461686,42.501946,popular_item
258500,356339,41.992234,popular_item
258500,413901,38.242194,popular_item
258500,248455,37.870508,popular_item
258500,190000,33.530561,popular_item
258500,409804,32.528157,popular_item
258500,320130,31.803457,popular_item
258500,312728,31.603345,popular_item
258500,325310,30.400945,popular_item
259405,119736,93.341381,popular_item
259405,461686,42.501946,popular_item
259405,356339,41.992234,popular_item
259405,413901,38.242194,popular_item
259405,248455,37.870508,popular_item
259405,190000,33.530561,popular_item
259405,409804,32.528157,popular_item
259405,320130,31.803457,popular_item
259405,312728,31.603345,popular_item
259405,325310,30.400945,popular_item
259928,119736,93.341381,popular_item
259928,461686,42.501946,popular_item
259928,356339,41.992234,popular_item
259928,413901,38.242194,popular_item
259928,248455,37.870508,popular_item
259928,190000,33.530561,popular_item
259928,409804,32.528157,popular_item
259928,320130,31.803457,popular_item
259928,312728,31.603345,popular_item
259928,325310,30.400945,popular_item
262357,119736,93.341381,popular_item
262357,461686,42.501946,popular_item
262357,356339,41.992234,popular_item
262357,413901,38.242194,popular_item
262357,248455,37.870508,popular_item
262357,190000,33.530561,popular_item
262357,409804,32.528157,popular_item
262357,320130,31.803457,popular_item
262357,312728,31.603345,popular_item
262357,405380,30.34115,popular_item
262805,119736,93.341381,popular_item
262805,461686,42.501946,popular_item
262805,356339,41.992234,popular_item
262805,413901,38.242194,popular_item
262805,248455,37.870508,popular_item
262805,190000,33.530561,popular_item
262805,409804,32.528157,popular_item
262805,320130,31.803457,popular_item
262805,312728,31.603345,popular_item
262805,325310,30.400945,popular_item
26296,119736,93.341381,popular_item
26296,461686,42.501946,popular_item
26296,356339,41.992234,popular_item
26296,413901,38.242194,popular_item
26296,248455,37.870508,popular_item
26296,190000,33.530561,popular_item
26296,409804,32.528157,popular_item
26296,320130,31.803457,popular_item
26296,312728,31.603345,popular_item
26296,325310,30.400945,popular_item
264190,119736,93.341381,popular_item
264190,461686,42.501946,popular_item
264190,356339,41.992234,popular_item
264190,413901,38.242194,popular_item
264190,248455,37.870508,popular_item
264190,190000,33.530561,popular_item
264190,409804,32.528157,popular_item
264190,320130,31.803457,popular_item
264190,312728,31.603345,popular_item
264190,325310,30.400945,popular_item
265306,119736,93.341381,popular_item
265306,461686,42.501946,popular_item
265306,356339,41.992234,popular_item
265306,413901,38.242194,popular_item
265306,248455,37.870508,popular_item
265306,190000,33.530561,popular_item
265306,409804,32.528157,popular_item
265306,320130,31.803457,popular_item
265306,312728,31.603345,popular_item
265306,325310,30.400945,popular_item
265871,119736,93.341381,popular_item
265871,461686,42.501946,popular_item
265871,356339,41.992234,popular_item
265871,413901,38.242194,popular_item
265871,248455,37.870508,popular_item
265871,190000,33.530561,popular_item
265871,409804,32.528157,popular_item
265871,320130,31.803457,popular_item
265871,312728,31.603345,popular_item
265871,325310,30.400945,popular_item
266417,119736,93.341381,popular_item
266417,461686,42.501946,popular_item
266417,356339,41.992234,popular_item
266417,413901,38.242194,popular_item
266417,248455,37.870508,popular_item
266417,190000,33.530561,popular_item
266417,409804,32.528157,popular_item
266417,320130,31.803457,popular_item
266417,312728,31.603345,popular_item
266417,325310,30.400945,popular_item
267013,119736,93.341381,popular_item
267013,461686,42.501946,popular_item
267013,356339,41.992234,popular_item
267013,413901,38.242194,popular_item
267013,248455,37.870508,popular_item
267013,190000,33.530561,popular_item
267013,409804,32.528157,popular_item
267013,320130,31.803457,popular_item
267013,312728,31.603345,popular_item
267013,325310,30.400945,popular_item
269127,119736,93.341381,popular_item
269127,461686,42.501946,popular_item
269127,356339,41.992234,popular_item
269127,413901,38.242194,popular_item
269127,248455,37.870508,popular_item
269127,190000,33.530561,popular_item
269127,409804,32.528157,popular_item
269127,320130,31.803457,popular_item
269127,312728,31.603345,popular_item
269127,325310,30.400945,popular_item
273517,119736,93.341381,popular_item
273517,461686,42.501946,popular_item
273517,356339,41.992234,popular_item
273517,413901,38.242194,popular_item
273517,248455,37.870508,popular_item
273517,190000,33.530561,popular_item
273517,409804,32.528157,popular_item
273517,320130,31.803457,popular_item
273517,312728,31.603345,popular_item
273517,325310,30.400945,popular_item
274264,119736,93.341381,popular_item
274264,461686,42.501946,popular_item
274264,356339,41.992234,popular_item
274264,413901,38.242194,popular_item
274264,248455,37.870508,popular_item
274264,190000,33.530561,popular_item
274264,409804,32.528157,popular_item
274264,320130,31.803457,popular_item
274264,312728,31.603345,popular_item
274264,325310,30.400945,popular_item
278241,119736,93.341381,popular_item
278241,461686,42.501946,popular_item
278241,356339,41.992234,popular_item
278241,413901,38.242194,popular_item
278241,248455,37.870508,popular_item
278241,190000,33.530561,popular_item
278241,409804,32.528157,popular_item
278241,320130,31.803457,popular_item
278241,312728,31.603345,popular_item
278241,325310,30.400945,popular_item
279406,119736,93.341381,popular_item
279406,461686,42.501946,popular_item
279406,356339,41.992234,popular_item
279406,413901,38.242194,popular_item
279406,248455,37.870508,popular_item
279406,190000,33.530561,popular_item
279406,409804,32.528157,popular_item
279406,320130,31.803457,popular_item
279406,312728,31.603345,popular_item
279406,325310,30.400945,popular_item
281190,119736,93.341381,popular_item
281190,461686,42.501946,popular_item
281190,356339,41.992234,popular_item
281190,413901,38.242194,popular_item
281190,248455,37.870508,popular_item
281190,190000,33.530561,popular_item
281190,409804,32.528157,popular_item
281190,320130,31.803457,popular_item
281190,312728,31.603345,popular_item
281190,325310,30.400945,popular_item
283414,119736,93.341381,popular_item
283414,461686,42.501946,popular_item
283414,356339,41.992234,popular_item
283414,413901,38.242194,popular_item
283414,190000,33.530561,popular_item
283414,409804,32.528157,popular_item
283414,320130,31.803457,popular_item
283414,312728,31.603345,popular_item
283414,325310,30.400945,popular_item
283414,405380,30.34115,popular_item
283553,119736,93.341381,popular_item
283553,461686,42.501946,popular_item
283553,356339,41.992234,popular_item
283553,413901,38.242194,popular_item
283553,248455,37.870508,popular_item
283553,190000,33.530561,popular_item
283553,409804,32.528157,popular_item
283553,320130,31.803457,popular_item
283553,312728,31.603345,popular_item
283553,405380,30.34115,popular_item
285368,119736,93.341381,popular_item
285368,461686,42.501946,popular_item
285368,356339,41.992234,popular_item
285368,413901,38.242194,popular_item
285368,248455,37.870508,popular_item
285368,190000,33.530561,popular_item
285368,409804,32.528157,popular_item
285368,320130,31.803457,popular_item
285368,312728,31.603345,popular_item
285368,325310,30.400945,popular_item
286616,461686,42.501946,popular_item
286616,356339,41.992234,popular_item
286616,413901,38.242194,popular_item
286616,248455,37.870508,popular_item
286616,190000,33.530561,popular_item
286616,320130,31.803457,popular_item
286616,312728,31.603345,popular_item
286616,325310,30.400945,popular_item
286616,405380,30.34115,popular_item
286616,63543,27.242467,popular_item
288040,119736,93.341381,popular_item
288040,461686,42.501946,popular_item
288040,356339,41.992234,popular_item
288040,413901,38.242194,popular_item
288040,248455,37.870508,popular_item
288040,190000,33.530561,popular_item
288040,409804,32.528157,popular_item
288040,320130,31.803457,popular_item
288040,312728,31.603345,popular_item
288040,325310,30.400945,popular_item
296431,119736,93.341381,popular_item
296431,461686,42.501946,popular_item
296431,356339,41.992234,popular_item
296431,413901,38.242194,popular_item
296431,248455,37.870508,popular_item
296431,190000,33.530561,popular_item
296431,409804,32.528157,popular_item
296431,320130,31.803457,popular_item
296431,312728,31.603345,popular_item
296431,325310,30.400945,popular_item
299216,119736,93.341381,popular_item
299216,461686,42.501946,popular_item
299216,356339,41.992234,popular_item
299216,413901,38.242194,popular_item
299216,248455,37.870508,popular_item
299216,190000,33.530561,popular_item
299216,409804,32.528157,popular_item
299216,320130,31.803457,popular_item
299216,312728,31.603345,popular_item
299216,325310,30.400945,popular_item
303381,461686,42.501946,popular_item
303381,356339,41.992234,popular_item
303381,413901,38.242194,popular_item
303381,248455,37.870508,popular_item
303381,190000,33.530561,popular_item
303381,409804,32.528157,popular_item
303381,320130,31.803457,popular_item
303381,312728,31.603345,popular_item
303381,325310,30.400945,popular_item
303381,405380,30.34115,popular_item
304485,119736,93.341381,popular_item
304485,461686,42.501946,popular_item
304485,356339,41.992234,popular_item
304485,413901,38.242194,popular_item
304485,248455,37.870508,popular_item
304485,190000,33.530561,popular_item
304485,409804,32.528157,popular_item
304485,320130,31.803457,popular_item
304485,312728,31.603345,popular_item
304485,325310,30.400945,popular_item
306875,119736,93.341381,popular_item
306875,461686,42.501946,popular_item
306875,356339,41.992234,popular_item
306875,413901,38.242194,popular_item
306875,248455,37.870508,popular_item
306875,190000,33.530561,popular_item
306875,409804,32.528157,popular_item
306875,320130,31.803457,popular_item
306875,312728,31.603345,popular_item
306875,325310,30.400945,popular_item
307542,119736,93.341381,popular_item
307542,461686,42.501946,popular_item
307542,356339,41.992234,popular_item
307542,413901,38.242194,popular_item
307542,248455,37.870508,popular_item
307542,190000,33.530561,popular_item
307542,409804,32.528157,popular_item
307542,320130,31.803457,popular_item
307542,312728,31.603345,popular_item
307542,325310,30.400945,popular_item
308563,119736,93.341381,popular_item
308563,461686,42.501946,popular_item
308563,356339,41.992234,popular_item
308563,413901,38.242194,popular_item
308563,248455,37.870508,popular_item
308563,190000,33.530561,popular_item
308563,409804,32.528157,popular_item
308563,320130,31.803457,popular_item
308563,312728,31.603345,popular_item
308563,325310,30.400945,popular_item
30903,119736,93.341381,popular_item
30903,461686,42.501946,popular_item
30903,356339,41.992234,popular_item
30903,413901,38.242194,popular_item
30903,248455,37.870508,popular_item
30903,190000,33.530561,popular_item
30903,409804,32.528157,popular_item
30903,320130,31.803457,popular_item
30903,312728,31.603345,popular_item
30903,325310,30.400945,popular_item
310759,119736,93.341381,popular_item
310759,461686,42.501946,popular_item
310759,356339,41.992234,popular_item
310759,413901,38.242194,popular_item
310759,248455,37.870508,popular_item
310759,190000,33.530561,popular_item
310759,409804,32.528157,popular_item
310759,312728,31.603345,popular_item
310759,325310,30.400945,popular_item
310759,405380,30.34115,popular_item
310761,119736,93.341381,popular_item
310761,356339,41.992234,popular_item
310761,413901,38.242194,popular_item
310761,248455,37.870508,popular_item
310761,190000,33.530561,popular_item
310761,409804,32.528157,popular_item
310761,320130,31.803457,popular_item
310761,312728,31.603345,popular_item
310761,325310,30.400945,popular_item
310761,405380,30.34115,popular_item
311205,119736,93.341381,popular_item
311205,461686,42.501946,popular_item
311205,356339,41.992234,popular_item
311205,413901,38.242194,popular_item
311205,248455,37.870508,popular_item
311205,190000,33.530561,popular_item
311205,409804,32.528157,popular_item
311205,320130,31.803457,popular_item
311205,325310,30.400945,popular_item
311205,405380,30.34115,popular_item
311569,119736,93.341381,popular_item
311569,461686,42.501946,popular_item
311569,356339,41.992234,popular_item
311569,413901,38.242194,popular_item
311569,248455,37.870508,popular_item
311569,190000,33.530561,popular_item
311569,409804,32.528157,popular_item
311569,320130,31.803457,popular_item
311569,312728,31.603345,popular_item
311569,325310,30.400945,popular_item
31174,119736,93.341381,popular_item
31174,461686,42.501946,popular_item
31174,356339,41.992234,popular_item
31174,413901,38.242194,popular_item
31174,248455,37.870508,popular_item
31174,190000,33.530561,popular_item
31174,409804,32.528157,popular_item
31174,320130,31.803457,popular_item
31174,312728,31.603345,popular_item
31174,325310,30.400945,popular_item
312104,119736,93.341381,popular_item
312104,461686,42.501946,popular_item
312104,356339,41.992234,popular_item
312104,413901,38.242194,popular_item
312104,248455,37.870508,popular_item
312104,190000,33.530561,popular_item
312104,409804,32.528157,popular_item
312104,320130,31.803457,popular_item
312104,312728,31.603345,popular_item
312104,325310,30.400945,popular_item
315312,119736,93.341381,popular_item
315312,461686,42.501946,popular_item
315312,356339,41.992234,popular_item
315312,413901,38.242194,popular_item
315312,248455,37.870508,popular_item
315312,190000,33.530561,popular_item
315312,409804,32.528157,popular_item
315312,320130,31.803457,popular_item
315312,312728,31.603345,popular_item
315312,325310,30.400945,popular_item
316600,119736,93.341381,popular_item
316600,461686,42.501946,popular_item
316600,356339,41.992234,popular_item
316600,413901,38.242194,popular_item
316600,248455,37.870508,popular_item
316600,190000,33.530561,popular_item
316600,409804,32.528157,popular_item
316600,320130,31.803457,popular_item
316600,312728,31.603345,popular_item
316600,325310,30.400945,popular_item
316850,119736,93.341381,popular_item
316850,461686,42.501946,popular_item
316850,356339,41.992234,popular_item
316850,413901,38.242194,popular_item
316850,312728,31.603345,popular_item
316850,405380,30.34115,popular_item
316850,98071,24.960201,popular_item
316850,368403,24.710523,popular_item
316850,9877,24.531017,popular_item
316850,213834,24.520048,popular_item
317355,119736,93.341381,popular_item
317355,461686,42.501946,popular_item
317355,356339,41.992234,popular_item
317355,413901,38.242194,popular_item
317355,248455,37.870508,popular_item
317355,190000,33.530561,popular_item
317355,409804,32.528157,popular_item
317355,320130,31.803457,popular_item
317355,312728,31.603345,popular_item
317355,325310,30.400945,popular_item
319048,119736,93.341381,popular_item
319048,461686,42.501946,popular_item
319048,356339,41.992234,popular_item
319048,413901,38.242194,popular_item
319048,248455,37.870508,popular_item
319048,190000,33.530561,popular_item
319048,409804,32.528157,popular_item
319048,320130,31.803457,popular_item
319048,312728,31.603345,popular_item
319048,325310,30.400945,popular_item
319208,119736,93.341381,popular_item
319208,461686,42.501946,popular_item
319208,356339,41.992234,popular_item
319208,413901,38.242194,popular_item
319208,248455,37.870508,popular_item
319208,190000,33.530561,popular_item
319208,409804,32.528157,popular_item
319208,320130,31.803457,popular_item
319208,312728,31.603345,popular_item
319208,325310,30.400945,popular_item
321381,119736,93.341381,popular_item
321381,461686,42.501946,popular_item
321381,356339,41.992234,popular_item
321381,413901,38.242194,popular_item
321381,248455,37.870508,popular_item
321381,190000,33.530561,popular_item
321381,409804,32.528157,popular_item
321381,320130,31.803457,popular_item
321381,312728,31.603345,popular_item
321381,325310,30.400945,popular_item
321559,119736,93.341381,popular_item
321559,356339,41.992234,popular_item
321559,413901,38.242194,popular_item
321559,248455,37.870508,popular_item
321559,190000,33.530561,popular_item
321559,409804,32.528157,popular_item
321559,320130,31.803457,popular_item
321559,312728,31.603345,popular_item
321559,325310,30.400945,popular_item
321559,405380,30.34115,popular_item
322384,119736,93.341381,popular_item
322384,461686,42.501946,popular_item
322384,356339,41.992234,popular_item
322384,413901,38.242194,popular_item
322384,248455,37.870508,popular_item
322384,190000,33.530561,popular_item
322384,409804,32.528157,popular_item
322384,320130,31.803457,popular_item
322384,312728,31.603345,popular_item
322384,325310,30.400945,popular_item
32252,119736,93.341381,popular_item
32252,461686,42.501946,popular_item
32252,356339,41.992234,popular_item
32252,413901,38.242194,popular_item
32252,248455,37.870508,popular_item
32252,190000,33.530561,popular_item
32252,409804,32.528157,popular_item
32252,320130,31.803457,popular_item
32252,312728,31.603345,popular_item
32252,325310,30.400945,popular_item
325780,119736,93.341381,popular_item
325780,461686,42.501946,popular_item
325780,356339,41.992234,popular_item
325780,413901,38.242194,popular_item
325780,248455,37.870508,popular_item
325780,190000,33.530561,popular_item
325780,409804,32.528157,popular_item
325780,320130,31.803457,popular_item
325780,312728,31.603345,popular_item
325780,325310,30.400945,popular_item
326575,119736,93.341381,popular_item
326575,461686,42.501946,popular_item
326575,356339,41.992234,popular_item
326575,413901,38.242194,popular_item
326575,248455,37.870508,popular_item
326575,190000,33.530561,popular_item
326575,409804,32.528157,popular_item
326575,320130,31.803457,popular_item
326575,312728,31.603345,popular_item
326575,325310,30.400945,popular_item
327437,119736,93.341381,popular_item
327437,461686,42.501946,popular_item
327437,356339,41.992234,popular_item
327437,413901,38.242194,popular_item
327437,248455,37.870508,popular_item
327437,190000,33.530561,popular_item
327437,409804,32.528157,popular_item
327437,320130,31.803457,popular_item
327437,312728,31.603345,popular_item
327437,325310,30.400945,popular_item
327998,119736,93.341381,popular_item
327998,461686,42.501946,popular_item
327998,356339,41.992234,popular_item
327998,413901,38.242194,popular_item
327998,248455,37.870508,popular_item
327998,190000,33.530561,popular_item
327998,409804,32.528157,popular_item
327998,320130,31.803457,popular_item
327998,312728,31.603345,popular_item
327998,325310,30.400945,popular_item
331366,461686,42.501946,popular_item
331366,356339,41.992234,popular_item
331366,413901,38.242194,popular_item
331366,248455,37.870508,popular_item
331366,190000,33.530561,popular_item
331366,409804,32.528157,popular_item
331366,320130,31.803457,popular_item
331366,312728,31.603345,popular_item
331366,325310,30.400945,popular_item
331366,405380,30.34115,popular_item
331925,119736,93.341381,popular_item
331925,461686,42.501946,popular_item
331925,356339,41.992234,popular_item
331925,413901,38.242194,popular_item
331925,248455,37.870508,popular_item
331925,190000,33.530561,popular_item
331925,409804,32.528157,popular_item
331925,320130,31.803457,popular_item
331925,312728,31.603345,popular_item
331925,325310,30.400945,popular_item
334334,119736,93.341381,popular_item
334334,461686,42.501946,popular_item
334334,356339,41.992234,popular_item
334334,413901,38.242194,popular_item
334334,248455,37.870508,popular_item
334334,190000,33.530561,popular_item
334334,409804,32.528157,popular_item
334334,320130,31.803457,popular_item
334334,312728,31.603345,popular_item
334334,325310,30.400945,popular_item
33604,119736,93.341381,popular_item
33604,461686,42.501946,popular_item
33604,356339,41.992234,popular_item
33604,413901,38.242194,popular_item
33604,248455,37.870508,popular_item
33604,190000,33.530561,popular_item
33604,409804,32.528157,popular_item
33604,320130,31.803457,popular_item
33604,312728,31.603345,popular_item
33604,325310,30.400945,popular_item
338061,119736,93.341381,popular_item
338061,461686,42.501946,popular_item
338061,356339,41.992234,popular_item
338061,413901,38.242194,popular_item
338061,248455,37.870508,popular_item
338061,190000,33.530561,popular_item
338061,409804,32.528157,popular_item
338061,320130,31.803457,popular_item
338061,312728,31.603345,popular_item
338061,325310,30.400945,popular_item
339526,119736,93.341381,popular_item
339526,461686,42.501946,popular_item
339526,356339,41.992234,popular_item
339526,413901,38.242194,popular_item
339526,248455,37.870508,popular_item
339526,190000,33.530561,popular_item
339526,409804,32.528157,popular_item
339526,320130,31.803457,popular_item
339526,312728,31.603345,popular_item
339526,325310,30.400945,popular_item
340753,119736,93.341381,popular_item
340753,461686,42.501946,popular_item
340753,356339,41.992234,popular_item
340753,413901,38.242194,popular_item
340753,248455,37.870508,popular_item
340753,190000,33.530561,popular_item
340753,409804,32.528157,popular_item
340753,320130,31.803457,popular_item
340753,312728,31.603345,popular_item
340753,325310,30.400945,popular_item
341900,119736,93.341381,popular_item
341900,461686,42.501946,popular_item
341900,356339,41.992234,popular_item
341900,413901,38.242194,popular_item
341900,248455,37.870508,popular_item
341900,190000,33.530561,popular_item
341900,320130,31.803457,popular_item
341900,312728,31.603345,popular_item
341900,325310,30.400945,popular_item
341900,405380,30.34115,popular_item
342626,119736,93.341381,popular_item
342626,461686,42.501946,popular_item
342626,356339,41.992234,popular_item
342626,413901,38.242194,popular_item
342626,248455,37.870508,popular_item
342626,190000,33.530561,popular_item
342626,409804,32.528157,popular_item
342626,320130,31.803457,popular_item
342626,312728,31.603345,popular_item
342626,325310,30.400945,popular_item
343137,461686,42.501946,popular_item
343137,356339,41.992234,popular_item
343137,413901,38.242194,popular_item
343137,248455,37.870508,popular_item
343137,190000,33.530561,popular_item
343137,409804,32.528157,popular_item
343137,320130,31.803457,popular_item
343137,312728,31.603345,popular_item
343137,325310,30.400945,popular_item
343137,405380,30.34115,popular_item
343659,119736,93.341381,popular_item
343659,461686,42.501946,popular_item
343659,356339,41.992234,popular_item
343659,413901,38.242194,popular_item
343659,248455,37.870508,popular_item
343659,190000,33.530561,popular_item
343659,409804,32.528157,popular_item
343659,320130,31.803457,popular_item
343659,312728,31.603345,popular_item
343659,325310,30.400945,popular_item
345276,461686,42.501946,popular_item
345276,356339,41.992234,popular_item
345276,413901,38.242194,popular_item
345276,248455,37.870508,popular_item
345276,190000,33.530561,popular_item
345276,409804,32.528157,popular_item
345276,320130,31.803457,popular_item
345276,312728,31.603345,popular_item
345276,325310,30.400945,popular_item
345276,405380,30.34115,popular_item
346597,119736,93.341381,popular_item
346597,461686,42.501946,popular_item
346597,356339,41.992234,popular_item
346597,413901,38.242194,popular_item
346597,248455,37.870508,popular_item
346597,190000,33.530561,popular_item
346597,409804,32.528157,popular_item
346597,320130,31.803457,popular_item
346597,312728,31.603345,popular_item
346597,325310,30.400945,popular_item
348951,119736,93.341381,popular_item
348951,461686,42.501946,popular_item
348951,356339,41.992234,popular_item
348951,413901,38.242194,popular_item
348951,248455,37.870508,popular_item
348951,190000,33.530561,popular_item
348951,409804,32.528157,popular_item
348951,320130,31.803457,popular_item
348951,312728,31.603345,popular_item
348951,325310,30.400945,popular_item
350566,461686,42.501946,popular_item
350566,356339,41.992234,popular_item
350566,413901,38.242194,popular_item
350566,248455,37.870508,popular_item
350566,190000,33.530561,popular_item
350566,312728,31.603345,popular_item
350566,325310,30.400945,popular_item
350566,405380,30.34115,popular_item
350566,63543,27.242467,popular_item
350566,98071,24.960201,popular_item
35190,119736,93.341381,popular_item
35190,461686,42.501946,popular_item
35190,356339,41.992234,popular_item
35190,413901,38.242194,popular_item
35190,248455,37.870508,popular_item
35190,190000,33.530561,popular_item
35190,409804,32.528157,popular_item
35190,320130,31.803457,popular_item
35190,312728,31.603345,popular_item
35190,325310,30.400945,popular_item
353847,119736,93.341381,popular_item
353847,461686,42.501946,popular_item
353847,356339,41.992234,popular_item
353847,413901,38.242194,popular_item
353847,248455,37.870508,popular_item
353847,190000,33.530561,popular_item
353847,409804,32.528157,popular_item
353847,320130,31.803457,popular_item
353847,312728,31.603345,popular_item
353847,325310,30.400945,popular_item
354041,119736,93.341381,popular_item
354041,461686,42.501946,popular_item
354041,356339,41.992234,popular_item
354041,413901,38.242194,popular_item
354041,248455,37.870508,popular_item
354041,190000,33.530561,popular_item
354041,409804,32.528157,popular_item
354041,320130,31.803457,popular_item
354041,312728,31.603345,popular_item
354041,325310,30.400945,popular_item
354084,119736,93.341381,popular_item
354084,461686,42.501946,popular_item
354084,356339,41.992234,popular_item
354084,413901,38.242194,popular_item
354084,248455,37.870508,popular_item
354084,190000,33.530561,popular_item
354084,409804,32.528157,popular_item
354084,320130,31.803457,popular_item
354084,312728,31.603345,popular_item
354084,325310,30.400945,popular_item
354785,119736,93.341381,popular_item
354785,461686,42.501946,popular_item
354785,356339,41.992234,popular_item
354785,413901,38.242194,popular_item
354785,248455,37.870508,popular_item
354785,190000,33.530561,popular_item
354785,409804,32.528157,popular_item
354785,320130,31.803457,popular_item
354785,312728,31.603345,popular_item
354785,325310,30.400945,popular_item
356005,119736,93.341381,popular_item
356005,461686,42.501946,popular_item
356005,356339,41.992234,popular_item
356005,413901,38.242194,popular_item
356005,248455,37.870508,popular_item
356005,190000,33.530561,popular_item
356005,409804,32.528157,popular_item
356005,320130,31.803457,popular_item
356005,312728,31.603345,popular_item
356005,325310,30.400945,popular_item
358516,461686,42.501946,popular_item
358516,356339,41.992234,popular_item
358516,413901,38.242194,popular_item
358516,248455,37.870508,popular_item
358516,190000,33.530561,popular_item
358516,409804,32.528157,popular_item
358516,320130,31.803457,popular_item
358516,312728,31.603345,popular_item
358516,325310,30.400945,popular_item
358516,405380,30.34115,popular_item
360295,119736,93.341381,popular_item
360295,461686,42.501946,popular_item
360295,356339,41.992234,popular_item
360295,413901,38.242194,popular_item
360295,248455,37.870508,popular_item
360295,190000,33.530561,popular_item
360295,409804,32.528157,popular_item
360295,320130,31.803457,popular_item
360295,312728,31.603345,popular_item
360295,325310,30.400945,popular_item
360921,119736,93.341381,popular_item
360921,461686,42.501946,popular_item
360921,356339,41.992234,popular_item
360921,413901,38.242194,popular_item
360921,248455,37.870508,popular_item
360921,190000,33.530561,popular_item
360921,409804,32.528157,popular_item
360921,320130,31.803457,popular_item
360921,312728,31.603345,popular_item
360921,325310,30.400945,popular_item
361041,119736,93.341381,popular_item
361041,461686,42.501946,popular_item
361041,356339,41.992234,popular_item
361041,413901,38.242194,popular_item
361041,190000,33.530561,popular_item
361041,409804,32.528157,popular_item
361041,320130,31.803457,popular_item
361041,325310,30.400945,popular_item
361041,405380,30.34115,popular_item
361041,63543,27.242467,popular_item
361470,119736,93.341381,popular_item
361470,461686,42.501946,popular_item
361470,356339,41.992234,popular_item
361470,413901,38.242194,popular_item
361470,248455,37.870508,popular_item
361470,190000,33.530561,popular_item
361470,409804,32.528157,popular_item
361470,320130,31.803457,popular_item
361470,312728,31.603345,popular_item
361470,325310,30.400945,popular_item
363660,119736,93.341381,popular_item
363660,461686,42.501946,popular_item
363660,356339,41.992234,popular_item
363660,413901,38.242194,popular_item
363660,248455,37.870508,popular_item
363660,190000,33.530561,popular_item
363660,409804,32.528157,popular_item
363660,320130,31.803457,popular_item
363660,312728,31.603345,popular_item
363660,325310,30.400945,popular_item
367987,119736,93.341381,popular_item
367987,461686,42.501946,popular_item
367987,356339,41.992234,popular_item
367987,413901,38.242194,popular_item
367987,248455,37.870508,popular_item
367987,190000,33.530561,popular_item
367987,409804,32.528157,popular_item
367987,320130,31.803457,popular_item
367987,312728,31.603345,popular_item
367987,325310,30.400945,popular_item
368401,119736,93.341381,popular_item
368401,461686,42.501946,popular_item
368401,356339,41.992234,popular_item
368401,413901,38.242194,popular_item
368401,248455,37.870508,popular_item
368401,190000,33.530561,popular_item
368401,409804,32.528157,popular_item
368401,320130,31.803457,popular_item
368401,312728,31.603345,popular_item
368401,325310,30.400945,popular_item
371257,119736,93.341381,popular_item
371257,461686,42.501946,popular_item
371257,356339,41.992234,popular_item
371257,413901,38.242194,popular_item
371257,248455,37.870508,popular_item
371257,190000,33.530561,popular_item
371257,409804,32.528157,popular_item
371257,320130,31.803457,popular_item
371257,312728,31.603345,popular_item
371257,325310,30.400945,popular_item
371604,461686,42.501946,popular_item
371604,356339,41.992234,popular_item
371604,413901,38.242194,popular_item
371604,248455,37.870508,popular_item
371604,190000,33.530561,popular_item
371604,409804,32.528157,popular_item
371604,320130,31.803457,popular_item
371604,312728,31.603345,popular_item
371604,325310,30.400945,popular_item
371604,405380,30.34115,popular_item
371606,356339,41.992234,popular_item
371606,413901,38.242194,popular_item
371606,248455,37.870508,popular_item
371606,190000,33.530561,popular_item
371606,409804,32.528157,popular_item
371606,320130,31.803457,popular_item
371606,405380,30.34115,popular_item
371606,63543,27.242467,popular_item
371606,98071,24.960201,popular_item
371606,9877,24.531017,popular_item
37581,119736,93.341381,popular_item
37581,461686,42.501946,popular_item
37581,356339,41.992234,popular_item
37581,413901,38.242194,popular_item
37581,248455,37.870508,popular_item
37581,190000,33.530561,popular_item
37581,409804,32.528157,popular_item
37581,320130,31.803457,popular_item
37581,312728,31.603345,popular_item
37581,325310,30.400945,popular_item
379058,119736,93.341381,popular_item
379058,461686,42.501946,popular_item
379058,356339,41.992234,popular_item
379058,413901,38.242194,popular_item
379058,248455,37.870508,popular_item
379058,190000,33.530561,popular_item
379058,409804,32.528157,popular_item
379058,320130,31.803457,popular_item
379058,312728,31.603345,popular_item
379058,325310,30.400945,popular_item
379932,461686,42.501946,popular_item
379932,356339,41.992234,popular_item
379932,413901,38.242194,popular_item
379932,248455,37.870508,popular_item
379932,190000,33.530561,popular_item
379932,409804,32.528157,popular_item
379932,312728,31.603345,popular_item
379932,325310,30.400945,popular_item
379932,405380,30.34115,popular_item
379932,63543,27.242467,popular_item
38015,119736,93.341381,popular_item
38015,461686,42.501946,popular_item
38015,356339,41.992234,popular_item
38015,413901,38.242194,popular_item
38015,248455,37.870508,popular_item
38015,190000,33.530561,popular_item
38015,409804,32.528157,popular_item
38015,320130,31.803457,popular_item
38015,312728,31.603345,popular_item
38015,325310,30.400945,popular_item
381477,119736,93.341381,popular_item
381477,461686,42.501946,popular_item
381477,356339,41.992234,popular_item
381477,413901,38.242194,popular_item
381477,248455,37.870508,popular_item
381477,190000,33.530561,popular_item
381477,409804,32.528157,popular_item
381477,320130,31.803457,popular_item
381477,312728,31.603345,popular_item
381477,325310,30.400945,popular_item
382711,119736,93.341381,popular_item
382711,461686,42.501946,popular_item
382711,356339,41.992234,popular_item
382711,413901,38.242194,popular_item
382711,248455,37.870508,popular_item
382711,190000,33.530561,popular_item
382711,409804,32.528157,popular_item
382711,320130,31.803457,popular_item
382711,312728,31.603345,popular_item
382711,325310,30.400945,popular_item
383275,119736,93.341381,popular_item
383275,461686,42.501946,popular_item
383275,356339,41.992234,popular_item
383275,413901,38.242194,popular_item
383275,248455,37.870508,popular_item
383275,190000,33.530561,popular_item
383275,409804,32.528157,popular_item
383275,320130,31.803457,popular_item
383275,312728,31.603345,popular_item
383275,325310,30.400945,popular_item
383445,119736,93.341381,popular_item
383445,461686,42.501946,popular_item
383445,356339,41.992234,popular_item
383445,413901,38.242194,popular_item
383445,248455,37.870508,popular_item
383445,190000,33.530561,popular_item
383445,409804,32.528157,popular_item
383445,320130,31.803457,popular_item
383445,312728,31.603345,popular_item
383445,325310,30.400945,popular_item
385559,119736,93.341381,popular_item
385559,461686,42.501946,popular_item
385559,356339,41.992234,popular_item
385559,413901,38.242194,popular_item
385559,248455,37.870508,popular_item
385559,190000,33.530561,popular_item
385559,409804,32.528157,popular_item
385559,320130,31.803457,popular_item
385559,312728,31.603345,popular_item
385559,325310,30.400945,popular_item
387144,119736,93.341381,popular_item
387144,461686,42.501946,popular_item
387144,356339,41.992234,popular_item
387144,413901,38.242194,popular_item
387144,248455,37.870508,popular_item
387144,190000,33.530561,popular_item
387144,409804,32.528157,popular_item
387144,320130,31.803457,popular_item
387144,312728,31.603345,popular_item
387144,325310,30.400945,popular_item
388200,119736,93.341381,popular_item
388200,461686,42.501946,popular_item
388200,356339,41.992234,popular_item
388200,413901,38.242194,popular_item
388200,248455,37.870508,popular_item
388200,190000,33.530561,popular_item
388200,409804,32.528157,popular_item
388200,320130,31.803457,popular_item
388200,312728,31.603345,popular_item
388200,325310,30.400945,popular_item
388556,119736,93.341381,popular_item
388556,461686,42.501946,popular_item
388556,356339,41.992234,popular_item
388556,413901,38.242194,popular_item
388556,248455,37.870508,popular_item
388556,190000,33.530561,popular_item
388556,409804,32.528157,popular_item
388556,320130,31.803457,popular_item
388556,312728,31.603345,popular_item
388556,325310,30.400945,popular_item
388612,119736,93.341381,popular_item
388612,461686,42.501946,popular_item
388612,356339,41.992234,popular_item
388612,413901,38.242194,popular_item
388612,248455,37.870508,popular_item
388612,190000,33.530561,popular_item
388612,409804,32.528157,popular_item
388612,320130,31.803457,popular_item
388612,312728,31.603345,popular_item
388612,325310,30.400945,popular_item
389135,119736,93.341381,popular_item
389135,461686,42.501946,popular_item
389135,356339,41.992234,popular_item
389135,413901,38.242194,popular_item
389135,248455,37.870508,popular_item
389135,190000,33.530561,popular_item
389135,409804,32.528157,popular_item
389135,320130,31.803457,popular_item
389135,312728,31.603345,popular_item
389135,325310,30.400945,popular_item
389532,461686,42.501946,popular_item
389532,356339,41.992234,popular_item
389532,413901,38.242194,popular_item
389532,248455,37.870508,popular_item
389532,190000,33.530561,popular_item
389532,320130,31.803457,popular_item
389532,312728,31.603345,popular_item
389532,325310,30.400945,popular_item
389532,405380,30.34115,popular_item
389532,63543,27.242467,popular_item
391066,119736,93.341381,popular_item
391066,461686,42.501946,popular_item
391066,356339,41.992234,popular_item
391066,413901,38.242194,popular_item
391066,248455,37.870508,popular_item
391066,190000,33.530561,popular_item
391066,409804,32.528157,popular_item
391066,320130,31.803457,popular_item
391066,312728,31.603345,popular_item
391066,325310,30.400945,popular_item
392752,119736,93.341381,popular_item
392752,461686,42.501946,popular_item
392752,356339,41.992234,popular_item
392752,413901,38.242194,popular_item
392752,248455,37.870508,popular_item
392752,190000,33.530561,popular_item
392752,409804,32.528157,popular_item
392752,320130,31.803457,popular_item
392752,312728,31.603345,popular_item
392752,325310,30.400945,popular_item
394049,119736,93.341381,popular_item
394049,461686,42.501946,popular_item
394049,356339,41.992234,popular_item
394049,413901,38.242194,popular_item
394049,248455,37.870508,popular_item
394049,190000,33.530561,popular_item
394049,409804,32.528157,popular_item
394049,320130,31.803457,popular_item
394049,312728,31.603345,popular_item
394049,325310,30.400945,popular_item
398192,119736,93.341381,popular_item
398192,461686,42.501946,popular_item
398192,356339,41.992234,popular_item
398192,413901,38.242194,popular_item
398192,248455,37.870508,popular_item
398192,190000,33.530561,popular_item
398192,409804,32.528157,popular_item
398192,320130,31.803457,popular_item
398192,312728,31.603345,popular_item
398192,325310,30.400945,popular_item
400159,119736,93.341381,popular_item
400159,461686,42.501946,popular_item
400159,356339,41.992234,popular_item
400159,413901,38.242194,popular_item
400159,248455,37.870508,popular_item
400159,190000,33.530561,popular_item
400159,409804,32.528157,popular_item
400159,320130,31.803457,popular_item
400159,312728,31.603345,popular_item
400159,325310,30.400945,popular_item
400676,119736,93.341381,popular_item
400676,461686,42.501946,popular_item
400676,356339,41.992234,popular_item
400676,413901,38.242194,popular_item
400676,248455,37.870508,popular_item
400676,190000,33.530561,popular_item
400676,409804,32.528157,popular_item
400676,320130,31.803457,popular_item
400676,312728,31.603345,popular_item
400676,325310,30.400945,popular_item
401352,119736,93.341381,popular_item
401352,461686,42.501946,popular_item
401352,356339,41.992234,popular_item
401352,413901,38.242194,popular_item
401352,248455,37.870508,popular_item
401352,190000,33.530561,popular_item
401352,409804,32.528157,popular_item
401352,320130,31.803457,popular_item
401352,312728,31.603345,popular_item
401352,325310,30.400945,popular_item
403567,119736,93.341381,popular_item
403567,461686,42.501946,popular_item
403567,356339,41.992234,popular_item
403567,413901,38.242194,popular_item
403567,248455,37.870508,popular_item
403567,190000,33.530561,popular_item
403567,409804,32.528157,popular_item
403567,320130,31.803457,popular_item
403567,312728,31.603345,popular_item
403567,325310,30.400945,popular_item
404403,119736,93.341381,popular_item
404403,461686,42.501946,popular_item
404403,356339,41.992234,popular_item
404403,413901,38.242194,popular_item
404403,248455,37.870508,popular_item
404403,190000,33.530561,popular_item
404403,409804,32.528157,popular_item
404403,320130,31.803457,popular_item
404403,312728,31.603345,popular_item
404403,325310,30.400945,popular_item
406115,119736,93.341381,popular_item
406115,461686,42.501946,popular_item
406115,356339,41.992234,popular_item
406115,413901,38.242194,popular_item
406115,248455,37.870508,popular_item
406115,190000,33.530561,popular_item
406115,409804,32.528157,popular_item
406115,320130,31.803457,popular_item
406115,312728,31.603345,popular_item
406115,325310,30.400945,popular_item
407882,119736,93.341381,popular_item
407882,461686,42.501946,popular_item
407882,356339,41.992234,popular_item
407882,413901,38.242194,popular_item
407882,248455,37.870508,popular_item
407882,190000,33.530561,popular_item
407882,409804,32.528157,popular_item
407882,320130,31.803457,popular_item
407882,312728,31.603345,popular_item
407882,325310,30.400945,popular_item
408063,119736,93.341381,popular_item
408063,461686,42.501946,popular_item
408063,356339,41.992234,popular_item
408063,413901,38.242194,popular_item
408063,248455,37.870508,popular_item
408063,190000,33.530561,popular_item
408063,409804,32.528157,popular_item
408063,320130,31.803457,popular_item
408063,312728,31.603345,popular_item
408063,325310,30.400945,popular_item
408657,119736,93.341381,popular_item
408657,461686,42.501946,popular_item
408657,356339,41.992234,popular_item
408657,413901,38.242194,popular_item
408657,248455,37.870508,popular_item
408657,190000,33.530561,popular_item
408657,409804,32.528157,popular_item
408657,320130,31.803457,popular_item
408657,312728,31.603345,popular_item
408657,325310,30.400945,popular_item
409324,119736,93.341381,popular_item
409324,461686,42.501946,popular_item
409324,356339,41.992234,popular_item
409324,413901,38.242194,popular_item
409324,248455,37.870508,popular_item
409324,190000,33.530561,popular_item
409324,409804,32.528157,popular_item
409324,320130,31.803457,popular_item
409324,312728,31.603345,popular_item
409324,325310,30.400945,popular_item
412598,119736,93.341381,popular_item
412598,461686,42.501946,popular_item
412598,356339,41.992234,popular_item
412598,413901,38.242194,popular_item
412598,248455,37.870508,popular_item
412598,190000,33.530561,popular_item
412598,409804,32.528157,popular_item
412598,320130,31.803457,popular_item
412598,312728,31.603345,popular_item
412598,325310,30.400945,popular_item
414649,119736,93.341381,popular_item
414649,461686,42.501946,popular_item
414649,356339,41.992234,popular_item
414649,413901,38.242194,popular_item
414649,248455,37.870508,popular_item
414649,190000,33.530561,popular_item
414649,409804,32.528157,popular_item
414649,320130,31.803457,popular_item
414649,312728,31.603345,popular_item
414649,325310,30.400945,popular_item
415453,119736,93.341381,popular_item
415453,461686,42.501946,popular_item
415453,356339,41.992234,popular_item
415453,413901,38.242194,popular_item
415453,248455,37.870508,popular_item
415453,190000,33.530561,popular_item
415453,409804,32.528157,popular_item
415453,320130,31.803457,popular_item
415453,312728,31.603345,popular_item
415453,325310,30.400945,popular_item
41623,119736,93.341381,popular_item
41623,461686,42.501946,popular_item
41623,356339,41.992234,popular_item
41623,413901,38.242194,popular_item
41623,248455,37.870508,popular_item
41623,190000,33.530561,popular_item
41623,409804,32.528157,popular_item
41623,320130,31.803457,popular_item
41623,312728,31.603345,popular_item
41623,325310,30.400945,popular_item
416496,461686,42.501946,popular_item
416496,356339,41.992234,popular_item
416496,413901,38.242194,popular_item
416496,248455,37.870508,popular_item
416496,190000,33.530561,popular_item
416496,320130,31.803457,popular_item
416496,325310,30.400945,popular_item
416496,405380,30.34115,popular_item
416496,63543,27.242467,popular_item
416496,98071,24.960201,popular_item
41702,119736,93.341381,popular_item
41702,461686,42.501946,popular_item
41702,356339,41.992234,popular_item
41702,413901,38.242194,popular_item
41702,248455,37.870508,popular_item
41702,190000,33.530561,popular_item
41702,409804,32.528157,popular_item
41702,320130,31.803457,popular_item
41702,312728,31.603345,popular_item
41702,325310,30.400945,popular_item
417312,119736,93.341381,popular_item
417312,461686,42.501946,popular_item
417312,356339,41.992234,popular_item
417312,413901,38.242194,popular_item
417312,248455,37.870508,popular_item
417312,190000,33.530561,popular_item
417312,409804,32.528157,popular_item
417312,320130,31.803457,popular_item
417312,312728,31.603345,popular_item
417312,325310,30.400945,popular_item
417915,119736,93.341381,popular_item
417915,461686,42.501946,popular_item
417915,356339,41.992234,popular_item
417915,413901,38.242194,popular_item
417915,248455,37.870508,popular_item
417915,190000,33.530561,popular_item
417915,409804,32.528157,popular_item
417915,320130,31.803457,popular_item
417915,312728,31.603345,popular_item
417915,325310,30.400945,popular_item
418102,119736,93.341381,popular_item
418102,461686,42.501946,popular_item
418102,356339,41.992234,popular_item
418102,413901,38.242194,popular_item
418102,248455,37.870508,popular_item
418102,190000,33.530561,popular_item
418102,409804,32.528157,popular_item
418102,320130,31.803457,popular_item
418102,312728,31.603345,popular_item
418102,325310,30.400945,popular_item
418788,119736,93.341381,popular_item
418788,461686,42.501946,popular_item
418788,356339,41.992234,popular_item
418788,413901,38.242194,popular_item
418788,248455,37.870508,popular_item
418788,190000,33.530561,popular_item
418788,409804,32.528157,popular_item
418788,320130,31.803457,popular_item
418788,312728,31.603345,popular_item
418788,325310,30.400945,popular_item
418934,119736,93.341381,popular_item
418934,461686,42.501946,popular_item
418934,356339,41.992234,popular_item
418934,413901,38.242194,popular_item
418934,248455,37.870508,popular_item
418934,190000,33.530561,popular_item
418934,409804,32.528157,popular_item
418934,320130,31.803457,popular_item
418934,312728,31.603345,popular_item
418934,325310,30.400945,popular_item
420080,119736,93.341381,popular_item
420080,461686,42.501946,popular_item
420080,356339,41.992234,popular_item
420080,413901,38.242194,popular_item
420080,248455,37.870508,popular_item
420080,190000,33.530561,popular_item
420080,409804,32.528157,popular_item
420080,320130,31.803457,popular_item
420080,312728,31.603345,popular_item
420080,325310,30.400945,popular_item
422864,119736,93.341381,popular_item
422864,461686,42.501946,popular_item
422864,356339,41.992234,popular_item
422864,413901,38.242194,popular_item
422864,248455,37.870508,popular_item
422864,190000,33.530561,popular_item
422864,409804,32.528157,popular_item
422864,320130,31.803457,popular_item
422864,312728,31.603345,popular_item
422864,325310,30.400945,popular_item
424358,119736,93.341381,popular_item
424358,461686,42.501946,popular_item
424358,356339,41.992234,popular_item
424358,413901,38.242194,popular_item
424358,248455,37.870508,popular_item
424358,190000,33.530561,popular_item
424358,409804,32.528157,popular_item
424358,320130,31.803457,popular_item
424358,312728,31.603345,popular_item
424358,405380,30.34115,popular_item
425356,119736,93.341381,popular_item
425356,461686,42.501946,popular_item
425356,356339,41.992234,popular_item
425356,413901,38.242194,popular_item
425356,248455,37.870508,popular_item
425356,190000,33.530561,popular_item
425356,409804,32.528157,popular_item
425356,320130,31.803457,popular_item
425356,312728,31.603345,popular_item
425356,325310,30.400945,popular_item
42552,119736,93.341381,popular_item
42552,461686,42.501946,popular_item
42552,356339,41.992234,popular_item
42552,413901,38.242194,popular_item
42552,248455,37.870508,popular_item
42552,190000,33.530561,popular_item
42552,409804,32.528157,popular_item
42552,320130,31.803457,popular_item
42552,312728,31.603345,popular_item
42552,325310,30.400945,popular_item
425631,119736,93.341381,popular_item
425631,461686,42.501946,popular_item
425631,356339,41.992234,popular_item
425631,413901,38.242194,popular_item
425631,248455,37.870508,popular_item
425631,190000,33.530561,popular_item
425631,409804,32.528157,popular_item
425631,320130,31.803457,popular_item
425631,312728,31.603345,popular_item
425631,325310,30.400945,popular_item
427504,119736,93.341381,popular_item
427504,461686,42.501946,popular_item
427504,356339,41.992234,popular_item
427504,413901,38.242194,popular_item
427504,248455,37.870508,popular_item
427504,190000,33.530561,popular_item
427504,409804,32.528157,popular_item
427504,320130,31.803457,popular_item
427504,312728,31.603345,popular_item
427504,325310,30.400945,popular_item
428880,119736,93.341381,popular_item
428880,461686,42.501946,popular_item
428880,356339,41.992234,popular_item
428880,413901,38.242194,popular_item
428880,248455,37.870508,popular_item
428880,190000,33.530561,popular_item
428880,409804,32.528157,popular_item
428880,320130,31.803457,popular_item
428880,312728,31.603345,popular_item
428880,325310,30.400945,popular_item
429035,119736,93.341381,popular_item
429035,461686,42.501946,popular_item
429035,356339,41.992234,popular_item
429035,413901,38.242194,popular_item
429035,248455,37.870508,popular_item
429035,190000,33.530561,popular_item
429035,409804,32.528157,popular_item
429035,320130,31.803457,popular_item
429035,312728,31.603345,popular_item
429035,325310,30.400945,popular_item
429450,119736,93.341381,popular_item
429450,461686,42.501946,popular_item
429450,356339,41.992234,popular_item
429450,413901,38.242194,popular_item
429450,248455,37.870508,popular_item
429450,190000,33.530561,popular_item
429450,409804,32.528157,popular_item
429450,320130,31.803457,popular_item
429450,312728,31.603345,popular_item
429450,325310,30.400945,popular_item
431926,119736,93.341381,popular_item
431926,461686,42.501946,popular_item
431926,356339,41.992234,popular_item
431926,413901,38.242194,popular_item
431926,248455,37.870508,popular_item
431926,190000,33.530561,popular_item
431926,409804,32.528157,popular_item
431926,320130,31.803457,popular_item
431926,312728,31.603345,popular_item
431926,325310,30.400945,popular_item
433298,119736,93.341381,popular_item
433298,461686,42.501946,popular_item
433298,356339,41.992234,popular_item
433298,413901,38.242194,popular_item
433298,248455,37.870508,popular_item
433298,190000,33.530561,popular_item
433298,409804,32.528157,popular_item
433298,320130,31.803457,popular_item
433298,312728,31.603345,popular_item
433298,325310,30.400945,popular_item
433583,119736,93.341381,popular_item
433583,461686,42.501946,popular_item
433583,356339,41.992234,popular_item
433583,413901,38.242194,popular_item
433583,248455,37.870508,popular_item
433583,190000,33.530561,popular_item
433583,409804,32.528157,popular_item
433583,320130,31.803457,popular_item
433583,312728,31.603345,popular_item
433583,325310,30.400945,popular_item
434418,119736,93.341381,popular_item
434418,461686,42.501946,popular_item
434418,356339,41.992234,popular_item
434418,413901,38.242194,popular_item
434418,248455,37.870508,popular_item
434418,190000,33.530561,popular_item
434418,409804,32.528157,popular_item
434418,320130,31.803457,popular_item
434418,312728,31.603345,popular_item
434418,325310,30.400945,popular_item
438441,461686,42.501946,popular_item
438441,356339,41.992234,popular_item
438441,413901,38.242194,popular_item
438441,248455,37.870508,popular_item
438441,190000,33.530561,popular_item
438441,409804,32.528157,popular_item
438441,320130,31.803457,popular_item
438441,312728,31.603345,popular_item
438441,405380,30.34115,popular_item
438441,63543,27.242467,popular_item
447488,119736,93.341381,popular_item
447488,461686,42.501946,popular_item
447488,356339,41.992234,popular_item
447488,413901,38.242194,popular_item
447488,248455,37.870508,popular_item
447488,190000,33.530561,popular_item
447488,409804,32.528157,popular_item
447488,320130,31.803457,popular_item
447488,312728,31.603345,popular_item
447488,405380,30.34115,popular_item
449194,119736,93.341381,popular_item
449194,461686,42.501946,popular_item
449194,356339,41.992234,popular_item
449194,413901,38.242194,popular_item
449194,248455,37.870508,popular_item
449194,190000,33.530561,popular_item
449194,409804,32.528157,popular_item
449194,320130,31.803457,popular_item
449194,312728,31.603345,popular_item
449194,325310,30.400945,popular_item
449683,119736,93.341381,popular_item
449683,461686,42.501946,popular_item
449683,356339,41.992234,popular_item
449683,413901,38.242194,popular_item
449683,248455,37.870508,popular_item
449683,190000,33.530561,popular_item
449683,409804,32.528157,popular_item
449683,320130,31.803457,popular_item
449683,312728,31.603345,popular_item
449683,325310,30.400945,popular_item
45018,119736,93.341381,popular_item
45018,461686,42.501946,popular_item
45018,356339,41.992234,popular_item
45018,413901,38.242194,popular_item
45018,248455,37.870508,popular_item
45018,190000,33.530561,popular_item
45018,409804,32.528157,popular_item
45018,320130,31.803457,popular_item
45018,312728,31.603345,popular_item
45018,325310,30.400945,popular_item
454690,119736,93.341381,popular_item
454690,461686,42.501946,popular_item
454690,356339,41.992234,popular_item
454690,413901,38.242194,popular_item
454690,248455,37.870508,popular_item
454690,190000,33.530561,popular_item
454690,409804,32.528157,popular_item
454690,320130,31.803457,popular_item
454690,312728,31.603345,popular_item
454690,325310,30.400945,popular_item
454771,119736,93.341381,popular_item
454771,461686,42.501946,popular_item
454771,356339,41.992234,popular_item
454771,413901,38.242194,popular_item
454771,248455,37.870508,popular_item
454771,190000,33.530561,popular_item
454771,409804,32.528157,popular_item
454771,320130,31.803457,popular_item
454771,312728,31.603345,popular_item
454771,325310,30.400945,popular_item
457187,119736,93.341381,popular_item
457187,461686,42.501946,popular_item
457187,356339,41.992234,popular_item
457187,413901,38.242194,popular_item
457187,248455,37.870508,popular_item
457187,190000,33.530561,popular_item
457187,409804,32.528157,popular_item
457187,320130,31.803457,popular_item
457187,312728,31.603345,popular_item
457187,325310,30.400945,popular_item
457547,119736,93.341381,popular_item
457547,461686,42.501946,popular_item
457547,356339,41.992234,popular_item
457547,413901,38.242194,popular_item
457547,248455,37.870508,popular_item
457547,190000,33.530561,popular_item
457547,409804,32.528157,popular_item
457547,320130,31.803457,popular_item
457547,312728,31.603345,popular_item
457547,325310,30.400945,popular_item
458689,119736,93.341381,popular_item
458689,461686,42.501946,popular_item
458689,356339,41.992234,popular_item
458689,413901,38.242194,popular_item
458689,248455,37.870508,popular_item
458689,190000,33.530561,popular_item
458689,409804,32.528157,popular_item
458689,320130,31.803457,popular_item
458689,312728,31.603345,popular_item
458689,325310,30.400945,popular_item
460599,119736,93.341381,popular_item
460599,461686,42.501946,popular_item
460599,356339,41.992234,popular_item
460599,413901,38.242194,popular_item
460599,248455,37.870508,popular_item
460599,190000,33.530561,popular_item
460599,409804,32.528157,popular_item
460599,320130,31.803457,popular_item
460599,312728,31.603345,popular_item
460599,325310,30.400945,popular_item
460601,119736,93.341381,popular_item
460601,461686,42.501946,popular_item
460601,356339,41.992234,popular_item
460601,413901,38.242194,popular_item
460601,248455,37.870508,popular_item
460601,190000,33.530561,popular_item
460601,409804,32.528157,popular_item
460601,320130,31.803457,popular_item
460601,312728,31.603345,popular_item
460601,325310,30.400945,popular_item
46276,119736,93.341381,popular_item
46276,461686,42.501946,popular_item
46276,356339,41.992234,popular_item
46276,413901,38.242194,popular_item
46276,248455,37.870508,popular_item
46276,190000,33.530561,popular_item
46276,409804,32.528157,popular_item
46276,320130,31.803457,popular_item
46276,312728,31.603345,popular_item
46276,325310,30.400945,popular_item
463561,119736,93.341381,popular_item
463561,356339,41.992234,popular_item
463561,413901,38.242194,popular_item
463561,248455,37.870508,popular_item
463561,190000,33.530561,popular_item
463561,409804,32.528157,popular_item
463561,320130,31.803457,popular_item
463561,312728,31.603345,popular_item
463561,325310,30.400945,popular_item
463561,405380,30.34115,popular_item
46535,119736,93.341381,popular_item
46535,461686,42.501946,popular_item
46535,356339,41.992234,popular_item
46535,413901,38.242194,popular_item
46535,248455,37.870508,popular_item
46535,190000,33.530561,popular_item
46535,409804,32.528157,popular_item
46535,320130,31.803457,popular_item
46535,312728,31.603345,popular_item
46535,325310,30.400945,popular_item
468309,119736,93.341381,popular_item
468309,461686,42.501946,popular_item
468309,356339,41.992234,popular_item
468309,413901,38.242194,popular_item
468309,248455,37.870508,popular_item
468309,190000,33.530561,popular_item
468309,409804,32.528157,popular_item
468309,320130,31.803457,popular_item
468309,312728,31.603345,popular_item
468309,325310,30.400945,popular_item
469410,119736,93.341381,popular_item
469410,461686,42.501946,popular_item
469410,356339,41.992234,popular_item
469410,413901,38.242194,popular_item
469410,248455,37.870508,popular_item
469410,190000,33.530561,popular_item
469410,409804,32.528157,popular_item
469410,320130,31.803457,popular_item
469410,312728,31.603345,popular_item
469410,325310,30.400945,popular_item
471519,119736,93.341381,popular_item
471519,461686,42.501946,popular_item
471519,356339,41.992234,popular_item
471519,413901,38.242194,popular_item
471519,248455,37.870508,popular_item
471519,190000,33.530561,popular_item
471519,409804,32.528157,popular_item
471519,320130,31.803457,popular_item
471519,312728,31.603345,popular_item
471519,325310,30.400945,popular_item
471992,119736,93.341381,popular_item
471992,461686,42.501946,popular_item
471992,356339,41.992234,popular_item
471992,413901,38.242194,popular_item
471992,248455,37.870508,popular_item
471992,190000,33.530561,popular_item
471992,409804,32.528157,popular_item
471992,320130,31.803457,popular_item
471992,312728,31.603345,popular_item
471992,325310,30.400945,popular_item
474308,119736,93.341381,popular_item
474308,461686,42.501946,popular_item
474308,356339,41.992234,popular_item
474308,413901,38.242194,popular_item
474308,248455,37.870508,popular_item
474308,190000,33.530561,popular_item
474308,409804,32.528157,popular_item
474308,320130,31.803457,popular_item
474308,312728,31.603345,popular_item
474308,325310,30.400945,popular_item
475172,119736,93.341381,popular_item
475172,461686,42.501946,popular_item
475172,356339,41.992234,popular_item
475172,413901,38.242194,popular_item
475172,248455,37.870508,popular_item
475172,190000,33.530561,popular_item
475172,409804,32.528157,popular_item
475172,320130,31.803457,popular_item
475172,312728,31.603345,popular_item
475172,325310,30.400945,popular_item
475479,461686,42.501946,popular_item
475479,356339,41.992234,popular_item
475479,413901,38.242194,popular_item
475479,248455,37.870508,popular_item
475479,190000,33.530561,popular_item
475479,409804,32.528157,popular_item
475479,320130,31.803457,popular_item
475479,325310,30.400945,popular_item
475479,405380,30.34115,popular_item
475479,63543,27.242467,popular_item
477826,119736,93.341381,popular_item
477826,356339,41.992234,popular_item
477826,413901,38.242194,popular_item
477826,409804,32.528157,popular_item
477826,320130,31.803457,popular_item
477826,312728,31.603345,popular_item
477826,325310,30.400945,popular_item
477826,405380,30.34115,popular_item
477826,98071,24.960201,popular_item
477826,368403,24.710523,popular_item
478006,119736,93.341381,popular_item
478006,461686,42.501946,popular_item
478006,356339,41.992234,popular_item
478006,413901,38.242194,popular_item
478006,248455,37.870508,popular_item
478006,190000,33.530561,popular_item
478006,409804,32.528157,popular_item
478006,320130,31.803457,popular_item
478006,312728,31.603345,popular_item
478006,325310,30.400945,popular_item
478054,119736,93.341381,popular_item
478054,461686,42.501946,popular_item
478054,356339,41.992234,popular_item
478054,413901,38.242194,popular_item
478054,248455,37.870508,popular_item
478054,190000,33.530561,popular_item
478054,409804,32.528157,popular_item
478054,320130,31.803457,popular_item
478054,312728,31.603345,popular_item
478054,325310,30.400945,popular_item
478537,119736,93.341381,popular_item
478537,461686,42.501946,popular_item
478537,356339,41.992234,popular_item
478537,413901,38.242194,popular_item
478537,248455,37.870508,popular_item
478537,409804,32.528157,popular_item
478537,320130,31.803457,popular_item
478537,312728,31.603345,popular_item
478537,325310,30.400945,popular_item
478537,405380,30.34115,popular_item
480744,119736,93.341381,popular_item
480744,461686,42.501946,popular_item
480744,356339,41.992234,popular_item
480744,413901,38.242194,popular_item
480744,248455,37.870508,popular_item
480744,190000,33.530561,popular_item
480744,409804,32.528157,popular_item
480744,320130,31.803457,popular_item
480744,312728,31.603345,popular_item
480744,325310,30.400945,popular_item
481437,119736,93.341381,popular_item
481437,356339,41.992234,popular_item
481437,413901,38.242194,popular_item
481437,248455,37.870508,popular_item
481437,190000,33.530561,popular_item
481437,409804,32.528157,popular_item
481437,320130,31.803457,popular_item
481437,312728,31.603345,popular_item
481437,325310,30.400945,popular_item
481437,405380,30.34115,popular_item
483471,119736,93.341381,popular_item
483471,461686,42.501946,popular_item
483471,356339,41.992234,popular_item
483471,413901,38.242194,popular_item
483471,248455,37.870508,popular_item
483471,190000,33.530561,popular_item
483471,409804,32.528157,popular_item
483471,320130,31.803457,popular_item
483471,312728,31.603345,popular_item
483471,325310,30.400945,popular_item
484215,119736,93.341381,popular_item
484215,461686,42.501946,popular_item
484215,356339,41.992234,popular_item
484215,413901,38.242194,popular_item
484215,248455,37.870508,popular_item
484215,190000,33.530561,popular_item
484215,409804,32.528157,popular_item
484215,320130,31.803457,popular_item
484215,312728,31.603345,popular_item
484215,325310,30.400945,popular_item
484663,119736,93.341381,popular_item
484663,461686,42.501946,popular_item
484663,356339,41.992234,popular_item
484663,413901,38.242194,popular_item
484663,248455,37.870508,popular_item
484663,190000,33.530561,popular_item
484663,409804,32.528157,popular_item
484663,320130,31.803457,popular_item
484663,312728,31.603345,popular_item
484663,325310,30.400945,popular_item
485556,119736,93.341381,popular_item
485556,461686,42.501946,popular_item
485556,356339,41.992234,popular_item
485556,413901,38.242194,popular_item
485556,248455,37.870508,popular_item
485556,190000,33.530561,popular_item
485556,409804,32.528157,popular_item
485556,320130,31.803457,popular_item
485556,312728,31.603345,popular_item
485556,325310,30.400945,popular_item
485689,356339,41.992234,popular_item
485689,413901,38.242194,popular_item
485689,248455,37.870508,popular_item
485689,190000,33.530561,popular_item
485689,409804,32.528157,popular_item
485689,320130,31.803457,popular_item
485689,312728,31.603345,popular_item
485689,325310,30.400945,popular_item
485689,405380,30.34115,popular_item
485689,63543,27.242467,popular_item
487986,119736,93.341381,popular_item
487986,461686,42.501946,popular_item
487986,356339,41.992234,popular_item
487986,413901,38.242194,popular_item
487986,248455,37.870508,popular_item
487986,190000,33.530561,popular_item
487986,409804,32.528157,popular_item
487986,320130,31.803457,popular_item
487986,312728,31.603345,popular_item
487986,325310,30.400945,popular_item
48820,119736,93.341381,popular_item
48820,356339,41.992234,popular_item
48820,413901,38.242194,popular_item
48820,248455,37.870508,popular_item
48820,190000,33.530561,popular_item
48820,409804,32.528157,popular_item
48820,320130,31.803457,popular_item
48820,312728,31.603345,popular_item
48820,325310,30.400945,popular_item
48820,405380,30.34115,popular_item
491323,119736,93.341381,popular_item
491323,461686,42.501946,popular_item
491323,356339,41.992234,popular_item
491323,413901,38.242194,popular_item
491323,248455,37.870508,popular_item
491323,190000,33.530561,popular_item
491323,409804,32.528157,popular_item
491323,320130,31.803457,popular_item
491323,312728,31.603345,popular_item
491323,325310,30.400945,popular_item
496313,119736,93.341381,popular_item
496313,461686,42.501946,popular_item
496313,356339,41.992234,popular_item
496313,413901,38.242194,popular_item
496313,248455,37.870508,popular_item
496313,190000,33.530561,popular_item
496313,409804,32.528157,popular_item
496313,320130,31.803457,popular_item
496313,312728,31.603345,popular_item
496313,325310,30.400945,popular_item
497170,119736,93.341381,popular_item
497170,461686,42.501946,popular_item
497170,356339,41.992234,popular_item
497170,413901,38.242194,popular_item
497170,248455,37.870508,popular_item
497170,190000,33.530561,popular_item
497170,409804,32.528157,popular_item
497170,320130,31.803457,popular_item
497170,312728,31.603345,popular_item
497170,325310,30.400945,popular_item
499320,119736,93.341381,popular_item
499320,461686,42.501946,popular_item
499320,356339,41.992234,popular_item
499320,413901,38.242194,popular_item
499320,248455,37.870508,popular_item
499320,190000,33.530561,popular_item
499320,409804,32.528157,popular_item
499320,320130,31.803457,popular_item
499320,312728,31.603345,popular_item
499320,325310,30.400945,popular_item
501429,119736,93.341381,popular_item
501429,461686,42.501946,popular_item
501429,356339,41.992234,popular_item
501429,413901,38.242194,popular_item
501429,248455,37.870508,popular_item
501429,190000,33.530561,popular_item
501429,409804,32.528157,popular_item
501429,320130,31.803457,popular_item
501429,325310,30.400945,popular_item
501429,405380,30.34115,popular_item
501896,119736,93.341381,popular_item
501896,461686,42.501946,popular_item
501896,356339,41.992234,popular_item
501896,413901,38.242194,popular_item
501896,248455,37.870508,popular_item
501896,190000,33.530561,popular_item
501896,409804,32.528157,popular_item
501896,320130,31.803457,popular_item
501896,312728,31.603345,popular_item
501896,325310,30.400945,popular_item
502208,119736,93.341381,popular_item
502208,461686,42.501946,popular_item
502208,356339,41.992234,popular_item
502208,413901,38.242194,popular_item
502208,248455,37.870508,popular_item
502208,190000,33.530561,popular_item
502208,409804,32.528157,popular_item
502208,320130,31.803457,popular_item
502208,312728,31.603345,popular_item
502208,325310,30.400945,popular_item
502828,119736,93.341381,popular_item
502828,461686,42.501946,popular_item
502828,356339,41.992234,popular_item
502828,413901,38.242194,popular_item
502828,248455,37.870508,popular_item
502828,190000,33.530561,popular_item
502828,409804,32.528157,popular_item
502828,320130,31.803457,popular_item
502828,312728,31.603345,popular_item
502828,325310,30.400945,popular_item
502832,119736,93.341381,popular_item
502832,461686,42.501946,popular_item
502832,356339,41.992234,popular_item
502832,413901,38.242194,popular_item
502832,248455,37.870508,popular_item
502832,190000,33.530561,popular_item
502832,320130,31.803457,popular_item
502832,312728,31.603345,popular_item
502832,325310,30.400945,popular_item
502832,405380,30.34115,popular_item
503071,119736,93.341381,popular_item
503071,461686,42.501946,popular_item
503071,356339,41.992234,popular_item
503071,413901,38.242194,popular_item
503071,248455,37.870508,popular_item
503071,190000,33.530561,popular_item
503071,409804,32.528157,popular_item
503071,320130,31.803457,popular_item
503071,312728,31.603345,popular_item
503071,325310,30.400945,popular_item
503857,119736,93.341381,popular_item
503857,461686,42.501946,popular_item
503857,356339,41.992234,popular_item
503857,413901,38.242194,popular_item
503857,248455,37.870508,popular_item
503857,190000,33.530561,popular_item
503857,409804,32.528157,popular_item
503857,320130,31.803457,popular_item
503857,312728,31.603345,popular_item
503857,325310,30.400945,popular_item
509017,119736,93.341381,popular_item
509017,461686,42.501946,popular_item
509017,356339,41.992234,popular_item
509017,413901,38.242194,popular_item
509017,248455,37.870508,popular_item
509017,190000,33.530561,popular_item
509017,320130,31.803457,popular_item
509017,312728,31.603345,popular_item
509017,325310,30.400945,popular_item
509017,405380,30.34115,popular_item
509081,119736,93.341381,popular_item
509081,461686,42.501946,popular_item
509081,356339,41.992234,popular_item
509081,413901,38.242194,popular_item
509081,248455,37.870508,popular_item
509081,190000,33.530561,popular_item
509081,409804,32.528157,popular_item
509081,320130,31.803457,popular_item
509081,312728,31.603345,popular_item
509081,325310,30.400945,popular_item
509109,119736,93.341381,popular_item
509109,461686,42.501946,popular_item
509109,356339,41.992234,popular_item
509109,413901,38.242194,popular_item
509109,248455,37.870508,popular_item
509109,190000,33.530561,popular_item
509109,409804,32.528157,popular_item
509109,320130,31.803457,popular_item
509109,312728,31.603345,popular_item
509109,325310,30.400945,popular_item
514220,119736,93.341381,popular_item
514220,461686,42.501946,popular_item
514220,356339,41.992234,popular_item
514220,413901,38.242194,popular_item
514220,248455,37.870508,popular_item
514220,190000,33.530561,popular_item
514220,409804,32.528157,popular_item
514220,320130,31.803457,popular_item
514220,312728,31.603345,popular_item
514220,325310,30.400945,popular_item
514595,119736,93.341381,popular_item
514595,461686,42.501946,popular_item
514595,356339,41.992234,popular_item
514595,413901,38.242194,popular_item
514595,248455,37.870508,popular_item
514595,190000,33.530561,popular_item
514595,409804,32.528157,popular_item
514595,320130,31.803457,popular_item
514595,312728,31.603345,popular_item
514595,325310,30.400945,popular_item
515017,119736,93.341381,popular_item
515017,461686,42.501946,popular_item
515017,356339,41.992234,popular_item
515017,413901,38.242194,popular_item
515017,248455,37.870508,popular_item
515017,190000,33.530561,popular_item
515017,409804,32.528157,popular_item
515017,320130,31.803457,popular_item
515017,312728,31.603345,popular_item
515017,325310,30.400945,popular_item
516261,119736,93.341381,popular_item
516261,356339,41.992234,popular_item
516261,413901,38.242194,popular_item
516261,248455,37.870508,popular_item
516261,190000,33.530561,popular_item
516261,409804,32.528157,popular_item
516261,320130,31.803457,popular_item
516261,312728,31.603345,popular_item
516261,325310,30.400945,popular_item
516261,405380,30.34115,popular_item
518659,461686,42.501946,popular_item
518659,356339,41.992234,popular_item
518659,413901,38.242194,popular_item
518659,320130,31.803457,popular_item
518659,405380,30.34115,popular_item
518659,98071,24.960201,popular_item
518659,368403,24.710523,popular_item
518659,9877,24.531017,popular_item
518659,6605,23.401338,popular_item
518659,384302,22.727889,popular_item
518851,119736,93.341381,popular_item
518851,461686,42.501946,popular_item
518851,356339,41.992234,popular_item
518851,413901,38.242194,popular_item
518851,248455,37.870508,popular_item
518851,190000,33.530561,popular_item
518851,409804,32.528157,popular_item
518851,320130,31.803457,popular_item
518851,312728,31.603345,popular_item
518851,325310,30.400945,popular_item
519839,356339,41.992234,popular_item
519839,413901,38.242194,popular_item
519839,248455,37.870508,popular_item
519839,190000,33.530561,popular_item
519839,409804,32.528157,popular_item
519839,320130,31.803457,popular_item
519839,312728,31.603345,popular_item
519839,325310,30.400945,popular_item
519839,405380,30.34115,popular_item
519839,63543,27.242467,popular_item
520636,119736,93.341381,popular_item
520636,461686,42.501946,popular_item
520636,356339,41.992234,popular_item
520636,413901,38.242194,popular_item
520636,248455,37.870508,popular_item
520636,190000,33.530561,popular_item
520636,409804,32.528157,popular_item
520636,320130,31.803457,popular_item
520636,312728,31.603345,popular_item
520636,325310,30.400945,popular_item
522161,119736,93.341381,popular_item
522161,461686,42.501946,popular_item
522161,356339,41.992234,popular_item
522161,413901,38.242194,popular_item
522161,248455,37.870508,popular_item
522161,190000,33.530561,popular_item
522161,409804,32.528157,popular_item
522161,320130,31.803457,popular_item
522161,312728,31.603345,popular_item
522161,325310,30.400945,popular_item
524146,119736,93.341381,popular_item
524146,461686,42.501946,popular_item
524146,356339,41.992234,popular_item
524146,413901,38.242194,popular_item
524146,248455,37.870508,popular_item
524146,190000,33.530561,popular_item
524146,409804,32.528157,popular_item
524146,320130,31.803457,popular_item
524146,312728,31.603345,popular_item
524146,325310,30.400945,popular_item
525077,119736,93.341381,popular_item
525077,461686,42.501946,popular_item
525077,356339,41.992234,popular_item
525077,413901,38.242194,popular_item
525077,248455,37.870508,popular_item
525077,190000,33.530561,popular_item
525077,409804,32.528157,popular_item
525077,320130,31.803457,popular_item
525077,312728,31.603345,popular_item
525077,325310,30.400945,popular_item
527307,119736,93.341381,popular_item
527307,461686,42.501946,popular_item
527307,356339,41.992234,popular_item
527307,413901,38.242194,popular_item
527307,248455,37.870508,popular_item
527307,190000,33.530561,popular_item
527307,409804,32.528157,popular_item
527307,320130,31.803457,popular_item
527307,312728,31.603345,popular_item
527307,325310,30.400945,popular_item
527815,119736,93.341381,popular_item
527815,461686,42.501946,popular_item
527815,356339,41.992234,popular_item
527815,413901,38.242194,popular_item
527815,248455,37.870508,popular_item
527815,190000,33.530561,popular_item
527815,409804,32.528157,popular_item
527815,320130,31.803457,popular_item
527815,312728,31.603345,popular_item
527815,325310,30.400945,popular_item
528074,119736,93.341381,popular_item
528074,461686,42.501946,popular_item
528074,356339,41.992234,popular_item
528074,413901,38.242194,popular_item
528074,248455,37.870508,popular_item
528074,190000,33.530561,popular_item
528074,409804,32.528157,popular_item
528074,320130,31.803457,popular_item
528074,312728,31.603345,popular_item
528074,325310,30.400945,popular_item
529925,119736,93.341381,popular_item
529925,461686,42.501946,popular_item
529925,356339,41.992234,popular_item
529925,413901,38.242194,popular_item
529925,248455,37.870508,popular_item
529925,190000,33.530561,popular_item
529925,409804,32.528157,popular_item
529925,320130,31.803457,popular_item
529925,312728,31.603345,popular_item
529925,325310,30.400945,popular_item
530033,356339,41.992234,popular_item
530033,413901,38.242194,popular_item
530033,248455,37.870508,popular_item
530033,190000,33.530561,popular_item
530033,409804,32.528157,popular_item
530033,320130,31.803457,popular_item
530033,312728,31.603345,popular_item
530033,325310,30.400945,popular_item
530033,405380,30.34115,popular_item
530033,63543,27.242467,popular_item
530559,461686,42.501946,popular_item
530559,356339,41.992234,popular_item
530559,413901,38.242194,popular_item
530559,190000,33.530561,popular_item
530559,98071,24.960201,popular_item
530559,9877,24.531017,popular_item
530559,6605,23.401338,popular_item
530559,128296,22.534901,popular_item
530559,133138,21.871604,popular_item
530559,188051,21.176775,popular_item
531661,119736,93.341381,popular_item
531661,461686,42.501946,popular_item
531661,356339,41.992234,popular_item
531661,413901,38.242194,popular_item
531661,248455,37.870508,popular_item
531661,190000,33.530561,popular_item
531661,409804,32.528157,popular_item
531661,320130,31.803457,popular_item
531661,312728,31.603345,popular_item
531661,405380,30.34115,popular_item
531951,119736,93.341381,popular_item
531951,461686,42.501946,popular_item
531951,356339,41.992234,popular_item
531951,413901,38.242194,popular_item
531951,248455,37.870508,popular_item
531951,190000,33.530561,popular_item
531951,409804,32.528157,popular_item
531951,320130,31.803457,popular_item
531951,312728,31.603345,popular_item
531951,325310,30.400945,popular_item
532023,461686,42.501946,popular_item
532023,356339,41.992234,popular_item
532023,413901,38.242194,popular_item
532023,248455,37.870508,popular_item
532023,190000,33.530561,popular_item
532023,409804,32.528157,popular_item
532023,320130,31.803457,popular_item
532023,312728,31.603345,popular_item
532023,325310,30.400945,popular_item
532023,405380,30.34115,popular_item
534792,119736,93.341381,popular_item
534792,461686,42.501946,popular_item
534792,356339,41.992234,popular_item
534792,413901,38.242194,popular_item
534792,248455,37.870508,popular_item
534792,190000,33.530561,popular_item
534792,409804,32.528157,popular_item
534792,320130,31.803457,popular_item
534792,312728,31.603345,popular_item
534792,325310,30.400945,popular_item
536804,119736,93.341381,popular_item
536804,461686,42.501946,popular_item
536804,356339,41.992234,popular_item
536804,413901,38.242194,popular_item
536804,248455,37.870508,popular_item
536804,190000,33.530561,popular_item
536804,409804,32.528157,popular_item
536804,320130,31.803457,popular_item
536804,312728,31.603345,popular_item
536804,325310,30.400945,popular_item
538006,119736,93.341381,popular_item
538006,461686,42.501946,popular_item
538006,356339,41.992234,popular_item
538006,413901,38.242194,popular_item
538006,248455,37.870508,popular_item
538006,190000,33.530561,popular_item
538006,409804,32.528157,popular_item
538006,320130,31.803457,popular_item
538006,312728,31.603345,popular_item
538006,325310,30.400945,popular_item
538165,119736,93.341381,popular_item
538165,461686,42.501946,popular_item
538165,356339,41.992234,popular_item
538165,413901,38.242194,popular_item
538165,248455,37.870508,popular_item
538165,190000,33.530561,popular_item
538165,409804,32.528157,popular_item
538165,320130,31.803457,popular_item
538165,312728,31.603345,popular_item
538165,325310,30.400945,popular_item
53842,461686,42.501946,popular_item
53842,356339,41.992234,popular_item
53842,413901,38.242194,popular_item
53842,248455,37.870508,popular_item
53842,190000,33.530561,popular_item
53842,312728,31.603345,popular_item
53842,325310,30.400945,popular_item
53842,405380,30.34115,popular_item
53842,63543,27.242467,popular_item
53842,98071,24.960201,popular_item
538433,119736,93.341381,popular_item
538433,461686,42.501946,popular_item
538433,356339,41.992234,popular_item
538433,413901,38.242194,popular_item
538433,248455,37.870508,popular_item
538433,190000,33.530561,popular_item
538433,409804,32.528157,popular_item
538433,320130,31.803457,popular_item
538433,312728,31.603345,popular_item
538433,325310,30.400945,popular_item
539043,119736,93.341381,popular_item
539043,461686,42.501946,popular_item
539043,356339,41.992234,popular_item
539043,413901,38.242194,popular_item
539043,248455,37.870508,popular_item
539043,190000,33.530561,popular_item
539043,409804,32.528157,popular_item
539043,320130,31.803457,popular_item
539043,312728,31.603345,popular_item
539043,325310,30.400945,popular_item
541474,119736,93.341381,popular_item
541474,461686,42.501946,popular_item
541474,356339,41.992234,popular_item
541474,413901,38.242194,popular_item
541474,248455,37.870508,popular_item
541474,190000,33.530561,popular_item
541474,409804,32.528157,popular_item
541474,320130,31.803457,popular_item
541474,312728,31.603345,popular_item
541474,325310,30.400945,popular_item
541564,119736,93.341381,popular_item
541564,461686,42.501946,popular_item
541564,356339,41.992234,popular_item
541564,413901,38.242194,popular_item
541564,248455,37.870508,popular_item
541564,190000,33.530561,popular_item
541564,409804,32.528157,popular_item
541564,320130,31.803457,popular_item
541564,312728,31.603345,popular_item
541564,325310,30.400945,popular_item
542164,119736,93.341381,popular_item
542164,461686,42.501946,popular_item
542164,356339,41.992234,popular_item
542164,413901,38.242194,popular_item
542164,248455,37.870508,popular_item
542164,190000,33.530561,popular_item
542164,409804,32.528157,popular_item
542164,320130,31.803457,popular_item
542164,312728,31.603345,popular_item
542164,325310,30.400945,popular_item
542702,119736,93.341381,popular_item
542702,461686,42.501946,popular_item
542702,356339,41.992234,popular_item
542702,413901,38.242194,popular_item
542702,248455,37.870508,popular_item
542702,190000,33.530561,popular_item
542702,409804,32.528157,popular_item
542702,320130,31.803457,popular_item
542702,312728,31.603345,popular_item
542702,325310,30.400945,popular_item
542983,119736,93.341381,popular_item
542983,461686,42.501946,popular_item
542983,356339,41.992234,popular_item
542983,413901,38.242194,popular_item
542983,248455,37.870508,popular_item
542983,190000,33.530561,popular_item
542983,409804,32.528157,popular_item
542983,320130,31.803457,popular_item
542983,312728,31.603345,popular_item
542983,325310,30.400945,popular_item
546086,119736,93.341381,popular_item
546086,356339,41.992234,popular_item
546086,413901,38.242194,popular_item
546086,248455,37.870508,popular_item
546086,190000,33.530561,popular_item
546086,320130,31.803457,popular_item
546086,312728,31.603345,popular_item
546086,325310,30.400945,popular_item
546086,405380,30.34115,popular_item
546086,63543,27.242467,popular_item
546527,119736,93.341381,popular_item
546527,461686,42.501946,popular_item
546527,356339,41.992234,popular_item
546527,413901,38.242194,popular_item
546527,248455,37.870508,popular_item
546527,190000,33.530561,popular_item
546527,409804,32.528157,popular_item
546527,320130,31.803457,popular_item
546527,312728,31.603345,popular_item
546527,325310,30.400945,popular_item
547506,461686,42.501946,popular_item
547506,356339,41.992234,popular_item
547506,413901,38.242194,popular_item
547506,248455,37.870508,popular_item
547506,190000,33.530561,popular_item
547506,409804,32.528157,popular_item
547506,320130,31.803457,popular_item
547506,312728,31.603345,popular_item
547506,325310,30.400945,popular_item
547506,405380,30.34115,popular_item
547852,461686,42.501946,popular_item
547852,356339,41.992234,popular_item
547852,413901,38.242194,popular_item
547852,248455,37.870508,popular_item
547852,190000,33.530561,popular_item
547852,409804,32.528157,popular_item
547852,320130,31.803457,popular_item
547852,312728,31.603345,popular_item
547852,325310,30.400945,popular_item
547852,405380,30.34115,popular_item
54791,119736,93.341381,popular_item
54791,461686,42.501946,popular_item
54791,356339,41.992234,popular_item
54791,413901,38.242194,popular_item
54791,248455,37.870508,popular_item
54791,190000,33.530561,popular_item
54791,409804,32.528157,popular_item
54791,320130,31.803457,popular_item
54791,312728,31.603345,popular_item
54791,325310,30.400945,popular_item
548772,461686,42.501946,popular_item
548772,356339,41.992234,popular_item
548772,413901,38.242194,popular_item
548772,409804,32.528157,popular_item
548772,320130,31.803457,popular_item
548772,312728,31.603345,popular_item
548772,325310,30.400945,popular_item
548772,405380,30.34115,popular_item
548772,63543,27.242467,popular_item
548772,98071,24.960201,popular_item
550568,119736,93.341381,popular_item
550568,461686,42.501946,popular_item
550568,356339,41.992234,popular_item
550568,413901,38.242194,popular_item
550568,248455,37.870508,popular_item
550568,190000,33.530561,popular_item
550568,409804,32.528157,popular_item
550568,320130,31.803457,popular_item
550568,312728,31.603345,popular_item
550568,325310,30.400945,popular_item
550789,119736,93.341381,popular_item
550789,461686,42.501946,popular_item
550789,356339,41.992234,popular_item
550789,413901,38.242194,popular_item
550789,248455,37.870508,popular_item
550789,190000,33.530561,popular_item
550789,409804,32.528157,popular_item
550789,312728,31.603345,popular_item
550789,325310,30.400945,popular_item
550789,405380,30.34115,popular_item
550928,119736,93.341381,popular_item
550928,461686,42.501946,popular_item
550928,356339,41.992234,popular_item
550928,413901,38.242194,popular_item
550928,248455,37.870508,popular_item
550928,190000,33.530561,popular_item
550928,409804,32.528157,popular_item
550928,320130,31.803457,popular_item
550928,312728,31.603345,popular_item
550928,325310,30.400945,popular_item
553277,119736,93.341381,popular_item
553277,461686,42.501946,popular_item
553277,356339,41.992234,popular_item
553277,413901,38.242194,popular_item
553277,248455,37.870508,popular_item
553277,190000,33.530561,popular_item
553277,409804,32.528157,popular_item
553277,320130,31.803457,popular_item
553277,312728,31.603345,popular_item
553277,325310,30.400945,popular_item
55389,461686,42.501946,popular_item
55389,356339,41.992234,popular_item
55389,413901,38.242194,popular_item
55389,248455,37.870508,popular_item
55389,190000,33.530561,popular_item
55389,409804,32.528157,popular_item
55389,320130,31.803457,popular_item
55389,325310,30.400945,popular_item
55389,405380,30.34115,popular_item
55389,63543,27.242467,popular_item
555714,119736,93.341381,popular_item
555714,461686,42.501946,popular_item
555714,356339,41.992234,popular_item
555714,413901,38.242194,popular_item
555714,248455,37.870508,popular_item
555714,190000,33.530561,popular_item
555714,409804,32.528157,popular_item
555714,320130,31.803457,popular_item
555714,312728,31.603345,popular_item
555714,325310,30.400945,popular_item
556819,119736,93.341381,popular_item
556819,461686,42.501946,popular_item
556819,356339,41.992234,popular_item
556819,413901,38.242194,popular_item
556819,248455,37.870508,popular_item
556819,190000,33.530561,popular_item
556819,409804,32.528157,popular_item
556819,320130,31.803457,popular_item
556819,312728,31.603345,popular_item
556819,325310,30.400945,popular_item
559484,119736,93.341381,popular_item
559484,461686,42.501946,popular_item
559484,356339,41.992234,popular_item
559484,413901,38.242194,popular_item
559484,248455,37.870508,popular_item
559484,190000,33.530561,popular_item
559484,409804,32.528157,popular_item
559484,320130,31.803457,popular_item
559484,312728,31.603345,popular_item
559484,325310,30.400945,popular_item
560891,119736,93.341381,popular_item
560891,461686,42.501946,popular_item
560891,356339,41.992234,popular_item
560891,413901,38.242194,popular_item
560891,248455,37.870508,popular_item
560891,190000,33.530561,popular_item
560891,409804,32.528157,popular_item
560891,320130,31.803457,popular_item
560891,312728,31.603345,popular_item
560891,325310,30.400945,popular_item
564199,119736,93.341381,popular_item
564199,461686,42.501946,popular_item
564199,356339,41.992234,popular_item
564199,413901,38.242194,popular_item
564199,248455,37.870508,popular_item
564199,190000,33.530561,popular_item
564199,409804,32.528157,popular_item
564199,320130,31.803457,popular_item
564199,312728,31.603345,popular_item
564199,325310,30.400945,popular_item
564674,119736,93.341381,popular_item
564674,461686,42.501946,popular_item
564674,356339,41.992234,popular_item
564674,413901,38.242194,popular_item
564674,248455,37.870508,popular_item
564674,190000,33.530561,popular_item
564674,409804,32.528157,popular_item
564674,320130,31.803457,popular_item
564674,312728,31.603345,popular_item
564674,325310,30.400945,popular_item
565903,119736,93.341381,popular_item
565903,461686,42.501946,popular_item
565903,356339,41.992234,popular_item
565903,413901,38.242194,popular_item
565903,248455,37.870508,popular_item
565903,190000,33.530561,popular_item
565903,409804,32.528157,popular_item
565903,320130,31.803457,popular_item
565903,312728,31.603345,popular_item
565903,325310,30.400945,popular_item
565978,119736,93.341381,popular_item
565978,461686,42.501946,popular_item
565978,356339,41.992234,popular_item
565978,413901,38.242194,popular_item
565978,248455,37.870508,popular_item
565978,190000,33.530561,popular_item
565978,409804,32.528157,popular_item
565978,320130,31.803457,popular_item
565978,312728,31.603345,popular_item
565978,325310,30.400945,popular_item
566009,119736,93.341381,popular_item
566009,461686,42.501946,popular_item
566009,356339,41.992234,popular_item
566009,413901,38.242194,popular_item
566009,248455,37.870508,popular_item
566009,190000,33.530561,popular_item
566009,409804,32.528157,popular_item
566009,320130,31.803457,popular_item
566009,312728,31.603345,popular_item
566009,325310,30.400945,popular_item
567463,119736,93.341381,popular_item
567463,461686,42.501946,popular_item
567463,356339,41.992234,popular_item
567463,413901,38.242194,popular_item
567463,248455,37.870508,popular_item
567463,190000,33.530561,popular_item
567463,409804,32.528157,popular_item
567463,320130,31.803457,popular_item
567463,312728,31.603345,popular_item
567463,325310,30.400945,popular_item
568481,119736,93.341381,popular_item
568481,461686,42.501946,popular_item
568481,356339,41.992234,popular_item
568481,413901,38.242194,popular_item
568481,248455,37.870508,popular_item
568481,190000,33.530561,popular_item
568481,409804,32.528157,popular_item
568481,320130,31.803457,popular_item
568481,312728,31.603345,popular_item
568481,405380,30.34115,popular_item
569539,461686,42.501946,popular_item
569539,356339,41.992234,popular_item
569539,413901,38.242194,popular_item
569539,248455,37.870508,popular_item
569539,190000,33.530561,popular_item
569539,409804,32.528157,popular_item
569539,312728,31.603345,popular_item
569539,325310,30.400945,popular_item
569539,405380,30.34115,popular_item
569539,63543,27.242467,popular_item
572644,119736,93.341381,popular_item
572644,461686,42.501946,popular_item
572644,356339,41.992234,popular_item
572644,413901,38.242194,popular_item
572644,248455,37.870508,popular_item
572644,190000,33.530561,popular_item
572644,320130,31.803457,popular_item
572644,325310,30.400945,popular_item
572644,405380,30.34115,popular_item
572644,63543,27.242467,popular_item
572806,119736,93.341381,popular_item
572806,461686,42.501946,popular_item
572806,356339,41.992234,popular_item
572806,413901,38.242194,popular_item
572806,248455,37.870508,popular_item
572806,190000,33.530561,popular_item
572806,409804,32.528157,popular_item
572806,320130,31.803457,popular_item
572806,312728,31.603345,popular_item
572806,325310,30.400945,popular_item
575600,119736,93.341381,popular_item
575600,461686,42.501946,popular_item
575600,356339,41.992234,popular_item
575600,413901,38.242194,popular_item
575600,248455,37.870508,popular_item
575600,190000,33.530561,popular_item
575600,409804,32.528157,popular_item
575600,320130,31.803457,popular_item
575600,312728,31.603345,popular_item
575600,325310,30.400945,popular_item
577459,119736,93.341381,popular_item
577459,461686,42.501946,popular_item
577459,356339,41.992234,popular_item
577459,413901,38.242194,popular_item
577459,248455,37.870508,popular_item
577459,190000,33.530561,popular_item
577459,409804,32.528157,popular_item
577459,320130,31.803457,popular_item
577459,312728,31.603345,popular_item
577459,325310,30.400945,popular_item
579049,119736,93.341381,popular_item
579049,461686,42.501946,popular_item
579049,356339,41.992234,popular_item
579049,413901,38.242194,popular_item
579049,248455,37.870508,popular_item
579049,190000,33.530561,popular_item
579049,409804,32.528157,popular_item
579049,320130,31.803457,popular_item
579049,312728,31.603345,popular_item
579049,325310,30.400945,popular_item
57905,461686,42.501946,popular_item
57905,356339,41.992234,popular_item
57905,413901,38.242194,popular_item
57905,248455,37.870508,popular_item
57905,190000,33.530561,popular_item
57905,409804,32.528157,popular_item
57905,320130,31.803457,popular_item
57905,312728,31.603345,popular_item
57905,325310,30.400945,popular_item
57905,405380,30.34115,popular_item
580290,119736,93.341381,popular_item
580290,461686,42.501946,popular_item
580290,356339,41.992234,popular_item
580290,413901,38.242194,popular_item
580290,248455,37.870508,popular_item
580290,190000,33.530561,popular_item
580290,409804,32.528157,popular_item
580290,320130,31.803457,popular_item
580290,312728,31.603345,popular_item
580290,405380,30.34115,popular_item
581174,119736,93.341381,popular_item
581174,461686,42.501946,popular_item
581174,356339,41.992234,popular_item
581174,413901,38.242194,popular_item
581174,248455,37.870508,popular_item
581174,190000,33.530561,popular_item
581174,409804,32.528157,popular_item
581174,320130,31.803457,popular_item
581174,312728,31.603345,popular_item
581174,325310,30.400945,popular_item
582600,119736,93.341381,popular_item
582600,461686,42.501946,popular_item
582600,356339,41.992234,popular_item
582600,413901,38.242194,popular_item
582600,248455,37.870508,popular_item
582600,190000,33.530561,popular_item
582600,409804,32.528157,popular_item
582600,320130,31.803457,popular_item
582600,312728,31.603345,popular_item
582600,325310,30.400945,popular_item
582933,119736,93.341381,popular_item
582933,461686,42.501946,popular_item
582933,356339,41.992234,popular_item
582933,413901,38.242194,popular_item
582933,248455,37.870508,popular_item
582933,190000,33.530561,popular_item
582933,409804,32.528157,popular_item
582933,320130,31.803457,popular_item
582933,312728,31.603345,popular_item
582933,405380,30.34115,popular_item
585174,119736,93.341381,popular_item
585174,461686,42.501946,popular_item
585174,356339,41.992234,popular_item
585174,413901,38.242194,popular_item
585174,248455,37.870508,popular_item
585174,190000,33.530561,popular_item
585174,409804,32.528157,popular_item
585174,320130,31.803457,popular_item
585174,312728,31.603345,popular_item
585174,325310,30.400945,popular_item
585935,119736,93.341381,popular_item
585935,461686,42.501946,popular_item
585935,356339,41.992234,popular_item
585935,413901,38.242194,popular_item
585935,248455,37.870508,popular_item
585935,190000,33.530561,popular_item
585935,409804,32.528157,popular_item
585935,320130,31.803457,popular_item
585935,312728,31.603345,popular_item
585935,325310,30.400945,popular_item
587389,119736,93.341381,popular_item
587389,461686,42.501946,popular_item
587389,356339,41.992234,popular_item
587389,413901,38.242194,popular_item
587389,248455,37.870508,popular_item
587389,190000,33.530561,popular_item
587389,409804,32.528157,popular_item
587389,320130,31.803457,popular_item
587389,312728,31.603345,popular_item
587389,325310,30.400945,popular_item
589239,119736,93.341381,popular_item
589239,461686,42.501946,popular_item
589239,356339,41.992234,popular_item
589239,413901,38.242194,popular_item
589239,248455,37.870508,popular_item
589239,190000,33.530561,popular_item
589239,409804,32.528157,popular_item
589239,320130,31.803457,popular_item
589239,312728,31.603345,popular_item
589239,325310,30.400945,popular_item
590943,119736,93.341381,popular_item
590943,461686,42.501946,popular_item
590943,356339,41.992234,popular_item
590943,413901,38.242194,popular_item
590943,248455,37.870508,popular_item
590943,190000,33.530561,popular_item
590943,409804,32.528157,popular_item
590943,320130,31.803457,popular_item
590943,312728,31.603345,popular_item
590943,325310,30.400945,popular_item
591760,119736,93.341381,popular_item
591760,461686,42.501946,popular_item
591760,356339,41.992234,popular_item
591760,413901,38.242194,popular_item
591760,248455,37.870508,popular_item
591760,190000,33.530561,popular_item
591760,409804,32.528157,popular_item
591760,320130,31.803457,popular_item
591760,312728,31.603345,popular_item
591760,325310,30.400945,popular_item
591869,119736,93.341381,popular_item
591869,461686,42.501946,popular_item
591869,356339,41.992234,popular_item
591869,413901,38.242194,popular_item
591869,248455,37.870508,popular_item
591869,190000,33.530561,popular_item
591869,409804,32.528157,popular_item
591869,320130,31.803457,popular_item
591869,312728,31.603345,popular_item
591869,325310,30.400945,popular_item
596356,119736,93.341381,popular_item
596356,461686,42.501946,popular_item
596356,356339,41.992234,popular_item
596356,413901,38.242194,popular_item
596356,248455,37.870508,popular_item
596356,190000,33.530561,popular_item
596356,409804,32.528157,popular_item
596356,320130,31.803457,popular_item
596356,312728,31.603345,popular_item
596356,325310,30.400945,popular_item
598277,119736,93.341381,popular_item
598277,461686,42.501946,popular_item
598277,356339,41.992234,popular_item
598277,413901,38.242194,popular_item
598277,248455,37.870508,popular_item
598277,190000,33.530561,popular_item
598277,409804,32.528157,popular_item
598277,320130,31.803457,popular_item
598277,312728,31.603345,popular_item
598277,325310,30.400945,popular_item
601836,119736,93.341381,popular_item
601836,461686,42.501946,popular_item
601836,356339,41.992234,popular_item
601836,413901,38.242194,popular_item
601836,248455,37.870508,popular_item
601836,190000,33.530561,popular_item
601836,409804,32.528157,popular_item
601836,320130,31.803457,popular_item
601836,312728,31.603345,popular_item
601836,325310,30.400945,popular_item
602115,119736,93.341381,popular_item
602115,461686,42.501946,popular_item
602115,356339,41.992234,popular_item
602115,413901,38.242194,popular_item
602115,248455,37.870508,popular_item
602115,190000,33.530561,popular_item
602115,409804,32.528157,popular_item
602115,320130,31.803457,popular_item
602115,312728,31.603345,popular_item
602115,325310,30.400945,popular_item
607090,119736,93.341381,popular_item
607090,461686,42.501946,popular_item
607090,356339,41.992234,popular_item
607090,413901,38.242194,popular_item
607090,248455,37.870508,popular_item
607090,190000,33.530561,popular_item
607090,409804,32.528157,popular_item
607090,320130,31.803457,popular_item
607090,312728,31.603345,popular_item
607090,325310,30.400945,popular_item
608714,119736,93.341381,popular_item
608714,461686,42.501946,popular_item
608714,356339,41.992234,popular_item
608714,413901,38.242194,popular_item
608714,248455,37.870508,popular_item
608714,190000,33.530561,popular_item
608714,409804,32.528157,popular_item
608714,320130,31.803457,popular_item
608714,312728,31.603345,popular_item
608714,325310,30.400945,popular_item
610403,119736,93.341381,popular_item
610403,461686,42.501946,popular_item
610403,356339,41.992234,popular_item
610403,413901,38.242194,popular_item
610403,248455,37.870508,popular_item
610403,190000,33.530561,popular_item
610403,409804,32.528157,popular_item
610403,320130,31.803457,popular_item
610403,312728,31.603345,popular_item
610403,325310,30.400945,popular_item
614908,119736,93.341381,popular_item
614908,461686,42.501946,popular_item
614908,356339,41.992234,popular_item
614908,413901,38.242194,popular_item
614908,248455,37.870508,popular_item
614908,190000,33.530561,popular_item
614908,409804,32.528157,popular_item
614908,320130,31.803457,popular_item
614908,312728,31.603345,popular_item
614908,325310,30.400945,popular_item
615132,356339,41.992234,popular_item
615132,413901,38.242194,popular_item
615132,190000,33.530561,popular_item
615132,409804,32.528157,popular_item
615132,320130,31.803457,popular_item
615132,312728,31.603345,popular_item
615132,405380,30.34115,popular_item
615132,63543,27.242467,popular_item
615132,98071,24.960201,popular_item
615132,368403,24.710523,popular_item
6170,119736,93.341381,popular_item
6170,461686,42.501946,popular_item
6170,356339,41.992234,popular_item
6170,413901,38.242194,popular_item
6170,248455,37.870508,popular_item
6170,190000,33.530561,popular_item
6170,409804,32.528157,popular_item
6170,320130,31.803457,popular_item
6170,312728,31.603345,popular_item
6170,325310,30.400945,popular_item
617101,119736,93.341381,popular_item
617101,461686,42.501946,popular_item
617101,356339,41.992234,popular_item
617101,413901,38.242194,popular_item
617101,248455,37.870508,popular_item
617101,190000,33.530561,popular_item
617101,409804,32.528157,popular_item
617101,312728,31.603345,popular_item
617101,325310,30.400945,popular_item
617101,405380,30.34115,popular_item
619525,119736,93.341381,popular_item
619525,461686,42.501946,popular_item
619525,356339,41.992234,popular_item
619525,413901,38.242194,popular_item
619525,248455,37.870508,popular_item
619525,190000,33.530561,popular_item
619525,409804,32.528157,popular_item
619525,320130,31.803457,popular_item
619525,312728,31.603345,popular_item
619525,325310,30.400945,popular_item
620048,119736,93.341381,popular_item
620048,461686,42.501946,popular_item
620048,356339,41.992234,popular_item
620048,413901,38.242194,popular_item
620048,248455,37.870508,popular_item
620048,190000,33.530561,popular_item
620048,409804,32.528157,popular_item
620048,320130,31.803457,popular_item
620048,312728,31.603345,popular_item
620048,325310,30.400945,popular_item
623174,119736,93.341381,popular_item
623174,461686,42.501946,popular_item
623174,356339,41.992234,popular_item
623174,413901,38.242194,popular_item
623174,248455,37.870508,popular_item
623174,190000,33.530561,popular_item
623174,320130,31.803457,popular_item
623174,312728,31.603345,popular_item
623174,325310,30.400945,popular_item
623174,63543,27.242467,popular_item
623277,119736,93.341381,popular_item
623277,461686,42.501946,popular_item
623277,356339,41.992234,popular_item
623277,413901,38.242194,popular_item
623277,248455,37.870508,popular_item
623277,190000,33.530561,popular_item
623277,409804,32.528157,popular_item
623277,320130,31.803457,popular_item
623277,312728,31.603345,popular_item
623277,325310,30.400945,popular_item
623304,119736,93.341381,popular_item
623304,461686,42.501946,popular_item
623304,356339,41.992234,popular_item
623304,413901,38.242194,popular_item
623304,248455,37.870508,popular_item
623304,190000,33.530561,popular_item
623304,409804,32.528157,popular_item
623304,320130,31.803457,popular_item
623304,312728,31.603345,popular_item
623304,325310,30.400945,popular_item
625167,119736,93.341381,popular_item
625167,461686,42.501946,popular_item
625167,356339,41.992234,popular_item
625167,413901,38.242194,popular_item
625167,248455,37.870508,popular_item
625167,190000,33.530561,popular_item
625167,409804,32.528157,popular_item
625167,320130,31.803457,popular_item
625167,312728,31.603345,popular_item
625167,325310,30.400945,popular_item
625795,119736,93.341381,popular_item
625795,461686,42.501946,popular_item
625795,356339,41.992234,popular_item
625795,413901,38.242194,popular_item
625795,248455,37.870508,popular_item
625795,190000,33.530561,popular_item
625795,409804,32.528157,popular_item
625795,320130,31.803457,popular_item
625795,312728,31.603345,popular_item
625795,325310,30.400945,popular_item
628940,119736,93.341381,popular_item
628940,461686,42.501946,popular_item
628940,356339,41.992234,popular_item
628940,413901,38.242194,popular_item
628940,248455,37.870508,popular_item
628940,190000,33.530561,popular_item
628940,409804,32.528157,popular_item
628940,320130,31.803457,popular_item
628940,325310,30.400945,popular_item
628940,405380,30.34115,popular_item
629627,119736,93.341381,popular_item
629627,461686,42.501946,popular_item
629627,356339,41.992234,popular_item
629627,413901,38.242194,popular_item
629627,248455,37.870508,popular_item
629627,190000,33.530561,popular_item
629627,409804,32.528157,popular_item
629627,320130,31.803457,popular_item
629627,312728,31.603345,popular_item
629627,325310,30.400945,popular_item
630463,119736,93.341381,popular_item
630463,461686,42.501946,popular_item
630463,356339,41.992234,popular_item
630463,413901,38.242194,popular_item
630463,248455,37.870508,popular_item
630463,190000,33.530561,popular_item
630463,409804,32.528157,popular_item
630463,320130,31.803457,popular_item
630463,312728,31.603345,popular_item
630463,325310,30.400945,popular_item
631905,119736,93.341381,popular_item
631905,461686,42.501946,popular_item
631905,356339,41.992234,popular_item
631905,413901,38.242194,popular_item
631905,248455,37.870508,popular_item
631905,190000,33.530561,popular_item
631905,409804,32.528157,popular_item
631905,320130,31.803457,popular_item
631905,312728,31.603345,popular_item
631905,325310,30.400945,popular_item
634327,119736,93.341381,popular_item
634327,461686,42.501946,popular_item
634327,356339,41.992234,popular_item
634327,413901,38.242194,popular_item
634327,248455,37.870508,popular_item
634327,190000,33.530561,popular_item
634327,409804,32.528157,popular_item
634327,320130,31.803457,popular_item
634327,325310,30.400945,popular_item
634327,405380,30.34115,popular_item
638482,119736,93.341381,popular_item
638482,461686,42.501946,popular_item
638482,356339,41.992234,popular_item
638482,413901,38.242194,popular_item
638482,248455,37.870508,popular_item
638482,190000,33.530561,popular_item
638482,409804,32.528157,popular_item
638482,320130,31.803457,popular_item
638482,325310,30.400945,popular_item
638482,405380,30.34115,popular_item
639414,119736,93.341381,popular_item
639414,461686,42.501946,popular_item
639414,356339,41.992234,popular_item
639414,413901,38.242194,popular_item
639414,248455,37.870508,popular_item
639414,190000,33.530561,popular_item
639414,409804,32.528157,popular_item
639414,320130,31.803457,popular_item
639414,312728,31.603345,popular_item
639414,325310,30.400945,popular_item
640951,119736,93.341381,popular_item
640951,461686,42.501946,popular_item
640951,356339,41.992234,popular_item
640951,413901,38.242194,popular_item
640951,248455,37.870508,popular_item
640951,190000,33.530561,popular_item
640951,409804,32.528157,popular_item
640951,320130,31.803457,popular_item
640951,312728,31.603345,popular_item
640951,325310,30.400945,popular_item
641040,119736,93.341381,popular_item
641040,461686,42.501946,popular_item
641040,356339,41.992234,popular_item
641040,413901,38.242194,popular_item
641040,248455,37.870508,popular_item
641040,190000,33.530561,popular_item
641040,409804,32.528157,popular_item
641040,320130,31.803457,popular_item
641040,312728,31.603345,popular_item
641040,325310,30.400945,popular_item
643673,119736,93.341381,popular_item
643673,461686,42.501946,popular_item
643673,356339,41.992234,popular_item
643673,413901,38.242194,popular_item
643673,248455,37.870508,popular_item
643673,190000,33.530561,popular_item
643673,409804,32.528157,popular_item
643673,320130,31.803457,popular_item
643673,312728,31.603345,popular_item
643673,325310,30.400945,popular_item
643768,119736,93.341381,popular_item
643768,461686,42.501946,popular_item
643768,356339,41.992234,popular_item
643768,413901,38.242194,popular_item
643768,248455,37.870508,popular_item
643768,190000,33.530561,popular_item
643768,409804,32.528157,popular_item
643768,320130,31.803457,popular_item
643768,312728,31.603345,popular_item
643768,325310,30.400945,popular_item
644939,119736,93.341381,popular_item
644939,461686,42.501946,popular_item
644939,356339,41.992234,popular_item
644939,413901,38.242194,popular_item
644939,248455,37.870508,popular_item
644939,190000,33.530561,popular_item
644939,409804,32.528157,popular_item
644939,320130,31.803457,popular_item
644939,312728,31.603345,popular_item
644939,325310,30.400945,popular_item
645525,356339,41.992234,popular_item
645525,413901,38.242194,popular_item
645525,409804,32.528157,popular_item
645525,312728,31.603345,popular_item
645525,325310,30.400945,popular_item
645525,405380,30.34115,popular_item
645525,63543,27.242467,popular_item
645525,98071,24.960201,popular_item
645525,368403,24.710523,popular_item
645525,9877,24.531017,popular_item
648175,119736,93.341381,popular_item
648175,461686,42.501946,popular_item
648175,356339,41.992234,popular_item
648175,413901,38.242194,popular_item
648175,248455,37.870508,popular_item
648175,190000,33.530561,popular_item
648175,409804,32.528157,popular_item
648175,320130,31.803457,popular_item
648175,312728,31.603345,popular_item
648175,325310,30.400945,popular_item
64931,119736,93.341381,popular_item
64931,461686,42.501946,popular_item
64931,356339,41.992234,popular_item
64931,413901,38.242194,popular_item
64931,248455,37.870508,popular_item
64931,190000,33.530561,popular_item
64931,409804,32.528157,popular_item
64931,320130,31.803457,popular_item
64931,312728,31.603345,popular_item
64931,325310,30.400945,popular_item
649511,119736,93.341381,popular_item
649511,461686,42.501946,popular_item
649511,356339,41.992234,popular_item
649511,413901,38.242194,popular_item
649511,248455,37.870508,popular_item
649511,190000,33.530561,popular_item
649511,320130,31.803457,popular_item
649511,312728,31.603345,popular_item
649511,325310,30.400945,popular_item
649511,405380,30.34115,popular_item
653115,119736,93.341381,popular_item
653115,461686,42.501946,popular_item
653115,356339,41.992234,popular_item
653115,413901,38.242194,popular_item
653115,248455,37.870508,popular_item
653115,190000,33.530561,popular_item
653115,409804,32.528157,popular_item
653115,320130,31.803457,popular_item
653115,312728,31.603345,popular_item
653115,325310,30.400945,popular_item
653779,119736,93.341381,popular_item
653779,461686,42.501946,popular_item
653779,356339,41.992234,popular_item
653779,413901,38.242194,popular_item
653779,248455,37.870508,popular_item
653779,190000,33.530561,popular_item
653779,409804,32.528157,popular_item
653779,320130,31.803457,popular_item
653779,312728,31.603345,popular_item
653779,325310,30.400945,popular_item
658626,119736,93.341381,popular_item
658626,461686,42.501946,popular_item
658626,356339,41.992234,popular_item
658626,413901,38.242194,popular_item
658626,248455,37.870508,popular_item
658626,190000,33.530561,popular_item
658626,409804,32.528157,popular_item
658626,320130,31.803457,popular_item
658626,312728,31.603345,popular_item
658626,325310,30.400945,popular_item
664763,119736,93.341381,popular_item
664763,461686,42.501946,popular_item
664763,356339,41.992234,popular_item
664763,413901,38.242194,popular_item
664763,248455,37.870508,popular_item
664763,190000,33.530561,popular_item
664763,409804,32.528157,popular_item
664763,320130,31.803457,popular_item
664763,312728,31.603345,popular_item
664763,325310,30.400945,popular_item
6699,119736,93.341381,popular_item
6699,461686,42.501946,popular_item
6699,356339,41.992234,popular_item
6699,413901,38.242194,popular_item
6699,248455,37.870508,popular_item
6699,190000,33.530561,popular_item
6699,409804,32.528157,popular_item
6699,320130,31.803457,popular_item
6699,312728,31.603345,popular_item
6699,325310,30.400945,popular_item
671264,119736,93.341381,popular_item
671264,461686,42.501946,popular_item
671264,356339,41.992234,popular_item
671264,413901,38.242194,popular_item
671264,248455,37.870508,popular_item
671264,190000,33.530561,popular_item
671264,409804,32.528157,popular_item
671264,320130,31.803457,popular_item
671264,312728,31.603345,popular_item
671264,325310,30.400945,popular_item
672218,119736,93.341381,popular_item
672218,356339,41.992234,popular_item
672218,413901,38.242194,popular_item
672218,248455,37.870508,popular_item
672218,190000,33.530561,popular_item
672218,409804,32.528157,popular_item
672218,320130,31.803457,popular_item
672218,312728,31.603345,popular_item
672218,325310,30.400945,popular_item
672218,405380,30.34115,popular_item
672733,119736,93.341381,popular_item
672733,461686,42.501946,popular_item
672733,356339,41.992234,popular_item
672733,413901,38.242194,popular_item
672733,248455,37.870508,popular_item
672733,190000,33.530561,popular_item
672733,409804,32.528157,popular_item
672733,320130,31.803457,popular_item
672733,312728,31.603345,popular_item
672733,325310,30.400945,popular_item
672735,119736,93.341381,popular_item
672735,461686,42.501946,popular_item
672735,356339,41.992234,popular_item
672735,413901,38.242194,popular_item
672735,248455,37.870508,popular_item
672735,190000,33.530561,popular_item
672735,409804,32.528157,popular_item
672735,320130,31.803457,popular_item
672735,312728,31.603345,popular_item
672735,325310,30.400945,popular_item
673572,119736,93.341381,popular_item
673572,461686,42.501946,popular_item
673572,356339,41.992234,popular_item
673572,413901,38.242194,popular_item
673572,248455,37.870508,popular_item
673572,190000,33.530561,popular_item
673572,409804,32.528157,popular_item
673572,320130,31.803457,popular_item
673572,312728,31.603345,popular_item
673572,325310,30.400945,popular_item
674163,119736,93.341381,popular_item
674163,461686,42.501946,popular_item
674163,356339,41.992234,popular_item
674163,413901,38.242194,popular_item
674163,248455,37.870508,popular_item
674163,190000,33.530561,popular_item
674163,409804,32.528157,popular_item
674163,320130,31.803457,popular_item
674163,312728,31.603345,popular_item
674163,325310,30.400945,popular_item
679502,119736,93.341381,popular_item
679502,461686,42.501946,popular_item
679502,356339,41.992234,popular_item
679502,413901,38.242194,popular_item
679502,248455,37.870508,popular_item
679502,190000,33.530561,popular_item
679502,409804,32.528157,popular_item
679502,320130,31.803457,popular_item
679502,312728,31.603345,popular_item
679502,325310,30.400945,popular_item
680352,119736,93.341381,popular_item
680352,461686,42.501946,popular_item
680352,356339,41.992234,popular_item
680352,413901,38.242194,popular_item
680352,248455,37.870508,popular_item
680352,190000,33.530561,popular_item
680352,409804,32.528157,popular_item
680352,320130,31.803457,popular_item
680352,312728,31.603345,popular_item
680352,325310,30.400945,popular_item
682621,119736,93.341381,popular_item
682621,461686,42.501946,popular_item
682621,356339,41.992234,popular_item
682621,413901,38.242194,popular_item
682621,248455,37.870508,popular_item
682621,190000,33.530561,popular_item
682621,409804,32.528157,popular_item
682621,320130,31.803457,popular_item
682621,312728,31.603345,popular_item
682621,325310,30.400945,popular_item
684514,356339,41.992234,popular_item
684514,413901,38.242194,popular_item
684514,248455,37.870508,popular_item
684514,409804,32.528157,popular_item
684514,320130,31.803457,popular_item
684514,312728,31.603345,popular_item
684514,325310,30.400945,popular_item
684514,405380,30.34115,popular_item
684514,63543,27.242467,popular_item
684514,98071,24.960201,popular_item
686012,461686,42.501946,popular_item
686012,356339,41.992234,popular_item
686012,413901,38.242194,popular_item
686012,248455,37.870508,popular_item
686012,190000,33.530561,popular_item
686012,409804,32.528157,popular_item
686012,320130,31.803457,popular_item
686012,312728,31.603345,popular_item
686012,325310,30.400945,popular_item
686012,405380,30.34115,popular_item
686854,119736,93.341381,popular_item
686854,461686,42.501946,popular_item
686854,356339,41.992234,popular_item
686854,413901,38.242194,popular_item
686854,248455,37.870508,popular_item
686854,190000,33.530561,popular_item
686854,409804,32.528157,popular_item
686854,320130,31.803457,popular_item
686854,312728,31.603345,popular_item
686854,325310,30.400945,popular_item
689834,119736,93.341381,popular_item
689834,461686,42.501946,popular_item
689834,356339,41.992234,popular_item
689834,413901,38.242194,popular_item
689834,248455,37.870508,popular_item
689834,190000,33.530561,popular_item
689834,409804,32.528157,popular_item
689834,320130,31.803457,popular_item
689834,312728,31.603345,popular_item
689834,325310,30.400945,popular_item
692778,119736,93.341381,popular_item
692778,461686,42.501946,popular_item
692778,356339,41.992234,popular_item
692778,413901,38.242194,popular_item
692778,248455,37.870508,popular_item
692778,190000,33.530561,popular_item
692778,409804,32.528157,popular_item
692778,320130,31.803457,popular_item
692778,312728,31.603345,popular_item
692778,325310,30.400945,popular_item
693709,119736,93.341381,popular_item
693709,461686,42.501946,popular_item
693709,356339,41.992234,popular_item
693709,413901,38.242194,popular_item
693709,190000,33.530561,popular_item
693709,409804,32.528157,popular_item
693709,312728,31.603345,popular_item
693709,325310,30.400945,popular_item
693709,405380,30.34115,popular_item
693709,63543,27.242467,popular_item
694913,119736,93.341381,popular_item
694913,461686,42.501946,popular_item
694913,356339,41.992234,popular_item
694913,413901,38.242194,popular_item
694913,248455,37.870508,popular_item
694913,190000,33.530561,popular_item
694913,409804,32.528157,popular_item
694913,320130,31.803457,popular_item
694913,312728,31.603345,popular_item
694913,325310,30.400945,popular_item
695074,119736,93.341381,popular_item
695074,461686,42.501946,popular_item
695074,356339,41.992234,popular_item
695074,413901,38.242194,popular_item
695074,248455,37.870508,popular_item
695074,190000,33.530561,popular_item
695074,409804,32.528157,popular_item
695074,320130,31.803457,popular_item
695074,325310,30.400945,popular_item
695074,405380,30.34115,popular_item
695164,119736,93.341381,popular_item
695164,461686,42.501946,popular_item
695164,356339,41.992234,popular_item
695164,413901,38.242194,popular_item
695164,248455,37.870508,popular_item
695164,190000,33.530561,popular_item
695164,409804,32.528157,popular_item
695164,320130,31.803457,popular_item
695164,312728,31.603345,popular_item
695164,325310,30.400945,popular_item
6958,119736,93.341381,popular_item
6958,461686,42.501946,popular_item
6958,356339,41.992234,popular_item
6958,413901,38.242194,popular_item
6958,248455,37.870508,popular_item
6958,190000,33.530561,popular_item
6958,409804,32.528157,popular_item
6958,320130,31.803457,popular_item
6958,312728,31.603345,popular_item
6958,325310,30.400945,popular_item
699471,119736,93.341381,popular_item
699471,461686,42.501946,popular_item
699471,356339,41.992234,popular_item
699471,413901,38.242194,popular_item
699471,248455,37.870508,popular_item
699471,190000,33.530561,popular_item
699471,409804,32.528157,popular_item
699471,320130,31.803457,popular_item
699471,312728,31.603345,popular_item
699471,325310,30.400945,popular_item
699890,119736,93.341381,popular_item
699890,461686,42.501946,popular_item
699890,356339,41.992234,popular_item
699890,413901,38.242194,popular_item
699890,248455,37.870508,popular_item
699890,190000,33.530561,popular_item
699890,409804,32.528157,popular_item
699890,320130,31.803457,popular_item
699890,312728,31.603345,popular_item
699890,325310,30.400945,popular_item
702279,119736,93.341381,popular_item
702279,461686,42.501946,popular_item
702279,356339,41.992234,popular_item
702279,413901,38.242194,popular_item
702279,248455,37.870508,popular_item
702279,190000,33.530561,popular_item
702279,409804,32.528157,popular_item
702279,320130,31.803457,popular_item
702279,312728,31.603345,popular_item
702279,325310,30.400945,popular_item
703762,119736,93.341381,popular_item
703762,461686,42.501946,popular_item
703762,356339,41.992234,popular_item
703762,413901,38.242194,popular_item
703762,248455,37.870508,popular_item
703762,190000,33.530561,popular_item
703762,409804,32.528157,popular_item
703762,320130,31.803457,popular_item
703762,312728,31.603345,popular_item
703762,325310,30.400945,popular_item
705106,119736,93.341381,popular_item
705106,461686,42.501946,popular_item
705106,356339,41.992234,popular_item
705106,413901,38.242194,popular_item
705106,248455,37.870508,popular_item
705106,190000,33.530561,popular_item
705106,409804,32.528157,popular_item
705106,320130,31.803457,popular_item
705106,312728,31.603345,popular_item
705106,325310,30.400945,popular_item
705542,119736,93.341381,popular_item
705542,356339,41.992234,popular_item
705542,413901,38.242194,popular_item
705542,248455,37.870508,popular_item
705542,190000,33.530561,popular_item
705542,409804,32.528157,popular_item
705542,312728,31.603345,popular_item
705542,325310,30.400945,popular_item
705542,405380,30.34115,popular_item
705542,63543,27.242467,popular_item
706387,119736,93.341381,popular_item
706387,461686,42.501946,popular_item
706387,356339,41.992234,popular_item
706387,413901,38.242194,popular_item
706387,248455,37.870508,popular_item
706387,190000,33.530561,popular_item
706387,409804,32.528157,popular_item
706387,320130,31.803457,popular_item
706387,312728,31.603345,popular_item
706387,325310,30.400945,popular_item
708248,119736,93.341381,popular_item
708248,461686,42.501946,popular_item
708248,356339,41.992234,popular_item
708248,413901,38.242194,popular_item
708248,248455,37.870508,popular_item
708248,190000,33.530561,popular_item
708248,409804,32.528157,popular_item
708248,320130,31.803457,popular_item
708248,312728,31.603345,popular_item
708248,325310,30.400945,popular_item
710338,461686,42.501946,popular_item
710338,356339,41.992234,popular_item
710338,413901,38.242194,popular_item
710338,248455,37.870508,popular_item
710338,190000,33.530561,popular_item
710338,409804,32.528157,popular_item
710338,320130,31.803457,popular_item
710338,312728,31.603345,popular_item
710338,325310,30.400945,popular_item
710338,405380,30.34115,popular_item
712422,119736,93.341381,popular_item
712422,461686,42.501946,popular_item
712422,356339,41.992234,popular_item
712422,413901,38.242194,popular_item
712422,248455,37.870508,popular_item
712422,190000,33.530561,popular_item
712422,409804,32.528157,popular_item
712422,320130,31.803457,popular_item
712422,312728,31.603345,popular_item
712422,325310,30.400945,popular_item
71606,119736,93.341381,popular_item
71606,461686,42.501946,popular_item
71606,356339,41.992234,popular_item
71606,413901,38.242194,popular_item
71606,248455,37.870508,popular_item
71606,190000,33.530561,popular_item
71606,409804,32.528157,popular_item
71606,320130,31.803457,popular_item
71606,312728,31.603345,popular_item
71606,325310,30.400945,popular_item
716510,119736,93.341381,popular_item
716510,461686,42.501946,popular_item
716510,356339,41.992234,popular_item
716510,413901,38.242194,popular_item
716510,248455,37.870508,popular_item
716510,190000,33.530561,popular_item
716510,409804,32.528157,popular_item
716510,320130,31.803457,popular_item
716510,312728,31.603345,popular_item
716510,325310,30.400945,popular_item
717336,119736,93.341381,popular_item
717336,461686,42.501946,popular_item
717336,356339,41.992234,popular_item
717336,413901,38.242194,popular_item
717336,248455,37.870508,popular_item
717336,190000,33.530561,popular_item
717336,409804,32.528157,popular_item
717336,320130,31.803457,popular_item
717336,312728,31.603345,popular_item
717336,325310,30.400945,popular_item
718180,119736,93.341381,popular_item
718180,461686,42.501946,popular_item
718180,356339,41.992234,popular_item
718180,413901,38.242194,popular_item
718180,248455,37.870508,popular_item
718180,190000,33.530561,popular_item
718180,409804,32.528157,popular_item
718180,320130,31.803457,popular_item
718180,312728,31.603345,popular_item
718180,325310,30.400945,popular_item
718284,119736,93.341381,popular_item
718284,461686,42.501946,popular_item
718284,356339,41.992234,popular_item
718284,413901,38.242194,popular_item
718284,248455,37.870508,popular_item
718284,190000,33.530561,popular_item
718284,409804,32.528157,popular_item
718284,320130,31.803457,popular_item
718284,312728,31.603345,popular_item
718284,325310,30.400945,popular_item
719153,119736,93.341381,popular_item
719153,461686,42.501946,popular_item
719153,356339,41.992234,popular_item
719153,413901,38.242194,popular_item
719153,248455,37.870508,popular_item
719153,190000,33.530561,popular_item
719153,409804,32.528157,popular_item
719153,320130,31.803457,popular_item
719153,312728,31.603345,popular_item
719153,325310,30.400945,popular_item
719708,119736,93.341381,popular_item
719708,461686,42.501946,popular_item
719708,356339,41.992234,popular_item
719708,413901,38.242194,popular_item
719708,248455,37.870508,popular_item
719708,190000,33.530561,popular_item
719708,409804,32.528157,popular_item
719708,320130,31.803457,popular_item
719708,312728,31.603345,popular_item
719708,325310,30.400945,popular_item
721440,119736,93.341381,popular_item
721440,461686,42.501946,popular_item
721440,356339,41.992234,popular_item
721440,413901,38.242194,popular_item
721440,248455,37.870508,popular_item
721440,190000,33.530561,popular_item
721440,409804,32.528157,popular_item
721440,320130,31.803457,popular_item
721440,312728,31.603345,popular_item
721440,325310,30.400945,popular_item
721702,119736,93.341381,popular_item
721702,461686,42.501946,popular_item
721702,356339,41.992234,popular_item
721702,413901,38.242194,popular_item
721702,248455,37.870508,popular_item
721702,190000,33.530561,popular_item
721702,409804,32.528157,popular_item
721702,320130,31.803457,popular_item
721702,312728,31.603345,popular_item
721702,325310,30.400945,popular_item
722334,119736,93.341381,popular_item
722334,461686,42.501946,popular_item
722334,356339,41.992234,popular_item
722334,413901,38.242194,popular_item
722334,248455,37.870508,popular_item
722334,190000,33.530561,popular_item
722334,409804,32.528157,popular_item
722334,320130,31.803457,popular_item
722334,312728,31.603345,popular_item
722334,325310,30.400945,popular_item
722706,119736,93.341381,popular_item
722706,461686,42.501946,popular_item
722706,356339,41.992234,popular_item
722706,413901,38.242194,popular_item
722706,248455,37.870508,popular_item
722706,190000,33.530561,popular_item
722706,409804,32.528157,popular_item
722706,320130,31.803457,popular_item
722706,312728,31.603345,popular_item
722706,325310,30.400945,popular_item
723092,119736,93.341381,popular_item
723092,461686,42.501946,popular_item
723092,356339,41.992234,popular_item
723092,413901,38.242194,popular_item
723092,248455,37.870508,popular_item
723092,190000,33.530561,popular_item
723092,409804,32.528157,popular_item
723092,320130,31.803457,popular_item
723092,312728,31.603345,popular_item
723092,325310,30.400945,popular_item
723419,119736,93.341381,popular_item
723419,461686,42.501946,popular_item
723419,356339,41.992234,popular_item
723419,413901,38.242194,popular_item
723419,248455,37.870508,popular_item
723419,190000,33.530561,popular_item
723419,409804,32.528157,popular_item
723419,320130,31.803457,popular_item
723419,312728,31.603345,popular_item
723419,325310,30.400945,popular_item
724401,119736,93.341381,popular_item
724401,461686,42.501946,popular_item
724401,356339,41.992234,popular_item
724401,413901,38.242194,popular_item
724401,248455,37.870508,popular_item
724401,190000,33.530561,popular_item
724401,409804,32.528157,popular_item
724401,320130,31.803457,popular_item
724401,312728,31.603345,popular_item
724401,325310,30.400945,popular_item
724618,119736,93.341381,popular_item
724618,461686,42.501946,popular_item
724618,356339,41.992234,popular_item
724618,413901,38.242194,popular_item
724618,248455,37.870508,popular_item
724618,190000,33.530561,popular_item
724618,320130,31.803457,popular_item
724618,325310,30.400945,popular_item
724618,405380,30.34115,popular_item
724618,63543,27.242467,popular_item
729150,119736,93.341381,popular_item
729150,461686,42.501946,popular_item
729150,356339,41.992234,popular_item
729150,413901,38.242194,popular_item
729150,248455,37.870508,popular_item
729150,190000,33.530561,popular_item
729150,409804,32.528157,popular_item
729150,320130,31.803457,popular_item
729150,312728,31.603345,popular_item
729150,325310,30.400945,popular_item
729479,119736,93.341381,popular_item
729479,461686,42.501946,popular_item
729479,356339,41.992234,popular_item
729479,413901,38.242194,popular_item
729479,248455,37.870508,popular_item
729479,190000,33.530561,popular_item
729479,409804,32.528157,popular_item
729479,320130,31.803457,popular_item
729479,312728,31.603345,popular_item
729479,325310,30.400945,popular_item
729726,119736,93.341381,popular_item
729726,461686,42.501946,popular_item
729726,356339,41.992234,popular_item
729726,413901,38.242194,popular_item
729726,248455,37.870508,popular_item
729726,190000,33.530561,popular_item
729726,409804,32.528157,popular_item
729726,320130,31.803457,popular_item
729726,312728,31.603345,popular_item
729726,325310,30.400945,popular_item
730800,119736,93.341381,popular_item
730800,461686,42.501946,popular_item
730800,356339,41.992234,popular_item
730800,413901,38.242194,popular_item
730800,248455,37.870508,popular_item
730800,190000,33.530561,popular_item
730800,409804,32.528157,popular_item
730800,320130,31.803457,popular_item
730800,312728,31.603345,popular_item
730800,325310,30.400945,popular_item
731292,119736,93.341381,popular_item
731292,461686,42.501946,popular_item
731292,356339,41.992234,popular_item
731292,413901,38.242194,popular_item
731292,248455,37.870508,popular_item
731292,190000,33.530561,popular_item
731292,409804,32.528157,popular_item
731292,320130,31.803457,popular_item
731292,312728,31.603345,popular_item
731292,325310,30.400945,popular_item
731398,119736,93.341381,popular_item
731398,461686,42.501946,popular_item
731398,356339,41.992234,popular_item
731398,413901,38.242194,popular_item
731398,248455,37.870508,popular_item
731398,190000,33.530561,popular_item
731398,409804,32.528157,popular_item
731398,320130,31.803457,popular_item
731398,312728,31.603345,popular_item
731398,325310,30.400945,popular_item
732249,119736,93.341381,popular_item
732249,461686,42.501946,popular_item
732249,356339,41.992234,popular_item
732249,413901,38.242194,popular_item
732249,248455,37.870508,popular_item
732249,190000,33.530561,popular_item
732249,409804,32.528157,popular_item
732249,320130,31.803457,popular_item
732249,312728,31.603345,popular_item
732249,325310,30.400945,popular_item
732548,119736,93.341381,popular_item
732548,461686,42.501946,popular_item
732548,356339,41.992234,popular_item
732548,413901,38.242194,popular_item
732548,248455,37.870508,popular_item
732548,190000,33.530561,popular_item
732548,409804,32.528157,popular_item
732548,320130,31.803457,popular_item
732548,312728,31.603345,popular_item
732548,325310,30.400945,popular_item
733192,119736,93.341381,popular_item
733192,461686,42.501946,popular_item
733192,356339,41.992234,popular_item
733192,413901,38.242194,popular_item
733192,248455,37.870508,popular_item
733192,190000,33.530561,popular_item
733192,409804,32.528157,popular_item
733192,320130,31.803457,popular_item
733192,312728,31.603345,popular_item
733192,325310,30.400945,popular_item
733532,119736,93.341381,popular_item
733532,461686,42.501946,popular_item
733532,356339,41.992234,popular_item
733532,413901,38.242194,popular_item
733532,248455,37.870508,popular_item
733532,190000,33.530561,popular_item
733532,409804,32.528157,popular_item
733532,320130,31.803457,popular_item
733532,312728,31.603345,popular_item
733532,325310,30.400945,popular_item
73449,119736,93.341381,popular_item
73449,461686,42.501946,popular_item
73449,356339,41.992234,popular_item
73449,413901,38.242194,popular_item
73449,248455,37.870508,popular_item
73449,190000,33.530561,popular_item
73449,409804,32.528157,popular_item
73449,320130,31.803457,popular_item
73449,312728,31.603345,popular_item
73449,325310,30.400945,popular_item
734633,119736,93.341381,popular_item
734633,461686,42.501946,popular_item
734633,356339,41.992234,popular_item
734633,413901,38.242194,popular_item
734633,248455,37.870508,popular_item
734633,190000,33.530561,popular_item
734633,409804,32.528157,popular_item
734633,320130,31.803457,popular_item
734633,312728,31.603345,popular_item
734633,325310,30.400945,popular_item
737053,356339,41.992234,popular_item
737053,413901,38.242194,popular_item
737053,248455,37.870508,popular_item
737053,409804,32.528157,popular_item
737053,312728,31.603345,popular_item
737053,325310,30.400945,popular_item
737053,63543,27.242467,popular_item
737053,98071,24.960201,popular_item
737053,368403,24.710523,popular_item
737053,9877,24.531017,popular_item
739007,119736,93.341381,popular_item
739007,461686,42.501946,popular_item
739007,356339,41.992234,popular_item
739007,413901,38.242194,popular_item
739007,248455,37.870508,popular_item
739007,190000,33.530561,popular_item
739007,409804,32.528157,popular_item
739007,320130,31.803457,popular_item
739007,312728,31.603345,popular_item
739007,325310,30.400945,popular_item
739647,119736,93.341381,popular_item
739647,461686,42.501946,popular_item
739647,356339,41.992234,popular_item
739647,413901,38.242194,popular_item
739647,248455,37.870508,popular_item
739647,190000,33.530561,popular_item
739647,409804,32.528157,popular_item
739647,320130,31.803457,popular_item
739647,312728,31.603345,popular_item
739647,325310,30.400945,popular_item
740123,461686,42.501946,popular_item
740123,356339,41.992234,popular_item
740123,413901,38.242194,popular_item
740123,248455,37.870508,popular_item
740123,190000,33.530561,popular_item
740123,409804,32.528157,popular_item
740123,320130,31.803457,popular_item
740123,312728,31.603345,popular_item
740123,325310,30.400945,popular_item
740123,405380,30.34115,popular_item
741671,119736,93.341381,popular_item
741671,461686,42.501946,popular_item
741671,356339,41.992234,popular_item
741671,413901,38.242194,popular_item
741671,248455,37.870508,popular_item
741671,190000,33.530561,popular_item
741671,409804,32.528157,popular_item
741671,320130,31.803457,popular_item
741671,312728,31.603345,popular_item
741671,325310,30.400945,popular_item
746939,119736,93.341381,popular_item
746939,461686,42.501946,popular_item
746939,356339,41.992234,popular_item
746939,413901,38.242194,popular_item
746939,248455,37.870508,popular_item
746939,190000,33.530561,popular_item
746939,409804,32.528157,popular_item
746939,320130,31.803457,popular_item
746939,312728,31.603345,popular_item
746939,325310,30.400945,popular_item
748040,461686,42.501946,popular_item
748040,356339,41.992234,popular_item
748040,413901,38.242194,popular_item
748040,248455,37.870508,popular_item
748040,190000,33.530561,popular_item
748040,409804,32.528157,popular_item
748040,320130,31.803457,popular_item
748040,312728,31.603345,popular_item
748040,325310,30.400945,popular_item
748040,405380,30.34115,popular_item
748562,119736,93.341381,popular_item
748562,461686,42.501946,popular_item
748562,356339,41.992234,popular_item
748562,413901,38.242194,popular_item
748562,248455,37.870508,popular_item
748562,190000,33.530561,popular_item
748562,320130,31.803457,popular_item
748562,312728,31.603345,popular_item
748562,325310,30.400945,popular_item
748562,405380,30.34115,popular_item
750601,461686,42.501946,popular_item
750601,356339,41.992234,popular_item
750601,413901,38.242194,popular_item
750601,248455,37.870508,popular_item
750601,190000,33.530561,popular_item
750601,409804,32.528157,popular_item
750601,320130,31.803457,popular_item
750601,312728,31.603345,popular_item
750601,325310,30.400945,popular_item
750601,405380,30.34115,popular_item
752803,119736,93.341381,popular_item
752803,461686,42.501946,popular_item
752803,356339,41.992234,popular_item
752803,413901,38.242194,popular_item
752803,248455,37.870508,popular_item
752803,190000,33.530561,popular_item
752803,409804,32.528157,popular_item
752803,320130,31.803457,popular_item
752803,312728,31.603345,popular_item
752803,325310,30.400945,popular_item
754218,119736,93.341381,popular_item
754218,461686,42.501946,popular_item
754218,356339,41.992234,popular_item
754218,413901,38.242194,popular_item
754218,248455,37.870508,popular_item
754218,190000,33.530561,popular_item
754218,409804,32.528157,popular_item
754218,320130,31.803457,popular_item
754218,312728,31.603345,popular_item
754218,325310,30.400945,popular_item
75424,119736,93.341381,popular_item
75424,461686,42.501946,popular_item
75424,356339,41.992234,popular_item
75424,413901,38.242194,popular_item
75424,248455,37.870508,popular_item
75424,190000,33.530561,popular_item
75424,409804,32.528157,popular_item
75424,320130,31.803457,popular_item
75424,312728,31.603345,popular_item
75424,325310,30.400945,popular_item
755962,119736,93.341381,popular_item
755962,461686,42.501946,popular_item
755962,356339,41.992234,popular_item
755962,413901,38.242194,popular_item
755962,248455,37.870508,popular_item
755962,190000,33.530561,popular_item
755962,409804,32.528157,popular_item
755962,320130,31.803457,popular_item
755962,312728,31.603345,popular_item
755962,325310,30.400945,popular_item
757355,356339,41.992234,popular_item
757355,413901,38.242194,popular_item
757355,248455,37.870508,popular_item
757355,190000,33.530561,popular_item
757355,409804,32.528157,popular_item
757355,320130,31.803457,popular_item
757355,312728,31.603345,popular_item
757355,325310,30.400945,popular_item
757355,405380,30.34115,popular_item
757355,98071,24.960201,popular_item
759234,119736,93.341381,popular_item
759234,461686,42.501946,popular_item
759234,356339,41.992234,popular_item
759234,413901,38.242194,popular_item
759234,248455,37.870508,popular_item
759234,190000,33.530561,popular_item
759234,409804,32.528157,popular_item
759234,320130,31.803457,popular_item
759234,312728,31.603345,popular_item
759234,405380,30.34115,popular_item
760430,119736,93.341381,popular_item
760430,461686,42.501946,popular_item
760430,356339,41.992234,popular_item
760430,413901,38.242194,popular_item
760430,248455,37.870508,popular_item
760430,190000,33.530561,popular_item
760430,409804,32.528157,popular_item
760430,320130,31.803457,popular_item
760430,312728,31.603345,popular_item
760430,325310,30.400945,popular_item
761482,119736,93.341381,popular_item
761482,461686,42.501946,popular_item
761482,356339,41.992234,popular_item
761482,413901,38.242194,popular_item
761482,248455,37.870508,popular_item
761482,190000,33.530561,popular_item
761482,409804,32.528157,popular_item
761482,320130,31.803457,popular_item
761482,312728,31.603345,popular_item
761482,325310,30.400945,popular_item
762655,119736,93.341381,popular_item
762655,461686,42.501946,popular_item
762655,356339,41.992234,popular_item
762655,413901,38.242194,popular_item
762655,248455,37.870508,popular_item
762655,190000,33.530561,popular_item
762655,409804,32.528157,popular_item
762655,320130,31.803457,popular_item
762655,312728,31.603345,popular_item
762655,325310,30.400945,popular_item
763141,119736,93.341381,popular_item
763141,461686,42.501946,popular_item
763141,356339,41.992234,popular_item
763141,413901,38.242194,popular_item
763141,248455,37.870508,popular_item
763141,190000,33.530561,popular_item
763141,320130,31.803457,popular_item
763141,312728,31.603345,popular_item
763141,325310,30.400945,popular_item
763141,405380,30.34115,popular_item
763257,119736,93.341381,popular_item
763257,461686,42.501946,popular_item
763257,356339,41.992234,popular_item
763257,413901,38.242194,popular_item
763257,248455,37.870508,popular_item
763257,190000,33.530561,popular_item
763257,409804,32.528157,popular_item
763257,320130,31.803457,popular_item
763257,312728,31.603345,popular_item
763257,325310,30.400945,popular_item
765630,356339,41.992234,popular_item
765630,413901,38.242194,popular_item
765630,248455,37.870508,popular_item
765630,190000,33.530561,popular_item
765630,320130,31.803457,popular_item
765630,325310,30.400945,popular_item
765630,405380,30.34115,popular_item
765630,63543,27.242467,popular_item
765630,98071,24.960201,popular_item
765630,368403,24.710523,popular_item
76757,461686,42.501946,popular_item
76757,356339,41.992234,popular_item
76757,413901,38.242194,popular_item
76757,248455,37.870508,popular_item
76757,190000,33.530561,popular_item
76757,409804,32.528157,popular_item
76757,320130,31.803457,popular_item
76757,312728,31.603345,popular_item
76757,325310,30.400945,popular_item
76757,405380,30.34115,popular_item
768267,119736,93.341381,popular_item
768267,461686,42.501946,popular_item
768267,356339,41.992234,popular_item
768267,413901,38.242194,popular_item
768267,248455,37.870508,popular_item
768267,190000,33.530561,popular_item
768267,409804,32.528157,popular_item
768267,320130,31.803457,popular_item
768267,312728,31.603345,popular_item
768267,325310,30.400945,popular_item
768334,119736,93.341381,popular_item
768334,461686,42.501946,popular_item
768334,356339,41.992234,popular_item
768334,413901,38.242194,popular_item
768334,248455,37.870508,popular_item
768334,190000,33.530561,popular_item
768334,409804,32.528157,popular_item
768334,320130,31.803457,popular_item
768334,312728,31.603345,popular_item
768334,325310,30.400945,popular_item
770651,119736,93.341381,popular_item
770651,461686,42.501946,popular_item
770651,356339,41.992234,popular_item
770651,413901,38.242194,popular_item
770651,248455,37.870508,popular_item
770651,190000,33.530561,popular_item
770651,409804,32.528157,popular_item
770651,320130,31.803457,popular_item
770651,312728,31.603345,popular_item
770651,325310,30.400945,popular_item
770983,119736,93.341381,popular_item
770983,461686,42.501946,popular_item
770983,356339,41.992234,popular_item
770983,413901,38.242194,popular_item
770983,248455,37.870508,popular_item
770983,190000,33.530561,popular_item
770983,409804,32.528157,popular_item
770983,320130,31.803457,popular_item
770983,312728,31.603345,popular_item
770983,325310,30.400945,popular_item
771313,461686,42.501946,popular_item
771313,356339,41.992234,popular_item
771313,413901,38.242194,popular_item
771313,248455,37.870508,popular_item
771313,190000,33.530561,popular_item
771313,320130,31.803457,popular_item
771313,312728,31.603345,popular_item
771313,325310,30.400945,popular_item
771313,405380,30.34115,popular_item
771313,63543,27.242467,popular_item
771571,119736,93.341381,popular_item
771571,461686,42.501946,popular_item
771571,356339,41.992234,popular_item
771571,413901,38.242194,popular_item
771571,248455,37.870508,popular_item
771571,190000,33.530561,popular_item
771571,409804,32.528157,popular_item
771571,320130,31.803457,popular_item
771571,312728,31.603345,popular_item
771571,325310,30.400945,popular_item
77177,119736,93.341381,popular_item
77177,461686,42.501946,popular_item
77177,356339,41.992234,popular_item
77177,413901,38.242194,popular_item
77177,248455,37.870508,popular_item
77177,190000,33.530561,popular_item
77177,409804,32.528157,popular_item
77177,320130,31.803457,popular_item
77177,312728,31.603345,popular_item
77177,325310,30.400945,popular_item
77390,119736,93.341381,popular_item
77390,461686,42.501946,popular_item
77390,356339,41.992234,popular_item
77390,413901,38.242194,popular_item
77390,248455,37.870508,popular_item
77390,190000,33.530561,popular_item
77390,409804,32.528157,popular_item
77390,320130,31.803457,popular_item
77390,312728,31.603345,popular_item
77390,325310,30.400945,popular_item
774003,119736,93.341381,popular_item
774003,461686,42.501946,popular_item
774003,356339,41.992234,popular_item
774003,413901,38.242194,popular_item
774003,248455,37.870508,popular_item
774003,190000,33.530561,popular_item
774003,409804,32.528157,popular_item
774003,320130,31.803457,popular_item
774003,312728,31.603345,popular_item
774003,325310,30.400945,popular_item
774707,119736,93.341381,popular_item
774707,461686,42.501946,popular_item
774707,356339,41.992234,popular_item
774707,413901,38.242194,popular_item
774707,248455,37.870508,popular_item
774707,190000,33.530561,popular_item
774707,409804,32.528157,popular_item
774707,320130,31.803457,popular_item
774707,312728,31.603345,popular_item
774707,325310,30.400945,popular_item
776534,119736,93.341381,popular_item
776534,461686,42.501946,popular_item
776534,356339,41.992234,popular_item
776534,413901,38.242194,popular_item
776534,248455,37.870508,popular_item
776534,190000,33.530561,popular_item
776534,409804,32.528157,popular_item
776534,320130,31.803457,popular_item
776534,312728,31.603345,popular_item
776534,325310,30.400945,popular_item
777089,119736,93.341381,popular_item
777089,461686,42.501946,popular_item
777089,356339,41.992234,popular_item
777089,413901,38.242194,popular_item
777089,248455,37.870508,popular_item
777089,190000,33.530561,popular_item
777089,409804,32.528157,popular_item
777089,320130,31.803457,popular_item
777089,312728,31.603345,popular_item
777089,325310,30.400945,popular_item
777908,119736,93.341381,popular_item
777908,461686,42.501946,popular_item
777908,356339,41.992234,popular_item
777908,413901,38.242194,popular_item
777908,248455,37.870508,popular_item
777908,190000,33.530561,popular_item
777908,409804,32.528157,popular_item
777908,320130,31.803457,popular_item
777908,312728,31.603345,popular_item
777908,325310,30.400945,popular_item
779492,119736,93.341381,popular_item
779492,461686,42.501946,popular_item
779492,356339,41.992234,popular_item
779492,413901,38.242194,popular_item
779492,248455,37.870508,popular_item
779492,190000,33.530561,popular_item
779492,409804,32.528157,popular_item
779492,320130,31.803457,popular_item
779492,312728,31.603345,popular_item
779492,325310,30.400945,popular_item
780414,119736,93.341381,popular_item
780414,461686,42.501946,popular_item
780414,356339,41.992234,popular_item
780414,413901,38.242194,popular_item
780414,248455,37.870508,popular_item
780414,190000,33.530561,popular_item
780414,409804,32.528157,popular_item
780414,320130,31.803457,popular_item
780414,312728,31.603345,popular_item
780414,325310,30.400945,popular_item
78219,119736,93.341381,popular_item
78219,461686,42.501946,popular_item
78219,356339,41.992234,popular_item
78219,413901,38.242194,popular_item
78219,248455,37.870508,popular_item
78219,190000,33.530561,popular_item
78219,409804,32.528157,popular_item
78219,320130,31.803457,popular_item
78219,312728,31.603345,popular_item
78219,325310,30.400945,popular_item
783557,119736,93.341381,popular_item
783557,461686,42.501946,popular_item
783557,356339,41.992234,popular_item
783557,413901,38.242194,popular_item
783557,248455,37.870508,popular_item
783557,190000,33.530561,popular_item
783557,409804,32.528157,popular_item
783557,320130,31.803457,popular_item
783557,312728,31.603345,popular_item
783557,325310,30.400945,popular_item
78724,119736,93.341381,popular_item
78724,461686,42.501946,popular_item
78724,356339,41.992234,popular_item
78724,413901,38.242194,popular_item
78724,248455,37.870508,popular_item
78724,190000,33.530561,popular_item
78724,320130,31.803457,popular_item
78724,325310,30.400945,popular_item
78724,405380,30.34115,popular_item
78724,63543,27.242467,popular_item
788941,119736,93.341381,popular_item
788941,461686,42.501946,popular_item
788941,356339,41.992234,popular_item
788941,413901,38.242194,popular_item
788941,248455,37.870508,popular_item
788941,190000,33.530561,popular_item
788941,409804,32.528157,popular_item
788941,320130,31.803457,popular_item
788941,312728,31.603345,popular_item
788941,325310,30.400945,popular_item
789933,119736,93.341381,popular_item
789933,461686,42.501946,popular_item
789933,356339,41.992234,popular_item
789933,413901,38.242194,popular_item
789933,248455,37.870508,popular_item
789933,190000,33.530561,popular_item
789933,409804,32.528157,popular_item
789933,320130,31.803457,popular_item
789933,312728,31.603345,popular_item
789933,325310,30.400945,popular_item
791750,119736,93.341381,popular_item
791750,461686,42.501946,popular_item
791750,356339,41.992234,popular_item
791750,413901,38.242194,popular_item
791750,248455,37.870508,popular_item
791750,190000,33.530561,popular_item
791750,409804,32.528157,popular_item
791750,320130,31.803457,popular_item
791750,312728,31.603345,popular_item
791750,325310,30.400945,popular_item
792741,119736,93.341381,popular_item
792741,461686,42.501946,popular_item
792741,356339,41.992234,popular_item
792741,413901,38.242194,popular_item
792741,248455,37.870508,popular_item
792741,190000,33.530561,popular_item
792741,320130,31.803457,popular_item
792741,325310,30.400945,popular_item
792741,405380,30.34115,popular_item
792741,63543,27.242467,popular_item
794751,119736,93.341381,popular_item
794751,461686,42.501946,popular_item
794751,356339,41.992234,popular_item
794751,413901,38.242194,popular_item
794751,248455,37.870508,popular_item
794751,190000,33.530561,popular_item
794751,409804,32.528157,popular_item
794751,320130,31.803457,popular_item
794751,312728,31.603345,popular_item
794751,325310,30.400945,popular_item
795383,119736,93.341381,popular_item
795383,461686,42.501946,popular_item
795383,356339,41.992234,popular_item
795383,413901,38.242194,popular_item
795383,248455,37.870508,popular_item
795383,190000,33.530561,popular_item
795383,409804,32.528157,popular_item
795383,320130,31.803457,popular_item
795383,312728,31.603345,popular_item
795383,325310,30.400945,popular_item
79627,119736,93.341381,popular_item
79627,461686,42.501946,popular_item
79627,356339,41.992234,popular_item
79627,413901,38.242194,popular_item
79627,248455,37.870508,popular_item
79627,190000,33.530561,popular_item
79627,320130,31.803457,popular_item
79627,312728,31.603345,popular_item
79627,325310,30.400945,popular_item
79627,405380,30.34115,popular_item
796636,119736,93.341381,popular_item
796636,461686,42.501946,popular_item
796636,356339,41.992234,popular_item
796636,413901,38.242194,popular_item
796636,248455,37.870508,popular_item
796636,190000,33.530561,popular_item
796636,409804,32.528157,popular_item
796636,320130,31.803457,popular_item
796636,312728,31.603345,popular_item
796636,325310,30.400945,popular_item
796682,119736,93.341381,popular_item
796682,461686,42.501946,popular_item
796682,356339,41.992234,popular_item
796682,413901,38.242194,popular_item
796682,248455,37.870508,popular_item
796682,190000,33.530561,popular_item
796682,409804,32.528157,popular_item
796682,320130,31.803457,popular_item
796682,312728,31.603345,popular_item
796682,325310,30.400945,popular_item
797409,461686,42.501946,popular_item
797409,356339,41.992234,popular_item
797409,413901,38.242194,popular_item
797409,409804,32.528157,popular_item
797409,320130,31.803457,popular_item
797409,312728,31.603345,popular_item
797409,325310,30.400945,popular_item
797409,405380,30.34115,popular_item
797409,63543,27.242467,popular_item
797409,98071,24.960201,popular_item
797488,119736,93.341381,popular_item
797488,461686,42.501946,popular_item
797488,356339,41.992234,popular_item
797488,413901,38.242194,popular_item
797488,248455,37.870508,popular_item
797488,190000,33.530561,popular_item
797488,409804,32.528157,popular_item
797488,320130,31.803457,popular_item
797488,312728,31.603345,popular_item
797488,325310,30.400945,popular_item
798002,119736,93.341381,popular_item
798002,461686,42.501946,popular_item
798002,356339,41.992234,popular_item
798002,413901,38.242194,popular_item
798002,248455,37.870508,popular_item
798002,190000,33.530561,popular_item
798002,409804,32.528157,popular_item
798002,320130,31.803457,popular_item
798002,312728,31.603345,popular_item
798002,325310,30.400945,popular_item
801373,119736,93.341381,popular_item
801373,461686,42.501946,popular_item
801373,356339,41.992234,popular_item
801373,413901,38.242194,popular_item
801373,248455,37.870508,popular_item
801373,190000,33.530561,popular_item
801373,409804,32.528157,popular_item
801373,320130,31.803457,popular_item
801373,312728,31.603345,popular_item
801373,325310,30.400945,popular_item
802320,119736,93.341381,popular_item
802320,461686,42.501946,popular_item
802320,356339,41.992234,popular_item
802320,413901,38.242194,popular_item
802320,248455,37.870508,popular_item
802320,190000,33.530561,popular_item
802320,409804,32.528157,popular_item
802320,320130,31.803457,popular_item
802320,312728,31.603345,popular_item
802320,325310,30.400945,popular_item
802505,119736,93.341381,popular_item
802505,461686,42.501946,popular_item
802505,356339,41.992234,popular_item
802505,413901,38.242194,popular_item
802505,248455,37.870508,popular_item
802505,190000,33.530561,popular_item
802505,409804,32.528157,popular_item
802505,320130,31.803457,popular_item
802505,312728,31.603345,popular_item
802505,325310,30.400945,popular_item
805200,119736,93.341381,popular_item
805200,461686,42.501946,popular_item
805200,356339,41.992234,popular_item
805200,413901,38.242194,popular_item
805200,248455,37.870508,popular_item
805200,190000,33.530561,popular_item
805200,409804,32.528157,popular_item
805200,320130,31.803457,popular_item
805200,312728,31.603345,popular_item
805200,325310,30.400945,popular_item
805204,119736,93.341381,popular_item
805204,461686,42.501946,popular_item
805204,356339,41.992234,popular_item
805204,413901,38.242194,popular_item
805204,248455,37.870508,popular_item
805204,190000,33.530561,popular_item
805204,409804,32.528157,popular_item
805204,320130,31.803457,popular_item
805204,312728,31.603345,popular_item
805204,325310,30.400945,popular_item
807384,119736,93.341381,popular_item
807384,461686,42.501946,popular_item
807384,356339,41.992234,popular_item
807384,413901,38.242194,popular_item
807384,248455,37.870508,popular_item
807384,190000,33.530561,popular_item
807384,409804,32.528157,popular_item
807384,320130,31.803457,popular_item
807384,312728,31.603345,popular_item
807384,325310,30.400945,popular_item
807509,119736,93.341381,popular_item
807509,461686,42.501946,popular_item
807509,356339,41.992234,popular_item
807509,413901,38.242194,popular_item
807509,248455,37.870508,popular_item
807509,190000,33.530561,popular_item
807509,409804,32.528157,popular_item
807509,320130,31.803457,popular_item
807509,312728,31.603345,popular_item
807509,325310,30.400945,popular_item
808813,119736,93.341381,popular_item
808813,461686,42.501946,popular_item
808813,356339,41.992234,popular_item
808813,413901,38.242194,popular_item
808813,248455,37.870508,popular_item
808813,190000,33.530561,popular_item
808813,409804,32.528157,popular_item
808813,320130,31.803457,popular_item
808813,312728,31.603345,popular_item
808813,325310,30.400945,popular_item
809822,461686,42.501946,popular_item
809822,356339,41.992234,popular_item
809822,413901,38.242194,popular_item
809822,248455,37.870508,popular_item
809822,190000,33.530561,popular_item
809822,409804,32.528157,popular_item
809822,320130,31.803457,popular_item
809822,312728,31.603345,popular_item
809822,325310,30.400945,popular_item
809822,405380,30.34115,popular_item
810368,119736,93.341381,popular_item
810368,461686,42.501946,popular_item
810368,356339,41.992234,popular_item
810368,413901,38.242194,popular_item
810368,248455,37.870508,popular_item
810368,190000,33.530561,popular_item
810368,409804,32.528157,popular_item
810368,320130,31.803457,popular_item
810368,312728,31.603345,popular_item
810368,325310,30.400945,popular_item
811745,119736,93.341381,popular_item
811745,461686,42.501946,popular_item
811745,356339,41.992234,popular_item
811745,413901,38.242194,popular_item
811745,248455,37.870508,popular_item
811745,190000,33.530561,popular_item
811745,409804,32.528157,popular_item
811745,320130,31.803457,popular_item
811745,312728,31.603345,popular_item
811745,325310,30.400945,popular_item
813971,119736,93.341381,popular_item
813971,461686,42.501946,popular_item
813971,356339,41.992234,popular_item
813971,413901,38.242194,popular_item
813971,248455,37.870508,popular_item
813971,190000,33.530561,popular_item
813971,409804,32.528157,popular_item
813971,320130,31.803457,popular_item
813971,312728,31.603345,popular_item
813971,325310,30.400945,popular_item
816229,119736,93.341381,popular_item
816229,461686,42.501946,popular_item
816229,356339,41.992234,popular_item
816229,413901,38.242194,popular_item
816229,248455,37.870508,popular_item
816229,190000,33.530561,popular_item
816229,409804,32.528157,popular_item
816229,320130,31.803457,popular_item
816229,312728,31.603345,popular_item
816229,325310,30.400945,popular_item
819370,119736,93.341381,popular_item
819370,461686,42.501946,popular_item
819370,356339,41.992234,popular_item
819370,413901,38.242194,popular_item
819370,248455,37.870508,popular_item
819370,190000,33.530561,popular_item
819370,409804,32.528157,popular_item
819370,320130,31.803457,popular_item
819370,312728,31.603345,popular_item
819370,325310,30.400945,popular_item
819547,119736,93.341381,popular_item
819547,461686,42.501946,popular_item
819547,356339,41.992234,popular_item
819547,413901,38.242194,popular_item
819547,248455,37.870508,popular_item
819547,190000,33.530561,popular_item
819547,409804,32.528157,popular_item
819547,320130,31.803457,popular_item
819547,312728,31.603345,popular_item
819547,325310,30.400945,popular_item
819698,119736,93.341381,popular_item
819698,461686,42.501946,popular_item
819698,356339,41.992234,popular_item
819698,413901,38.242194,popular_item
819698,248455,37.870508,popular_item
819698,190000,33.530561,popular_item
819698,409804,32.528157,popular_item
819698,320130,31.803457,popular_item
819698,312728,31.603345,popular_item
819698,325310,30.400945,popular_item
820159,119736,93.341381,popular_item
820159,461686,42.501946,popular_item
820159,356339,41.992234,popular_item
820159,413901,38.242194,popular_item
820159,248455,37.870508,popular_item
820159,190000,33.530561,popular_item
820159,409804,32.528157,popular_item
820159,312728,31.603345,popular_item
820159,325310,30.400945,popular_item
820159,405380,30.34115,popular_item
822310,119736,93.341381,popular_item
822310,461686,42.501946,popular_item
822310,356339,41.992234,popular_item
822310,413901,38.242194,popular_item
822310,248455,37.870508,popular_item
822310,190000,33.530561,popular_item
822310,409804,32.528157,popular_item
822310,320130,31.803457,popular_item
822310,312728,31.603345,popular_item
822310,325310,30.400945,popular_item
823367,119736,93.341381,popular_item
823367,461686,42.501946,popular_item
823367,356339,41.992234,popular_item
823367,413901,38.242194,popular_item
823367,248455,37.870508,popular_item
823367,190000,33.530561,popular_item
823367,409804,32.528157,popular_item
823367,320130,31.803457,popular_item
823367,312728,31.603345,popular_item
823367,325310,30.400945,popular_item
823982,119736,93.341381,popular_item
823982,461686,42.501946,popular_item
823982,356339,41.992234,popular_item
823982,413901,38.242194,popular_item
823982,248455,37.870508,popular_item
823982,190000,33.530561,popular_item
823982,409804,32.528157,popular_item
823982,320130,31.803457,popular_item
823982,312728,31.603345,popular_item
823982,325310,30.400945,popular_item
824082,461686,42.501946,popular_item
824082,356339,41.992234,popular_item
824082,413901,38.242194,popular_item
824082,248455,37.870508,popular_item
824082,190000,33.530561,popular_item
824082,409804,32.528157,popular_item
824082,312728,31.603345,popular_item
824082,325310,30.400945,popular_item
824082,63543,27.242467,popular_item
824082,98071,24.960201,popular_item
824842,119736,93.341381,popular_item
824842,461686,42.501946,popular_item
824842,356339,41.992234,popular_item
824842,413901,38.242194,popular_item
824842,248455,37.870508,popular_item
824842,190000,33.530561,popular_item
824842,409804,32.528157,popular_item
824842,320130,31.803457,popular_item
824842,325310,30.400945,popular_item
824842,405380,30.34115,popular_item
825321,119736,93.341381,popular_item
825321,461686,42.501946,popular_item
825321,356339,41.992234,popular_item
825321,413901,38.242194,popular_item
825321,248455,37.870508,popular_item
825321,190000,33.530561,popular_item
825321,409804,32.528157,popular_item
825321,320130,31.803457,popular_item
825321,312728,31.603345,popular_item
825321,325310,30.400945,popular_item
829289,461686,42.501946,popular_item
829289,356339,41.992234,popular_item
829289,413901,38.242194,popular_item
829289,248455,37.870508,popular_item
829289,190000,33.530561,popular_item
829289,409804,32.528157,popular_item
829289,320130,31.803457,popular_item
829289,312728,31.603345,popular_item
829289,325310,30.400945,popular_item
829289,405380,30.34115,popular_item
829859,119736,93.341381,popular_item
829859,461686,42.501946,popular_item
829859,356339,41.992234,popular_item
829859,413901,38.242194,popular_item
829859,248455,37.870508,popular_item
829859,190000,33.530561,popular_item
829859,409804,32.528157,popular_item
829859,320130,31.803457,popular_item
829859,312728,31.603345,popular_item
829859,325310,30.400945,popular_item
833253,119736,93.341381,popular_item
833253,461686,42.501946,popular_item
833253,356339,41.992234,popular_item
833253,413901,38.242194,popular_item
833253,248455,37.870508,popular_item
833253,190000,33.530561,popular_item
833253,409804,32.528157,popular_item
833253,320130,31.803457,popular_item
833253,312728,31.603345,popular_item
833253,325310,30.400945,popular_item
83573,119736,93.341381,popular_item
83573,461686,42.501946,popular_item
83573,356339,41.992234,popular_item
83573,413901,38.242194,popular_item
83573,248455,37.870508,popular_item
83573,190000,33.530561,popular_item
83573,409804,32.528157,popular_item
83573,320130,31.803457,popular_item
83573,312728,31.603345,popular_item
83573,325310,30.400945,popular_item
835774,119736,93.341381,popular_item
835774,461686,42.501946,popular_item
835774,356339,41.992234,popular_item
835774,413901,38.242194,popular_item
835774,248455,37.870508,popular_item
835774,190000,33.530561,popular_item
835774,409804,32.528157,popular_item
835774,320130,31.803457,popular_item
835774,312728,31.603345,popular_item
835774,325310,30.400945,popular_item
835779,119736,93.341381,popular_item
835779,461686,42.501946,popular_item
835779,356339,41.992234,popular_item
835779,413901,38.242194,popular_item
835779,248455,37.870508,popular_item
835779,190000,33.530561,popular_item
835779,409804,32.528157,popular_item
835779,320130,31.803457,popular_item
835779,312728,31.603345,popular_item
835779,325310,30.400945,popular_item
836044,119736,93.341381,popular_item
836044,461686,42.501946,popular_item
836044,356339,41.992234,popular_item
836044,413901,38.242194,popular_item
836044,248455,37.870508,popular_item
836044,190000,33.530561,popular_item
836044,409804,32.528157,popular_item
836044,320130,31.803457,popular_item
836044,312728,31.603345,popular_item
836044,325310,30.400945,popular_item
836468,119736,93.341381,popular_item
836468,461686,42.501946,popular_item
836468,356339,41.992234,popular_item
836468,413901,38.242194,popular_item
836468,248455,37.870508,popular_item
836468,190000,33.530561,popular_item
836468,409804,32.528157,popular_item
836468,320130,31.803457,popular_item
836468,312728,31.603345,popular_item
836468,325310,30.400945,popular_item
836635,461686,42.501946,popular_item
836635,356339,41.992234,popular_item
836635,413901,38.242194,popular_item
836635,248455,37.870508,popular_item
836635,190000,33.530561,popular_item
836635,409804,32.528157,popular_item
836635,320130,31.803457,popular_item
836635,312728,31.603345,popular_item
836635,325310,30.400945,popular_item
836635,405380,30.34115,popular_item
837189,119736,93.341381,popular_item
837189,461686,42.501946,popular_item
837189,356339,41.992234,popular_item
837189,413901,38.242194,popular_item
837189,248455,37.870508,popular_item
837189,190000,33.530561,popular_item
837189,409804,32.528157,popular_item
837189,320130,31.803457,popular_item
837189,312728,31.603345,popular_item
837189,325310,30.400945,popular_item
837377,119736,93.341381,popular_item
837377,461686,42.501946,popular_item
837377,356339,41.992234,popular_item
837377,413901,38.242194,popular_item
837377,248455,37.870508,popular_item
837377,190000,33.530561,popular_item
837377,409804,32.528157,popular_item
837377,320130,31.803457,popular_item
837377,312728,31.603345,popular_item
837377,325310,30.400945,popular_item
837995,119736,93.341381,popular_item
837995,461686,42.501946,popular_item
837995,356339,41.992234,popular_item
837995,413901,38.242194,popular_item
837995,248455,37.870508,popular_item
837995,190000,33.530561,popular_item
837995,409804,32.528157,popular_item
837995,320130,31.803457,popular_item
837995,312728,31.603345,popular_item
837995,325310,30.400945,popular_item
841939,461686,42.501946,popular_item
841939,356339,41.992234,popular_item
841939,413901,38.242194,popular_item
841939,248455,37.870508,popular_item
841939,190000,33.530561,popular_item
841939,409804,32.528157,popular_item
841939,320130,31.803457,popular_item
841939,312728,31.603345,popular_item
841939,325310,30.400945,popular_item
841939,405380,30.34115,popular_item
844618,119736,93.341381,popular_item
844618,461686,42.501946,popular_item
844618,356339,41.992234,popular_item
844618,413901,38.242194,popular_item
844618,248455,37.870508,popular_item
844618,190000,33.530561,popular_item
844618,409804,32.528157,popular_item
844618,320130,31.803457,popular_item
844618,312728,31.603345,popular_item
844618,325310,30.400945,popular_item
84465,119736,93.341381,popular_item
84465,461686,42.501946,popular_item
84465,356339,41.992234,popular_item
84465,413901,38.242194,popular_item
84465,248455,37.870508,popular_item
84465,190000,33.530561,popular_item
84465,409804,32.528157,popular_item
84465,320130,31.803457,popular_item
84465,312728,31.603345,popular_item
84465,325310,30.400945,popular_item
846767,119736,93.341381,popular_item
846767,461686,42.501946,popular_item
846767,356339,41.992234,popular_item
846767,413901,38.242194,popular_item
846767,248455,37.870508,popular_item
846767,190000,33.530561,popular_item
846767,409804,32.528157,popular_item
846767,320130,31.803457,popular_item
846767,312728,31.603345,popular_item
846767,325310,30.400945,popular_item
846926,119736,93.341381,popular_item
846926,461686,42.501946,popular_item
846926,356339,41.992234,popular_item
846926,413901,38.242194,popular_item
846926,248455,37.870508,popular_item
846926,190000,33.530561,popular_item
846926,409804,32.528157,popular_item
846926,320130,31.803457,popular_item
846926,312728,31.603345,popular_item
846926,325310,30.400945,popular_item
846933,119736,93.341381,popular_item
846933,461686,42.501946,popular_item
846933,356339,41.992234,popular_item
846933,413901,38.242194,popular_item
846933,248455,37.870508,popular_item
846933,190000,33.530561,popular_item
846933,409804,32.528157,popular_item
846933,320130,31.803457,popular_item
846933,312728,31.603345,popular_item
846933,325310,30.400945,popular_item
850171,119736,93.341381,popular_item
850171,461686,42.501946,popular_item
850171,356339,41.992234,popular_item
850171,413901,38.242194,popular_item
850171,248455,37.870508,popular_item
850171,190000,33.530561,popular_item
850171,409804,32.528157,popular_item
850171,320130,31.803457,popular_item
850171,312728,31.603345,popular_item
850171,325310,30.400945,popular_item
854743,119736,93.341381,popular_item
854743,461686,42.501946,popular_item
854743,356339,41.992234,popular_item
854743,413901,38.242194,popular_item
854743,248455,37.870508,popular_item
854743,190000,33.530561,popular_item
854743,409804,32.528157,popular_item
854743,320130,31.803457,popular_item
854743,312728,31.603345,popular_item
854743,325310,30.400945,popular_item
855728,119736,93.341381,popular_item
855728,461686,42.501946,popular_item
855728,356339,41.992234,popular_item
855728,413901,38.242194,popular_item
855728,248455,37.870508,popular_item
855728,190000,33.530561,popular_item
855728,409804,32.528157,popular_item
855728,320130,31.803457,popular_item
855728,312728,31.603345,popular_item
855728,325310,30.400945,popular_item
856874,461686,42.501946,popular_item
856874,356339,41.992234,popular_item
856874,413901,38.242194,popular_item
856874,248455,37.870508,popular_item
856874,190000,33.530561,popular_item
856874,409804,32.528157,popular_item
856874,320130,31.803457,popular_item
856874,325310,30.400945,popular_item
856874,405380,30.34115,popular_item
856874,98071,24.960201,popular_item
856909,119736,93.341381,popular_item
856909,461686,42.501946,popular_item
856909,356339,41.992234,popular_item
856909,413901,38.242194,popular_item
856909,248455,37.870508,popular_item
856909,190000,33.530561,popular_item
856909,409804,32.528157,popular_item
856909,320130,31.803457,popular_item
856909,312728,31.603345,popular_item
856909,325310,30.400945,popular_item
85734,356339,41.992234,popular_item
85734,413901,38.242194,popular_item
85734,248455,37.870508,popular_item
85734,190000,33.530561,popular_item
85734,320130,31.803457,popular_item
85734,325310,30.400945,popular_item
85734,405380,30.34115,popular_item
85734,63543,27.242467,popular_item
85734,98071,24.960201,popular_item
85734,368403,24.710523,popular_item
857567,119736,93.341381,popular_item
857567,461686,42.501946,popular_item
857567,356339,41.992234,popular_item
857567,413901,38.242194,popular_item
857567,248455,37.870508,popular_item
857567,190000,33.530561,popular_item
857567,409804,32.528157,popular_item
857567,320130,31.803457,popular_item
857567,312728,31.603345,popular_item
857567,325310,30.400945,popular_item
860113,119736,93.341381,popular_item
860113,461686,42.501946,popular_item
860113,356339,41.992234,popular_item
860113,413901,38.242194,popular_item
860113,248455,37.870508,popular_item
860113,190000,33.530561,popular_item
860113,409804,32.528157,popular_item
860113,320130,31.803457,popular_item
860113,312728,31.603345,popular_item
860113,325310,30.400945,popular_item
861299,356339,41.992234,popular_item
861299,413901,38.242194,popular_item
861299,409804,32.528157,popular_item
861299,320130,31.803457,popular_item
861299,312728,31.603345,popular_item
861299,325310,30.400945,popular_item
861299,405380,30.34115,popular_item
861299,63543,27.242467,popular_item
861299,98071,24.960201,popular_item
861299,6605,23.401338,popular_item
861630,119736,93.341381,popular_item
861630,461686,42.501946,popular_item
861630,356339,41.992234,popular_item
861630,413901,38.242194,popular_item
861630,248455,37.870508,popular_item
861630,190000,33.530561,popular_item
861630,409804,32.528157,popular_item
861630,320130,31.803457,popular_item
861630,312728,31.603345,popular_item
861630,325310,30.400945,popular_item
861638,119736,93.341381,popular_item
861638,461686,42.501946,popular_item
861638,356339,41.992234,popular_item
861638,413901,38.242194,popular_item
861638,248455,37.870508,popular_item
861638,190000,33.530561,popular_item
861638,409804,32.528157,popular_item
861638,320130,31.803457,popular_item
861638,312728,31.603345,popular_item
861638,325310,30.400945,popular_item
863219,356339,41.992234,popular_item
863219,413901,38.242194,popular_item
863219,248455,37.870508,popular_item
863219,409804,32.528157,popular_item
863219,320130,31.803457,popular_item
863219,312728,31.603345,popular_item
863219,325310,30.400945,popular_item
863219,405380,30.34115,popular_item
863219,63543,27.242467,popular_item
863219,98071,24.960201,popular_item
86459,119736,93.341381,popular_item
86459,461686,42.501946,popular_item
86459,356339,41.992234,popular_item
86459,413901,38.242194,popular_item
86459,248455,37.870508,popular_item
86459,190000,33.530561,popular_item
86459,409804,32.528157,popular_item
86459,320130,31.803457,popular_item
86459,312728,31.603345,popular_item
86459,325310,30.400945,popular_item
868057,119736,93.341381,popular_item
868057,461686,42.501946,popular_item
868057,356339,41.992234,popular_item
868057,413901,38.242194,popular_item
868057,248455,37.870508,popular_item
868057,190000,33.530561,popular_item
868057,409804,32.528157,popular_item
868057,320130,31.803457,popular_item
868057,312728,31.603345,popular_item
868057,325310,30.400945,popular_item
868541,119736,93.341381,popular_item
868541,461686,42.501946,popular_item
868541,356339,41.992234,popular_item
868541,413901,38.242194,popular_item
868541,248455,37.870508,popular_item
868541,190000,33.530561,popular_item
868541,409804,32.528157,popular_item
868541,320130,31.803457,popular_item
868541,312728,31.603345,popular_item
868541,325310,30.400945,popular_item
869858,119736,93.341381,popular_item
869858,461686,42.501946,popular_item
869858,356339,41.992234,popular_item
869858,413901,38.242194,popular_item
869858,248455,37.870508,popular_item
869858,190000,33.530561,popular_item
869858,409804,32.528157,popular_item
869858,320130,31.803457,popular_item
869858,312728,31.603345,popular_item
869858,325310,30.400945,popular_item
872031,119736,93.341381,popular_item
872031,461686,42.501946,popular_item
872031,356339,41.992234,popular_item
872031,413901,38.242194,popular_item
872031,248455,37.870508,popular_item
872031,190000,33.530561,popular_item
872031,409804,32.528157,popular_item
872031,320130,31.803457,popular_item
872031,312728,31.603345,popular_item
872031,325310,30.400945,popular_item
874209,119736,93.341381,popular_item
874209,461686,42.501946,popular_item
874209,356339,41.992234,popular_item
874209,413901,38.242194,popular_item
874209,248455,37.870508,popular_item
874209,190000,33.530561,popular_item
874209,409804,32.528157,popular_item
874209,320130,31.803457,popular_item
874209,312728,31.603345,popular_item
874209,325310,30.400945,popular_item
875908,119736,93.341381,popular_item
875908,461686,42.501946,popular_item
875908,356339,41.992234,popular_item
875908,413901,38.242194,popular_item
875908,248455,37.870508,popular_item
875908,190000,33.530561,popular_item
875908,409804,32.528157,popular_item
875908,320130,31.803457,popular_item
875908,312728,31.603345,popular_item
875908,325310,30.400945,popular_item
876048,119736,93.341381,popular_item
876048,461686,42.501946,popular_item
876048,356339,41.992234,popular_item
876048,413901,38.242194,popular_item
876048,248455,37.870508,popular_item
876048,190000,33.530561,popular_item
876048,409804,32.528157,popular_item
876048,320130,31.803457,popular_item
876048,312728,31.603345,popular_item
876048,325310,30.400945,popular_item
881061,119736,93.341381,popular_item
881061,461686,42.501946,popular_item
881061,356339,41.992234,popular_item
881061,413901,38.242194,popular_item
881061,248455,37.870508,popular_item
881061,190000,33.530561,popular_item
881061,409804,32.528157,popular_item
881061,320130,31.803457,popular_item
881061,312728,31.603345,popular_item
881061,325310,30.400945,popular_item
881986,119736,93.341381,popular_item
881986,461686,42.501946,popular_item
881986,356339,41.992234,popular_item
881986,413901,38.242194,popular_item
881986,248455,37.870508,popular_item
881986,190000,33.530561,popular_item
881986,409804,32.528157,popular_item
881986,320130,31.803457,popular_item
881986,312728,31.603345,popular_item
881986,325310,30.400945,popular_item
882851,119736,93.341381,popular_item
882851,461686,42.501946,popular_item
882851,356339,41.992234,popular_item
882851,413901,38.242194,popular_item
882851,248455,37.870508,popular_item
882851,190000,33.530561,popular_item
882851,409804,32.528157,popular_item
882851,320130,31.803457,popular_item
882851,312728,31.603345,popular_item
882851,325310,30.400945,popular_item
883799,119736,93.341381,popular_item
883799,461686,42.501946,popular_item
883799,356339,41.992234,popular_item
883799,413901,38.242194,popular_item
883799,248455,37.870508,popular_item
883799,190000,33.530561,popular_item
883799,409804,32.528157,popular_item
883799,320130,31.803457,popular_item
883799,312728,31.603345,popular_item
883799,325310,30.400945,popular_item
884108,119736,93.341381,popular_item
884108,461686,42.501946,popular_item
884108,356339,41.992234,popular_item
884108,413901,38.242194,popular_item
884108,248455,37.870508,popular_item
884108,190000,33.530561,popular_item
884108,409804,32.528157,popular_item
884108,320130,31.803457,popular_item
884108,312728,31.603345,popular_item
884108,325310,30.400945,popular_item
885139,119736,93.341381,popular_item
885139,461686,42.501946,popular_item
885139,356339,41.992234,popular_item
885139,413901,38.242194,popular_item
885139,248455,37.870508,popular_item
885139,190000,33.530561,popular_item
885139,409804,32.528157,popular_item
885139,320130,31.803457,popular_item
885139,312728,31.603345,popular_item
885139,325310,30.400945,popular_item
886204,119736,93.341381,popular_item
886204,461686,42.501946,popular_item
886204,356339,41.992234,popular_item
886204,413901,38.242194,popular_item
886204,248455,37.870508,popular_item
886204,190000,33.530561,popular_item
886204,409804,32.528157,popular_item
886204,320130,31.803457,popular_item
886204,312728,31.603345,popular_item
886204,325310,30.400945,popular_item
888200,119736,93.341381,popular_item
888200,461686,42.501946,popular_item
888200,356339,41.992234,popular_item
888200,413901,38.242194,popular_item
888200,248455,37.870508,popular_item
888200,190000,33.530561,popular_item
888200,409804,32.528157,popular_item
888200,320130,31.803457,popular_item
888200,312728,31.603345,popular_item
888200,325310,30.400945,popular_item
890980,461686,42.501946,popular_item
890980,356339,41.992234,popular_item
890980,413901,38.242194,popular_item
890980,248455,37.870508,popular_item
890980,190000,33.530561,popular_item
890980,409804,32.528157,popular_item
890980,320130,31.803457,popular_item
890980,312728,31.603345,popular_item
890980,325310,30.400945,popular_item
890980,405380,30.34115,popular_item
892013,119736,93.341381,popular_item
892013,461686,42.501946,popular_item
892013,356339,41.992234,popular_item
892013,413901,38.242194,popular_item
892013,190000,33.530561,popular_item
892013,409804,32.528157,popular_item
892013,320130,31.803457,popular_item
892013,325310,30.400945,popular_item
892013,405380,30.34115,popular_item
892013,63543,27.242467,popular_item
892355,461686,42.501946,popular_item
892355,356339,41.992234,popular_item
892355,413901,38.242194,popular_item
892355,248455,37.870508,popular_item
892355,190000,33.530561,popular_item
892355,409804,32.528157,popular_item
892355,320130,31.803457,popular_item
892355,312728,31.603345,popular_item
892355,325310,30.400945,popular_item
892355,405380,30.34115,popular_item
892697,119736,93.341381,popular_item
892697,461686,42.501946,popular_item
892697,356339,41.992234,popular_item
892697,413901,38.242194,popular_item
892697,248455,37.870508,popular_item
892697,190000,33.530561,popular_item
892697,409804,32.528157,popular_item
892697,320130,31.803457,popular_item
892697,312728,31.603345,popular_item
892697,325310,30.400945,popular_item
894124,119736,93.341381,popular_item
894124,461686,42.501946,popular_item
894124,356339,41.992234,popular_item
894124,413901,38.242194,popular_item
894124,248455,37.870508,popular_item
894124,190000,33.530561,popular_item
894124,409804,32.528157,popular_item
894124,320130,31.803457,popular_item
894124,312728,31.603345,popular_item
894124,325310,30.400945,popular_item
894153,119736,93.341381,popular_item
894153,461686,42.501946,popular_item
894153,356339,41.992234,popular_item
894153,413901,38.242194,popular_item
894153,248455,37.870508,popular_item
894153,190000,33.530561,popular_item
894153,409804,32.528157,popular_item
894153,320130,31.803457,popular_item
894153,312728,31.603345,popular_item
894153,325310,30.400945,popular_item
89426,119736,93.341381,popular_item
89426,461686,42.501946,popular_item
89426,356339,41.992234,popular_item
89426,413901,38.242194,popular_item
89426,248455,37.870508,popular_item
89426,190000,33.530561,popular_item
89426,409804,32.528157,popular_item
89426,320130,31.803457,popular_item
89426,312728,31.603345,popular_item
89426,325310,30.400945,popular_item
894555,119736,93.341381,popular_item
894555,461686,42.501946,popular_item
894555,356339,41.992234,popular_item
894555,413901,38.242194,popular_item
894555,248455,37.870508,popular_item
894555,190000,33.530561,popular_item
894555,409804,32.528157,popular_item
894555,320130,31.803457,popular_item
894555,312728,31.603345,popular_item
894555,325310,30.400945,popular_item
894747,119736,93.341381,popular_item
894747,461686,42.501946,popular_item
894747,356339,41.992234,popular_item
894747,413901,38.242194,popular_item
894747,248455,37.870508,popular_item
894747,190000,33.530561,popular_item
894747,409804,32.528157,popular_item
894747,320130,31.803457,popular_item
894747,312728,31.603345,popular_item
894747,325310,30.400945,popular_item
895783,119736,93.341381,popular_item
895783,461686,42.501946,popular_item
895783,356339,41.992234,popular_item
895783,413901,38.242194,popular_item
895783,248455,37.870508,popular_item
895783,190000,33.530561,popular_item
895783,409804,32.528157,popular_item
895783,320130,31.803457,popular_item
895783,312728,31.603345,popular_item
895783,325310,30.400945,popular_item
895969,119736,93.341381,popular_item
895969,461686,42.501946,popular_item
895969,356339,41.992234,popular_item
895969,413901,38.242194,popular_item
895969,248455,37.870508,popular_item
895969,190000,33.530561,popular_item
895969,409804,32.528157,popular_item
895969,320130,31.803457,popular_item
895969,312728,31.603345,popular_item
895969,405380,30.34115,popular_item
895999,119736,93.341381,popular_item
895999,461686,42.501946,popular_item
895999,356339,41.992234,popular_item
895999,413901,38.242194,popular_item
895999,325310,30.400945,popular_item
895999,405380,30.34115,popular_item
895999,63543,27.242467,popular_item
895999,98071,24.960201,popular_item
895999,368403,24.710523,popular_item
895999,9877,24.531017,popular_item
896066,119736,93.341381,popular_item
896066,461686,42.501946,popular_item
896066,356339,41.992234,popular_item
896066,413901,38.242194,popular_item
896066,248455,37.870508,popular_item
896066,190000,33.530561,popular_item
896066,409804,32.528157,popular_item
896066,312728,31.603345,popular_item
896066,325310,30.400945,popular_item
896066,405380,30.34115,popular_item
896347,119736,93.341381,popular_item
896347,461686,42.501946,popular_item
896347,356339,41.992234,popular_item
896347,413901,38.242194,popular_item
896347,248455,37.870508,popular_item
896347,409804,32.528157,popular_item
896347,320130,31.803457,popular_item
896347,312728,31.603345,popular_item
896347,325310,30.400945,popular_item
896347,405380,30.34115,popular_item
897679,119736,93.341381,popular_item
897679,461686,42.501946,popular_item
897679,356339,41.992234,popular_item
897679,413901,38.242194,popular_item
897679,248455,37.870508,popular_item
897679,190000,33.530561,popular_item
897679,409804,32.528157,popular_item
897679,320130,31.803457,popular_item
897679,312728,31.603345,popular_item
897679,405380,30.34115,popular_item
898067,119736,93.341381,popular_item
898067,461686,42.501946,popular_item
898067,356339,41.992234,popular_item
898067,413901,38.242194,popular_item
898067,248455,37.870508,popular_item
898067,190000,33.530561,popular_item
898067,409804,32.528157,popular_item
898067,320130,31.803457,popular_item
898067,312728,31.603345,popular_item
898067,325310,30.400945,popular_item
899857,119736,93.341381,popular_item
899857,461686,42.501946,popular_item
899857,356339,41.992234,popular_item
899857,413901,38.242194,popular_item
899857,248455,37.870508,popular_item
899857,190000,33.530561,popular_item
899857,409804,32.528157,popular_item
899857,320130,31.803457,popular_item
899857,312728,31.603345,popular_item
899857,325310,30.400945,popular_item
901341,119736,93.341381,popular_item
901341,461686,42.501946,popular_item
901341,356339,41.992234,popular_item
901341,413901,38.242194,popular_item
901341,248455,37.870508,popular_item
901341,190000,33.530561,popular_item
901341,409804,32.528157,popular_item
901341,320130,31.803457,popular_item
901341,312728,31.603345,popular_item
901341,325310,30.400945,popular_item
903390,119736,93.341381,popular_item
903390,461686,42.501946,popular_item
903390,356339,41.992234,popular_item
903390,413901,38.242194,popular_item
903390,248455,37.870508,popular_item
903390,190000,33.530561,popular_item
903390,409804,32.528157,popular_item
903390,320130,31.803457,popular_item
903390,312728,31.603345,popular_item
903390,325310,30.400945,popular_item
904351,119736,93.341381,popular_item
904351,461686,42.501946,popular_item
904351,356339,41.992234,popular_item
904351,413901,38.242194,popular_item
904351,248455,37.870508,popular_item
904351,190000,33.530561,popular_item
904351,320130,31.803457,popular_item
904351,312728,31.603345,popular_item
904351,325310,30.400945,popular_item
904351,405380,30.34115,popular_item
905316,119736,93.341381,popular_item
905316,461686,42.501946,popular_item
905316,356339,41.992234,popular_item
905316,413901,38.242194,popular_item
905316,248455,37.870508,popular_item
905316,190000,33.530561,popular_item
905316,409804,32.528157,popular_item
905316,320130,31.803457,popular_item
905316,312728,31.603345,popular_item
905316,325310,30.400945,popular_item
907087,119736,93.341381,popular_item
907087,461686,42.501946,popular_item
907087,356339,41.992234,popular_item
907087,413901,38.242194,popular_item
907087,248455,37.870508,popular_item
907087,190000,33.530561,popular_item
907087,409804,32.528157,popular_item
907087,320130,31.803457,popular_item
907087,312728,31.603345,popular_item
907087,325310,30.400945,popular_item
909859,119736,93.341381,popular_item
909859,356339,41.992234,popular_item
909859,413901,38.242194,popular_item
909859,248455,37.870508,popular_item
909859,190000,33.530561,popular_item
909859,409804,32.528157,popular_item
909859,320130,31.803457,popular_item
909859,312728,31.603345,popular_item
909859,325310,30.400945,popular_item
909859,63543,27.242467,popular_item
915126,119736,93.341381,popular_item
915126,461686,42.501946,popular_item
915126,356339,41.992234,popular_item
915126,413901,38.242194,popular_item
915126,248455,37.870508,popular_item
915126,190000,33.530561,popular_item
915126,409804,32.528157,popular_item
915126,320130,31.803457,popular_item
915126,312728,31.603345,popular_item
915126,325310,30.400945,popular_item
915578,119736,93.341381,popular_item
915578,461686,42.501946,popular_item
915578,356339,41.992234,popular_item
915578,413901,38.242194,popular_item
915578,248455,37.870508,popular_item
915578,190000,33.530561,popular_item
915578,409804,32.528157,popular_item
915578,320130,31.803457,popular_item
915578,312728,31.603345,popular_item
915578,325310,30.400945,popular_item
916871,119736,93.341381,popular_item
916871,461686,42.501946,popular_item
916871,356339,41.992234,popular_item
916871,413901,38.242194,popular_item
916871,248455,37.870508,popular_item
916871,190000,33.530561,popular_item
916871,409804,32.528157,popular_item
916871,320130,31.803457,popular_item
916871,312728,31.603345,popular_item
916871,325310,30.400945,popular_item
917036,119736,93.341381,popular_item
917036,461686,42.501946,popular_item
917036,356339,41.992234,popular_item
917036,413901,38.242194,popular_item
917036,248455,37.870508,popular_item
917036,190000,33.530561,popular_item
917036,409804,32.528157,popular_item
917036,320130,31.803457,popular_item
917036,312728,31.603345,popular_item
917036,405380,30.34115,popular_item
917504,119736,93.341381,popular_item
917504,461686,42.501946,popular_item
917504,356339,41.992234,popular_item
917504,413901,38.242194,popular_item
917504,248455,37.870508,popular_item
917504,190000,33.530561,popular_item
917504,409804,32.528157,popular_item
917504,320130,31.803457,popular_item
917504,312728,31.603345,popular_item
917504,325310,30.400945,popular_item
917791,119736,93.341381,popular_item
917791,461686,42.501946,popular_item
917791,356339,41.992234,popular_item
917791,413901,38.242194,popular_item
917791,248455,37.870508,popular_item
917791,190000,33.530561,popular_item
917791,409804,32.528157,popular_item
917791,320130,31.803457,popular_item
917791,312728,31.603345,popular_item
917791,325310,30.400945,popular_item
921225,119736,93.341381,popular_item
921225,461686,42.501946,popular_item
921225,356339,41.992234,popular_item
921225,413901,38.242194,popular_item
921225,248455,37.870508,popular_item
921225,190000,33.530561,popular_item
921225,409804,32.528157,popular_item
921225,320130,31.803457,popular_item
921225,312728,31.603345,popular_item
921225,325310,30.400945,popular_item
922849,119736,93.341381,popular_item
922849,461686,42.501946,popular_item
922849,356339,41.992234,popular_item
922849,413901,38.242194,popular_item
922849,248455,37.870508,popular_item
922849,190000,33.530561,popular_item
922849,409804,32.528157,popular_item
922849,320130,31.803457,popular_item
922849,312728,31.603345,popular_item
922849,325310,30.400945,popular_item
924268,119736,93.341381,popular_item
924268,461686,42.501946,popular_item
924268,356339,41.992234,popular_item
924268,413901,38.242194,popular_item
924268,248455,37.870508,popular_item
924268,190000,33.530561,popular_item
924268,409804,32.528157,popular_item
924268,320130,31.803457,popular_item
924268,312728,31.603345,popular_item
924268,325310,30.400945,popular_item
927838,119736,93.341381,popular_item
927838,461686,42.501946,popular_item
927838,356339,41.992234,popular_item
927838,413901,38.242194,popular_item
927838,248455,37.870508,popular_item
927838,190000,33.530561,popular_item
927838,409804,32.528157,popular_item
927838,320130,31.803457,popular_item
927838,312728,31.603345,popular_item
927838,325310,30.400945,popular_item
928443,119736,93.341381,popular_item
928443,461686,42.501946,popular_item
928443,356339,41.992234,popular_item
928443,413901,38.242194,popular_item
928443,248455,37.870508,popular_item
928443,190000,33.530561,popular_item
928443,409804,32.528157,popular_item
928443,320130,31.803457,popular_item
928443,312728,31.603345,popular_item
928443,325310,30.400945,popular_item
929356,119736,93.341381,popular_item
929356,461686,42.501946,popular_item
929356,356339,41.992234,popular_item
929356,413901,38.242194,popular_item
929356,248455,37.870508,popular_item
929356,190000,33.530561,popular_item
929356,409804,32.528157,popular_item
929356,320130,31.803457,popular_item
929356,312728,31.603345,popular_item
929356,325310,30.400945,popular_item
929638,119736,93.341381,popular_item
929638,461686,42.501946,popular_item
929638,356339,41.992234,popular_item
929638,413901,38.242194,popular_item
929638,248455,37.870508,popular_item
929638,190000,33.530561,popular_item
929638,409804,32.528157,popular_item
929638,320130,31.803457,popular_item
929638,312728,31.603345,popular_item
929638,325310,30.400945,popular_item
929807,119736,93.341381,popular_item
929807,461686,42.501946,popular_item
929807,356339,41.992234,popular_item
929807,413901,38.242194,popular_item
929807,248455,37.870508,popular_item
929807,190000,33.530561,popular_item
929807,409804,32.528157,popular_item
929807,320130,31.803457,popular_item
929807,312728,31.603345,popular_item
929807,325310,30.400945,popular_item
931536,119736,93.341381,popular_item
931536,461686,42.501946,popular_item
931536,356339,41.992234,popular_item
931536,413901,38.242194,popular_item
931536,248455,37.870508,popular_item
931536,190000,33.530561,popular_item
931536,409804,32.528157,popular_item
931536,320130,31.803457,popular_item
931536,312728,31.603345,popular_item
931536,325310,30.400945,popular_item
934040,119736,93.341381,popular_item
934040,461686,42.501946,popular_item
934040,356339,41.992234,popular_item
934040,413901,38.242194,popular_item
934040,248455,37.870508,popular_item
934040,190000,33.530561,popular_item
934040,409804,32.528157,popular_item
934040,312728,31.603345,popular_item
934040,325310,30.400945,popular_item
934040,405380,30.34115,popular_item
93504,119736,93.341381,popular_item
93504,461686,42.501946,popular_item
93504,356339,41.992234,popular_item
93504,413901,38.242194,popular_item
93504,248455,37.870508,popular_item
93504,190000,33.530561,popular_item
93504,409804,32.528157,popular_item
93504,320130,31.803457,popular_item
93504,312728,31.603345,popular_item
93504,325310,30.400945,popular_item
935325,461686,42.501946,popular_item
935325,356339,41.992234,popular_item
935325,413901,38.242194,popular_item
935325,248455,37.870508,popular_item
935325,190000,33.530561,popular_item
935325,409804,32.528157,popular_item
935325,320130,31.803457,popular_item
935325,325310,30.400945,popular_item
935325,405380,30.34115,popular_item
935325,98071,24.960201,popular_item
93627,119736,93.341381,popular_item
93627,461686,42.501946,popular_item
93627,356339,41.992234,popular_item
93627,413901,38.242194,popular_item
93627,248455,37.870508,popular_item
93627,190000,33.530561,popular_item
93627,409804,32.528157,popular_item
93627,320130,31.803457,popular_item
93627,312728,31.603345,popular_item
93627,325310,30.400945,popular_item
937463,119736,93.341381,popular_item
937463,461686,42.501946,popular_item
937463,356339,41.992234,popular_item
937463,413901,38.242194,popular_item
937463,248455,37.870508,popular_item
937463,190000,33.530561,popular_item
937463,409804,32.528157,popular_item
937463,320130,31.803457,popular_item
937463,312728,31.603345,popular_item
937463,325310,30.400945,popular_item
940608,119736,93.341381,popular_item
940608,461686,42.501946,popular_item
940608,356339,41.992234,popular_item
940608,413901,38.242194,popular_item
940608,248455,37.870508,popular_item
940608,190000,33.530561,popular_item
940608,409804,32.528157,popular_item
940608,320130,31.803457,popular_item
940608,312728,31.603345,popular_item
940608,325310,30.400945,popular_item
941288,119736,93.341381,popular_item
941288,461686,42.501946,popular_item
941288,356339,41.992234,popular_item
941288,413901,38.242194,popular_item
941288,248455,37.870508,popular_item
941288,190000,33.530561,popular_item
941288,409804,32.528157,popular_item
941288,320130,31.803457,popular_item
941288,312728,31.603345,popular_item
941288,325310,30.400945,popular_item
943801,119736,93.341381,popular_item
943801,461686,42.501946,popular_item
943801,356339,41.992234,popular_item
943801,413901,38.242194,popular_item
943801,248455,37.870508,popular_item
943801,190000,33.530561,popular_item
943801,409804,32.528157,popular_item
943801,320130,31.803457,popular_item
943801,312728,31.603345,popular_item
943801,325310,30.400945,popular_item
947389,119736,93.341381,popular_item
947389,461686,42.501946,popular_item
947389,356339,41.992234,popular_item
947389,413901,38.242194,popular_item
947389,248455,37.870508,popular_item
947389,190000,33.530561,popular_item
947389,409804,32.528157,popular_item
947389,320130,31.803457,popular_item
947389,312728,31.603345,popular_item
947389,325310,30.400945,popular_item
947844,119736,93.341381,popular_item
947844,461686,42.501946,popular_item
947844,356339,41.992234,popular_item
947844,413901,38.242194,popular_item
947844,248455,37.870508,popular_item
947844,190000,33.530561,popular_item
947844,409804,32.528157,popular_item
947844,320130,31.803457,popular_item
947844,312728,31.603345,popular_item
947844,325310,30.400945,popular_item
95128,119736,93.341381,popular_item
95128,461686,42.501946,popular_item
95128,356339,41.992234,popular_item
95128,413901,38.242194,popular_item
95128,248455,37.870508,popular_item
95128,190000,33.530561,popular_item
95128,409804,32.528157,popular_item
95128,320130,31.803457,popular_item
95128,312728,31.603345,popular_item
95128,325310,30.400945,popular_item
952246,119736,93.341381,popular_item
952246,461686,42.501946,popular_item
952246,356339,41.992234,popular_item
952246,413901,38.242194,popular_item
952246,248455,37.870508,popular_item
952246,190000,33.530561,popular_item
952246,409804,32.528157,popular_item
952246,320130,31.803457,popular_item
952246,312728,31.603345,popular_item
952246,325310,30.400945,popular_item
952974,119736,93.341381,popular_item
952974,461686,42.501946,popular_item
952974,356339,41.992234,popular_item
952974,413901,38.242194,popular_item
952974,248455,37.870508,popular_item
952974,190000,33.530561,popular_item
952974,409804,32.528157,popular_item
952974,320130,31.803457,popular_item
952974,312728,31.603345,popular_item
952974,325310,30.400945,popular_item
953371,119736,93.341381,popular_item
953371,461686,42.501946,popular_item
953371,356339,41.992234,popular_item
953371,413901,38.242194,popular_item
953371,248455,37.870508,popular_item
953371,190000,33.530561,popular_item
953371,409804,32.528157,popular_item
953371,320130,31.803457,popular_item
953371,312728,31.603345,popular_item
953371,325310,30.400945,popular_item
9535,119736,93.341381,popular_item
9535,461686,42.501946,popular_item
9535,356339,41.992234,popular_item
9535,413901,38.242194,popular_item
9535,248455,37.870508,popular_item
9535,190000,33.530561,popular_item
9535,409804,32.528157,popular_item
9535,320130,31.803457,popular_item
9535,312728,31.603345,popular_item
9535,325310,30.400945,popular_item
953771,119736,93.341381,popular_item
953771,461686,42.501946,popular_item
953771,356339,41.992234,popular_item
953771,413901,38.242194,popular_item
953771,248455,37.870508,popular_item
953771,190000,33.530561,popular_item
953771,409804,32.528157,popular_item
953771,320130,31.803457,popular_item
953771,312728,31.603345,popular_item
953771,325310,30.400945,popular_item
95405,119736,93.341381,popular_item
95405,461686,42.501946,popular_item
95405,356339,41.992234,popular_item
95405,413901,38.242194,popular_item
95405,248455,37.870508,popular_item
95405,190000,33.530561,popular_item
95405,409804,32.528157,popular_item
95405,320130,31.803457,popular_item
95405,312728,31.603345,popular_item
95405,325310,30.400945,popular_item
955587,119736,93.341381,popular_item
955587,461686,42.501946,popular_item
955587,356339,41.992234,popular_item
955587,413901,38.242194,popular_item
955587,248455,37.870508,popular_item
955587,190000,33.530561,popular_item
955587,409804,32.528157,popular_item
955587,320130,31.803457,popular_item
955587,312728,31.603345,popular_item
955587,325310,30.400945,popular_item
956716,119736,93.341381,popular_item
956716,461686,42.501946,popular_item
956716,356339,41.992234,popular_item
956716,413901,38.242194,popular_item
956716,248455,37.870508,popular_item
956716,190000,33.530561,popular_item
956716,409804,32.528157,popular_item
956716,320130,31.803457,popular_item
956716,312728,31.603345,popular_item
956716,325310,30.400945,popular_item
957260,119736,93.341381,popular_item
957260,461686,42.501946,popular_item
957260,356339,41.992234,popular_item
957260,413901,38.242194,popular_item
957260,248455,37.870508,popular_item
957260,190000,33.530561,popular_item
957260,409804,32.528157,popular_item
957260,320130,31.803457,popular_item
957260,312728,31.603345,popular_item
957260,325310,30.400945,popular_item
960004,461686,42.501946,popular_item
960004,356339,41.992234,popular_item
960004,413901,38.242194,popular_item
960004,248455,37.870508,popular_item
960004,190000,33.530561,popular_item
960004,409804,32.528157,popular_item
960004,320130,31.803457,popular_item
960004,312728,31.603345,popular_item
960004,325310,30.400945,popular_item
960004,405380,30.34115,popular_item
960773,119736,93.341381,popular_item
960773,461686,42.501946,popular_item
960773,356339,41.992234,popular_item
960773,413901,38.242194,popular_item
960773,248455,37.870508,popular_item
960773,190000,33.530561,popular_item
960773,409804,32.528157,popular_item
960773,320130,31.803457,popular_item
960773,312728,31.603345,popular_item
960773,325310,30.400945,popular_item
962057,119736,93.341381,popular_item
962057,461686,42.501946,popular_item
962057,356339,41.992234,popular_item
962057,413901,38.242194,popular_item
962057,248455,37.870508,popular_item
962057,190000,33.530561,popular_item
962057,409804,32.528157,popular_item
962057,320130,31.803457,popular_item
962057,312728,31.603345,popular_item
962057,325310,30.400945,popular_item
962131,119736,93.341381,popular_item
962131,461686,42.501946,popular_item
962131,356339,41.992234,popular_item
962131,413901,38.242194,popular_item
962131,248455,37.870508,popular_item
962131,190000,33.530561,popular_item
962131,409804,32.528157,popular_item
962131,312728,31.603345,popular_item
962131,325310,30.400945,popular_item
962131,405380,30.34115,popular_item
962631,119736,93.341381,popular_item
962631,461686,42.501946,popular_item
962631,356339,41.992234,popular_item
962631,413901,38.242194,popular_item
962631,248455,37.870508,popular_item
962631,190000,33.530561,popular_item
962631,409804,32.528157,popular_item
962631,320130,31.803457,popular_item
962631,312728,31.603345,popular_item
962631,325310,30.400945,popular_item
962770,119736,93.341381,popular_item
962770,461686,42.501946,popular_item
962770,356339,41.992234,popular_item
962770,413901,38.242194,popular_item
962770,248455,37.870508,popular_item
962770,190000,33.530561,popular_item
962770,409804,32.528157,popular_item
962770,320130,31.803457,popular_item
962770,312728,31.603345,popular_item
962770,325310,30.400945,popular_item
963348,119736,93.341381,popular_item
963348,461686,42.501946,popular_item
963348,356339,41.992234,popular_item
963348,413901,38.242194,popular_item
963348,248455,37.870508,popular_item
963348,190000,33.530561,popular_item
963348,409804,32.528157,popular_item
963348,320130,31.803457,popular_item
963348,312728,31.603345,popular_item
963348,325310,30.400945,popular_item
963352,119736,93.341381,popular_item
963352,461686,42.501946,popular_item
963352,356339,41.992234,popular_item
963352,413901,38.242194,popular_item
963352,248455,37.870508,popular_item
963352,190000,33.530561,popular_item
963352,409804,32.528157,popular_item
963352,320130,31.803457,popular_item
963352,312728,31.603345,popular_item
963352,325310,30.400945,popular_item
964794,119736,93.341381,popular_item
964794,356339,41.992234,popular_item
964794,413901,38.242194,popular_item
964794,248455,37.870508,popular_item
964794,190000,33.530561,popular_item
964794,409804,32.528157,popular_item
964794,312728,31.603345,popular_item
964794,325310,30.400945,popular_item
964794,405380,30.34115,popular_item
964794,63543,27.242467,popular_item
966491,461686,42.501946,popular_item
966491,356339,41.992234,popular_item
966491,413901,38.242194,popular_item
966491,248455,37.870508,popular_item
966491,190000,33.530561,popular_item
966491,409804,32.528157,popular_item
966491,312728,31.603345,popular_item
966491,325310,30.400945,popular_item
966491,405380,30.34115,popular_item
966491,63543,27.242467,popular_item
968683,119736,93.341381,popular_item
968683,461686,42.501946,popular_item
968683,356339,41.992234,popular_item
968683,413901,38.242194,popular_item
968683,248455,37.870508,popular_item
968683,190000,33.530561,popular_item
968683,409804,32.528157,popular_item
968683,320130,31.803457,popular_item
968683,312728,31.603345,popular_item
968683,325310,30.400945,popular_item
968892,119736,93.341381,popular_item
968892,461686,42.501946,popular_item
968892,356339,41.992234,popular_item
968892,413901,38.242194,popular_item
968892,248455,37.870508,popular_item
968892,190000,33.530561,popular_item
968892,409804,32.528157,popular_item
968892,320130,31.803457,popular_item
968892,312728,31.603345,popular_item
968892,325310,30.400945,popular_item
969827,119736,93.341381,popular_item
969827,461686,42.501946,popular_item
969827,356339,41.992234,popular_item
969827,413901,38.242194,popular_item
969827,248455,37.870508,popular_item
969827,190000,33.530561,popular_item
969827,409804,32.528157,popular_item
969827,320130,31.803457,popular_item
969827,312728,31.603345,popular_item
969827,325310,30.400945,popular_item
97112,119736,93.341381,popular_item
97112,461686,42.501946,popular_item
97112,356339,41.992234,popular_item
97112,413901,38.242194,popular_item
97112,248455,37.870508,popular_item
97112,190000,33.530561,popular_item
97112,409804,32.528157,popular_item
97112,320130,31.803457,popular_item
97112,312728,31.603345,popular_item
97112,325310,30.400945,popular_item
971454,356339,41.992234,popular_item
971454,413901,38.242194,popular_item
971454,248455,37.870508,popular_item
971454,190000,33.530561,popular_item
971454,409804,32.528157,popular_item
971454,320130,31.803457,popular_item
971454,325310,30.400945,popular_item
971454,63543,27.242467,popular_item
971454,98071,24.960201,popular_item
971454,368403,24.710523,popular_item
972071,119736,93.341381,popular_item
972071,461686,42.501946,popular_item
972071,356339,41.992234,popular_item
972071,413901,38.242194,popular_item
972071,248455,37.870508,popular_item
972071,190000,33.530561,popular_item
972071,409804,32.528157,popular_item
972071,320130,31.803457,popular_item
972071,312728,31.603345,popular_item
972071,325310,30.400945,popular_item
974226,356339,41.992234,popular_item
974226,413901,38.242194,popular_item
974226,248455,37.870508,popular_item
974226,190000,33.530561,popular_item
974226,409804,32.528157,popular_item
974226,320130,31.803457,popular_item
974226,312728,31.603345,popular_item
974226,325310,30.400945,popular_item
974226,405380,30.34115,popular_item
974226,63543,27.242467,popular_item
975710,119736,93.341381,popular_item
975710,461686,42.501946,popular_item
975710,356339,41.992234,popular_item
975710,413901,38.242194,popular_item
975710,248455,37.870508,popular_item
975710,190000,33.530561,popular_item
975710,409804,32.528157,popular_item
975710,320130,31.803457,popular_item
975710,312728,31.603345,popular_item
975710,325310,30.400945,popular_item
976328,119736,93.341381,popular_item
976328,356339,41.992234,popular_item
976328,413901,38.242194,popular_item
976328,248455,37.870508,popular_item
976328,190000,33.530561,popular_item
976328,409804,32.528157,popular_item
976328,320130,31.803457,popular_item
976328,312728,31.603345,popular_item
976328,325310,30.400945,popular_item
976328,405380,30.34115,popular_item
977753,119736,93.341381,popular_item
977753,356339,41.992234,popular_item
977753,413901,38.242194,popular_item
977753,190000,33.530561,popular_item
977753,409804,32.528157,popular_item
977753,320130,31.803457,popular_item
977753,312728,31.603345,popular_item
977753,325310,30.400945,popular_item
977753,405380,30.34115,popular_item
977753,63543,27.242467,popular_item
97958,119736,93.341381,popular_item
97958,461686,42.501946,popular_item
97958,356339,41.992234,popular_item
97958,413901,38.242194,popular_item
97958,248455,37.870508,popular_item
97958,190000,33.530561,popular_item
97958,409804,32.528157,popular_item
97958,320130,31.803457,popular_item
97958,312728,31.603345,popular_item
97958,325310,30.400945,popular_item
98071,119736,93.341381,popular_item
98071,461686,42.501946,popular_item
98071,356339,41.992234,popular_item
98071,413901,38.242194,popular_item
98071,248455,37.870508,popular_item
98071,190000,33.530561,popular_item
98071,409804,32.528157,popular_item
98071,320130,31.803457,popular_item
98071,312728,31.603345,popular_item
98071,325310,30.400945,popular_item
981298,119736,93.341381,popular_item
981298,461686,42.501946,popular_item
981298,356339,41.992234,popular_item
981298,413901,38.242194,popular_item
981298,248455,37.870508,popular_item
981298,190000,33.530561,popular_item
981298,409804,32.528157,popular_item
981298,320130,31.803457,popular_item
981298,312728,31.603345,popular_item
981298,325310,30.400945,popular_item
982670,119736,93.341381,popular_item
982670,461686,42.501946,popular_item
982670,356339,41.992234,popular_item
982670,413901,38.242194,popular_item
982670,248455,37.870508,popular_item
982670,190000,33.530561,popular_item
982670,409804,32.528157,popular_item
982670,320130,31.803457,popular_item
982670,312728,31.603345,popular_item
982670,325310,30.400945,popular_item
983013,119736,93.341381,popular_item
983013,461686,42.501946,popular_item
983013,356339,41.992234,popular_item
983013,413901,38.242194,popular_item
983013,248455,37.870508,popular_item
983013,190000,33.530561,popular_item
983013,409804,32.528157,popular_item
983013,320130,31.803457,popular_item
983013,312728,31.603345,popular_item
983013,325310,30.400945,popular_item
983143,119736,93.341381,popular_item
983143,461686,42.501946,popular_item
983143,356339,41.992234,popular_item
983143,413901,38.242194,popular_item
983143,248455,37.870508,popular_item
983143,190000,33.530561,popular_item
983143,409804,32.528157,popular_item
983143,320130,31.803457,popular_item
983143,325310,30.400945,popular_item
983143,405380,30.34115,popular_item
983395,119736,93.341381,popular_item
983395,461686,42.501946,popular_item
983395,356339,41.992234,popular_item
983395,413901,38.242194,popular_item
983395,248455,37.870508,popular_item
983395,190000,33.530561,popular_item
983395,409804,32.528157,popular_item
983395,320130,31.803457,popular_item
983395,312728,31.603345,popular_item
983395,325310,30.400945,popular_item
983447,119736,93.341381,popular_item
983447,461686,42.501946,popular_item
983447,356339,41.992234,popular_item
983447,413901,38.242194,popular_item
983447,248455,37.870508,popular_item
983447,190000,33.530561,popular_item
983447,409804,32.528157,popular_item
983447,320130,31.803457,popular_item
983447,312728,31.603345,popular_item
983447,405380,30.34115,popular_item
98499,119736,93.341381,popular_item
98499,461686,42.501946,popular_item
98499,356339,41.992234,popular_item
98499,413901,38.242194,popular_item
98499,248455,37.870508,popular_item
98499,190000,33.530561,popular_item
98499,409804,32.528157,popular_item
98499,320130,31.803457,popular_item
98499,312728,31.603345,popular_item
98499,325310,30.400945,popular_item
985837,119736,93.341381,popular_item
985837,461686,42.501946,popular_item
985837,356339,41.992234,popular_item
985837,413901,38.242194,popular_item
985837,248455,37.870508,popular_item
985837,190000,33.530561,popular_item
985837,409804,32.528157,popular_item
985837,320130,31.803457,popular_item
985837,312728,31.603345,popular_item
985837,325310,30.400945,popular_item
986364,119736,93.341381,popular_item
986364,461686,42.501946,popular_item
986364,356339,41.992234,popular_item
986364,413901,38.242194,popular_item
986364,248455,37.870508,popular_item
986364,190000,33.530561,popular_item
986364,409804,32.528157,popular_item
986364,320130,31.803457,popular_item
986364,312728,31.603345,popular_item
986364,325310,30.400945,popular_item
989515,119736,93.341381,popular_item
989515,461686,42.501946,popular_item
989515,356339,41.992234,popular_item
989515,413901,38.242194,popular_item
989515,248455,37.870508,popular_item
989515,190000,33.530561,popular_item
989515,409804,32.528157,popular_item
989515,320130,31.803457,popular_item
989515,312728,31.603345,popular_item
989515,325310,30.400945,popular_item
990582,119736,93.341381,popular_item
990582,461686,42.501946,popular_item
990582,356339,41.992234,popular_item
990582,413901,38.242194,popular_item
990582,248455,37.870508,popular_item
990582,190000,33.530561,popular_item
990582,409804,32.528157,popular_item
990582,320130,31.803457,popular_item
990582,312728,31.603345,popular_item
990582,325310,30.400945,popular_item
992749,119736,93.341381,popular_item
992749,461686,42.501946,popular_item
992749,356339,41.992234,popular_item
992749,413901,38.242194,popular_item
992749,248455,37.870508,popular_item
992749,190000,33.530561,popular_item
992749,409804,32.528157,popular_item
992749,320130,31.803457,popular_item
992749,312728,31.603345,popular_item
992749,325310,30.400945,popular_item
994820,356339,41.992234,popular_item
994820,413901,38.242194,popular_item
994820,248455,37.870508,popular_item
994820,409804,32.528157,popular_item
994820,320130,31.803457,popular_item
994820,312728,31.603345,popular_item
994820,405380,30.34115,popular_item
994820,63543,27.242467,popular_item
994820,98071,24.960201,popular_item
994820,9877,24.531017,popular_item
996879,461686,42.501946,popular_item
996879,356339,41.992234,popular_item
996879,413901,38.242194,popular_item
996879,248455,37.870508,popular_item
996879,190000,33.530561,popular_item
996879,409804,32.528157,popular_item
996879,320130,31.803457,popular_item
996879,312728,31.603345,popular_item
996879,325310,30.400945,popular_item
996879,405380,30.34115,popular_item
