product_id,popular_score,behavior_count
119736,93.341381,262
461686,42.501946,100
356339,41.992234,86
413901,38.242194,92
248455,37.870508,72
190000,33.530561,49
409804,32.528157,68
320130,31.803457,64
312728,31.603345,110
325310,30.400945,102
405380,30.34115,34
63543,27.242467,28
98071,24.960201,41
368403,24.710523,59
9877,24.531017,92
213834,24.520048,50
6605,23.401338,62
384302,22.727889,34
128296,22.534901,17
133138,21.871604,70
188051,21.176775,26
357949,21.032506,36
414460,20.633813,86
334401,20.407445,46
65273,20.35379,55
263245,18.984574,33
358594,18.570868,52
46232,18.299182,46
252344,18.297193,17
89323,18.001268,54
338395,17.758106,70
380971,17.451268,29
58638,17.2439,67
319680,16.943797,25
363109,16.894105,51
438484,16.888972,29
301721,16.707075,40
355393,16.635234,12
38965,16.458433,67
420960,16.275794,52
455183,16.202416,25
546,15.988607,43
461190,15.963954,14
143866,15.774754,41
162139,15.56897,46
89142,15.220092,10
3914,15.087642,45
76060,14.948071,22
241555,14.81512,68
150882,14.774183,51
348326,14.724028,7
445351,14.697644,66
296619,14.696761,75
338794,14.225284,14
229382,14.060995,35
174489,14.024634,11
85914,13.85909,23
215051,13.541749,16
387697,13.531387,13
368689,13.416704,22
33245,13.216008,9
357650,13.154506,8
153708,13.109283,27
268883,13.073311,45
198784,13.066053,25
277247,12.96678,23
234390,12.793933,21
466385,12.785906,44
37029,12.649605,55
191049,12.519894,89
235559,12.326407,33
33087,12.323103,13
76426,12.280222,18
456056,12.196076,83
254290,12.146543,33
29196,11.874921,85
303178,11.858596,33
412333,11.7907,6
366101,11.697189,33
302559,11.69439,10
329133,11.547953,43
112782,11.453382,12
4067,11.338721,13
179807,11.331696,23
66752,11.296501,28
53151,11.207444,53
232568,11.084451,42
439963,11.001524,91
62275,10.978783,37
355994,10.949579,36
33692,10.944427,32
271405,10.892925,5
219512,10.829559,35
86825,10.744219,18
337327,10.712903,29
464751,10.673388,10
100108,10.636145,14
7943,10.630517,75
350689,10.456881,49
344902,10.445513,7
172894,10.419534,18
228644,10.223653,27
466603,10.222923,5
109116,10.033399,6
449220,9.967032,7
103242,9.956481,9
319602,9.92825,7
466263,9.833081,16
186702,9.832494,41
222069,9.828358,13
76121,9.80154,8
441852,9.799168,34
411280,9.795345,10
460625,9.687349,12
234255,9.662101,48
181651,9.649544,6
386112,9.54975,34
370442,9.549242,8
162458,9.489981,17
280495,9.464065,12
139918,9.406303,13
354585,9.374851,17
210896,9.363105,7
151387,9.34389,6
358348,9.283687,16
350384,9.270825,20
17478,9.256519,48
360922,9.2116,14
403848,9.210471,12
397236,9.127507,16
118914,9.077685,20
246378,9.042223,10
21970,9.029786,9
158666,8.984377,19
256146,8.89857,20
85771,8.883483,4
40870,8.877455,128
146613,8.814451,44
318006,8.798359,4
372188,8.783485,42
334520,8.777627,9
254500,8.68966,4
32581,8.68583,14
314942,8.68006,24
217278,8.662856,24
247601,8.631991,6
48030,8.610264,46
244819,8.599041,7
369158,8.595093,64
208939,8.579561,21
279332,8.575748,12
377981,8.519379,8
234192,8.456707,9
44826,8.444354,24
190594,8.442604,4
83103,8.43976,5
135446,8.437849,40
17910,8.432792,13
454443,8.411337,4
380810,8.409282,27
381449,8.403326,4
393562,8.403121,9
283916,8.365564,18
227161,8.358659,10
153036,8.353975,7
167060,8.342561,5
209204,8.325576,3
158677,8.321647,16
19523,8.312141,6
10572,8.286919,17
346650,8.286708,9
322190,8.276449,12
244571,8.247785,9
155382,8.241287,6
242905,8.216312,22
80054,8.212829,9
415818,8.184392,14
51650,8.108472,17
34757,8.107445,7
355169,8.09822,3
442725,8.018684,24
123362,8.000287,10
243795,7.999581,13
222888,7.989722,23
454818,7.950552,18
231482,7.936863,27
121955,7.906275,7
414432,7.891497,33
385355,7.871582,15
322717,7.863118,22
94437,7.86254,24
324707,7.803966,4
147684,7.798759,24
266553,7.774259,21
466114,7.709889,5
154077,7.690872,2
345279,7.684425,18
324718,7.663114,19
339703,7.655877,33
353604,7.639392,2
123127,7.636593,5
462188,7.576144,50
157743,7.535417,24
234613,7.478314,2
1684,7.453416,15
130709,7.403642,19
125799,7.394764,16
167039,7.379292,13
305520,7.372567,5
342530,7.360855,30
122231,7.355945,5
357859,7.346965,8
46156,7.343746,37
192653,7.328656,16
23347,7.327768,12
425593,7.326426,5
12836,7.288499,6
168952,7.288278,7
210279,7.266336,12
92361,7.252581,20
228287,7.235037,9
29741,7.234353,36
158912,7.216303,23
29656,7.212853,9
25762,7.203767,27
177695,7.2008,4
372855,7.198201,13
22913,7.193388,14
283115,7.188305,35
433213,7.177751,9
315543,7.159992,62
268755,7.156222,11
121680,7.149644,13
139909,7.141478,2
401896,7.129664,10
332721,7.120363,17
377868,7.100682,8
78163,7.094147,22
370395,7.087527,27
411373,7.057631,44
268243,7.049756,13
425726,7.037424,14
29757,7.02929,10
236266,7.025364,4
78265,7.010103,30
355464,6.970897,4
289170,6.931482,4
349516,6.929681,12
340375,6.909385,9
431276,6.89519,31
173847,6.877896,4
277065,6.871472,20
449391,6.866797,18
131745,6.857088,9
363206,6.852887,4
133867,6.834401,8
461614,6.833622,9
290999,6.80572,22
2463,6.797106,15
390984,6.763422,5
183511,6.761976,20
2980,6.756393,9
75959,6.753054,14
369933,6.752216,14
45644,6.719287,3
378517,6.691849,5
419761,6.686937,12
272331,6.679181,3
193146,6.653643,17
233734,6.64588,13
232325,6.645829,4
416850,6.643042,11
115258,6.635365,12
462070,6.616155,8
128745,6.614534,21
267236,6.6127,16
173921,6.597592,7
122604,6.585421,24
326697,6.581894,10
19648,6.581816,34
43590,6.573974,14
224605,6.551706,7
434682,6.540765,5
330305,6.538139,5
46130,6.521219,10
359547,6.518858,8
301843,6.509261,9
354881,6.488683,31
51275,6.482602,18
433759,6.476028,4
151125,6.434068,5
272324,6.432067,16
276559,6.418488,8
196629,6.41825,6
314579,6.416956,9
8588,6.392397,4
277833,6.391607,4
227311,6.385335,13
152120,6.370352,19
74634,6.357575,9
214461,6.356063,4
175914,6.355429,4
466135,6.35451,8
352788,6.352885,14
207178,6.342255,4
415062,6.339642,11
373107,6.311458,6
389158,6.305842,21
101288,6.301801,10
131734,6.297356,10
303058,6.290365,14
368488,6.288492,8
355707,6.28426,9
444190,6.27337,8
60317,6.273288,9
12217,6.265343,35
243355,6.262405,17
452361,6.249854,8
34278,6.239509,5
49257,6.233592,9
283761,6.225336,3
408907,6.210045,32
303161,6.205205,14
8070,6.201519,6
440128,6.201219,6
417927,6.195782,34
266710,6.193407,3
389135,6.186148,15
125275,6.168057,15
186820,6.166753,14
404934,6.145753,7
365411,6.136534,3
194562,6.134747,4
207430,6.128878,9
232172,6.124867,19
228229,6.120481,4
350629,6.116228,27
179601,6.103215,24
389814,6.091125,28
444948,6.085667,12
301344,6.08418,6
140527,6.059471,28
215363,6.038123,17
315309,6.035093,8
379013,6.022845,19
422709,6.012803,7
449819,5.997026,5
390591,5.994144,16
114149,5.979998,6
57928,5.97397,4
67889,5.965946,6
465522,5.952763,20
171878,5.951319,18
346892,5.944723,8
22436,5.928666,20
236376,5.923784,3
255919,5.918101,2
17108,5.917501,6
276762,5.91041,7
137697,5.885961,22
179749,5.882132,7
252991,5.880582,12
395952,5.871265,6
226776,5.861803,6
134992,5.854443,8
185167,5.85068,6
303573,5.847852,5
57723,5.845935,7
420355,5.824041,7
389860,5.819588,3
39854,5.816979,13
338660,5.809008,23
5281,5.798777,12
55164,5.788419,5
270383,5.784648,9
42146,5.780821,8
252622,5.777465,4
169389,5.775479,4
273872,5.772121,18
170262,5.766194,30
28501,5.75728,7
398907,5.748804,9
264846,5.746482,3
421227,5.745539,10
396286,5.74305,3
251396,5.741647,8
98422,5.741238,4
50648,5.737688,28
280802,5.72774,2
355741,5.702452,7
139447,5.698551,10
214895,5.692788,7
869,5.646637,23
78729,5.643116,13
357212,5.642507,7
117096,5.630697,9
387832,5.609561,3
266900,5.604734,10
294109,5.603832,7
331027,5.597916,4
319196,5.597809,3
110720,5.596265,7
43267,5.589663,7
386947,5.587225,18
403576,5.579572,11
282064,5.578125,3
399192,5.574119,13
269953,5.573155,9
208244,5.570031,2
11279,5.56766,16
407402,5.567636,5
368132,5.544189,4
2567,5.542967,9
140452,5.530938,2
450156,5.518655,5
366177,5.516537,40
373842,5.51101,10
116624,5.506263,24
397371,5.489174,6
295023,5.487987,6
384157,5.482173,7
233132,5.463863,9
244834,5.453214,3
157150,5.444126,4
436034,5.444042,15
242981,5.442486,12
335331,5.434051,16
31791,5.433523,9
3656,5.433145,14
380738,5.41821,5
257040,5.414695,32
239058,5.410308,25
314801,5.406186,10
151178,5.385115,10
400442,5.383101,24
216597,5.376037,2
138427,5.374686,14
287413,5.369683,2
331514,5.368492,6
303715,5.353606,14
408933,5.349736,13
184199,5.347261,12
37115,5.338309,33
167337,5.307359,13
165030,5.290583,35
85774,5.289053,9
57788,5.275782,24
306289,5.271858,134
453618,5.261186,12
306034,5.257951,8
199874,5.256964,9
32701,5.244229,30
322501,5.231825,7
260621,5.228592,11
114724,5.214627,4
20010,5.20854,3
19629,5.206368,6
134839,5.201323,10
25857,5.193727,4
436837,5.183564,9
9172,5.175962,2
442131,5.175509,27
415562,5.171813,7
237255,5.169187,3
416399,5.156849,9
465824,5.150874,7
187649,5.149789,3
176669,5.147398,5
463122,5.145416,10
272969,5.13734,10
275339,5.136215,5
164828,5.12898,26
450726,5.127592,13
256769,5.090358,11
133764,5.088053,14
116205,5.086815,5
50626,5.084231,10
229532,5.077381,7
242548,5.07487,27
13925,5.074637,9
289103,5.070511,14
241826,5.066292,7
99187,5.066082,6
90579,5.063812,7
228863,5.047583,3
100095,5.043963,2
442286,5.036576,7
131696,5.034391,9
350764,5.02984,5
59254,5.013294,2
96904,5.013178,26
340927,5.000246,4
380196,4.994543,3
449435,4.988129,15
438603,4.974491,4
198833,4.969844,8
86691,4.960365,4
239581,4.956969,7
428065,4.947869,8
458271,4.945037,26
222422,4.944731,10
279225,4.940751,1
122435,4.937785,1
56762,4.929091,4
363210,4.926225,11
288652,4.919582,4
28134,4.919109,9
406727,4.918227,4
429704,4.915796,6
90065,4.912509,3
151538,4.911582,5
455638,4.910917,5
247420,4.908312,9
441653,4.907697,14
158498,4.895306,28
353965,4.891268,5
314990,4.890593,8
434277,4.882208,3
96940,4.870931,4
233770,4.86933,7
16789,4.864625,19
413310,4.851679,4
241752,4.849857,6
1531,4.848227,4
245342,4.848122,8
279585,4.846315,8
291964,4.842384,9
189853,4.841479,6
319723,4.840475,9
276527,4.840105,3
431278,4.835976,37
218126,4.833785,9
111201,4.828451,5
174409,4.827868,7
90910,4.825814,6
73311,4.824166,7
202920,4.82285,12
175907,4.821302,10
45089,4.819493,11
410515,4.814478,1
421198,4.814102,3
373403,4.810538,34
362868,4.803216,9
338427,4.799366,21
5379,4.794999,8
174724,4.793059,50
242007,4.790953,5
328476,4.784424,9
385921,4.77592,11
205231,4.771415,13
416017,4.77002,27
115958,4.76836,2
192138,4.762395,11
260415,4.741979,17
404927,4.735619,5
445059,4.721404,10
130865,4.718529,10
211592,4.718251,5
220066,4.699717,8
51556,4.696572,6
182785,4.695404,9
392583,4.695129,12
132683,4.690954,11
112828,4.684471,8
234960,4.68117,4
185348,4.678072,10
312827,4.6767,4
404264,4.671983,2
253615,4.669826,16
217884,4.669728,3
205702,4.665694,6
308263,4.665541,12
385857,4.663815,7
90219,4.653209,28
45175,4.652219,11
224231,4.649038,8
87127,4.636098,5
132338,4.632496,2
277328,4.619572,6
162046,4.617528,10
185863,4.613928,2
103003,4.61131,12
80299,4.602047,2
360825,4.600103,15
330370,4.598661,5
462394,4.593093,15
260194,4.588844,6
304839,4.5884,5
351481,4.586723,17
121086,4.58444,7
413125,4.583093,5
282385,4.580646,25
286731,4.572638,25
214264,4.56555,5
309778,4.562828,36
32398,4.548732,13
450082,4.547946,18
431417,4.547226,17
355671,4.546813,4
231243,4.546807,19
129774,4.537397,2
132772,4.534256,12
240558,4.527889,15
387164,4.527804,6
401529,4.511771,2
381941,4.510756,19
435618,4.508445,9
207825,4.508258,7
86031,4.502202,2
105933,4.492238,4
179013,4.490983,5
427641,4.490014,12
278272,4.489477,10
250151,4.485809,3
228392,4.484731,12
100282,4.483242,27
181680,4.480638,5
206218,4.475127,11
19934,4.470212,4
136524,4.469227,12
57301,4.465273,6
394883,4.463787,1
361499,4.46371,7
168927,4.459848,15
269085,4.45678,9
240088,4.450767,50
120098,4.447321,19
392921,4.446598,9
258508,4.439889,5
310944,4.433093,13
331567,4.432852,7
368060,4.42983,7
99601,4.427499,7
363663,4.421894,15
197723,4.409619,17
129643,4.400968,12
158273,4.395479,18
238224,4.394505,10
434247,4.391287,4
208501,4.387369,28
233203,4.385158,9
235796,4.384734,11
96233,4.384669,12
332108,4.384548,2
390900,4.375349,3
444931,4.357158,16
318871,4.351844,4
265571,4.350756,23
410582,4.345002,8
199026,4.329707,7
356475,4.326295,7
114070,4.323321,9
24734,4.322451,33
79378,4.321936,8
17443,4.319344,6
361483,4.314236,3
406025,4.312612,7
245158,4.309965,6
339822,4.305831,15
303833,4.305582,17
288340,4.299701,15
98020,4.294257,3
47298,4.28859,3
298056,4.278424,10
322887,4.274852,11
222164,4.272021,5
362191,4.271402,6
375730,4.268688,9
63012,4.262725,3
92466,4.262634,26
302959,4.258471,3
445447,4.257346,3
255689,4.25498,8
308648,4.238595,18
80858,4.229753,9
11711,4.227071,5
43830,4.222969,5
190732,4.219407,5
234207,4.217029,3
279656,4.215374,3
143293,4.213396,25
103127,4.212954,41
383504,4.206135,3
430050,4.204787,4
342264,4.203336,18
271801,4.197542,5
338188,4.189013,5
167399,4.188476,52
239006,4.188183,20
123176,4.188073,11
330506,4.186657,12
360673,4.185896,5
86430,4.183585,12
130094,4.176334,5
118823,4.174992,7
71733,4.173358,42
223958,4.168294,3
367102,4.16689,5
236862,4.164019,2
168717,4.154661,4
75272,4.150254,2
207368,4.150109,2
151707,4.15005,2
410995,4.140436,6
61303,4.123038,12
394678,4.117203,10
69917,4.116364,11
422494,4.112607,10
176869,4.1083,9
418759,4.09782,3
422992,4.096602,5
20388,4.096474,66
313163,4.092492,11
148707,4.082163,6
244756,4.080547,3
335193,4.074491,4
428648,4.073187,36
276821,4.062167,8
274374,4.060572,1
145868,4.05332,1
380212,4.053151,14
133157,4.045114,6
262920,4.039095,3
275625,4.038858,10
170239,4.036464,8
67486,4.030041,8
123448,4.026385,1
121311,4.022536,3
463617,4.021857,20
345529,4.017544,5
414428,4.01594,5
372395,4.012973,8
152861,4.004062,3
224700,4.001988,12
276013,3.995708,9
27020,3.994053,8
340825,3.991191,11
170390,3.988274,7
446411,3.98574,6
336753,3.985167,2
417912,3.981796,4
372169,3.978012,27
23489,3.975571,1
354153,3.974065,10
85334,3.973962,8
267660,3.973363,5
161571,3.971445,4
321089,3.963527,25
176301,3.963143,6
172277,3.956979,1
236927,3.956105,3
225095,3.954377,2
200202,3.952821,9
73760,3.950728,6
220472,3.949319,6
77055,3.947963,2
335975,3.945451,14
81033,3.942713,1
188558,3.938174,7
115213,3.93382,2
382437,3.932477,6
44465,3.931774,14
409426,3.928277,4
163309,3.925245,29
273761,3.916958,4
424245,3.915657,4
371965,3.910818,6
126252,3.907507,1
346424,3.907356,1
202580,3.902365,1
213376,3.902212,4
336903,3.900361,10
55779,3.896997,1
427319,3.881084,4
37583,3.879166,9
342154,3.871138,2
15938,3.865101,7
431472,3.864279,4
262707,3.864276,9
444712,3.863473,9
104864,3.862107,6
14606,3.861854,7
299005,3.858921,6
231514,3.858758,2
188669,3.85774,4
318117,3.853861,9
285608,3.850696,16
430042,3.850248,4
200536,3.849682,7
223739,3.848088,14
287356,3.847924,13
226669,3.834809,17
359251,3.833409,8
185668,3.830195,6
206880,3.828686,10
215378,3.825395,4
83822,3.82407,5
55395,3.820981,15
382885,3.818207,50
299164,3.81795,2
447848,3.816012,7
460187,3.815726,6
159822,3.814763,25
181462,3.81264,2
363125,3.807309,6
117044,3.801648,3
417156,3.799788,5
251594,3.795243,2
424506,3.785783,16
251945,3.782992,2
110666,3.776573,1
184011,3.769356,13
307832,3.769274,3
129299,3.763204,10
412622,3.761132,27
294242,3.75636,17
281717,3.753433,15
183435,3.75271,6
390799,3.745868,14
180199,3.745496,3
277380,3.742802,7
176484,3.739376,13
375058,3.738464,44
256721,3.737644,5
375693,3.732931,4
309665,3.732183,6
241674,3.726148,12
357446,3.724208,7
219583,3.723752,3
386523,3.719882,2
114851,3.715008,2
291409,3.709725,8
309273,3.708972,4
426926,3.708438,5
372002,3.703968,2
289096,3.703717,5
70662,3.70134,3
149582,3.699125,17
146471,3.696337,23
411271,3.69622,6
272604,3.695724,3
326775,3.695665,2
60419,3.693183,4
283269,3.692086,1
418560,3.691771,9
163780,3.689994,35
70928,3.68799,4
397157,3.685841,51
375332,3.685819,3
37197,3.671364,3
29167,3.668475,10
109001,3.667581,6
431728,3.665498,9
98178,3.662901,10
119868,3.660235,3
217605,3.660095,8
164035,3.65492,8
322489,3.653201,8
375854,3.651892,4
301483,3.643252,5
432842,3.641743,6
372728,3.640017,6
73019,3.639644,4
464315,3.63954,4
270886,3.637637,7
197642,3.636755,13
220950,3.63661,3
301602,3.628015,5
316753,3.62709,39
258012,3.626196,5
147955,3.624651,9
315484,3.624003,4
315084,3.620264,2
306291,3.618553,3
436217,3.616609,3
221561,3.611444,6
21728,3.608417,3
444500,3.60714,7
390380,3.600382,2
68787,3.598241,7
67615,3.596978,2
211451,3.58673,15
37930,3.58636,5
152655,3.584571,3
102255,3.581674,2
108083,3.580745,6
103782,3.579738,6
208595,3.578673,10
352230,3.57821,9
161623,3.577423,18
292136,3.576612,2
463804,3.576565,7
408203,3.576184,12
192721,3.575781,9
88098,3.575489,13
223998,3.574166,3
229205,3.572906,9
359567,3.569787,2
194165,3.563255,14
349318,3.561009,17
82377,3.560384,21
290197,3.547718,3
179714,3.546161,4
237524,3.545831,9
108486,3.545684,7
459936,3.54552,8
254418,3.543122,13
270950,3.541781,10
91888,3.539448,10
213239,3.538512,5
167543,3.536576,8
98425,3.533672,14
65000,3.530774,5
458265,3.528933,5
118754,3.526888,10
464731,3.526837,26
124006,3.524544,2
411934,3.51348,3
461091,3.507913,13
97010,3.507821,7
220540,3.504829,5
163133,3.499264,7
110914,3.498611,3
446820,3.495996,38
283386,3.490723,6
2641,3.480197,13
308438,3.478682,6
396042,3.472988,9
49676,3.464839,4
36166,3.462176,6
353111,3.459162,10
206000,3.455961,5
290269,3.455079,15
34269,3.454972,13
331937,3.450128,8
324858,3.450059,6
300075,3.448254,5
191203,3.442279,7
206317,3.437113,5
381375,3.433894,6
109700,3.432272,3
453192,3.431096,8
355598,3.42853,4
296536,3.425867,13
251515,3.423945,5
322810,3.418908,6
361591,3.418543,4
168367,3.417224,11
27766,3.412212,4
315393,3.41159,7
103265,3.409813,3
115788,3.406614,4
208922,3.405612,13
20542,3.40481,4
212917,3.398852,20
450760,3.398832,4
188227,3.39349,5
457970,3.392087,7
459659,3.389313,5
216768,3.387899,6
98835,3.384724,4
95519,3.383799,3
209050,3.383334,4
373690,3.382961,5
191480,3.378558,6
419231,3.378013,8
259962,3.377179,12
249016,3.370426,4
46910,3.370185,3
400077,3.367462,19
247909,3.366722,12
178355,3.362076,6
102478,3.361248,10
414755,3.356049,4
81998,3.351902,6
248605,3.351357,14
458178,3.349735,4
382315,3.347261,3
290003,3.346944,15
4001,3.345067,14
173313,3.345063,5
377216,3.3411,8
268336,3.339963,16
130800,3.337188,7
90487,3.332652,9
114814,3.330389,3
265113,3.328131,7
98341,3.327661,9
390182,3.327324,1
289704,3.327164,4
339976,3.325506,5
428891,3.322541,12
37322,3.319611,3
22067,3.319443,4
323484,3.318318,1
16813,3.313795,4
289006,3.312539,2
219718,3.310791,14
406543,3.309898,6
323641,3.309409,5
396124,3.309262,3
253315,3.304978,3
358021,3.301864,5
104560,3.30175,10
441248,3.301676,11
346292,3.301437,8
154638,3.300053,5
135856,3.299473,3
64529,3.296236,5
239529,3.294488,10
155188,3.290362,7
400946,3.290199,25
143860,3.289731,8
405950,3.289528,3
426958,3.287476,6
260042,3.284653,3
407202,3.283605,11
459546,3.283085,5
152433,3.282067,6
268972,3.272841,16
271019,3.272239,7
86532,3.268665,9
407687,3.268525,5
272770,3.267382,30
212006,3.266707,17
285069,3.265006,8
397168,3.263542,6
308704,3.262272,4
66146,3.261938,5
246532,3.261131,9
316280,3.260247,3
148090,3.260164,20
319651,3.259347,2
376008,3.252407,3
53081,3.251556,2
382099,3.248168,2
396560,3.247922,4
386635,3.246987,11
387377,3.244186,3
183068,3.243423,8
215016,3.2407,7
720,3.23892,3
31591,3.237159,4
92670,3.237022,2
426566,3.236203,11
204057,3.23331,24
55709,3.229825,7
318897,3.228179,16
445105,3.22796,12
77573,3.221646,10
291877,3.219449,46
172178,3.216867,2
319239,3.216547,2
104634,3.214583,10
79846,3.206927,4
63846,3.206427,3
317844,3.205827,1
186155,3.199352,3
307931,3.197838,3
137189,3.197501,5
244315,3.187447,5
437778,3.183077,23
424806,3.180913,4
289250,3.180876,2
387652,3.179613,10
266843,3.176398,7
259357,3.176193,8
127080,3.175443,13
125937,3.17455,3
316243,3.174524,5
226567,3.172583,7
357474,3.168006,8
213102,3.167209,43
330647,3.163487,6
50385,3.16312,3
187934,3.162773,17
81548,3.162332,4
179856,3.161722,20
218385,3.158147,9
216293,3.156917,6
409770,3.155684,3
210087,3.152924,22
326686,3.151165,9
214282,3.148729,3
316007,3.148623,3
379810,3.140938,5
111122,3.135105,9
119630,3.135102,5
172309,3.134021,5
60788,3.129946,5
219782,3.128977,3
272455,3.12861,9
18252,3.125732,9
122449,3.122538,8
133907,3.121283,21
361288,3.119942,12
330469,3.117539,14
362697,3.117214,5
394518,3.111326,16
270183,3.110664,4
274499,3.11057,3
210848,3.108499,5
253072,3.107579,6
412326,3.10614,4
175885,3.105063,8
244010,3.104692,3
159624,3.103614,11
187026,3.102377,6
10864,3.100675,4
176363,3.099753,7
3020,3.094785,9
333792,3.090625,7
10516,3.088217,17
279310,3.085775,7
143418,3.084584,14
387265,3.079775,9
163350,3.079026,3
237244,3.075638,11
31605,3.073327,4
28687,3.07239,14
114342,3.072367,10
288249,3.070711,10
172547,3.069471,5
26228,3.06933,5
246589,3.067661,9
75392,3.067585,2
117075,3.066939,9
305656,3.065144,7
358565,3.061531,15
257070,3.059444,15
231656,3.057169,4
204403,3.053548,6
284312,3.051502,6
325652,3.05009,13
204494,3.047593,24
54982,3.046634,2
158601,3.044434,2
159477,3.043915,9
132057,3.041732,1
59865,3.041154,4
20968,3.036085,11
283923,3.035821,9
336069,3.035659,4
182498,3.032708,6
464895,3.032019,28
306590,3.031233,10
365044,3.029261,15
69325,3.028814,2
445060,3.024515,6
125530,3.023435,2
136014,3.021433,8
109474,3.019036,6
263086,3.016259,2
136053,3.016024,1
20918,3.015936,2
201816,3.015774,6
168884,3.013979,4
159780,3.013604,10
386724,3.013162,11
434487,3.013009,3
165789,3.012639,6
316031,3.011761,2
190606,3.011575,5
251954,3.006575,2
53113,3.005461,1
44890,3.004367,3
362495,3.004012,7
298560,2.996665,14
119383,2.996414,6
127631,2.995947,8
408888,2.99453,5
255732,2.994221,7
52733,2.990856,6
358482,2.984976,9
428268,2.983787,13
130628,2.981627,8
128602,2.981177,3
200854,2.978807,1
417559,2.97808,12
43941,2.976884,5
147879,2.976729,12
181186,2.976694,3
79956,2.976584,19
209662,2.974642,1
255599,2.973182,2
461916,2.972587,2
181912,2.971927,2
390542,2.97075,4
185122,2.969919,8
317199,2.969659,4
286022,2.969542,3
205136,2.969468,4
145159,2.9689,4
358984,2.966661,13
73593,2.965346,11
248601,2.964825,15
147555,2.961129,7
408737,2.960343,5
315176,2.958653,9
199647,2.9582,5
288846,2.957865,8
234409,2.956503,3
369000,2.956095,10
466259,2.955921,13
25025,2.955169,4
50458,2.95407,5
195958,2.953234,8
405729,2.952811,5
364590,2.952564,2
326846,2.952138,8
222656,2.950537,6
56483,2.949147,4
447397,2.948616,8
130815,2.947701,19
71825,2.947634,5
82451,2.946307,5
205872,2.946252,4
119267,2.94441,4
110768,2.944392,3
109924,2.942798,12
49621,2.942163,9
364017,2.94206,10
235720,2.941994,5
439956,2.940999,6
164121,2.94017,9
25515,2.937673,4
49446,2.935704,7
236997,2.935132,5
304877,2.933955,11
123175,2.93187,5
393511,2.93163,5
384222,2.931467,6
352541,2.930012,7
107162,2.921651,2
264379,2.919936,4
451312,2.919356,11
238804,2.91849,3
460607,2.917904,3
308283,2.916925,7
103952,2.916536,8
58086,2.916209,26
459721,2.913805,3
461220,2.912045,5
48003,2.911976,5
398336,2.911367,3
408504,2.909529,6
423248,2.906147,5
346436,2.905177,7
444677,2.903823,1
287962,2.902334,4
458637,2.898111,17
188830,2.897627,7
384758,2.897608,4
441697,2.895646,1
396445,2.893962,16
27283,2.892229,6
105338,2.891568,9
252319,2.890145,21
180018,2.890091,15
278792,2.889611,10
451837,2.889256,3
136840,2.887517,3
86727,2.886581,2
325706,2.885651,5
346213,2.885571,6
340154,2.885254,1
441813,2.881376,18
401368,2.880262,1
254101,2.879183,6
267081,2.878783,4
296795,2.878578,13
358064,2.878148,5
163297,2.875212,6
447539,2.87169,24
355200,2.87119,12
218817,2.870602,6
29879,2.870423,15
35201,2.869509,4
47586,2.866258,11
65633,2.865963,14
70387,2.865775,3
73123,2.864036,5
457045,2.863866,11
450414,2.863538,4
282528,2.863486,6
275487,2.863464,1
280974,2.863277,3
129010,2.85971,4
289021,2.85758,3
159542,2.857407,5
116299,2.856216,14
223162,2.856141,3
401765,2.853639,7
130352,2.853585,6
27248,2.853047,11
463663,2.853038,9
105114,2.852104,7
350140,2.850334,7
186256,2.848123,13
290014,2.845688,10
268210,2.842078,13
333867,2.839934,4
340960,2.83819,12
280720,2.837762,4
443344,2.837642,9
276402,2.83361,10
434959,2.829875,2
25655,2.828785,2
383307,2.825087,3
20098,2.824523,6
388338,2.8209,5
339901,2.819097,5
67304,2.816492,29
244027,2.815845,12
180751,2.815789,7
455804,2.815341,11
56782,2.814891,25
52815,2.814601,7
65927,2.812239,6
260093,2.810128,8
62825,2.809977,2
30383,2.808794,5
411567,2.806948,2
348728,2.804828,3
278586,2.804799,12
406413,2.803697,2
214138,2.803236,2
208175,2.802787,6
428644,2.800357,3
317051,2.799972,4
224481,2.798242,7
121053,2.796237,2
356384,2.795837,2
15327,2.791797,5
82437,2.78836,11
333880,2.787811,7
366451,2.787704,6
163287,2.786357,3
249027,2.784247,1
198111,2.781357,1
163743,2.781316,1
400871,2.781288,1
253620,2.781272,1
327732,2.781175,1
321688,2.780851,1
214610,2.780829,1
102892,2.78073,1
328578,2.780052,3
244717,2.779628,5
111257,2.778992,4
249543,2.778988,1
264322,2.778952,3
47649,2.77886,1
187993,2.778803,1
218704,2.777843,1
451370,2.777831,1
308510,2.777577,7
89901,2.776296,3
91168,2.776212,2
269626,2.774591,2
171555,2.773892,5
54765,2.773239,5
456868,2.771379,1
111530,2.769509,40
373455,2.769313,3
354627,2.769192,2
206219,2.76646,3
129116,2.765262,9
388536,2.764842,6
326849,2.762583,3
356668,2.76074,8
54698,2.760613,15
283766,2.757814,16
332592,2.753041,4
392355,2.751964,3
234215,2.751119,10
415263,2.750787,7
367900,2.750654,7
275434,2.750346,3
295345,2.746451,9
40635,2.746348,11
49029,2.743677,5
295184,2.743578,4
66648,2.743458,4
283896,2.738995,3
430622,2.73849,10
92078,2.738196,6
183439,2.736949,5
218626,2.736637,13
360831,2.735025,2
322873,2.734344,7
82173,2.732472,6
33947,2.730345,42
21790,2.729817,4
102467,2.729581,5
216241,2.725632,6
313462,2.72434,2
13556,2.723626,28
277490,2.722252,13
38616,2.721711,4
138661,2.717762,9
188228,2.717739,5
294790,2.715815,9
190293,2.715084,5
388974,2.714719,13
72944,2.712471,12
389525,2.712365,5
150700,2.711138,3
11670,2.707996,20
334536,2.705467,4
154381,2.70238,5
89688,2.700557,4
55684,2.697861,10
168671,2.694167,22
82896,2.692535,4
371155,2.69204,6
218746,2.687177,12
195234,2.683333,8
388654,2.681429,3
254477,2.679238,10
407661,2.678879,7
402992,2.678588,1
196058,2.676837,4
56441,2.675259,5
295317,2.674657,3
243990,2.672073,5
374272,2.671429,2
106547,2.670492,8
258856,2.669949,7
435160,2.669207,10
11316,2.668987,2
439371,2.665967,8
434054,2.663928,16
336850,2.663918,3
78379,2.663573,4
243343,2.66209,3
316135,2.662036,4
60957,2.660699,4
455079,2.659675,5
456414,2.659466,9
379534,2.658871,8
19135,2.657925,4
400600,2.657252,4
78268,2.65678,8
275705,2.654565,5
288342,2.653884,5
224832,2.653118,10
396064,2.652651,69
350486,2.646465,4
389358,2.646437,24
337101,2.64486,14
422376,2.64464,6
300272,2.644532,3
259417,2.643981,7
245707,2.642378,10
75643,2.640892,5
91152,2.639618,12
243980,2.63281,18
391515,2.630445,4
338125,2.628579,8
87081,2.627642,3
164342,2.625593,7
375444,2.625061,3
44137,2.622704,13
403965,2.622211,22
407952,2.622128,10
343475,2.621834,10
440248,2.620467,51
441668,2.619637,17
98899,2.618652,25
171427,2.616735,9
350045,2.616285,3
432152,2.615565,15
257254,2.614102,9
355325,2.612622,21
366588,2.611995,4
199273,2.611527,4
268081,2.610393,20
299606,2.609274,8
221317,2.60548,12
89076,2.605317,9
160830,2.60528,18
153099,2.603101,4
106644,2.601226,4
63499,2.600333,23
387105,2.599912,3
103497,2.599625,3
336327,2.598864,3
360877,2.598073,16
37068,2.597676,11
310622,2.595229,20
84475,2.59358,5
390124,2.593132,4
192227,2.592381,12
273144,2.591964,3
170671,2.590313,7
119433,2.589295,8
180576,2.588513,3
292705,2.588498,2
168411,2.586802,7
210975,2.586031,11
63206,2.586027,3
174373,2.585505,4
90240,2.58376,14
373108,2.581363,3
306380,2.581055,5
389088,2.577671,3
260257,2.577312,3
131385,2.576953,11
165181,2.575099,4
457711,2.573694,7
328756,2.572535,2
114572,2.572213,2
173065,2.570631,4
366517,2.57027,2
461835,2.569377,5
31506,2.567848,12
5940,2.562267,3
393207,2.561239,5
359300,2.556004,6
305813,2.554371,7
241391,2.553126,7
226756,2.547379,5
110077,2.545882,1
108220,2.544573,11
324508,2.543475,3
313736,2.54256,4
382419,2.539544,9
448839,2.531135,23
37009,2.530615,7
332629,2.530575,13
110645,2.528599,3
56323,2.528269,9
84822,2.526285,12
17359,2.525534,1
127822,2.522795,1
100393,2.521031,19
431853,2.516904,4
359687,2.514893,3
374855,2.514339,10
317557,2.513816,5
142459,2.512486,4
239774,2.512455,8
420631,2.509236,10
212782,2.507961,3
270523,2.507337,1
377567,2.50657,4
150857,2.506133,6
283791,2.505367,3
271685,2.504644,3
367030,2.504566,4
413251,2.502461,3
337663,2.499252,2
297765,2.497474,7
321293,2.496121,10
176385,2.491388,2
417594,2.490466,3
102915,2.489861,5
216786,2.488337,10
406021,2.485421,8
38122,2.48533,6
350103,2.484234,4
459475,2.482871,12
352685,2.478081,3
83280,2.475583,9
110412,2.475107,6
11929,2.474464,3
418208,2.472181,3
159156,2.471686,4
95042,2.471511,4
230813,2.470501,10
143079,2.469167,2
30479,2.468853,6
288425,2.468578,5
67115,2.467748,10
397304,2.466625,3
206241,2.462652,17
345477,2.462395,3
404591,2.460758,4
95933,2.46033,7
111473,2.459181,2
272152,2.457939,6
367616,2.457687,8
318761,2.456815,5
284848,2.453448,5
234536,2.453153,3
346901,2.452627,1
342331,2.452137,7
185221,2.451706,5
130113,2.451599,25
426277,2.449785,4
428272,2.448897,8
351264,2.448444,26
101722,2.447813,4
76877,2.446865,5
166306,2.445658,14
216930,2.443773,6
359724,2.438815,1
57389,2.437325,18
384892,2.43519,7
173653,2.434908,4
416996,2.434845,3
8938,2.433926,3
135912,2.433581,2
375822,2.433077,8
431781,2.432993,4
340329,2.432677,4
295448,2.431813,4
14214,2.430579,5
171030,2.428757,1
278943,2.42851,3
266725,2.4279,2
271324,2.426994,2
206527,2.426722,4
308273,2.425468,7
265326,2.424868,4
173801,2.423683,3
424899,2.421985,11
91896,2.420146,11
312276,2.419638,6
65703,2.41857,4
98467,2.418085,9
64377,2.415483,5
218794,2.415199,15
234222,2.414382,5
144936,2.413709,3
446989,2.412639,3
97453,2.41253,6
68128,2.41228,2
324079,2.41043,4
396853,2.410397,7
345382,2.409556,14
378045,2.40909,4
228903,2.408765,10
346088,2.407811,9
117493,2.405693,7
413867,2.405599,1
96813,2.40316,4
331761,2.403111,4
25495,2.403034,4
150235,2.403031,4
314062,2.402229,4
134931,2.401699,2
306045,2.401271,18
290207,2.398419,3
394052,2.398077,6
220191,2.396927,2
25756,2.391009,3
119972,2.390702,5
312610,2.387872,1
209734,2.386319,8
156436,2.38552,4
409023,2.384685,2
421471,2.384158,1
60888,2.383012,1
137974,2.382496,10
36278,2.381225,9
243169,2.38045,7
280328,2.380142,21
302195,2.379854,8
348254,2.379257,8
374271,2.37774,7
373064,2.377295,6
417663,2.377255,1
44888,2.377069,4
341012,2.376704,17
381200,2.376698,2
235047,2.376442,8
360905,2.375158,7
265920,2.373754,3
217548,2.373199,2
259243,2.372873,4
213033,2.372693,3
176995,2.372682,5
276684,2.371896,3
166106,2.369324,4
210376,2.36851,4
23332,2.36725,6
302239,2.365328,9
31640,2.364461,10
109583,2.361783,9
392082,2.361503,1
427357,2.359284,4
463635,2.357518,5
349146,2.356447,7
303960,2.355583,6
287557,2.35401,9
25375,2.353914,6
307322,2.353594,7
104848,2.353061,10
312929,2.352553,1
320788,2.352126,9
175337,2.352035,3
284045,2.350148,10
333039,2.348697,10
278059,2.347697,5
67984,2.346591,2
330029,2.345503,3
28136,2.345128,18
22161,2.34378,8
359306,2.343145,7
424186,2.342957,8
368328,2.334751,5
127722,2.328821,13
160456,2.328532,2
443295,2.328495,4
177166,2.327986,2
206356,2.327893,7
116813,2.326587,2
167918,2.32394,4
130771,2.322028,11
104651,2.321532,16
57699,2.319885,2
325852,2.319593,10
230807,2.319551,2
350724,2.319218,7
374633,2.318599,3
463002,2.317504,8
11621,2.31726,4
448727,2.31721,3
406974,2.315113,2
119744,2.314679,2
188117,2.313915,7
31611,2.311609,6
279764,2.309618,12
452041,2.306128,4
266439,2.305032,9
44539,2.304951,5
367136,2.303167,5
337349,2.302423,6
152824,2.302159,1
333681,2.300938,3
277974,2.300344,5
48477,2.299322,4
454022,2.298867,1
220678,2.296847,16
197535,2.296606,5
49692,2.296557,8
341486,2.296437,1
13280,2.294419,7
188069,2.29427,7
175972,2.294149,8
408451,2.293099,2
41033,2.291586,1
116493,2.2913,6
341578,2.290637,9
153135,2.290599,16
53524,2.289749,3
452908,2.28921,1
381676,2.289014,1
36810,2.287596,14
278679,2.287358,7
69236,2.286675,1
121553,2.28554,5
72818,2.284204,3
120411,2.284083,3
393028,2.283924,9
407785,2.283244,3
28867,2.282464,4
18381,2.281964,3
125318,2.281442,7
104116,2.280569,15
266105,2.27835,3
440677,2.278157,9
332227,2.277125,4
75510,2.275894,5
252387,2.275612,3
193544,2.273902,4
265566,2.272184,2
32804,2.271776,8
390645,2.270405,11
58804,2.269133,6
105823,2.268222,9
321785,2.266947,3
395435,2.266816,5
42523,2.26536,5
450565,2.264761,1
69396,2.262669,1
153190,2.26072,1
406268,2.260605,1
104468,2.259789,8
89087,2.259043,4
263980,2.256474,11
333891,2.254682,2
442003,2.254469,2
91235,2.252839,3
333588,2.252082,8
293719,2.252071,6
441385,2.251672,2
163890,2.250439,6
29220,2.249807,5
285948,2.249156,6
85447,2.247209,2
287696,2.246367,17
357519,2.244653,10
132156,2.243724,2
269811,2.242466,7
14841,2.241917,3
137352,2.241485,40
430102,2.239337,5
208450,2.2392,5
460420,2.23745,3
192491,2.23694,16
545,2.235943,7
333147,2.234788,6
29871,2.232755,6
447661,2.230722,5
240534,2.230714,14
152100,2.230687,10
357583,2.230114,20
15543,2.227948,5
460261,2.227811,7
202871,2.225893,4
396732,2.224469,6
209659,2.221068,2
166693,2.220724,4
218431,2.218181,3
154436,2.217699,3
185616,2.215593,3
20740,2.214693,17
69533,2.214635,20
453537,2.214362,1
76815,2.214267,21
174815,2.213909,3
74799,2.211776,3
255469,2.207292,3
126630,2.206409,3
230911,2.201233,10
192966,2.200366,3
87513,2.198847,8
317230,2.198799,3
377691,2.198644,5
211299,2.197796,7
284648,2.196721,12
370615,2.195848,9
288887,2.194788,6
303520,2.191102,7
78759,2.190716,7
89194,2.189695,1
352723,2.18863,3
28284,2.188044,6
119720,2.187752,2
246354,2.187399,2
183827,2.185186,3
251972,2.185168,7
186290,2.185123,1
20158,2.184758,8
414654,2.181828,12
261382,2.1813,4
122931,2.180865,2
346598,2.180688,5
17322,2.18068,8
322485,2.180562,30
151915,2.177974,29
164820,2.176004,5
441814,2.174625,5
351641,2.174475,3
290146,2.172366,9
432343,2.171134,7
393123,2.169376,13
83752,2.166564,4
182182,2.165753,3
424912,2.165048,3
271896,2.164707,7
424624,2.164625,1
122366,2.164523,4
272907,2.162781,11
305790,2.161967,2
236000,2.159602,8
442837,2.158733,10
76070,2.157165,4
226374,2.154943,12
420028,2.154802,6
334585,2.154604,3
323030,2.154484,6
428921,2.152377,5
117551,2.152308,14
311017,2.152299,6
457007,2.151771,5
414359,2.151532,4
346982,2.150104,4
115967,2.14905,2
43022,2.147744,7
326590,2.14756,3
115754,2.139756,6
302350,2.139654,3
415810,2.137637,5
435481,2.137393,4
153778,2.136847,8
393252,2.134958,4
193272,2.134712,3
196658,2.134628,3
377863,2.132795,9
368841,2.132135,12
465751,2.131518,11
449489,2.130092,17
288525,2.128889,22
427256,2.124819,3
340203,2.12479,3
210002,2.124769,9
418795,2.124696,12
297565,2.122198,6
332333,2.121499,5
213448,2.120635,3
23762,2.12061,25
148433,2.119186,3
253572,2.118328,3
355985,2.117725,3
222580,2.117497,6
59467,2.115586,4
451335,2.114381,5
444593,2.114073,47
425310,2.108894,3
326766,2.107644,4
290163,2.107126,10
271911,2.106122,3
463792,2.105612,5
201620,2.104518,7
302632,2.104181,8
130713,2.100306,6
322171,2.099346,5
90453,2.099291,4
238987,2.098783,4
252280,2.098724,4
136987,2.096776,11
110018,2.096355,9
349427,2.094751,5
206973,2.092671,3
160272,2.087825,12
436004,2.086855,10
111792,2.086323,2
94952,2.08488,3
228166,2.083274,24
155485,2.081434,3
74456,2.080793,3
294424,2.080672,9
430300,2.080134,4
22495,2.080054,7
126438,2.079604,1
24855,2.078791,7
376418,2.07793,4
56100,2.07772,2
356740,2.077163,1
75555,2.07679,3
5675,2.076329,10
280752,2.076289,1
293311,2.075421,4
236703,2.075113,1
311914,2.075089,1
17787,2.075045,1
442891,2.075034,1
52823,2.075012,1
54383,2.074992,1
318110,2.074956,1
109515,2.074924,1
102543,2.074907,1
46173,2.074885,1
349438,2.074851,1
288606,2.074839,1
299081,2.074725,1
369826,2.074418,1
139063,2.074071,1
26620,2.073617,1
116334,2.073042,5
61203,2.072726,6
98708,2.072032,8
351125,2.071698,6
326609,2.070873,3
380511,2.069719,2
131118,2.067688,3
293587,2.067157,10
355752,2.066838,7
329361,2.0664,14
213876,2.064831,2
360964,2.064593,5
456005,2.063377,12
131731,2.062236,5
55292,2.059088,6
272259,2.057538,5
7804,2.056481,9
435234,2.055111,6
190398,2.054683,3
43215,2.054399,3
70548,2.053875,5
306763,2.053652,7
153889,2.052083,5
162416,2.051997,5
418609,2.051551,6
161427,2.051478,3
450571,2.051469,16
55955,2.049702,7
128051,2.047918,9
132067,2.047517,3
187138,2.047352,12
9697,2.046458,3
362339,2.045192,10
375150,2.045098,6
163689,2.044462,9
103645,2.043359,5
30391,2.042756,12
87320,2.041497,3
173589,2.041288,4
450950,2.039443,5
65021,2.039045,11
353672,2.038158,3
130221,2.038117,10
195444,2.037916,4
425758,2.037876,5
222196,2.034628,5
83825,2.034225,9
362760,2.033929,7
199348,2.03316,5
198238,2.03258,6
357350,2.032445,3
8259,2.029998,8
274451,2.02927,4
458501,2.027533,3
439258,2.02747,5
388119,2.026946,4
357529,2.026156,5
393809,2.025053,10
337671,2.024543,9
314285,2.022564,4
255285,2.022407,4
214420,2.021983,3
81104,2.020066,3
397747,2.018919,8
3099,2.016647,3
422905,2.015726,6
55993,2.015705,3
3146,2.015637,9
296375,2.013348,9
294438,2.013139,14
301379,2.011639,5
141480,2.010747,13
88373,2.009508,3
442001,2.008102,7
134191,2.007887,22
456276,2.006483,18
403566,2.006447,8
104139,2.006328,4
379953,2.005607,5
398489,2.005532,19
336131,2.004576,6
244258,2.003639,1
35403,2.002466,10
250019,2.002023,9
99610,2.001845,5
403581,2.001472,3
413902,2.001323,5
84428,1.999857,4
427777,1.999256,8
263765,1.99908,6
25917,1.998997,5
455937,1.998522,5
437122,1.998219,12
241853,1.997209,5
317459,1.997103,3
191106,1.996554,8
268048,1.995744,9
69735,1.995517,3
438083,1.995224,4
413313,1.994113,3
374554,1.993443,16
390243,1.99335,1
447292,1.993286,1
234116,1.993264,1
433782,1.993248,1
72651,1.993038,2
225364,1.992228,6
153830,1.992097,4
78494,1.990094,5
232744,1.988633,2
352127,1.98782,2
339820,1.986679,4
133169,1.986209,5
93894,1.986153,5
359910,1.985545,3
159819,1.984333,2
195219,1.983784,10
169344,1.981711,4
232406,1.981646,6
206305,1.980672,5
82576,1.978611,8
420160,1.978494,1
130371,1.977968,19
60551,1.977533,2
303845,1.97736,9
96417,1.977008,17
59873,1.97534,7
258058,1.972263,4
303828,1.972079,22
350399,1.972033,9
147274,1.971903,2
377888,1.970466,3
268335,1.969609,16
202171,1.969403,5
103156,1.969282,20
176589,1.969205,2
337772,1.96907,5
461596,1.96616,2
148770,1.965691,2
221963,1.965081,10
95598,1.964899,7
131298,1.964647,4
279257,1.963638,2
465951,1.963189,12
175356,1.96204,10
15587,1.961466,6
412207,1.961113,13
371585,1.960832,7
229719,1.959791,2
334404,1.958854,4
167926,1.958633,7
459654,1.958345,2
259680,1.957999,3
398004,1.957329,6
20076,1.95664,2
427290,1.956581,2
255908,1.955867,13
219822,1.955499,7
98719,1.955194,3
253213,1.954717,5
348503,1.954525,8
184169,1.95287,3
94719,1.952847,3
51767,1.952829,3
346067,1.951859,18
39561,1.951401,8
150540,1.951079,2
125831,1.950426,6
190920,1.950277,4
399796,1.949825,1
386399,1.948986,3
351501,1.94894,7
223644,1.946588,10
462643,1.946561,1
444993,1.946066,7
248626,1.946055,8
184575,1.944864,3
345409,1.943995,4
69974,1.943826,16
368020,1.9421,2
228314,1.94186,1
155821,1.941226,3
412905,1.940318,51
352072,1.940313,5
60138,1.940299,6
331884,1.939055,5
117286,1.938223,3
214790,1.937266,10
319747,1.936216,3
225514,1.93572,3
36370,1.935476,6
247842,1.935387,5
314397,1.935164,13
13696,1.935158,6
400492,1.934452,2
115600,1.932906,3
60966,1.932453,3
66325,1.931009,5
165374,1.930618,11
95448,1.929018,4
236302,1.928819,7
68693,1.928112,3
360937,1.92801,2
383864,1.927924,4
170811,1.927408,10
54046,1.925784,4
287709,1.925251,1
358211,1.924562,10
109663,1.924543,15
261881,1.924418,7
157004,1.921956,4
213334,1.92184,2
48141,1.921487,5
214181,1.921445,2
453881,1.91991,3
402187,1.919803,2
230842,1.919497,10
382130,1.919009,6
132234,1.918877,8
244458,1.917671,14
259202,1.917669,4
253574,1.916673,4
436115,1.915391,14
290550,1.914823,4
64852,1.914538,5
367447,1.912764,14
207734,1.912573,3
360200,1.912294,10
384212,1.909514,2
155544,1.907623,2
199302,1.90755,2
422327,1.907387,6
191746,1.903892,4
382191,1.902369,6
367032,1.901754,17
63294,1.901548,3
111294,1.901284,4
270976,1.901123,5
25802,1.900028,5
246366,1.899942,6
451557,1.89963,30
170820,1.898979,7
58676,1.898804,6
349002,1.898261,3
69799,1.897223,8
142076,1.896173,2
188062,1.895923,4
283726,1.89533,3
32361,1.894503,1
194544,1.89341,3
275738,1.8933,1
285192,1.892386,4
153961,1.892378,18
34933,1.891867,4
305634,1.891055,8
18841,1.890809,2
40140,1.889869,5
348162,1.888461,1
99675,1.888452,14
360487,1.888277,7
137005,1.887946,3
339356,1.88697,6
273332,1.886559,8
79524,1.886484,4
143247,1.88612,4
208000,1.885843,21
154912,1.885411,8
242821,1.88498,1
396336,1.884111,4
90992,1.883414,4
35359,1.883035,8
101714,1.882898,4
308851,1.882374,1
460765,1.881798,2
73617,1.881423,3
252502,1.880495,3
257059,1.880396,24
54435,1.879678,8
371474,1.878077,1
191993,1.877781,6
172103,1.876924,1
254052,1.876773,8
48997,1.874599,5
72911,1.874013,9
301324,1.873452,6
395522,1.873023,6
241874,1.87231,4
458365,1.871574,3
424421,1.868813,12
143778,1.868124,4
402198,1.867387,3
265082,1.866857,10
436694,1.866795,22
83314,1.866649,5
92814,1.866185,10
391226,1.865824,6
235946,1.865654,3
448453,1.864931,30
7716,1.86428,4
158194,1.864143,11
34169,1.863999,5
213695,1.863345,5
89080,1.863199,2
412404,1.863082,3
103236,1.862905,4
251426,1.862112,2
312513,1.861392,3
427380,1.861211,4
57868,1.860814,5
233834,1.860705,8
94014,1.860273,9
57060,1.860212,5
286924,1.859217,5
294322,1.858834,2
239514,1.858704,5
260900,1.858139,6
420943,1.857785,9
245960,1.857606,3
346749,1.857156,5
4892,1.857042,2
199277,1.856533,2
125906,1.856492,2
307588,1.856339,3
963,1.856303,2
40712,1.856029,3
131868,1.855576,10
148103,1.855143,10
272837,1.854811,4
18870,1.854482,8
276494,1.854385,4
60724,1.854169,4
241176,1.853992,2
262982,1.853725,7
84234,1.852369,2
247356,1.851433,12
58726,1.851291,12
255334,1.849126,2
31249,1.84886,10
333566,1.848657,4
82141,1.847563,9
395845,1.847339,6
345308,1.845071,6
178608,1.84498,1
118551,1.844949,15
409202,1.844943,3
364085,1.844734,3
255430,1.844161,6
5290,1.844068,2
206287,1.844027,2
60747,1.843835,2
293110,1.843548,3
6913,1.843215,5
167501,1.843108,2
124959,1.843037,2
134484,1.841902,4
133757,1.840792,2
90895,1.840419,2
119364,1.840357,2
216391,1.839573,5
113949,1.839029,3
45137,1.83761,5
150185,1.836771,11
66331,1.835766,5
460315,1.835697,9
275575,1.835218,9
70855,1.833842,9
106721,1.832456,8
283740,1.830579,4
197214,1.828801,3
91086,1.827349,5
74384,1.826555,5
391484,1.825765,7
79572,1.825399,6
13417,1.825128,7
169155,1.824908,7
388064,1.824384,3
285231,1.824049,2
297726,1.82374,4
146325,1.823421,4
250643,1.822848,12
263182,1.822823,4
30094,1.820717,16
308468,1.820632,2
309557,1.820428,7
231317,1.819672,2
456169,1.819546,11
136329,1.819161,2
230883,1.819099,4
412898,1.818912,9
345136,1.818201,5
258621,1.818078,5
140766,1.817976,1
442228,1.817308,2
429687,1.816875,2
428232,1.816387,3
80554,1.813684,6
126303,1.813527,16
112259,1.812767,1
57577,1.811927,9
267111,1.811908,2
116446,1.811584,2
204790,1.810961,5
403969,1.810175,9
170665,1.808405,3
226092,1.80814,3
147005,1.807923,8
126236,1.807309,7
148328,1.806748,3
219553,1.806102,3
20773,1.80519,5
283861,1.805166,3
38966,1.80482,6
267196,1.804224,3
345448,1.803395,5
62502,1.802722,3
272864,1.802406,3
135311,1.802358,4
25277,1.802293,3
297680,1.802127,3
266692,1.801094,2
424123,1.799865,2
446226,1.799058,3
59828,1.798951,3
65660,1.798883,6
378505,1.798806,3
294073,1.798443,2
174260,1.798083,2
55911,1.797504,8
21013,1.79662,12
57209,1.793219,6
289045,1.792909,3
3383,1.792009,5
66691,1.790887,2
246864,1.790027,3
62283,1.787363,4
92341,1.787297,3
233634,1.78636,2
175796,1.785871,4
351414,1.785803,2
42212,1.785714,6
391740,1.785588,6
244541,1.784996,4
133504,1.784555,5
261673,1.782802,37
75458,1.782249,9
446476,1.780408,3
200435,1.779649,2
366859,1.779345,11
365673,1.779332,14
178274,1.778931,13
127726,1.778137,5
150215,1.776749,9
276257,1.775591,8
28625,1.77517,5
2455,1.774828,6
257562,1.774536,3
353373,1.774052,3
190536,1.773196,5
115590,1.771419,4
313745,1.770001,2
156152,1.769584,5
270492,1.76924,13
107020,1.768496,5
19408,1.767606,4
328486,1.767375,14
251871,1.767358,2
364123,1.767256,7
261644,1.765592,8
326456,1.764765,2
5411,1.764565,7
227893,1.764516,3
325384,1.763348,7
89775,1.762976,10
106305,1.76289,3
109638,1.762544,3
222684,1.756842,14
233920,1.755959,31
309336,1.755913,4
403517,1.754834,3
165282,1.753992,2
107651,1.753369,7
321780,1.753219,2
125399,1.752904,1
459345,1.751997,3
278610,1.75046,2
343808,1.749868,3
227309,1.749132,4
260579,1.748663,3
414171,1.74865,1
63376,1.74847,3
352559,1.747481,5
348495,1.746753,7
23325,1.746362,2
436390,1.745977,3
149139,1.745908,2
30308,1.745717,9
104342,1.744222,21
455240,1.743665,6
439424,1.74311,8
138114,1.741625,13
424512,1.741478,3
373002,1.741407,3
264221,1.740995,4
341080,1.740534,6
218177,1.740208,3
246247,1.740063,4
55925,1.73979,11
66448,1.739405,2
17794,1.739343,3
159892,1.73857,3
132014,1.735687,2
345694,1.734316,9
134767,1.732756,6
416357,1.731044,3
417239,1.730643,3
304537,1.729697,7
322341,1.729315,9
161506,1.729155,5
263338,1.728648,4
61104,1.728641,4
243097,1.728365,5
283138,1.727796,4
103634,1.7274,7
276649,1.72707,6
85650,1.727058,7
150490,1.726563,2
427360,1.726186,10
102471,1.726103,7
98547,1.725733,3
182086,1.723716,3
289061,1.723335,4
215868,1.723232,14
116274,1.722976,2
75597,1.722857,11
334823,1.7224,5
220468,1.721676,7
287811,1.721054,5
311200,1.719948,6
304474,1.7187,10
136611,1.717933,3
46391,1.717805,7
31768,1.717712,7
443437,1.717092,2
339517,1.717088,9
332325,1.715893,8
4949,1.715241,5
300394,1.715204,3
187200,1.714145,8
427979,1.713738,4
133282,1.713114,5
329595,1.711663,4
427507,1.7112,4
384170,1.710665,2
452414,1.709595,4
241940,1.708816,3
450191,1.708486,3
195337,1.706064,3
285061,1.704759,2
181315,1.70393,11
434591,1.703541,2
169596,1.701951,2
303039,1.701338,5
245168,1.701019,9
459615,1.700369,4
335351,1.698789,3
121595,1.697089,5
110489,1.69565,3
164681,1.695285,5
61893,1.695053,2
77100,1.694903,3
270144,1.694164,6
20416,1.693549,5
323701,1.693489,2
199417,1.693322,9
283776,1.692994,4
48378,1.692963,11
190095,1.692873,3
45317,1.692865,4
454422,1.691657,8
323227,1.690966,2
74759,1.690427,5
37609,1.690139,3
158603,1.689484,9
90594,1.688952,4
214723,1.688607,4
72031,1.687847,2
25404,1.687737,9
431940,1.687224,5
45882,1.686118,5
113440,1.685702,8
317713,1.685616,2
325670,1.685161,14
345613,1.685077,3
360318,1.684771,2
386324,1.684725,3
460245,1.684302,3
447356,1.684115,3
180959,1.684066,9
22544,1.682366,3
262815,1.682156,4
77148,1.681072,3
357054,1.680913,13
17323,1.680873,4
396930,1.680688,10
389118,1.68038,3
165169,1.679714,4
460668,1.679471,4
463402,1.678879,3
414805,1.678489,4
305997,1.678002,2
133476,1.677025,3
126623,1.676289,10
57558,1.675856,2
151551,1.675829,3
328631,1.674633,5
144236,1.674225,4
257308,1.673911,7
25949,1.672569,6
242152,1.671971,12
199233,1.671338,7
216266,1.670327,11
264689,1.669627,2
210571,1.669375,3
138578,1.66927,3
138017,1.669165,4
397602,1.667863,4
225963,1.666645,3
169213,1.665887,7
44001,1.665325,4
184331,1.665228,15
253676,1.665123,5
254387,1.664325,2
85169,1.66357,2
98198,1.663555,3
403628,1.662587,3
14026,1.662321,3
362480,1.661762,5
110354,1.659782,2
124583,1.65971,13
89871,1.659054,4
6692,1.658872,6
19269,1.658399,8
414546,1.657081,5
110799,1.6569,14
267763,1.656809,6
294284,1.656061,6
373700,1.655984,2
149666,1.655676,2
165080,1.655305,5
254423,1.654955,10
165302,1.654793,16
302307,1.653848,11
259551,1.653458,7
14235,1.652365,2
414368,1.652133,3
149385,1.649885,5
173138,1.647939,6
356644,1.64726,1
379697,1.646969,2
312414,1.646742,3
133456,1.646656,2
136766,1.645966,7
345156,1.645894,11
221794,1.645641,3
222333,1.644613,4
219933,1.643451,7
248327,1.64294,8
240160,1.642626,7
459835,1.641912,7
150103,1.641795,6
324290,1.641259,13
275729,1.641058,3
73602,1.639891,11
410355,1.639113,3
223003,1.638722,6
178484,1.63829,6
4364,1.6378,4
6633,1.63777,4
70790,1.636484,6
335814,1.636038,1
395749,1.635922,4
135137,1.635846,2
171771,1.635598,5
272263,1.635505,7
58105,1.635439,3
412018,1.635422,3
281967,1.635022,4
79056,1.634975,3
321905,1.634261,22
304745,1.632632,2
395167,1.632166,2
161478,1.631405,5
153399,1.631189,4
384231,1.631187,2
345869,1.62943,5
397692,1.62873,9
82517,1.62852,2
246117,1.627726,4
342,1.627652,5
120050,1.62725,11
234056,1.626897,6
34560,1.625991,5
271726,1.625917,2
182642,1.625691,4
293557,1.625331,4
274205,1.62532,2
430200,1.625,10
110992,1.624755,2
167728,1.624603,2
423672,1.624481,3
49546,1.624305,2
399700,1.623136,4
99860,1.62234,3
134255,1.621752,20
228244,1.621244,3
371928,1.621208,6
392807,1.620659,2
154919,1.62037,3
307074,1.6201,2
131311,1.620014,6
443931,1.61953,2
417187,1.618304,5
1786,1.618297,5
207865,1.61776,3
244504,1.617527,2
394204,1.616756,8
350465,1.614876,6
390934,1.614394,14
172606,1.613211,5
102020,1.612536,4
94542,1.611829,1
44939,1.610774,5
196538,1.610664,3
327150,1.610007,7
276212,1.60998,3
85441,1.609915,2
136523,1.607981,5
415640,1.607365,4
137440,1.606841,2
288032,1.60657,4
331056,1.606314,2
50671,1.60624,6
352705,1.606207,6
149382,1.605765,6
415610,1.604521,19
167126,1.604415,22
269766,1.603861,5
201871,1.603338,5
446206,1.601943,5
445533,1.601645,5
295537,1.601584,6
456912,1.601154,4
211418,1.601009,11
166358,1.600363,7
382552,1.59928,2
189197,1.599239,1
110283,1.598824,6
78172,1.59875,3
359734,1.598356,9
20017,1.598307,41
335328,1.597778,5
431128,1.597715,1
83366,1.59708,6
174467,1.596807,2
139725,1.596755,7
230075,1.59671,4
35644,1.596177,4
371909,1.595781,7
104469,1.594178,4
64881,1.593655,5
274443,1.593454,15
336173,1.592942,2
365320,1.592223,10
68337,1.591883,4
222745,1.591493,3
128256,1.591302,5
318421,1.591277,10
81453,1.590863,6
126307,1.590788,5
187602,1.589803,2
292444,1.589417,21
14205,1.589066,2
412121,1.588254,4
77769,1.586011,16
446522,1.585985,11
403564,1.58509,6
14520,1.585073,6
349140,1.584914,11
301147,1.584166,2
453290,1.583299,12
454514,1.582786,5
146260,1.581806,3
191763,1.581589,3
72435,1.581455,4
189356,1.579871,6
54496,1.57818,3
226662,1.577883,3
447710,1.577359,6
355301,1.577335,9
461751,1.576103,2
79944,1.575432,2
99785,1.57534,5
184966,1.57485,3
437715,1.574472,7
182407,1.57406,3
128540,1.574048,2
53748,1.573998,15
447755,1.573617,2
81939,1.573433,2
391259,1.572612,2
231313,1.572096,3
181895,1.571943,3
446934,1.571408,13
338162,1.570301,3
193518,1.570152,6
445232,1.569868,5
426480,1.569621,2
449912,1.568876,11
173503,1.568095,2
409015,1.56731,2
463585,1.567076,3
31385,1.566828,3
149723,1.566279,2
85174,1.565306,2
98412,1.565297,2
97800,1.565226,2
50617,1.564569,2
129668,1.563608,2
93487,1.563587,2
403617,1.562606,3
53337,1.562092,2
465495,1.562068,3
383857,1.56159,2
230616,1.561067,5
251751,1.56069,9
399432,1.560679,3
194900,1.559129,4
257410,1.558976,5
301967,1.557791,4
171031,1.557456,2
379288,1.557153,9
274226,1.556589,8
181673,1.555963,5
130828,1.555409,4
418472,1.555355,4
74953,1.554942,5
164543,1.553471,4
178797,1.553065,2
214617,1.553065,2
232400,1.553008,4
245852,1.55246,7
450999,1.551935,4
386457,1.551743,3
348659,1.551482,2
415976,1.551058,9
173938,1.550498,4
288205,1.550265,3
180684,1.549751,10
123576,1.548619,5
37976,1.548517,4
340158,1.546999,3
421993,1.546773,3
365666,1.546691,5
197498,1.54638,4
366734,1.546153,8
128146,1.546104,3
200081,1.545776,2
268149,1.545419,4
336121,1.544902,8
153975,1.544809,5
136301,1.543961,2
415884,1.543936,7
365758,1.543381,4
405185,1.542934,4
444365,1.542462,12
36936,1.542299,5
174778,1.541804,3
384605,1.541419,1
63380,1.541419,1
402557,1.540725,2
50969,1.540123,4
225856,1.539232,4
403123,1.539182,2
199394,1.538872,2
69868,1.538847,5
444941,1.538671,8
316722,1.537293,1
34472,1.537088,3
221329,1.536975,26
29940,1.536882,16
79801,1.536869,6
188572,1.536426,2
417673,1.535805,4
384397,1.535699,2
180214,1.53457,2
13298,1.534434,3
437158,1.534276,3
188723,1.53319,7
368193,1.533143,7
183087,1.532893,6
43072,1.531945,3
458516,1.531889,3
272813,1.53053,8
466321,1.530395,2
367207,1.530374,3
103322,1.530332,3
232904,1.530122,3
38842,1.529882,8
1956,1.529209,3
249460,1.528957,8
1644,1.528396,10
431216,1.527571,3
337196,1.52748,11
462391,1.52684,2
95220,1.52661,2
434116,1.525865,3
348069,1.525184,2
359632,1.524931,3
74926,1.524914,6
354301,1.524441,1
363604,1.524305,2
152680,1.523925,2
358906,1.523753,7
33668,1.523383,2
24189,1.523051,6
377133,1.52215,15
296448,1.521959,2
441928,1.521716,5
185932,1.521067,21
156897,1.520882,4
190654,1.519638,6
420854,1.518926,2
52962,1.51864,9
448220,1.517999,10
317226,1.51747,6
159894,1.517395,2
175749,1.517334,4
288616,1.517209,2
7111,1.516949,2
353166,1.516648,7
73421,1.515552,3
198539,1.514923,2
456441,1.514728,3
401180,1.514014,2
3975,1.513832,4
140879,1.513605,2
387318,1.513419,11
455006,1.512652,2
242273,1.512368,12
114121,1.512268,5
192043,1.511964,2
239016,1.5117,2
71748,1.511304,3
266804,1.511155,2
240694,1.510929,2
151449,1.510842,2
225405,1.510774,2
11005,1.510749,2
241204,1.510729,2
336562,1.510528,7
84177,1.510064,3
311292,1.509944,2
219440,1.509169,2
362505,1.508966,2
338435,1.508945,2
305426,1.508043,3
251916,1.507979,2
148446,1.507871,9
241149,1.506799,6
98498,1.506301,5
17437,1.505912,5
224110,1.505569,4
96149,1.505225,3
307410,1.504807,3
443103,1.503278,7
444531,1.503019,3
207602,1.502606,4
160999,1.501946,1
258041,1.501219,4
130468,1.50054,2
230554,1.499726,4
262797,1.499229,3
28944,1.498976,5
290993,1.4989,7
407489,1.498737,7
108021,1.4987,9
209402,1.497999,2
321657,1.497977,3
171823,1.496276,6
208989,1.496013,2
149767,1.495349,8
142624,1.494997,5
118570,1.49492,2
282806,1.494213,8
85100,1.494025,5
157318,1.492817,3
9491,1.49257,3
299221,1.490846,2
443047,1.490492,6
31650,1.490389,11
286645,1.490243,11
229808,1.489597,2
374092,1.48938,16
403591,1.489298,7
395407,1.488783,3
197422,1.48853,4
323290,1.488454,2
176329,1.488351,7
326573,1.488307,2
278208,1.488036,9
237561,1.488017,4
22969,1.48781,4
116514,1.487509,9
415301,1.487162,6
6670,1.486611,1
461107,1.486559,1
48582,1.484844,3
193828,1.484694,20
305465,1.484393,7
182302,1.484331,3
406300,1.481772,2
57275,1.480153,5
377923,1.479409,12
265119,1.478276,2
302399,1.478156,6
326581,1.477581,3
432807,1.477381,1
62118,1.476717,4
175397,1.47572,3
336645,1.47508,7
189265,1.474803,6
388584,1.474582,6
104226,1.474576,2
297023,1.473598,2
144594,1.473596,2
31078,1.473237,16
258652,1.473106,2
94807,1.472867,2
160115,1.472441,2
389172,1.472268,32
192847,1.472042,5
346323,1.471705,4
258087,1.471008,2
101813,1.470584,2
415209,1.470492,2
299954,1.470477,4
229305,1.470339,1
255404,1.470189,2
233468,1.470153,3
201515,1.469883,3
192931,1.469723,5
419712,1.46952,2
221911,1.469213,5
379511,1.468707,1
333191,1.46865,11
424833,1.468568,2
424387,1.468386,4
38394,1.468044,3
199648,1.467628,2
136047,1.467238,1
80083,1.467218,4
80174,1.466899,3
214555,1.466803,8
348352,1.465768,5
320970,1.465719,10
92271,1.465686,13
107733,1.465199,2
360610,1.464067,24
207572,1.463619,2
132439,1.463032,2
239064,1.46251,6
88904,1.462346,3
344269,1.462306,2
398991,1.461843,5
465606,1.461559,2
234953,1.461535,2
162024,1.461364,2
397642,1.46041,10
110370,1.460115,5
235673,1.459789,8
2006,1.459692,2
391020,1.459405,6
377449,1.457846,11
429962,1.45735,9
31098,1.456964,6
304846,1.456954,2
331653,1.456815,3
177243,1.45672,4
55251,1.456701,8
107503,1.455296,20
17698,1.454625,5
189764,1.454016,4
134362,1.452932,2
399592,1.452892,7
80968,1.452832,15
448986,1.452777,1
283493,1.452714,2
186545,1.452437,8
271151,1.451738,8
324305,1.451418,3
339808,1.450127,13
36290,1.449544,3
308334,1.449039,9
32227,1.448265,5
14288,1.447682,8
138309,1.447219,7
15312,1.446359,6
128908,1.446223,10
59765,1.445328,7
128569,1.445287,8
60682,1.445034,6
277689,1.444648,6
461891,1.444496,4
254813,1.443217,10
236969,1.442841,5
49466,1.440557,16
380440,1.439921,7
373384,1.439874,3
17114,1.43968,2
101006,1.437426,4
446552,1.436534,6
113641,1.43638,14
327424,1.436155,4
431694,1.435887,6
72721,1.435318,6
237030,1.435022,8
430984,1.434813,2
356029,1.432904,7
171586,1.43258,4
359439,1.432314,9
131034,1.432308,3
374996,1.431226,9
425920,1.431029,29
243218,1.430268,1
75839,1.429966,13
455275,1.428834,3
159884,1.428141,5
146642,1.427739,3
414388,1.427609,6
228075,1.427522,9
149253,1.427328,10
86633,1.42719,4
37658,1.426935,5
329408,1.42679,6
369053,1.424157,4
224166,1.423998,2
373052,1.423783,3
97132,1.422665,5
238067,1.421764,5
279436,1.42114,3
256049,1.420859,3
69427,1.420415,2
150426,1.419464,3
9903,1.418788,3
221900,1.418284,7
301327,1.418246,4
247868,1.418093,2
64154,1.418079,7
273529,1.417705,2
25284,1.417269,2
192131,1.417162,2
315919,1.41693,17
388329,1.41673,4
257773,1.416713,5
294103,1.416519,2
254964,1.41488,2
461199,1.414648,5
213212,1.414441,3
386707,1.413932,3
66737,1.413377,9
26902,1.413156,3
12404,1.412566,17
411482,1.412246,7
387373,1.412108,27
279402,1.411362,2
327134,1.411273,5
204209,1.410393,21
400568,1.410325,2
145503,1.409138,2
419980,1.408703,4
412981,1.408654,6
169594,1.408181,3
192413,1.407501,9
319631,1.406748,2
417022,1.405971,2
129457,1.40575,41
364203,1.405274,2
408457,1.405267,2
212995,1.405137,4
310702,1.402917,12
198171,1.40272,6
66969,1.402112,2
22213,1.401468,2
387570,1.401444,5
315948,1.400801,1
229037,1.400587,6
32649,1.40028,2
188381,1.399914,3
236180,1.399709,5
127531,1.397158,3
324963,1.396063,3
141755,1.396033,3
165129,1.395834,5
67434,1.395274,3
457412,1.39514,3
129279,1.394848,4
215596,1.394695,12
316472,1.394663,14
67481,1.393662,4
332563,1.392765,2
187913,1.39231,4
400890,1.392293,2
390582,1.392021,5
429765,1.391843,5
288078,1.391293,10
143931,1.391202,4
293733,1.390987,4
78496,1.390379,6
422561,1.38895,14
401850,1.387991,7
148161,1.387726,3
13753,1.386548,3
346996,1.386412,4
277844,1.386108,5
396632,1.384912,3
187405,1.384805,4
248063,1.384014,5
62310,1.383681,6
267815,1.383346,39
447067,1.38315,6
234321,1.382584,3
272943,1.380805,2
466252,1.380242,3
144635,1.380133,28
8271,1.38003,7
322348,1.379183,2
188169,1.378759,3
111042,1.378602,3
294533,1.378092,3
335533,1.378008,2
381265,1.377534,22
363111,1.377195,3
187991,1.377125,23
418277,1.377106,7
239884,1.377057,4
453286,1.376868,3
77733,1.376823,5
191745,1.376411,3
50628,1.376342,3
300314,1.376093,7
199408,1.375433,4
45190,1.375213,4
183814,1.374676,3
6107,1.374582,3
403609,1.373227,2
76767,1.37271,5
448494,1.372367,10
389764,1.371364,4
212956,1.37104,7
427459,1.370705,4
294640,1.3704,5
78901,1.37024,13
344723,1.369607,12
94748,1.369319,2
13711,1.368191,2
111052,1.36819,4
195473,1.368098,4
367514,1.367376,2
303370,1.366603,2
335592,1.364753,4
26646,1.364707,3
176923,1.364295,2
352634,1.364233,7
111413,1.363405,6
44531,1.363253,4
337698,1.362401,4
146081,1.362017,3
425097,1.361683,4
428827,1.361333,2
62599,1.361272,11
289004,1.361023,2
212767,1.3608,5
248127,1.36047,5
303142,1.359326,12
148316,1.359127,2
1653,1.358939,3
200072,1.358647,2
190534,1.35857,8
178451,1.357856,38
456858,1.356195,2
5848,1.355865,8
449559,1.355237,5
35986,1.354852,8
275570,1.354766,2
421337,1.353194,2
184412,1.353074,7
406296,1.352122,3
16775,1.352072,4
412819,1.350457,4
62595,1.350064,2
391049,1.349654,2
87090,1.349383,3
376568,1.348778,2
139207,1.347706,5
104238,1.347162,3
238925,1.346102,5
75381,1.345931,1
12728,1.345596,4
231237,1.344849,1
390826,1.344209,13
341869,1.343139,3
317068,1.343023,5
5969,1.342976,3
252796,1.34288,3
32164,1.342654,4
412486,1.342546,15
322051,1.342057,6
168215,1.341889,7
37383,1.341785,3
348303,1.341696,3
466109,1.341568,11
398579,1.341417,18
41662,1.341048,3
163003,1.34101,3
112290,1.340883,4
344071,1.340808,16
447215,1.340725,6
181202,1.340586,8
210524,1.339838,8
302116,1.339465,4
128816,1.339225,3
376671,1.338943,4
87296,1.338589,2
96489,1.338587,2
194576,1.338308,2
389886,1.338219,6
297404,1.338075,4
52371,1.337645,5
41942,1.337408,6
140532,1.337075,9
208935,1.336453,3
72026,1.335963,3
273980,1.335954,3
228066,1.335915,24
90784,1.33546,7
98491,1.335204,5
348673,1.334699,4
360378,1.334436,5
81995,1.334427,4
191303,1.333891,12
259292,1.333708,2
125092,1.333524,6
370984,1.333322,5
159792,1.333014,3
209125,1.332984,3
374429,1.330791,4
175246,1.330716,10
199279,1.330274,3
350372,1.33016,1
321129,1.329895,2
148165,1.329498,2
184465,1.329497,15
125927,1.329446,5
436349,1.329248,2
238192,1.328426,5
466335,1.328116,3
225492,1.328039,4
322721,1.327509,2
63769,1.326952,10
259092,1.326872,4
76941,1.326561,7
82043,1.326421,5
145721,1.32522,3
267961,1.325219,4
210786,1.32452,2
357313,1.324268,2
445776,1.323963,7
348154,1.323489,12
46108,1.32239,2
34220,1.321851,5
377960,1.320819,10
89893,1.320519,23
465565,1.320431,2
269997,1.319551,5
394229,1.319232,4
396288,1.319163,28
259725,1.319053,4
244939,1.318498,7
308967,1.317474,8
380494,1.317264,3
246453,1.317241,3
366282,1.31636,3
261013,1.315943,2
126247,1.315556,4
162501,1.31547,3
44208,1.31505,5
363407,1.314912,2
237021,1.314802,6
193488,1.314664,14
103816,1.31448,2
403659,1.314308,3
192251,1.313881,6
236512,1.313792,8
415837,1.313765,5
152443,1.312601,7
333099,1.312031,5
34683,1.310719,3
303969,1.310709,2
250212,1.310484,9
344552,1.31009,4
414127,1.30962,3
366775,1.309107,5
425228,1.309065,4
432912,1.308951,5
318785,1.308889,11
158514,1.30864,3
190416,1.308335,4
336359,1.308151,8
284080,1.307951,2
250697,1.307534,2
5470,1.307474,11
58663,1.307365,5
340794,1.307343,2
1267,1.307255,2
177048,1.307131,5
23912,1.306202,16
444472,1.305146,2
137787,1.304587,2
322619,1.304104,6
351984,1.304019,3
189231,1.303498,2
51969,1.302752,10
257990,1.302445,2
221761,1.302386,3
330588,1.301625,4
58160,1.301395,2
247324,1.301184,4
200678,1.300691,9
97437,1.3005,4
211478,1.29958,7
115719,1.299169,4
279033,1.298715,2
399531,1.298684,9
151471,1.296984,4
450216,1.296852,4
299222,1.296415,17
449764,1.296202,6
277794,1.295518,2
103960,1.295305,17
69783,1.29484,7
31980,1.291934,3
82232,1.29161,10
419080,1.29151,3
24440,1.290974,2
47174,1.290777,16
240777,1.290573,6
142881,1.290571,2
392074,1.290565,6
358485,1.290541,9
421090,1.290533,5
183758,1.289781,6
367696,1.289536,6
430340,1.289166,3
172063,1.288617,3
26634,1.288204,9
304920,1.287914,3
225533,1.287005,2
1976,1.286387,7
429344,1.286169,4
159184,1.285852,2
231611,1.285623,3
350751,1.284731,3
277943,1.282851,13
189286,1.282831,2
355546,1.282791,5
374835,1.281988,8
350161,1.28195,2
57972,1.281279,2
126332,1.281078,6
33241,1.281033,6
328426,1.280953,5
38021,1.28046,2
361805,1.280178,6
420008,1.27903,2
429672,1.278791,3
299665,1.278566,4
278012,1.278529,3
30702,1.278214,3
287561,1.277996,2
141146,1.27667,3
175799,1.276664,3
2416,1.276485,9
459939,1.276437,3
133224,1.276187,13
414995,1.276182,6
182523,1.275784,4
375602,1.27548,2
160040,1.274752,3
109027,1.274587,4
355186,1.274401,5
305675,1.273901,10
389572,1.272913,5
69244,1.272688,2
465511,1.272551,10
131643,1.272453,3
206930,1.272325,11
220163,1.272176,3
33899,1.271843,4
340315,1.271744,8
325561,1.271741,2
254193,1.271538,2
180288,1.27131,5
126143,1.270723,12
382400,1.270678,2
52348,1.270536,4
350177,1.270452,2
25002,1.269932,3
253971,1.269661,3
136674,1.269323,5
191733,1.269247,3
233936,1.268945,4
57841,1.268799,3
61345,1.268524,37
150875,1.267651,3
279123,1.267645,3
237019,1.267518,13
299434,1.266441,5
236652,1.266201,4
75509,1.266164,3
461093,1.265634,4
136860,1.265566,2
110931,1.265529,2
182569,1.265395,2
44986,1.264554,2
427639,1.263253,1
1538,1.262711,3
405548,1.262257,4
164429,1.262185,4
46858,1.261772,3
97291,1.261505,5
266965,1.261068,1
133423,1.260951,3
259467,1.260868,7
92300,1.259487,1
86315,1.259347,2
76744,1.258942,5
165348,1.25883,3
120357,1.258755,6
224549,1.258686,10
123995,1.258617,4
442431,1.257925,17
426122,1.25781,3
311405,1.257795,9
115486,1.257761,2
287449,1.256978,7
214630,1.25673,4
351508,1.256154,15
73056,1.255586,4
108185,1.255446,2
220513,1.254886,6
268491,1.254781,6
344388,1.254596,10
248908,1.254229,4
274986,1.253463,6
387183,1.253407,2
33912,1.253373,11
284463,1.253245,6
311721,1.253106,4
107414,1.252858,7
70500,1.252303,2
292353,1.252095,2
275658,1.251843,2
350165,1.251053,2
305713,1.250566,6
44547,1.250381,3
175480,1.249895,3
18155,1.249717,8
126019,1.249205,5
405862,1.24877,3
463118,1.248671,5
247427,1.248038,20
343377,1.247698,2
389838,1.247449,5
440283,1.247207,2
341157,1.247058,2
386899,1.24681,3
44705,1.246715,1
334936,1.246467,6
100898,1.246045,4
398728,1.2459,2
6745,1.245783,2
403215,1.245302,9
246361,1.245253,5
380649,1.24469,8
141913,1.243924,2
232768,1.243798,4
294807,1.243555,5
122534,1.243413,4
447844,1.243092,2
46938,1.242801,2
67328,1.242612,2
431758,1.241899,3
109598,1.241539,4
70277,1.24148,4
316255,1.240736,4
458946,1.240491,2
295449,1.240311,2
167978,1.240219,6
2119,1.240219,4
20218,1.23809,6
99117,1.237503,1
394882,1.237464,1
377106,1.237441,1
329823,1.237346,1
182991,1.237306,4
187490,1.236342,7
312130,1.236327,3
132729,1.236157,2
344446,1.235976,2
332005,1.235701,4
91854,1.23558,3
410122,1.235467,5
86282,1.235235,4
130018,1.23522,2
302820,1.235072,6
25514,1.235011,7
120763,1.23473,9
82562,1.23467,2
334133,1.23465,2
187691,1.234082,3
128581,1.233764,5
460188,1.233221,8
187129,1.233078,5
271890,1.232756,8
404416,1.232356,4
266459,1.232319,4
428176,1.231935,6
297487,1.23176,5
108828,1.231361,2
372913,1.231284,3
448091,1.231077,9
321521,1.230322,3
142819,1.230042,7
258148,1.229879,6
287687,1.229793,2
111604,1.228909,2
79149,1.227803,6
429753,1.227774,2
217061,1.226909,6
263188,1.226773,8
32267,1.225897,14
323109,1.225561,4
114913,1.225518,2
146306,1.22493,2
226327,1.224233,4
66405,1.224023,12
429380,1.223887,7
2422,1.222862,3
359990,1.222251,5
462444,1.222214,5
16307,1.221491,3
384594,1.22068,2
241715,1.22049,6
437342,1.219662,2
431632,1.219037,4
153574,1.218899,1
230976,1.218755,2
123964,1.218351,4
396427,1.218171,5
413990,1.217354,9
273747,1.217122,3
224862,1.216649,2
185305,1.216521,8
21947,1.216372,3
321246,1.215191,2
302274,1.215161,3
352726,1.215098,3
45420,1.214813,7
431197,1.214657,3
54457,1.214443,3
248840,1.214203,5
251962,1.213932,6
96882,1.213661,6
369112,1.213579,11
19349,1.212587,3
78139,1.212546,4
248744,1.212416,3
28054,1.212182,2
390285,1.211823,5
55430,1.21175,4
194431,1.211605,3
176853,1.210755,2
308753,1.20999,3
366203,1.209487,7
246407,1.208991,6
404588,1.208643,5
197980,1.20857,7
234990,1.208551,2
100653,1.208068,3
430292,1.20763,36
123664,1.207002,4
328696,1.205689,6
179238,1.204623,2
430197,1.204618,10
85680,1.204383,5
184903,1.204139,15
143622,1.203552,5
329187,1.203383,3
184826,1.202676,4
146855,1.202583,4
422671,1.202548,7
347014,1.20248,7
131873,1.20222,2
177121,1.20199,2
70148,1.20191,3
108692,1.201901,2
11647,1.201872,2
432357,1.201809,6
316202,1.201691,2
97073,1.201296,3
430820,1.201266,2
48130,1.20102,6
387024,1.200978,3
335230,1.200862,3
11768,1.199927,4
98063,1.199755,3
139287,1.199701,3
66943,1.199568,2
233427,1.199137,5
239608,1.198824,9
304332,1.198713,5
188204,1.198497,3
215782,1.198271,2
101914,1.198123,4
429498,1.197831,7
383717,1.197291,3
192268,1.197102,2
168358,1.196959,6
334031,1.196941,3
301345,1.196674,11
351857,1.196671,2
437922,1.196588,2
466319,1.196138,4
267871,1.195561,5
435047,1.195468,3
204808,1.195109,10
212156,1.194863,2
251040,1.194181,2
357579,1.192913,6
94890,1.192812,2
36859,1.192494,3
188736,1.192206,2
115923,1.192004,8
285443,1.191687,3
363044,1.191635,4
253286,1.19081,5
388800,1.190183,4
6924,1.190117,3
34127,1.189588,6
390093,1.18952,7
203850,1.187496,6
239368,1.187307,3
117302,1.186605,4
208820,1.185061,3
98962,1.184449,1
465283,1.184111,5
249247,1.183158,1
461867,1.182563,3
60122,1.182372,4
245085,1.182269,2
131828,1.181917,4
307212,1.181875,5
309042,1.181415,2
399825,1.18132,2
29082,1.180754,10
182278,1.180028,11
466436,1.179477,7
282913,1.178853,3
275075,1.177976,3
19883,1.177892,8
441953,1.177497,10
60908,1.177422,2
300648,1.176192,3
169397,1.176086,2
295066,1.175777,10
325045,1.175478,3
57810,1.174714,3
407133,1.174248,2
121119,1.173675,2
209419,1.172783,3
418200,1.17205,2
222604,1.171916,20
247167,1.171727,9
422425,1.171515,21
96675,1.170991,4
95354,1.170871,4
395091,1.170694,8
75415,1.170419,4
383735,1.169963,4
458735,1.169825,3
463751,1.169718,5
315405,1.169386,2
154171,1.169331,7
432073,1.168081,2
308779,1.167551,5
466464,1.167496,1
20852,1.167225,2
210408,1.167051,4
334094,1.166838,14
322354,1.166827,2
191306,1.166577,2
208529,1.166338,5
116306,1.165862,3
71153,1.165546,2
236560,1.165443,2
119942,1.165328,3
248189,1.165322,3
294779,1.165317,2
398762,1.164846,4
17370,1.164691,5
128567,1.164658,8
158901,1.163977,2
139845,1.16379,1
434291,1.162912,2
286220,1.162735,4
66926,1.162575,7
440277,1.162557,2
168944,1.162326,3
354176,1.162204,2
72481,1.162107,6
5839,1.162013,2
90036,1.161926,7
3227,1.161432,7
95808,1.161226,8
415081,1.161171,3
262186,1.160803,22
392412,1.160457,6
400321,1.159919,5
216714,1.159844,2
169842,1.159673,5
368489,1.159556,2
60214,1.158809,5
14287,1.158765,2
435670,1.158189,13
47494,1.158143,2
134947,1.157668,2
272824,1.157275,4
71863,1.156922,3
162745,1.155528,11
284156,1.15478,11
221236,1.154384,4
196144,1.153715,2
67154,1.153499,3
132437,1.15317,3
369447,1.152247,56
283627,1.152015,4
458872,1.151559,4
139639,1.149998,4
114250,1.148988,5
72597,1.14881,5
12040,1.14877,6
325765,1.148623,4
98665,1.148559,5
92243,1.148485,6
65941,1.148373,5
1590,1.148226,3
13783,1.148163,3
310816,1.14692,16
120990,1.146441,5
272963,1.146234,2
340118,1.14599,6
134108,1.145946,5
139489,1.145602,2
238247,1.145598,2
297669,1.145364,2
406780,1.145249,3
430223,1.145096,2
42593,1.144974,9
177382,1.144787,2
452484,1.144311,10
45622,1.144047,5
247950,1.143665,3
272733,1.143433,9
147008,1.143309,2
444824,1.143225,8
365889,1.142686,7
313205,1.142678,2
464041,1.142408,4
364328,1.141735,6
166402,1.141669,2
52616,1.141378,2
153437,1.140804,2
346203,1.140787,10
243222,1.140639,4
286723,1.139771,4
436549,1.139642,5
259009,1.139272,3
20663,1.138985,4
424193,1.138151,6
456602,1.137398,5
446441,1.137042,2
63524,1.13694,2
363468,1.136852,2
289057,1.136674,4
346437,1.136624,3
237952,1.136622,6
427591,1.136298,2
223829,1.136179,6
137034,1.135885,4
264777,1.135452,2
381057,1.13515,2
418974,1.134755,4
115764,1.134516,5
441645,1.134005,9
192468,1.133555,1
266085,1.133244,8
69167,1.133022,4
67438,1.132728,9
138949,1.132715,4
410460,1.131941,5
132469,1.13178,2
110376,1.131733,8
347859,1.131637,3
405714,1.13162,6
380993,1.131555,10
220016,1.129885,2
54746,1.129812,2
144131,1.129393,1
198105,1.129286,4
464812,1.129144,12
197872,1.127879,3
137825,1.127573,2
445780,1.127346,9
110922,1.126993,2
143678,1.126959,2
255972,1.126864,5
344739,1.126783,4
291920,1.126531,2
285221,1.126429,8
100150,1.125992,9
157492,1.125152,3
144717,1.124699,3
20299,1.124372,4
460553,1.124253,21
70124,1.123525,2
80726,1.123473,2
368159,1.122902,3
328224,1.122893,2
45226,1.121328,36
76477,1.120856,2
281276,1.12077,4
302407,1.120709,2
238766,1.120492,4
445676,1.120415,4
252712,1.120184,5
358845,1.120075,5
436360,1.120048,10
385755,1.120038,4
213785,1.119711,3
196536,1.119703,5
357564,1.119557,5
462349,1.119386,2
136471,1.119193,2
268897,1.119016,6
378322,1.11873,2
437320,1.118587,4
139332,1.117901,4
296098,1.117445,3
304028,1.117104,2
416102,1.116904,5
83127,1.116682,3
347851,1.116575,2
387330,1.116046,2
143891,1.116039,2
431447,1.115429,5
223366,1.115255,2
12827,1.115106,3
393111,1.114372,6
100159,1.113747,2
346501,1.113183,4
51408,1.112862,6
455223,1.112782,4
394974,1.112722,4
387167,1.111423,4
382354,1.110733,2
427147,1.110604,6
32287,1.109448,5
240721,1.109176,3
291202,1.108455,2
310764,1.108177,7
227414,1.107926,3
84643,1.107115,5
205777,1.107009,9
131080,1.106818,4
400066,1.106472,4
222185,1.106465,3
270798,1.106367,6
199975,1.106353,6
214271,1.106336,4
241875,1.106334,3
327640,1.10613,6
291901,1.106113,7
134118,1.105713,10
135661,1.10557,3
92765,1.105492,2
118031,1.103808,2
185677,1.103595,6
142589,1.103263,3
315248,1.102311,3
147176,1.102241,4
76918,1.102026,2
92580,1.101781,4
216271,1.101203,5
104923,1.100958,3
18626,1.100888,3
177814,1.100361,3
170894,1.100331,5
394293,1.100104,3
48289,1.09933,3
247059,1.099315,3
150809,1.098997,3
53516,1.098945,4
83717,1.098082,3
88446,1.097381,10
345979,1.097143,3
36291,1.096993,2
155214,1.096875,8
291521,1.096732,3
254510,1.096719,2
387493,1.096683,3
368701,1.096065,2
203187,1.095917,2
253156,1.095599,11
447756,1.095286,2
398161,1.094893,2
332605,1.094785,2
293397,1.09472,7
344216,1.094687,2
25742,1.094477,2
55044,1.094199,10
22926,1.093739,7
129974,1.093457,2
71229,1.093369,2
419371,1.093225,13
17069,1.093159,3
161431,1.09192,2
395969,1.091698,2
438182,1.091459,3
163076,1.091378,2
61240,1.09107,4
231308,1.090877,2
224771,1.090658,3
157981,1.090495,3
44329,1.090429,5
399031,1.090053,20
99583,1.089984,3
399674,1.089983,22
177106,1.089807,5
437371,1.089729,11
329587,1.089359,3
293139,1.089106,5
131611,1.088961,5
205392,1.088798,3
1510,1.088272,3
375021,1.088107,4
463764,1.087937,3
176323,1.087638,1
410063,1.087189,3
137427,1.086894,2
412662,1.086875,8
214659,1.086745,1
49405,1.086733,1
243245,1.086586,4
38529,1.086537,7
364074,1.086377,2
188858,1.085325,1
246428,1.084497,2
25383,1.084466,2
127634,1.084064,3
442575,1.083629,2
461858,1.083553,5
220410,1.083427,4
2110,1.083371,5
21300,1.083316,7
23634,1.083157,2
392792,1.083068,10
240170,1.082892,9
432478,1.082886,8
429776,1.082629,2
125084,1.081647,4
79975,1.081592,8
178163,1.081448,6
93558,1.081134,3
150593,1.080945,4
210223,1.080881,3
288387,1.080546,3
321984,1.080429,4
173253,1.080335,3
230397,1.080133,2
237086,1.079725,2
100735,1.079646,6
263385,1.079318,4
35202,1.079128,4
428976,1.07889,2
421994,1.07882,5
181523,1.078498,2
186900,1.077981,3
83882,1.07779,5
3188,1.077619,2
319084,1.077582,2
44561,1.077293,6
149230,1.076981,8
324396,1.07697,2
417992,1.07659,3
103462,1.076562,2
438151,1.076479,2
386704,1.076203,6
425607,1.075726,3
228608,1.075651,3
432675,1.075577,2
15049,1.075373,2
68237,1.075306,4
178250,1.075052,3
196659,1.075015,2
171145,1.074747,2
41611,1.074693,2
255177,1.074482,2
405694,1.074121,2
315387,1.073896,7
333428,1.073784,2
26210,1.073451,7
20354,1.07307,3
329977,1.073036,2
10412,1.072805,2
35608,1.072514,3
349887,1.072066,3
155195,1.072038,2
46253,1.071932,4
48184,1.071319,2
152376,1.070772,2
23706,1.070447,2
130226,1.070418,9
367664,1.070336,20
124919,1.070059,20
168111,1.069757,4
75573,1.069607,3
112280,1.069597,3
65755,1.069292,3
345330,1.068907,7
442423,1.068724,3
37011,1.068383,2
294325,1.067398,2
105726,1.067351,5
280888,1.067246,6
46671,1.066947,5
311585,1.066467,3
57492,1.066404,2
465278,1.065797,2
228731,1.065637,4
26730,1.065612,2
6720,1.065363,6
123032,1.065191,7
297619,1.064913,4
368702,1.064809,7
160949,1.064803,6
127593,1.064645,4
187208,1.064533,6
445285,1.064353,2
438885,1.064345,6
192090,1.064325,2
123645,1.064063,5
260481,1.063984,3
372688,1.063597,7
116779,1.063514,2
459040,1.063367,2
439444,1.063339,2
19789,1.062949,3
386758,1.062619,2
287536,1.062554,3
72284,1.062472,2
294676,1.062443,9
347105,1.06216,2
79251,1.061885,2
64951,1.061515,9
252100,1.061362,3
83450,1.060626,4
432779,1.060187,3
451388,1.060138,6
244838,1.059993,6
275354,1.059694,4
268944,1.059556,3
405541,1.05888,3
336200,1.057905,2
230757,1.057898,2
338671,1.057621,8
174140,1.057186,2
139978,1.057174,4
147051,1.057027,3
332295,1.056999,3
280046,1.056646,2
33139,1.056381,10
28144,1.056181,6
117730,1.055975,3
312581,1.055661,2
181550,1.055303,6
192950,1.05393,2
75764,1.053573,2
396791,1.053427,2
32366,1.053078,2
212457,1.052685,4
144507,1.051977,6
274746,1.051732,4
114115,1.051401,3
117788,1.05139,5
105875,1.050802,7
125921,1.05003,3
448690,1.049835,5
408172,1.049654,2
360156,1.049631,2
447888,1.049244,4
291609,1.049058,5
114000,1.048128,2
238865,1.047819,7
123212,1.047571,7
422044,1.047289,6
334476,1.046363,2
180566,1.045987,2
419225,1.045638,4
443098,1.045117,4
378936,1.044177,3
237213,1.043193,2
59003,1.043133,4
220858,1.042912,2
93315,1.04245,2
398115,1.04183,6
292218,1.041701,2
271887,1.041665,15
382163,1.040686,2
448574,1.040551,2
54558,1.040503,3
29725,1.040309,8
157962,1.039925,5
65426,1.039884,2
231400,1.038561,3
39933,1.038414,9
76878,1.0384,3
25662,1.03809,6
132187,1.03789,4
151618,1.037786,4
463347,1.037753,4
55036,1.037508,1
259141,1.0375,1
324195,1.036755,2
348500,1.036375,9
283436,1.036191,4
276240,1.036095,5
358041,1.035971,7
153084,1.035892,2
278900,1.035864,2
284599,1.03534,2
321460,1.034826,4
259078,1.034646,17
351879,1.034515,4
342330,1.034444,4
202168,1.034415,3
245005,1.034021,1
199726,1.033781,4
306041,1.033179,4
116481,1.032833,14
309173,1.032826,2
390553,1.032794,3
250069,1.032639,2
273649,1.032403,2
188980,1.032119,16
446849,1.031816,3
338096,1.031676,3
274460,1.031499,4
259189,1.03143,6
440745,1.03128,5
305503,1.031045,7
427375,1.030433,3
31357,1.029814,3
252767,1.029761,3
415160,1.029732,3
135004,1.029616,5
459149,1.029163,4
16344,1.029104,6
102938,1.02896,6
227621,1.028503,5
365340,1.02836,3
460552,1.028343,1
138931,1.028023,6
401639,1.027304,1
292272,1.027227,1
396633,1.027223,3
219833,1.027139,2
24727,1.027116,2
253430,1.026935,2
42002,1.026827,24
413951,1.026297,5
225066,1.025957,4
443466,1.025006,2
158808,1.023556,5
24136,1.023527,3
319797,1.023064,3
167769,1.022811,6
276245,1.022177,4
437051,1.022152,2
335938,1.02211,3
59752,1.021916,2
220003,1.021893,3
340490,1.021705,11
286558,1.021467,2
224178,1.021175,2
167502,1.020967,2
372494,1.020303,2
261589,1.020293,12
243170,1.020234,2
169762,1.019996,2
80661,1.019915,4
156587,1.019658,2
196477,1.019552,13
31248,1.019136,2
144102,1.018932,6
223355,1.018475,3
324109,1.018191,4
326974,1.017802,2
386692,1.017577,3
14890,1.01696,2
255344,1.01683,7
41763,1.016607,2
349594,1.016518,5
211132,1.016432,3
19677,1.015899,3
15320,1.015599,4
357844,1.015557,3
134604,1.015035,2
259455,1.015006,2
105869,1.014655,2
239203,1.014597,2
406070,1.014588,8
286136,1.014555,2
8159,1.014547,2
59573,1.01451,2
302878,1.014423,2
235639,1.014097,2
71836,1.014096,3
414914,1.0137,5
338530,1.013434,2
51259,1.013238,2
42,1.013096,3
335536,1.012878,2
165056,1.012858,3
76512,1.012733,3
134184,1.012042,2
152198,1.012018,2
1895,1.011735,3
234051,1.011503,3
163445,1.011047,4
275193,1.011007,3
275294,1.010279,8
421788,1.010135,3
225105,1.010082,5
155097,1.009714,2
371381,1.009619,5
236385,1.009578,2
168963,1.008892,3
136553,1.008648,6
264179,1.008603,6
98955,1.008454,3
119298,1.008413,3
311341,1.00816,5
69678,1.008007,2
312388,1.007795,2
80973,1.007715,2
57013,1.007082,3
466161,1.007061,3
369194,1.006559,5
266832,1.006287,2
188002,1.006093,7
266512,1.006047,2
434118,1.005055,1
378134,1.005025,4
441907,1.004889,8
417418,1.004643,4
303229,1.004393,4
203444,1.003767,4
139515,1.003307,11
78915,1.003285,2
348947,1.003173,2
445135,1.003076,4
320058,1.00297,2
432748,1.002941,4
97890,1.002925,10
332769,1.002544,4
169194,1.00223,6
215412,1.001877,1
267416,1.001744,5
251543,1.001406,2
99303,1.001264,3
398488,1.001065,4
303821,1.000259,2
311082,0.9999,1
14741,0.999786,3
118279,0.99976,1
400376,0.999647,3
206693,0.99957,2
389722,0.999468,5
350581,0.999264,4
55849,0.99923,1
56387,0.998981,1
351555,0.998653,1
342816,0.998401,9
387636,0.997777,3
213213,0.997476,1
19488,0.997006,2
417230,0.996715,2
286861,0.996539,1
364543,0.99626,7
176810,0.996081,3
464220,0.995975,4
359040,0.995595,4
15212,0.995513,1
188672,0.995286,1
360793,0.995203,1
68514,0.995149,1
255551,0.995049,1
315634,0.994974,1
328894,0.99462,1
245485,0.994412,1
118707,0.994386,1
10594,0.994276,1
354832,0.993904,1
346625,0.993868,4
118780,0.993759,4
417336,0.993686,1
110529,0.993676,6
431224,0.993648,1
44811,0.993631,1
444384,0.993575,1
195317,0.993561,1
305830,0.993394,1
15828,0.993306,1
431603,0.993225,1
71754,0.993092,11
425213,0.992682,1
189098,0.992658,1
466008,0.992182,5
227447,0.992096,1
145280,0.992069,1
276571,0.992001,2
324648,0.991677,1
347852,0.991667,2
336319,0.991629,5
135560,0.991585,1
107792,0.991553,5
77728,0.9915,1
385834,0.991367,1
45726,0.991263,2
377635,0.991154,3
293029,0.991103,1
234177,0.99096,3
164191,0.990938,1
247374,0.990896,4
441250,0.990727,15
51290,0.990625,1
135976,0.990603,1
308102,0.990563,9
110936,0.990371,2
77822,0.990222,1
409334,0.99016,2
443776,0.98994,1
339966,0.989886,5
222106,0.989885,4
450942,0.989829,3
442024,0.989525,4
147307,0.989104,3
102829,0.988866,1
53005,0.988701,1
382207,0.988651,1
424461,0.988588,1
278683,0.988574,1
317816,0.9881,2
169571,0.988082,20
182644,0.988046,2
451280,0.987859,1
461622,0.987607,1
305418,0.98754,2
263258,0.987472,2
420872,0.98745,1
186546,0.987417,2
387192,0.987417,1
448939,0.987417,1
337381,0.987393,1
45658,0.987346,2
456656,0.987277,6
73364,0.987191,5
4950,0.98712,3
312632,0.987083,1
419470,0.987038,5
256329,0.986999,1
106741,0.986799,5
143893,0.98678,1
347505,0.986735,1
16862,0.986617,2
354484,0.986513,4
17568,0.986289,4
419479,0.986268,4
296247,0.986116,1
444697,0.986087,4
400762,0.985873,1
255528,0.985789,4
101637,0.985625,2
149271,0.985555,1
144705,0.985431,1
220589,0.985248,1
42554,0.984999,1
34875,0.984977,3
293125,0.984942,1
202309,0.98489,1
41932,0.984483,9
269994,0.984427,1
336323,0.984356,1
277688,0.984246,1
122130,0.984225,1
319026,0.984186,1
423987,0.984106,1
17413,0.984069,1
409017,0.983955,5
444540,0.983946,1
83833,0.983612,3
181831,0.983584,2
175076,0.98353,1
157071,0.983514,2
301235,0.982927,49
53857,0.982712,2
253425,0.982645,2
449895,0.982566,2
337367,0.982256,2
269620,0.981885,2
64669,0.981793,2
207344,0.981531,5
281103,0.981432,11
312982,0.981016,2
17866,0.980791,2
148666,0.980502,5
203780,0.980175,12
34532,0.979901,3
288312,0.979734,4
251248,0.979733,4
121849,0.979635,2
337529,0.979618,2
137348,0.979422,2
20410,0.979284,3
153280,0.978923,3
335430,0.978919,2
313391,0.978789,7
90931,0.978781,11
354511,0.978572,3
91249,0.97848,6
91206,0.978202,6
409530,0.977811,2
300716,0.97772,2
197034,0.977701,4
67423,0.977217,3
202432,0.97648,3
402510,0.976085,5
178498,0.975999,7
218648,0.975722,5
246090,0.975664,5
201941,0.97544,3
37554,0.975182,4
325710,0.975106,2
97123,0.974992,2
294482,0.9749,2
318789,0.974799,5
421739,0.974554,3
11479,0.974346,2
96376,0.974197,4
351626,0.974081,9
289633,0.973748,10
89356,0.973715,6
209129,0.973692,4
206673,0.971674,4
233243,0.971565,1
162748,0.971533,1
340803,0.97109,2
371008,0.971052,7
257412,0.970813,5
181050,0.970265,5
396241,0.970025,4
111165,0.969819,2
229745,0.969496,1
372845,0.969473,6
4561,0.969287,3
380747,0.969176,6
36535,0.969029,2
383416,0.969014,3
257655,0.968993,11
294395,0.968971,2
293972,0.96887,2
276591,0.968817,7
11663,0.968688,12
425969,0.968382,2
240348,0.967079,1
431099,0.96707,23
402455,0.966658,10
55595,0.966308,2
426031,0.966283,3
408673,0.96562,4
359361,0.965409,2
367490,0.965407,4
307151,0.965381,1
375160,0.965196,5
130208,0.964977,2
96513,0.964953,1
320900,0.964784,3
218531,0.964526,6
443286,0.964515,2
245476,0.964497,2
418954,0.964473,1
140730,0.964348,4
269187,0.964315,1
192915,0.964311,3
210239,0.964224,1
239020,0.96405,2
320870,0.964002,3
261153,0.963948,1
322032,0.963757,4
72238,0.963717,2
206264,0.96362,4
252761,0.963615,1
415236,0.963447,2
287045,0.963377,1
413834,0.963369,1
250408,0.963244,1
446861,0.963163,8
312613,0.963159,2
299466,0.963057,1
108473,0.96291,1
293299,0.962803,1
196205,0.962758,1
165259,0.962528,6
86286,0.962379,4
283153,0.962344,1
129155,0.962242,2
9060,0.962075,1
312357,0.962039,1
139243,0.961741,3
227976,0.961638,6
445631,0.961499,1
204023,0.961453,11
386010,0.9609,3
182927,0.960824,1
1377,0.960774,3
142219,0.960519,1
286940,0.960083,3
183671,0.959904,5
450237,0.959755,1
121325,0.959618,1
136182,0.959536,10
243310,0.959534,2
263741,0.959384,7
342659,0.959288,2
306285,0.959257,3
239559,0.959232,1
460639,0.958972,1
301,0.958911,1
10519,0.958869,1
45904,0.958689,1
241612,0.958668,1
255600,0.958524,3
346967,0.958487,1
415791,0.958455,1
154264,0.958425,1
39421,0.958381,1
348938,0.958339,1
460498,0.958221,2
413420,0.958206,3
151048,0.958103,1
335632,0.958085,1
110183,0.958065,1
230605,0.958004,2
283786,0.957813,1
322342,0.957622,7
163916,0.957621,1
200946,0.957505,1
450887,0.957496,2
18237,0.957381,1
28072,0.957319,3
226891,0.95729,4
24246,0.957235,1
142587,0.957201,1
114763,0.956815,2
186352,0.956684,5
135039,0.956373,1
39200,0.956266,1
266030,0.956225,1
206151,0.95605,1
405898,0.95601,1
131502,0.955936,1
441836,0.955935,2
252347,0.955812,1
49341,0.955807,4
461538,0.955776,5
157480,0.955761,1
427103,0.955709,4
88560,0.955621,1
368074,0.955168,6
180182,0.955019,1
354403,0.954758,1
233695,0.954675,4
233484,0.954597,1
314880,0.954568,1
159775,0.954565,1
435666,0.954495,1
19078,0.95448,2
407706,0.954466,2
60330,0.954439,2
27921,0.954308,1
63398,0.953925,1
297884,0.953806,10
18561,0.95375,3
448764,0.953567,1
109208,0.953561,1
202345,0.953522,4
423735,0.953453,2
433394,0.953304,2
143615,0.953242,2
386830,0.95306,1
404999,0.953039,2
63264,0.952957,1
27926,0.952832,4
28983,0.952704,2
382317,0.952671,2
217712,0.95191,2
399052,0.951816,3
348890,0.951743,2
369497,0.951729,1
368315,0.951544,1
442839,0.951436,4
296762,0.951231,5
14943,0.951218,8
310808,0.951113,3
342823,0.950855,3
143046,0.950716,5
235664,0.950565,3
3962,0.950564,18
17766,0.950473,5
152236,0.950466,3
83489,0.950395,8
58059,0.949974,5
57593,0.949465,5
213543,0.949278,3
428658,0.948643,4
406764,0.948594,1
105948,0.948518,3
1152,0.948502,9
350305,0.947935,2
53735,0.947687,4
169731,0.947638,2
174265,0.947551,4
83586,0.947443,4
312781,0.947339,12
354541,0.947059,2
66424,0.946365,12
238995,0.946345,18
448847,0.946264,3
182539,0.946224,10
72863,0.945743,6
367079,0.945702,2
94773,0.945085,4
294995,0.945063,3
4756,0.944754,2
80284,0.9447,2
24059,0.944325,3
187862,0.944308,5
329467,0.94425,4
461915,0.944104,11
95447,0.944028,2
25820,0.943955,1
4545,0.94373,2
427669,0.943554,2
170463,0.943357,7
151061,0.942885,7
349735,0.942826,3
263287,0.942821,3
9211,0.942594,5
6917,0.942301,5
27719,0.942262,2
391992,0.942123,3
420875,0.942079,2
375464,0.941093,2
366667,0.940853,6
285335,0.94024,2
305954,0.940106,5
253602,0.939356,2
29966,0.939112,3
227814,0.938801,1
51360,0.938566,8
63113,0.938351,4
334007,0.938296,2
61482,0.938143,2
462423,0.937576,4
302569,0.937369,2
360328,0.937027,2
75547,0.936756,4
21253,0.936166,19
112047,0.936164,4
281284,0.936146,1
418764,0.93604,5
253273,0.936002,3
112321,0.93594,1
391823,0.935831,6
361956,0.935599,6
428646,0.935558,2
115107,0.935498,2
189404,0.935041,1
363645,0.934912,7
350527,0.93476,1
229821,0.934713,2
350525,0.934675,5
164242,0.934658,3
152575,0.934638,1
288517,0.934627,3
163391,0.934621,1
435959,0.934578,1
12765,0.934471,12
129356,0.934418,20
64381,0.934372,1
37174,0.93418,1
192221,0.933922,2
375820,0.933684,2
289298,0.933515,5
266521,0.933504,13
40630,0.933189,3
464166,0.933072,2
19031,0.932638,1
248358,0.932571,2
393939,0.932509,1
406382,0.932376,2
272569,0.932368,2
377249,0.932295,2
19535,0.932047,1
170500,0.931958,1
23683,0.931891,4
145144,0.931208,1
161556,0.931168,1
206302,0.930944,5
411509,0.930824,1
454878,0.930624,5
420632,0.930539,1
129633,0.930435,1
206280,0.930428,1
281212,0.930239,10
429068,0.930035,1
50889,0.929956,3
234746,0.929834,1
328715,0.929794,1
356295,0.929778,1
319604,0.92975,1
170498,0.929388,1
109219,0.929345,2
446872,0.929232,1
243157,0.92923,1
65439,0.929188,1
28320,0.928688,4
36956,0.92867,1
1392,0.928659,1
244896,0.928336,3
413571,0.928158,1
172004,0.92795,9
376800,0.927945,1
194001,0.927917,1
366415,0.927466,4
416988,0.927322,2
232247,0.927284,3
86464,0.927242,1
65455,0.927215,2
372894,0.927133,1
144607,0.926911,1
193115,0.926902,1
180389,0.9269,1
271737,0.926682,1
3629,0.926674,1
283573,0.92659,5
188777,0.92655,1
257575,0.926505,10
9680,0.926222,1
90038,0.926153,1
55359,0.925938,1
459438,0.925864,1
169583,0.925769,5
224936,0.925742,1
158220,0.925676,1
187772,0.925428,1
256763,0.924938,1
348325,0.924934,1
208107,0.924927,1
123329,0.924898,2
130041,0.924681,1
331032,0.924583,1
32989,0.924455,1
320128,0.924419,1
73732,0.924381,1
128625,0.924365,1
92499,0.92428,3
33395,0.924273,1
109967,0.924148,1
55765,0.924084,1
199018,0.924048,3
237482,0.92398,1
257863,0.923802,3
236377,0.923745,1
215900,0.923625,2
445134,0.923615,3
436704,0.923413,1
74789,0.923407,6
190978,0.923381,1
259341,0.923351,1
43646,0.923318,1
376134,0.923301,1
355576,0.923188,1
65644,0.923155,1
88680,0.92314,1
8619,0.923129,1
225917,0.923128,1
56557,0.923034,1
377089,0.923014,1
387638,0.922947,1
117357,0.922932,1
155967,0.922911,1
435624,0.922809,18
235423,0.922788,1
166692,0.922661,1
283405,0.922553,5
328430,0.922394,2
434009,0.9222,1
321574,0.922112,1
83556,0.922111,1
337091,0.921927,1
224056,0.92187,2
214003,0.921786,1
363305,0.921669,1
294752,0.921525,1
52230,0.9215,1
114671,0.921301,1
135974,0.921148,3
325066,0.921107,1
67745,0.921097,1
440232,0.92104,1
260256,0.920978,25
104023,0.92096,5
385520,0.920909,6
125628,0.920484,6
167256,0.920478,1
300315,0.920211,2
45731,0.920167,8
454656,0.920145,3
417753,0.920091,4
295557,0.919973,1
179980,0.919533,2
33182,0.91947,4
381613,0.919446,10
393767,0.919282,6
295738,0.919105,2
299817,0.919014,3
9026,0.918996,2
168661,0.918864,5
20868,0.918834,2
102465,0.918672,2
252536,0.91786,2
106672,0.917566,2
404035,0.917454,2
318225,0.917434,2
4613,0.917089,3
222426,0.917063,3
409562,0.916838,3
332531,0.916646,5
158575,0.916593,4
218215,0.916483,2
370635,0.916357,2
146849,0.916328,2
1880,0.916145,3
254301,0.916038,3
259384,0.916001,2
36995,0.915454,6
144862,0.915374,2
219660,0.915037,2
267596,0.914879,4
122496,0.914807,2
198400,0.914294,7
157081,0.914245,4
278216,0.91418,5
275692,0.914119,3
195903,0.914117,4
337136,0.914082,4
329443,0.914033,5
172470,0.913325,2
451605,0.913187,2
164324,0.912914,2
112946,0.912845,2
418606,0.912647,4
2104,0.912174,4
69171,0.911881,4
235460,0.911315,7
61478,0.910996,2
79580,0.910994,1
10148,0.910729,4
127995,0.910603,2
446542,0.910467,2
380438,0.910131,4
211749,0.909854,3
361496,0.90974,3
260282,0.909475,2
52811,0.909351,3
315545,0.909225,8
412865,0.908641,3
187848,0.908196,3
57194,0.907978,2
256007,0.907459,2
364249,0.907322,4
359661,0.906959,3
275559,0.90687,18
288077,0.906381,5
295998,0.906325,4
317792,0.905443,3
343375,0.905266,2
88886,0.904867,2
91547,0.904773,5
240799,0.90459,2
166252,0.904423,2
172113,0.904387,5
428046,0.904309,6
226114,0.90409,1
206919,0.904021,3
244329,0.904019,6
409771,0.903619,3
450866,0.903605,4
204980,0.90353,5
447757,0.903404,1
308933,0.903204,1
384338,0.903197,1
10253,0.90319,1
163575,0.903075,1
372442,0.903056,2
368093,0.903035,1
113764,0.903035,1
179258,0.902833,1
304281,0.902721,2
241486,0.902506,2
374143,0.902489,1
118888,0.902482,2
186391,0.902468,5
306297,0.902443,3
299713,0.902345,1
16063,0.902326,3
171611,0.901905,3
282933,0.901903,2
93001,0.901836,3
96377,0.901783,1
8300,0.901758,2
140848,0.901673,1
451230,0.901631,1
156514,0.901628,2
277391,0.901501,1
288464,0.901287,1
394458,0.901086,2
78523,0.901046,3
223582,0.900782,5
354923,0.900563,4
261466,0.900503,1
374697,0.900482,1
36587,0.90043,3
201429,0.900285,1
157121,0.900045,3
50901,0.899877,1
70879,0.899546,1
284180,0.899446,1
83572,0.899371,1
408132,0.899365,1
418911,0.899349,1
94521,0.899322,4
152590,0.899282,3
31058,0.899265,1
331394,0.899205,1
429700,0.899191,1
176419,0.898904,4
276479,0.898843,1
335102,0.898789,3
221913,0.898677,1
423812,0.898579,1
141718,0.898543,2
299640,0.898512,1
382143,0.898368,1
402460,0.898245,5
451207,0.897897,7
259474,0.897861,1
427541,0.897759,7
277746,0.897705,4
44795,0.897313,3
415056,0.897116,1
104767,0.897092,1
62442,0.89667,3
289858,0.896553,1
466747,0.896488,7
223203,0.89646,13
251836,0.896363,1
253731,0.896302,1
97894,0.896202,1
297594,0.896191,1
294449,0.896175,4
204,0.896111,1
112197,0.895985,5
357224,0.895869,1
366266,0.895678,1
6741,0.895678,1
320429,0.895626,1
374859,0.895578,1
454669,0.895468,1
55572,0.895422,4
63852,0.895403,2
309594,0.895381,2
415995,0.895319,6
462370,0.895277,1
435345,0.895253,1
435557,0.895185,1
314952,0.895083,5
384319,0.895034,2
433157,0.895031,1
211906,0.894925,1
112925,0.894832,3
271803,0.894794,1
43831,0.894787,6
55557,0.894564,1
74006,0.894391,1
449316,0.894264,1
368788,0.894173,6
223392,0.894116,1
328075,0.894012,1
421884,0.893952,24
392770,0.893892,1
207556,0.893759,2
187511,0.893485,3
95166,0.893418,2
361147,0.893356,1
207190,0.89326,1
156211,0.893237,1
106844,0.893212,1
242976,0.893108,3
7747,0.893074,6
340267,0.892969,1
394220,0.89295,1
177011,0.89287,1
408596,0.892865,1
73561,0.892858,1
462271,0.892852,2
3017,0.892849,1
187803,0.892805,1
126635,0.892798,1
34951,0.892784,1
257198,0.892782,1
138758,0.89274,4
164145,0.892731,1
4042,0.892729,1
164632,0.892718,1
217368,0.892711,1
308344,0.892669,1
65280,0.892656,1
440345,0.892647,1
127478,0.892624,2
30275,0.892602,1
99824,0.892583,8
207286,0.892551,1
386404,0.892534,1
82131,0.892512,1
323540,0.892505,1
230330,0.892487,1
257331,0.89248,1
462657,0.892445,1
78146,0.892401,1
406085,0.892383,1
258400,0.892246,1
120838,0.892153,1
253252,0.892064,1
386669,0.892032,1
385261,0.892031,5
142586,0.892026,1
313714,0.892015,1
72307,0.89194,2
193188,0.891811,1
375711,0.891801,1
143840,0.891734,1
401400,0.891471,5
219770,0.891415,1
173779,0.891403,2
411681,0.891262,2
118606,0.891104,1
78883,0.891085,7
125211,0.891077,1
43242,0.891061,1
348157,0.890744,2
70561,0.890675,1
65719,0.890612,3
172033,0.89059,1
103522,0.890468,3
227984,0.890465,1
122219,0.890425,29
161102,0.890418,1
425891,0.890339,1
1987,0.890234,2
377269,0.890172,5
86391,0.890115,4
453487,0.89011,11
150547,0.889958,9
78590,0.889695,9
3686,0.889629,3
302858,0.889628,9
358683,0.889592,3
29693,0.889451,1
89704,0.889236,3
423785,0.889087,2
85237,0.889083,2
364664,0.889005,2
423288,0.888782,1
377886,0.888699,2
84947,0.888525,4
190260,0.888231,5
433900,0.887921,6
245376,0.887878,2
209420,0.887851,2
293416,0.887648,7
227211,0.887597,7
91953,0.887374,3
180492,0.887107,2
188190,0.886667,1
19912,0.88648,2
96394,0.886418,2
213143,0.886407,1
84775,0.8864,1
17163,0.886385,4
41882,0.886365,1
156655,0.886125,2
301013,0.885732,8
67814,0.885476,6
167971,0.885258,2
370530,0.885244,4
130822,0.885045,3
319869,0.885012,3
47334,0.884242,2
239118,0.884224,2
379520,0.883898,21
132168,0.883427,4
29393,0.883332,2
219886,0.883169,3
258266,0.883112,5
279720,0.882914,6
138356,0.882882,5
261269,0.882877,3
457018,0.882787,3
349506,0.88239,2
216556,0.882228,6
81086,0.882083,2
356024,0.881996,3
354233,0.881966,7
257402,0.881378,10
302066,0.881194,8
402831,0.881113,2
20407,0.880383,2
113870,0.880285,1
50443,0.880258,10
22568,0.880156,2
144704,0.879947,9
382958,0.879774,15
289495,0.879436,5
211377,0.879434,7
102026,0.879028,3
283492,0.87873,2
170952,0.878692,2
45140,0.878523,4
312436,0.878452,1
277139,0.878259,4
454677,0.877941,4
124295,0.877846,4
461056,0.877542,3
241467,0.877514,2
408847,0.877112,4
273169,0.877051,2
386279,0.876936,5
8411,0.875843,3
421175,0.875821,2
282820,0.875777,8
386102,0.875734,2
129300,0.875543,2
161609,0.875537,1
306013,0.875364,1
5356,0.875318,1
193853,0.875001,1
445106,0.874723,5
411575,0.874518,5
435709,0.874123,4
426947,0.873569,3
49990,0.873466,2
56382,0.873206,1
79955,0.873175,5
240248,0.873145,4
217869,0.873068,5
17415,0.872981,6
305798,0.872979,3
264605,0.872839,5
188700,0.872771,3
465211,0.872578,5
358957,0.87243,1
459374,0.872429,5
161785,0.872308,3
229071,0.872005,3
246997,0.871831,3
420896,0.871754,11
28238,0.871634,4
106299,0.871498,2
109776,0.871462,2
406714,0.871429,3
326551,0.871379,6
218871,0.871366,2
398178,0.871224,1
439679,0.87094,3
448193,0.870835,3
249511,0.870753,3
240470,0.870584,8
391779,0.87032,1
205418,0.87027,3
16881,0.870237,4
439997,0.870123,1
400673,0.869852,1
50377,0.869699,4
422955,0.869022,1
244647,0.869001,11
212672,0.868935,10
278351,0.868802,3
324077,0.868736,3
412707,0.868717,1
104686,0.868691,1
61840,0.86866,3
363378,0.868638,2
313463,0.868598,2
64959,0.868353,1
377151,0.868176,1
49415,0.86795,1
53824,0.867866,2
372298,0.867782,3
133244,0.867662,2
140378,0.867514,6
57245,0.867098,26
82586,0.867066,3
132068,0.867055,10
248679,0.867053,31
15375,0.867043,2
219328,0.866978,3
174878,0.866869,2
74296,0.866788,4
243143,0.866607,5
164695,0.866536,3
297374,0.866257,2
429595,0.866193,9
393509,0.866191,5
28959,0.866118,3
305016,0.866041,9
150748,0.866018,2
179496,0.865838,5
22869,0.865556,3
59616,0.865499,1
372005,0.865469,3
328905,0.86538,2
182131,0.865337,3
466688,0.86527,2
81420,0.865196,1
43743,0.864976,2
455886,0.864484,14
320206,0.864092,1
45148,0.863807,2
108319,0.86353,1
279457,0.863397,18
439856,0.863049,1
332024,0.862825,1
8519,0.862339,1
240262,0.86228,6
338214,0.862142,7
272880,0.861797,3
361976,0.861778,3
21320,0.861769,6
286477,0.861624,3
173671,0.861622,1
79823,0.861535,1
106837,0.86153,1
418390,0.861404,3
180905,0.860907,7
218390,0.860889,1
368357,0.860755,1
217538,0.860312,3
148855,0.859647,14
17158,0.859619,2
235696,0.85961,2
49013,0.859567,3
60980,0.859487,17
8168,0.85919,1
322004,0.859119,3
96043,0.858828,1
234361,0.858624,2
110983,0.858583,3
405315,0.858502,4
326946,0.858335,1
240440,0.858128,3
284176,0.857928,5
459989,0.857654,3
376092,0.857391,5
183226,0.856959,3
446420,0.856811,5
425925,0.856723,4
183480,0.856622,2
270013,0.856582,3
446730,0.856503,2
312163,0.85637,5
384470,0.8563,4
184973,0.856233,3
273652,0.856094,1
328845,0.856064,4
58627,0.855605,3
25091,0.855562,5
443957,0.855359,2
347461,0.855316,1
243224,0.85528,2
265682,0.854997,2
158047,0.854996,2
71660,0.854903,2
125751,0.854428,5
280058,0.854012,13
300696,0.853852,2
438864,0.853541,3
405812,0.853403,2
261990,0.853306,2
392175,0.853287,2
296320,0.853273,2
159200,0.85294,3
88432,0.852283,4
335457,0.852068,6
9975,0.852037,4
265966,0.85161,4
336283,0.851274,4
362059,0.85124,4
114735,0.851013,3
252068,0.850871,7
341726,0.850171,2
121295,0.849967,3
422803,0.849674,6
27516,0.849661,6
174284,0.849641,4
449497,0.849531,3
230931,0.849511,2
302098,0.848889,3
296901,0.848783,2
38272,0.84863,1
29162,0.84848,9
45330,0.848402,1
389200,0.847766,6
432183,0.847566,6
286736,0.847379,4
441966,0.847151,5
273727,0.847105,2
372982,0.846959,3
376429,0.846875,1
65081,0.846626,1
58775,0.846604,4
232462,0.846541,3
116475,0.8465,4
374759,0.846119,7
46126,0.845976,3
120471,0.845598,3
39641,0.845196,1
220896,0.845194,3
79376,0.844821,6
287788,0.844716,1
373600,0.844685,5
159813,0.844574,8
66487,0.844571,1
221303,0.844447,1
215483,0.84442,1
420693,0.844357,1
146566,0.844191,3
286268,0.844139,3
461765,0.844083,7
238386,0.843994,4
417733,0.843991,3
254029,0.843845,2
323363,0.843692,5
140661,0.843664,6
261962,0.843427,1
318333,0.843389,23
51954,0.843025,1
398887,0.84279,3
465548,0.84201,2
41169,0.841946,5
325717,0.841836,3
145730,0.84182,3
136316,0.841266,3
444163,0.841084,6
58192,0.84093,4
238445,0.840827,10
283620,0.840568,5
402258,0.840415,1
24219,0.840349,1
182985,0.840307,2
235971,0.84026,8
7349,0.840062,1
68491,0.839935,1
194596,0.839792,3
222357,0.839723,2
378731,0.839698,2
72958,0.839613,2
252031,0.839283,5
408218,0.839245,9
278186,0.839223,1
297866,0.839189,1
146954,0.839158,2
126357,0.839141,1
389693,0.839116,1
114134,0.838987,1
234890,0.838741,4
307883,0.838517,3
408414,0.838481,1
390286,0.838475,1
414695,0.838473,1
358161,0.838469,1
93873,0.838405,1
34847,0.838353,1
86802,0.838168,1
128304,0.83814,1
125578,0.838067,1
327471,0.838062,5
92198,0.838027,1
410086,0.838022,3
400525,0.837942,4
275580,0.837916,8
450455,0.837742,6
220353,0.837659,1
179151,0.837366,1
256453,0.837245,1
259904,0.837191,1
198683,0.837001,4
461274,0.836843,2
400093,0.83679,7
45671,0.836479,1
325051,0.83646,1
239746,0.836389,1
22772,0.836239,5
357851,0.835983,2
40359,0.835944,2
308504,0.835783,4
147595,0.835562,4
149735,0.835501,2
164649,0.835501,1
67590,0.835391,3
264236,0.835317,2
439988,0.835208,3
226596,0.835151,3
449468,0.835093,2
317555,0.835029,3
110403,0.835,5
350163,0.834933,4
218557,0.834839,1
350872,0.834792,3
268049,0.834539,4
411611,0.834465,1
387956,0.834429,1
176648,0.834238,2
295626,0.834172,3
342443,0.834155,2
239571,0.834125,1
465167,0.833988,2
198782,0.833835,3
316769,0.833615,1
435358,0.833496,1
331250,0.833452,2
12996,0.833373,1
57445,0.833342,2
320148,0.83324,2
171131,0.833105,2
221614,0.832816,6
74786,0.832811,1
192654,0.832652,5
62557,0.832273,4
441974,0.832259,3
8096,0.832103,4
299306,0.831998,3
415516,0.831819,2
77189,0.831781,2
258097,0.831525,2
96021,0.831384,3
297858,0.831165,3
319160,0.831109,3
86057,0.831065,7
404121,0.831034,3
112917,0.830815,2
165415,0.830516,3
277183,0.830494,2
34471,0.830394,4
159747,0.830311,4
15358,0.830061,2
185725,0.829956,3
401111,0.829588,3
304742,0.829376,6
462641,0.829354,3
462461,0.829153,2
446567,0.829016,4
318294,0.828712,3
455708,0.82854,1
151873,0.828417,3
267403,0.828352,4
465472,0.828134,5
434851,0.827938,2
282569,0.827859,4
38932,0.827592,4
233320,0.827316,3
282416,0.826959,4
219710,0.826285,2
95263,0.82619,5
52571,0.826045,5
59222,0.8257,3
148574,0.825604,3
434517,0.825481,2
106374,0.824794,3
323578,0.824504,2
260581,0.823892,5
209090,0.823676,5
85831,0.823575,4
201444,0.823437,2
77514,0.82338,7
285412,0.82336,2
14331,0.823103,2
292952,0.822974,3
311742,0.822818,2
466843,0.822754,2
308764,0.822598,2
300670,0.822593,6
59691,0.822339,2
274,0.822198,2
68000,0.821896,4
227790,0.821701,6
148788,0.821056,2
256706,0.820979,3
388755,0.820622,6
195490,0.820469,2
199646,0.820422,3
138230,0.820353,3
320409,0.820073,2
306505,0.819938,7
877,0.819831,2
29539,0.819792,5
449582,0.819635,1
168474,0.819515,2
18282,0.81922,2
84310,0.81918,11
69459,0.819156,3
208270,0.819106,5
38475,0.818873,2
233891,0.8188,1
46982,0.818731,1
79959,0.818598,2
262923,0.818594,5
260036,0.818219,1
148360,0.818181,3
107175,0.818151,1
339032,0.818113,1
91839,0.817709,2
144127,0.817559,2
115889,0.817513,5
303111,0.817084,3
33537,0.817041,1
268257,0.816608,1
405163,0.815733,1
362155,0.815648,3
159858,0.815273,1
436824,0.815166,1
305820,0.815162,1
390206,0.815124,8
459139,0.815108,1
67811,0.815075,6
198504,0.814674,1
462033,0.814635,7
213521,0.814588,1
2142,0.814314,6
99489,0.814293,1
219861,0.814293,1
430556,0.81429,1
46051,0.814266,1
130054,0.814262,4
99729,0.814203,1
6757,0.814088,1
191801,0.814011,1
377809,0.81401,1
100875,0.814009,1
431608,0.814006,1
169396,0.814005,1
154385,0.813915,6
451452,0.81378,3
94128,0.813647,1
364008,0.813357,3
378429,0.813237,1
139742,0.813236,1
125461,0.813175,2
141992,0.813109,5
180080,0.813057,1
31440,0.813054,1
63747,0.812962,1
84919,0.812917,1
59329,0.812873,3
143043,0.812867,1
176283,0.812867,1
22338,0.812866,1
274823,0.812865,1
65490,0.812839,2
55018,0.812716,1
334152,0.812714,1
38430,0.812711,1
141030,0.812681,3
365453,0.812656,1
200537,0.812616,6
412636,0.812595,1
372418,0.81254,3
63651,0.812501,3
225279,0.812489,19
349067,0.812484,1
157765,0.812463,1
377237,0.812453,2
234137,0.812281,1
93104,0.812271,2
370745,0.812235,7
185083,0.812161,1
264439,0.812115,1
336052,0.81211,1
132575,0.812104,1
451046,0.8121,1
272002,0.812098,1
239082,0.812093,1
145907,0.81209,1
82019,0.812087,1
61865,0.812083,1
349846,0.811937,4
392162,0.811832,4
65637,0.811768,1
75922,0.811727,7
188666,0.811505,3
211514,0.811431,1
170396,0.811401,1
338410,0.811318,1
443644,0.811222,1
90241,0.811128,1
264715,0.810766,1
406731,0.810758,1
372248,0.810756,1
114721,0.810729,1
249521,0.810624,1
291285,0.810575,5
208351,0.810559,1
451703,0.810359,1
231396,0.810347,1
366083,0.810153,1
79484,0.810147,11
344262,0.810005,5
351154,0.809992,1
458803,0.809981,4
393078,0.809965,1
404640,0.809816,2
286012,0.809813,2
368245,0.809757,3
14184,0.809633,3
450641,0.809474,5
186507,0.809317,1
215793,0.809234,1
300872,0.809183,4
439023,0.809139,1
109877,0.80913,1
319707,0.809125,1
52874,0.808989,1
223879,0.808929,7
285897,0.808683,1
141920,0.808672,1
287526,0.808446,3
124888,0.808161,2
97565,0.808108,3
158448,0.807635,5
361945,0.807553,3
35881,0.80751,3
119546,0.80746,2
231479,0.807411,1
379513,0.807295,1
291404,0.807119,2
316696,0.807036,1
232042,0.807025,1
221642,0.807012,2
67081,0.806698,1
53178,0.806696,1
188368,0.806692,2
340067,0.806619,2
343861,0.806588,8
445248,0.806586,2
223410,0.806557,1
415448,0.806534,1
227406,0.806534,1
178894,0.806498,1
435167,0.806436,1
219181,0.806424,1
134441,0.806308,2
400161,0.806247,1
331496,0.806126,1
175501,0.805859,1
87850,0.805812,2
261844,0.805799,1
443507,0.805695,3
186588,0.805664,1
149879,0.805641,1
87474,0.805624,1
463863,0.805613,1
198229,0.805605,1
215156,0.805472,1
11168,0.805459,1
279271,0.805459,1
77130,0.805388,1
354476,0.805113,1
412676,0.804983,1
284547,0.804851,5
244202,0.804748,2
133966,0.804728,2
157784,0.804707,2
87284,0.804139,2
125776,0.804116,2
63102,0.804015,9
180604,0.804001,2
225420,0.803839,4
267857,0.803577,2
176424,0.80347,5
191608,0.803435,2
213230,0.803323,2
221980,0.803298,9
362714,0.803281,4
339214,0.802822,2
382499,0.8021,11
392302,0.80205,3
71488,0.802005,2
219462,0.80192,2
88396,0.801814,1
13094,0.801516,3
185241,0.801411,8
446454,0.80122,4
191223,0.801024,9
279373,0.800486,3
409725,0.800449,2
338543,0.800277,2
105227,0.800051,2
16915,0.798759,2
323328,0.798678,7
148790,0.798599,5
324833,0.798467,2
201207,0.79828,2
332175,0.797894,3
351975,0.797567,2
160277,0.797529,2
150376,0.797497,2
250274,0.797366,3
349317,0.797354,3
4959,0.797186,7
198170,0.797131,3
222476,0.796799,3
117007,0.796595,3
179455,0.796498,2
28789,0.79621,2
303025,0.796187,2
27364,0.796011,2
113233,0.795944,10
129138,0.795828,7
64084,0.795814,5
237763,0.795474,10
436753,0.79537,13
277673,0.79519,2
156058,0.795126,2
282063,0.794967,5
35520,0.794828,2
303318,0.794621,1
59842,0.794575,3
197862,0.79451,15
351130,0.794365,7
36977,0.794361,2
367219,0.794131,5
94434,0.794114,2
179834,0.794077,7
413973,0.794066,2
216508,0.793989,6
27494,0.793765,6
41909,0.793547,1
285025,0.792916,1
452045,0.792741,1
5682,0.792721,3
56477,0.792647,3
134298,0.792585,1
74438,0.792393,4
175296,0.792156,1
353016,0.791971,2
98840,0.791968,3
261175,0.791943,1
340140,0.791812,1
346230,0.791801,1
388657,0.791679,5
117167,0.79153,1
98140,0.79123,2
188754,0.791091,1
69285,0.791049,5
219026,0.791021,2
176321,0.790921,1
441315,0.790918,1
454534,0.790843,1
157698,0.790813,1
243616,0.790809,1
193539,0.790743,1
254428,0.79073,1
30083,0.790721,1
279404,0.790694,3
463330,0.790674,1
2060,0.790669,1
369793,0.790526,1
196286,0.790498,1
354620,0.790481,1
304685,0.790475,30
286337,0.790462,2
392146,0.790234,5
4006,0.789663,2
395273,0.789654,5
184391,0.789601,3
37760,0.789502,5
441154,0.789414,2
383368,0.789395,3
61309,0.789202,1
73429,0.788969,3
175407,0.788641,1
406202,0.78837,3
259987,0.787978,1
62627,0.787973,2
244494,0.787928,3
280956,0.787872,1
446705,0.787795,2
90660,0.787775,1
23117,0.787735,1
392026,0.787735,1
39070,0.787732,5
383403,0.787729,1
309038,0.787723,1
373317,0.787716,2
13407,0.787321,2
128174,0.787314,4
322588,0.787255,1
253500,0.787208,2
355143,0.787136,1
338703,0.787013,1
177073,0.787009,1
237741,0.787008,1
159384,0.787006,1
107590,0.786994,1
229309,0.786954,1
322105,0.786886,1
461837,0.786822,1
55047,0.786777,1
409097,0.786775,1
131939,0.786775,1
184491,0.786735,1
230271,0.786686,1
314134,0.786675,1
441033,0.786497,1
160034,0.786469,1
309139,0.786442,9
175751,0.786408,1
375910,0.786405,1
259923,0.786155,1
281655,0.78615,1
278547,0.786139,1
378187,0.78612,1
118856,0.786079,9
441126,0.786067,1
249211,0.786061,1
101451,0.786008,1
65558,0.786001,1
31770,0.785894,1
258346,0.78589,1
347674,0.78589,1
448149,0.785888,1
226355,0.785887,1
289370,0.785877,1
291042,0.785873,1
62481,0.785868,1
124104,0.785867,1
73084,0.785865,1
203319,0.78583,1
412631,0.785822,1
218834,0.785809,1
10986,0.785801,1
187342,0.785791,1
280386,0.785785,1
348131,0.785659,1
118301,0.785473,1
65191,0.785407,2
334601,0.785189,4
156971,0.785172,1
339921,0.785116,4
210215,0.785044,1
177257,0.784742,8
138013,0.784735,1
363106,0.784699,1
87765,0.784614,1
439539,0.784609,1
101487,0.784595,1
425455,0.784513,1
324663,0.784512,1
245129,0.784511,1
51175,0.784511,1
320279,0.78451,1
58758,0.784509,1
224447,0.7845,1
40888,0.784498,1
28156,0.784497,1
139435,0.784338,10
114782,0.784322,1
12905,0.784287,1
250301,0.784278,6
44393,0.784267,1
162479,0.784261,1
367679,0.784204,1
242132,0.784052,1
433596,0.784051,3
432512,0.78405,1
309137,0.784049,1
355874,0.783747,1
440937,0.783457,1
311464,0.783312,6
215983,0.78326,1
38175,0.783147,4
204886,0.782963,3
70818,0.782808,1
140296,0.782671,1
156522,0.782503,6
348793,0.782255,1
116675,0.782197,4
366230,0.782083,1
199892,0.781964,1
192789,0.781827,1
376974,0.781799,5
263477,0.781716,1
237916,0.781455,1
374243,0.781445,2
366478,0.781385,2
159128,0.781228,3
80040,0.780917,1
256747,0.780865,4
125660,0.780855,15
316888,0.780817,5
30024,0.780441,10
336409,0.780435,1
375876,0.780347,1
162892,0.780246,2
114302,0.780103,1
278103,0.780075,8
295026,0.779989,12
29863,0.779909,10
261437,0.779902,1
195854,0.779695,1
251552,0.779612,1
137102,0.779552,17
13516,0.77949,2
48557,0.77945,3
200278,0.779114,2
338592,0.778553,2
14183,0.778102,2
134776,0.778076,4
422891,0.777981,2
458348,0.777638,2
464783,0.777438,3
207425,0.777254,2
345086,0.777233,7
301682,0.776923,2
40321,0.776609,2
234887,0.776451,7
272527,0.776165,7
265872,0.776106,2
82504,0.776089,6
116972,0.776059,2
460433,0.775963,2
114953,0.775442,5
276704,0.775406,15
339541,0.775284,2
9759,0.775233,3
430546,0.774931,13
99139,0.774805,4
29683,0.774643,6
399666,0.77441,3
440220,0.774299,6
76574,0.773967,2
147014,0.773285,2
182665,0.773225,4
57243,0.772835,2
185115,0.772514,16
277525,0.772413,5
137305,0.77225,2
61722,0.772236,2
376051,0.772098,5
444820,0.771933,4
299341,0.771829,2
173291,0.771167,2
368947,0.771008,3
91443,0.77092,2
36464,0.770887,2
345211,0.77077,4
436582,0.770548,2
412260,0.770345,3
16052,0.770291,4
444763,0.769886,6
196540,0.769398,3
829,0.769358,17
314789,0.769203,28
413989,0.769154,1
185246,0.769108,4
171719,0.769103,4
463766,0.768891,3
302563,0.768747,3
311571,0.768742,1
447090,0.768698,1
443378,0.768656,2
356696,0.76832,3
83155,0.768251,1
412906,0.767873,3
147449,0.76723,2
93382,0.766681,7
434289,0.766643,4
39773,0.766194,5
57929,0.766111,2
326956,0.766002,1
271268,0.765937,14
346311,0.765726,1
265775,0.76568,10
316032,0.765515,1
389216,0.765502,1
413865,0.765471,6
271356,0.765379,1
106786,0.765282,3
117052,0.765262,2
105334,0.765243,7
25590,0.765166,3
146041,0.765051,1
103172,0.764977,2
44045,0.764882,3
90230,0.764852,4
159979,0.764842,5
2716,0.764712,48
436450,0.76449,9
394432,0.76438,1
169959,0.764378,1
157725,0.764114,6
300162,0.764041,4
428118,0.763867,1
100847,0.763503,1
278459,0.763465,2
96246,0.763452,1
114347,0.763445,3
364885,0.763421,1
255310,0.76337,1
266701,0.763358,1
276624,0.763288,1
137603,0.763285,1
308854,0.763282,1
365015,0.763268,21
49536,0.763264,1
8425,0.763252,1
66045,0.763248,1
177139,0.763218,1
151973,0.763156,1
272686,0.763133,1
159398,0.76313,1
65615,0.763125,1
9691,0.763121,1
284812,0.763104,1
217185,0.763085,1
105554,0.76307,1
11310,0.763048,1
411412,0.763047,1
329996,0.763046,1
156747,0.763041,1
446001,0.763041,1
143185,0.763039,10
226964,0.763038,1
35640,0.763035,1
86128,0.763032,1
269699,0.762983,1
375326,0.762958,1
56223,0.762951,1
89646,0.762943,5
293799,0.762628,1
98265,0.762615,1
290644,0.762524,1
109844,0.762431,1
340533,0.762357,1
405770,0.762269,14
326432,0.762183,1
359564,0.762051,2
75552,0.761899,1
80226,0.761782,1
257974,0.761548,1
368504,0.76149,1
383795,0.761486,1
70639,0.761377,1
444164,0.761359,1
192998,0.761351,1
250328,0.76133,1
210348,0.761324,1
122102,0.76131,1
193152,0.761301,1
310060,0.76129,1
62658,0.761286,1
156975,0.761282,3
402367,0.76124,1
355870,0.761222,1
448811,0.761204,1
92621,0.761195,1
287727,0.761174,1
290673,0.76116,1
183395,0.761154,1
23770,0.761149,1
219789,0.76114,1
253729,0.761136,1
50107,0.761136,1
49383,0.761129,1
462265,0.761122,1
211365,0.761091,1
21955,0.761064,3
319813,0.76106,1
69990,0.761008,1
55728,0.760998,1
242159,0.760897,1
27981,0.760877,1
258527,0.760818,1
419949,0.760797,1
14466,0.760792,1
185838,0.760787,1
417790,0.760781,1
165549,0.760768,1
439241,0.760749,1
87757,0.760738,1
305291,0.760711,1
183375,0.76069,1
371509,0.760682,1
97127,0.76066,1
277055,0.760646,1
319264,0.760629,1
289033,0.760591,1
348965,0.760565,1
184505,0.760561,4
152746,0.760536,1
279117,0.76052,1
399465,0.760504,1
213603,0.76047,1
402744,0.76039,1
34630,0.760212,1
113437,0.760191,1
303993,0.760173,1
22659,0.760169,1
313733,0.760148,1
47528,0.760125,1
168016,0.760042,1
84956,0.760037,1
443539,0.760031,1
431490,0.76002,1
141300,0.760001,1
39035,0.759988,1
46825,0.759968,1
212025,0.759961,3
40866,0.759951,2
60159,0.759827,3
131903,0.759807,1
20940,0.759716,9
130101,0.759696,1
302321,0.759683,4
24147,0.759682,1
88413,0.759618,2
222076,0.75946,1
418885,0.759295,1
324725,0.75924,1
50609,0.759172,1
239404,0.759075,1
401432,0.759042,1
234253,0.759032,1
273929,0.759009,1
24191,0.758966,1
414406,0.758933,1
136724,0.758929,3
55707,0.758916,1
265810,0.758913,5
129892,0.758911,1
149204,0.758891,1
418302,0.758836,1
184086,0.758813,3
266667,0.758789,1
11973,0.758782,1
85687,0.758737,1
217043,0.758714,1
130225,0.758632,1
29723,0.7586,1
86348,0.758552,1
56630,0.758524,1
452917,0.758339,1
169526,0.758329,1
121413,0.758267,1
322332,0.758229,1
287496,0.758194,1
284323,0.758194,1
402102,0.758178,3
85659,0.75812,1
377380,0.758097,9
59545,0.757954,1
363736,0.757844,1
247948,0.757791,3
418513,0.757701,3
120092,0.75767,1
345743,0.757623,7
215654,0.757548,1
401802,0.757488,1
129793,0.757486,2
209859,0.757481,1
308568,0.757414,1
355715,0.757411,1
298188,0.757175,2
343448,0.757098,3
264456,0.757054,1
337446,0.756983,2
274798,0.756881,11
208523,0.756804,1
167051,0.756761,3
273198,0.75664,1
198363,0.756501,1
316575,0.756341,1
29593,0.756322,1
225117,0.75629,1
229554,0.756234,1
431357,0.756233,1
434867,0.756219,1
339324,0.756193,1
262284,0.756182,1
40285,0.756148,1
164628,0.756128,1
453603,0.756067,1
63406,0.755951,1
29749,0.755923,1
438128,0.755917,1
108530,0.755916,1
50084,0.755867,1
29618,0.75586,1
338461,0.755842,1
412908,0.755767,1
152166,0.755713,1
329490,0.75571,1
461083,0.755688,1
457906,0.755685,2
386609,0.755678,1
22774,0.75565,1
452664,0.755628,2
129440,0.75559,1
358962,0.755583,1
308172,0.755561,1
291433,0.755546,1
439758,0.755535,1
389914,0.755519,1
197210,0.755471,1
167690,0.755297,1
329974,0.755258,2
403445,0.755226,1
402816,0.755202,3
376729,0.75513,1
370285,0.755088,1
259671,0.755051,1
364794,0.75505,1
370746,0.755049,1
317567,0.755045,1
354469,0.755042,1
220150,0.75503,1
120932,0.755017,1
317974,0.755013,1
201799,0.754733,1
418053,0.754647,1
97307,0.754599,1
435849,0.754585,1
204116,0.754507,1
237085,0.754224,1
387782,0.754208,12
191837,0.754196,1
2434,0.754101,1
418036,0.7541,1
103253,0.754072,1
118149,0.754055,2
394360,0.753988,1
28016,0.753985,1
291648,0.753895,1
55282,0.753824,1
270437,0.75374,1
434534,0.753719,1
361537,0.753707,1
361415,0.753686,7
244420,0.753546,1
73134,0.75324,2
203367,0.752904,1
262297,0.752672,7
178935,0.752642,2
13569,0.752541,2
39677,0.752432,12
216732,0.752326,1
285593,0.752007,2
30431,0.751657,2
154166,0.75151,5
247698,0.75127,8
2711,0.751198,2
18058,0.750993,3
386160,0.750618,2
299677,0.750587,9
211033,0.750548,4
209225,0.750444,6
380578,0.750161,4
409842,0.749976,2
204260,0.749973,1
348245,0.749915,5
399583,0.749881,2
214415,0.749619,6
412656,0.74926,4
154357,0.749209,2
21674,0.748991,3
328185,0.748783,3
377286,0.748618,13
227252,0.74859,3
146896,0.748114,4
416511,0.747813,1
276579,0.747812,2
207143,0.747657,2
8786,0.74765,2
285183,0.747428,2
463263,0.747317,1
397311,0.747296,2
129441,0.746895,5
128129,0.746873,3
143310,0.746763,5
319112,0.746226,1
220140,0.745935,2
205764,0.745829,4
232350,0.745794,4
423300,0.745544,2
60323,0.745312,9
109786,0.745246,2
77210,0.745222,5
386126,0.745199,1
63235,0.744688,5
323455,0.744421,4
265703,0.744191,3
356537,0.744188,2
430610,0.744146,3
445846,0.743871,1
179086,0.743867,1
306544,0.74386,3
124733,0.743823,1
153024,0.743812,1
433216,0.743739,3
377370,0.743716,1
127537,0.743676,8
436006,0.743667,1
368762,0.743634,1
216225,0.743459,5
275469,0.743449,2
249804,0.743088,2
230890,0.74284,7
457236,0.74281,2
81981,0.742682,7
162411,0.742607,3
352509,0.74232,5
361427,0.742233,10
376751,0.742127,2
124982,0.742061,3
429354,0.741786,3
166900,0.741446,4
88985,0.741389,9
15824,0.741295,3
19833,0.741147,3
459416,0.741012,4
10885,0.740972,6
429359,0.740629,1
125263,0.740376,2
404056,0.740246,4
452984,0.740166,1
29100,0.740158,6
183236,0.739872,2
30336,0.739722,7
196573,0.739192,1
93831,0.739159,13
158661,0.739154,1
282966,0.739077,1
442876,0.739059,1
197517,0.73899,1
15841,0.738884,1
416838,0.738864,1
347964,0.738859,1
190385,0.738853,1
303893,0.738842,1
296856,0.738755,1
224840,0.738733,1
398760,0.738724,2
303842,0.738696,1
333804,0.738594,1
318547,0.738532,1
46201,0.738525,1
53334,0.738512,1
380125,0.738503,1
14451,0.73849,1
342789,0.738484,2
370779,0.738481,1
298518,0.738463,1
299560,0.738441,1
242151,0.738434,1
249079,0.738419,3
342077,0.738403,1
112478,0.738392,1
197989,0.738388,1
107438,0.738308,7
204955,0.738298,5
96628,0.738236,1
12233,0.738165,10
300844,0.738146,1
423779,0.738131,1
161173,0.738104,2
41803,0.738088,10
176668,0.738038,1
305886,0.737812,1
284000,0.737745,3
324621,0.737675,5
445660,0.737628,2
102907,0.737602,1
252585,0.737585,1
412744,0.737554,1
109308,0.737544,1
306337,0.73746,1
207136,0.737457,1
11021,0.737425,1
45246,0.73742,1
411198,0.73739,3
150439,0.737382,1
197833,0.737267,1
16634,0.737218,1
262826,0.737141,3
101156,0.737028,2
359896,0.73702,4
101791,0.736904,1
335930,0.736563,1
154476,0.736524,3
279649,0.736286,2
206358,0.736248,1
162856,0.735983,1
164344,0.735505,6
56666,0.735349,3
6174,0.735326,4
302964,0.735314,1
25317,0.735274,1
110421,0.735246,5
151945,0.735181,1
112766,0.735174,1
286044,0.735099,7
251779,0.73509,1
425867,0.735071,1
239423,0.73507,1
100074,0.735028,1
153035,0.734944,1
408745,0.734911,1
430928,0.734904,1
96175,0.734822,2
221058,0.734821,3
144940,0.734702,1
172825,0.734632,1
244166,0.734631,1
461028,0.73457,1
185015,0.734564,1
425527,0.734471,3
220033,0.73431,1
273040,0.734226,1
412419,0.733862,1
214025,0.733841,1
370223,0.733635,3
395227,0.733266,1
17189,0.733209,2
252561,0.733144,1
361672,0.732995,1
142143,0.732896,4
364547,0.732893,1
34977,0.732775,2
383343,0.732452,1
157860,0.732442,1
361823,0.732431,1
444823,0.732422,1
333379,0.732344,1
21264,0.732287,1
461439,0.732274,1
343539,0.732263,1
11198,0.732212,2
79684,0.732182,2
68704,0.732093,7
258303,0.732069,5
299475,0.732011,1
151862,0.731978,1
76196,0.731888,5
413504,0.731847,1
309875,0.731837,1
448029,0.731808,1
50194,0.731465,1
439186,0.731462,1
217537,0.731397,13
309012,0.731332,1
91491,0.731264,4
453978,0.731257,2
153767,0.731125,4
134799,0.731093,1
298401,0.731088,2
174947,0.730902,2
390295,0.730776,3
249444,0.730738,1
299038,0.730717,10
343967,0.730651,1
91912,0.730646,1
309821,0.730625,6
39361,0.73054,1
95058,0.730495,1
114226,0.73049,1
443973,0.730486,1
448248,0.730478,1
91055,0.730464,2
306197,0.730431,2
10850,0.730358,1
67678,0.730347,1
150302,0.730302,1
134620,0.730112,1
400342,0.72998,1
421968,0.729913,1
270463,0.729894,1
41755,0.729792,2
359152,0.729563,1
448391,0.729554,1
127033,0.729514,1
222642,0.729498,1
87704,0.729486,2
184890,0.729407,1
194044,0.729318,2
188458,0.729168,1
407320,0.729147,1
428806,0.729146,1
332107,0.729138,2
410176,0.729013,3
173274,0.729012,1
450835,0.728985,3
19588,0.728967,3
267212,0.72858,2
170283,0.728561,4
248361,0.728455,2
48011,0.728418,2
186102,0.728324,1
297221,0.728289,1
19276,0.728012,3
454393,0.727719,2
355179,0.727479,3
129209,0.727393,4
446978,0.727236,7
205948,0.726908,2
354348,0.726891,2
188120,0.726822,2
50133,0.726657,4
351101,0.726243,2
147782,0.726108,2
429907,0.725789,7
6163,0.725756,4
434811,0.725675,2
39359,0.725279,2
20799,0.724988,3
445607,0.724932,2
422022,0.724899,2
294586,0.724843,2
143574,0.724818,2
258271,0.724816,2
241217,0.724654,1
218130,0.724634,3
123092,0.724529,2
346790,0.723839,2
78704,0.723836,3
165058,0.723808,4
171959,0.723763,3
347549,0.723606,4
244636,0.723425,4
52039,0.72305,7
317436,0.723016,2
42126,0.722836,2
67729,0.722721,3
32823,0.722224,7
106431,0.721766,2
9025,0.721751,2
32338,0.721629,4
73001,0.721417,7
207337,0.72103,6
71698,0.720644,2
119064,0.720549,2
39504,0.720385,2
202268,0.720174,3
213647,0.719991,2
206783,0.719893,1
59050,0.719885,3
313707,0.719831,1
227777,0.719779,2
202729,0.719485,4
277082,0.717977,8
188148,0.717926,9
198209,0.717858,25
193990,0.717784,5
309403,0.717642,10
58693,0.717563,3
373893,0.71701,2
178169,0.716809,2
276142,0.716502,4
166100,0.716469,11
411392,0.716439,2
305588,0.716369,9
230785,0.716232,1
176106,0.716187,8
158852,0.716182,3
284821,0.715947,2
445354,0.715936,2
10531,0.715877,2
97651,0.715746,3
273822,0.715707,8
329045,0.715632,1
362365,0.715522,1
135208,0.715129,1
152361,0.715089,4
395017,0.715085,2
391630,0.714866,1
17700,0.714853,1
301188,0.714839,1
133330,0.714822,1
268020,0.714795,1
127560,0.714782,2
457705,0.714753,2
203231,0.714724,1
252314,0.714647,1
128502,0.714554,1
34805,0.714338,1
325048,0.71427,1
464738,0.714262,1
438717,0.714258,1
443938,0.714226,1
429264,0.714209,1
176186,0.714166,1
14258,0.714159,1
378078,0.714154,1
367998,0.714151,3
294792,0.714149,1
392683,0.714143,1
288993,0.714136,1
86194,0.714125,1
121294,0.71411,1
201668,0.714107,1
198664,0.714099,1
134112,0.714065,1
340806,0.714043,1
310795,0.714036,1
219231,0.714026,1
358390,0.713985,1
317929,0.713947,1
310660,0.71393,1
454563,0.713885,1
181535,0.713869,1
193399,0.713862,1
318584,0.713859,1
332802,0.713857,1
219854,0.713849,1
455971,0.713844,1
344982,0.713838,1
237441,0.713806,1
380717,0.713754,1
348054,0.713726,5
134858,0.713714,3
303912,0.713599,3
421702,0.713535,1
152836,0.713457,5
176772,0.713431,4
256938,0.713293,2
120752,0.713283,1
334705,0.713263,3
429304,0.713168,1
99227,0.713018,1
5563,0.712952,3
273299,0.712579,4
8695,0.7125,1
206181,0.712432,1
303637,0.712393,3
358097,0.71208,1
165256,0.712054,1
415315,0.711945,1
274119,0.711901,3
451741,0.71179,1
67045,0.711743,2
45475,0.711534,1
120395,0.711485,1
315751,0.711468,1
421455,0.711446,1
233691,0.711435,1
450672,0.711374,1
372756,0.711368,7
19829,0.711368,1
65801,0.711365,2
62411,0.71136,1
359491,0.711247,2
70092,0.71117,1
259964,0.71101,5
226016,0.710979,5
445937,0.710854,1
74389,0.710799,2
458945,0.710755,1
465582,0.710736,2
441415,0.710726,14
111240,0.710475,6
84468,0.7104,2
365399,0.709937,1
399960,0.709931,1
431990,0.709898,1
379164,0.709858,1
265783,0.709587,7
405339,0.709583,1
410044,0.709544,1
279150,0.709443,2
322618,0.7094,1
273089,0.709334,5
348372,0.708968,1
47037,0.708963,3
332078,0.708871,2
2175,0.708825,1
320829,0.708775,2
37763,0.708657,1
456838,0.708568,1
330718,0.708563,1
355484,0.708539,1
301368,0.708456,1
80173,0.708403,1
101078,0.708165,2
375705,0.708159,2
332828,0.708118,1
445535,0.708069,2
465790,0.708013,2
362216,0.707977,2
365879,0.707887,2
256270,0.707807,2
448428,0.707794,3
144957,0.707769,1
380133,0.707753,1
410218,0.707747,1
398452,0.707736,3
409251,0.707507,1
201098,0.707491,1
248004,0.707375,3
15283,0.707367,2
125284,0.707288,2
98536,0.70715,1
89949,0.707031,1
297497,0.706985,1
268415,0.706983,1
150452,0.706945,1
414178,0.706915,1
265600,0.706849,1
26598,0.706749,6
407403,0.706725,1
224690,0.706661,1
112492,0.70666,1
34937,0.70664,1
464319,0.706631,1
320218,0.706597,1
201246,0.706581,2
107983,0.706509,1
149174,0.70644,3
415125,0.706378,1
45393,0.706358,1
234969,0.706286,2
89090,0.706171,3
355099,0.705985,5
234913,0.705887,1
12748,0.705882,2
81645,0.705849,2
466657,0.70583,2
108659,0.70576,1
458009,0.705713,3
198657,0.705704,3
183762,0.705592,1
58136,0.705484,4
176162,0.705421,3
16068,0.70525,2
310886,0.70519,3
296558,0.705067,2
315769,0.704929,5
439699,0.704551,4
346268,0.704391,3
248711,0.704341,8
90679,0.704267,4
55161,0.704146,5
167866,0.703787,5
9646,0.703784,2
404213,0.703713,5
393169,0.703531,7
276470,0.703491,4
444991,0.703185,5
216046,0.703142,3
334481,0.702967,5
176488,0.702831,2
88594,0.702722,4
262125,0.702694,4
264574,0.702553,3
293808,0.70222,4
318051,0.702047,3
146121,0.701715,2
408805,0.701715,2
361695,0.701564,1
280029,0.701459,5
305198,0.701422,2
96680,0.700861,2
291728,0.700858,5
241858,0.700692,8
208650,0.700518,3
374698,0.700264,2
187849,0.699869,7
463280,0.699721,13
109025,0.699625,4
133052,0.699459,3
446047,0.699403,4
211776,0.698968,7
359995,0.698939,2
447360,0.698882,3
95430,0.698879,3
171019,0.698538,2
8122,0.698521,5
43268,0.698508,3
459110,0.698495,4
92062,0.698299,2
148478,0.698234,6
458608,0.697878,3
332018,0.697646,4
10732,0.697013,3
246196,0.696848,4
318106,0.696375,4
23034,0.696269,4
129332,0.696043,2
141241,0.695968,2
72459,0.695886,2
419468,0.695591,4
69507,0.695525,6
430317,0.695316,6
166209,0.695188,2
395849,0.695143,3
217331,0.695011,2
44098,0.695011,1
385177,0.694948,1
6079,0.694832,1
269177,0.694807,6
126522,0.69479,5
399921,0.694751,1
252239,0.694594,4
323381,0.69446,4
205546,0.694393,2
399878,0.694351,1
329951,0.694305,1
413460,0.6943,5
104801,0.694274,3
355511,0.694191,7
459631,0.694169,6
177201,0.694137,2
448476,0.693917,1
385371,0.693848,3
332691,0.693646,3
176834,0.693624,3
456000,0.693614,3
215178,0.693452,6
396479,0.693196,1
448352,0.693193,2
454784,0.693174,8
379580,0.693116,3
341329,0.693106,3
394099,0.693082,1
27159,0.692919,4
168913,0.692899,1
239896,0.692865,13
153596,0.692564,1
340982,0.692545,2
14758,0.692024,5
286200,0.692013,1
337447,0.691718,1
119421,0.691688,1
38172,0.691647,1
203205,0.69158,6
409050,0.691563,1
243307,0.691544,1
323352,0.691536,1
228083,0.691512,3
258293,0.69151,3
78431,0.691468,1
97183,0.691453,1
354633,0.691427,1
335653,0.691421,1
69399,0.691383,1
132483,0.691368,1
233725,0.69134,1
340730,0.691243,1
443314,0.691215,1
64532,0.691208,2
196594,0.691171,3
341700,0.691165,5
447949,0.691083,5
412712,0.690985,1
76617,0.690699,6
320732,0.690526,1
128118,0.690493,3
171644,0.690459,2
291394,0.690312,12
300133,0.690274,8
293775,0.690219,2
345104,0.690217,3
186260,0.69015,4
411886,0.690036,11
255939,0.689995,1
50503,0.689882,1
117984,0.689627,4
339088,0.689321,1
38706,0.689288,13
121078,0.689225,1
358878,0.689168,3
106454,0.689072,1
410428,0.688591,2
146248,0.688565,1
285046,0.688537,3
154860,0.688351,3
310196,0.68805,4
130599,0.687926,12
458489,0.687896,23
217935,0.687891,3
41469,0.68773,5
272048,0.687699,3
320537,0.68742,7
109656,0.687059,6
17818,0.686567,1
194506,0.68646,1
178537,0.686091,4
217425,0.68609,1
60479,0.685984,3
383166,0.68586,1
205644,0.685829,2
69207,0.685667,6
107165,0.685491,1
196137,0.685301,1
390734,0.685112,4
409531,0.685094,3
440212,0.685011,4
346109,0.684912,2
119249,0.684851,1
450815,0.684773,2
461520,0.684736,5
275003,0.684692,1
356737,0.684684,1
280299,0.684593,2
84003,0.684556,2
186557,0.684356,2
174532,0.684282,2
18776,0.684265,1
433843,0.684219,2
149294,0.684218,1
176359,0.684097,3
3844,0.684063,3
256271,0.684007,2
112527,0.683968,2
175292,0.683862,12
99647,0.683511,5
307306,0.683217,14
264663,0.683081,2
166683,0.683033,11
386518,0.682987,3
143874,0.682891,1
49827,0.682872,1
62507,0.682845,2
16552,0.682739,2
147141,0.682672,4
259227,0.682565,5
403996,0.682433,1
345333,0.682143,1
229928,0.682044,6
214519,0.681946,4
301788,0.681881,2
7379,0.681774,6
269445,0.681766,1
325601,0.681324,2
382396,0.681302,3
225559,0.681163,4
86429,0.680966,2
369800,0.680702,5
363045,0.68059,3
339723,0.68032,1
449451,0.680262,2
21746,0.680124,4
440560,0.680011,9
432171,0.679913,14
7249,0.679857,3
167164,0.679669,1
145993,0.679327,3
351456,0.679286,4
166435,0.679145,3
283816,0.678979,8
49811,0.678977,1
44376,0.678891,1
353142,0.678831,2
350638,0.678714,9
279905,0.678513,4
306086,0.678358,14
7450,0.677816,2
87886,0.67766,2
48987,0.676809,4
132018,0.676432,3
271351,0.676023,4
81434,0.675493,4
354629,0.675392,3
2828,0.675321,4
328548,0.675246,2
91105,0.675096,4
286620,0.674925,4
211732,0.674879,3
146586,0.674759,3
147304,0.674698,1
50383,0.67465,1
437006,0.674577,14
450135,0.674538,3
272649,0.674247,3
190070,0.674176,7
30117,0.674128,5
298830,0.674082,3
421183,0.673944,2
200035,0.673393,4
136768,0.673371,2
409626,0.672825,1
113809,0.672797,1
26678,0.672449,3
431028,0.671548,3
364612,0.67105,2
47526,0.670866,3
26747,0.670769,3
302024,0.670565,1
308144,0.670539,4
311995,0.670507,4
322211,0.670175,4
288418,0.66993,13
331978,0.66992,2
315685,0.669534,14
158595,0.669501,3
339411,0.668874,5
145449,0.668758,1
331644,0.668694,4
123548,0.6683,10
6337,0.66828,3
96423,0.668152,2
157187,0.668057,3
190667,0.668033,6
190034,0.66795,12
348053,0.667784,4
168399,0.667342,1
111840,0.667291,1
146096,0.667207,3
415695,0.667099,3
45840,0.667035,5
315158,0.6669,3
413986,0.666316,1
104275,0.666171,5
122324,0.66584,26
36229,0.665804,4
400998,0.665785,4
29825,0.665679,5
407841,0.665599,2
258970,0.665596,1
343995,0.665366,1
26087,0.665238,2
71442,0.66516,34
308296,0.664913,12
140262,0.664703,4
135129,0.664488,2
437103,0.664408,1
181384,0.664309,1
180393,0.664276,1
264685,0.664228,2
668,0.664208,3
195423,0.664198,4
355396,0.664157,8
112219,0.663998,1
340949,0.66394,3
141090,0.663925,4
34861,0.663861,2
84321,0.663771,5
87336,0.663711,6
302943,0.663612,4
163965,0.663267,1
376728,0.663194,3
156101,0.663135,2
126484,0.662631,2
228613,0.662372,2
205275,0.662366,3
128763,0.662345,1
242521,0.662342,10
290334,0.66234,4
227591,0.662331,2
105190,0.662102,1
69730,0.662102,1
261910,0.662096,2
108984,0.662067,2
329097,0.662058,1
379337,0.662056,1
461671,0.66173,12
121876,0.661702,1
365659,0.661458,2
341797,0.66144,3
88910,0.661386,3
132640,0.661346,1
242961,0.661314,1
364750,0.661301,3
388622,0.661284,2
458475,0.661234,3
312482,0.661198,1
160343,0.661155,4
72156,0.660935,1
236546,0.660855,3
466301,0.66078,1
300906,0.660759,9
438412,0.660704,9
383212,0.6607,7
217613,0.660625,10
382054,0.660525,4
301462,0.660364,3
295469,0.659803,2
454640,0.659496,3
395225,0.659308,5
309059,0.65835,2
29605,0.658349,3
391189,0.658311,2
90446,0.658257,2
88262,0.657823,2
95467,0.657698,4
226089,0.657249,6
147,0.656639,3
80754,0.656443,7
434603,0.656397,3
275150,0.656133,5
49754,0.656116,2
108343,0.656104,2
81473,0.656036,15
76319,0.655656,2
238720,0.655603,5
255614,0.655286,9
348361,0.655275,3
105639,0.654709,3
334366,0.654248,4
20208,0.653378,2
293946,0.653373,4
450226,0.652792,5
444363,0.652593,4
26477,0.652337,32
33775,0.652068,3
1022,0.651675,3
88145,0.65167,2
432480,0.651206,3
246740,0.650591,1
59772,0.650539,3
373752,0.650431,2
59152,0.650257,1
106564,0.650176,2
249241,0.650154,1
201499,0.650056,1
166050,0.650004,2
236657,0.649913,1
19316,0.649887,1
300641,0.649627,1
249916,0.649615,1
253539,0.649597,1
256064,0.649575,1
415224,0.649463,5
289468,0.649089,1
412630,0.64839,1
205829,0.648318,3
50367,0.647995,2
364875,0.647878,6
426707,0.647763,2
102673,0.647757,1
398597,0.647725,1
388858,0.647618,6
68454,0.647349,5
348576,0.647297,1
200947,0.647126,1
55131,0.647092,1
307239,0.64692,8
404615,0.646876,2
203090,0.646841,4
209002,0.646555,1
93929,0.646397,2
358697,0.646232,9
352442,0.645974,1
455984,0.645802,2
375407,0.645791,3
369093,0.64578,5
346394,0.645619,4
130429,0.64561,1
287038,0.645602,3
388673,0.645594,3
285696,0.645527,1
34598,0.645502,1
370572,0.645418,1
181365,0.645296,2
66073,0.64529,1
270920,0.645053,1
439202,0.645049,5
261455,0.645036,2
205430,0.645013,11
339606,0.644923,8
234230,0.644809,3
263316,0.644718,3
375169,0.644568,4
422537,0.644515,3
343106,0.644449,1
273239,0.644413,2
132810,0.644383,1
282471,0.644381,1
274734,0.64429,1
336149,0.644195,1
1347,0.644155,1
318993,0.644115,1
56269,0.644107,5
66330,0.643963,1
203752,0.643918,2
258608,0.643834,2
200055,0.643529,1
395981,0.643481,1
368283,0.64343,6
306464,0.64343,3
265485,0.643222,1
124081,0.643221,3
266355,0.64319,1
344047,0.64303,1
91468,0.642961,3
269324,0.64294,3
308100,0.642892,1
110748,0.642823,1
50649,0.642495,1
373346,0.642423,1
305728,0.642283,1
169003,0.642267,4
368692,0.642202,1
218990,0.642138,1
119373,0.642084,2
122537,0.642083,1
91295,0.641978,1
324459,0.641875,11
232316,0.641748,3
65218,0.641657,1
247930,0.641653,5
408305,0.641638,2
375738,0.64159,6
362978,0.641542,1
351027,0.641452,4
449437,0.641442,1
247138,0.641409,1
371204,0.641403,2
228372,0.641393,1
185943,0.641363,1
192569,0.64136,3
264736,0.64133,3
18013,0.641308,1
278192,0.641299,1
6792,0.641154,2
438322,0.641107,7
156571,0.641081,3
206528,0.641054,1
314829,0.640981,1
391064,0.640972,1
331979,0.640965,1
278341,0.640956,4
271317,0.640949,1
64776,0.640918,1
244974,0.640918,1
62533,0.640914,1
92295,0.64089,1
338663,0.640872,1
361551,0.640865,6
271020,0.640853,1
319925,0.64084,1
412280,0.640838,1
372732,0.640825,4
416270,0.640739,1
370119,0.640656,1
153909,0.640524,1
76583,0.640474,1
218296,0.640467,1
37218,0.640432,2
380367,0.640427,2
195908,0.640413,10
261558,0.640287,6
213190,0.640262,1
140861,0.640208,16
179329,0.640026,1
17783,0.639963,1
49184,0.639941,1
2867,0.63985,1
103412,0.639798,1
280234,0.639721,1
49532,0.639671,2
147294,0.639645,4
365482,0.639551,3
284526,0.639536,2
25811,0.63948,1
102825,0.639479,1
116634,0.639465,2
183847,0.639459,1
51454,0.639429,1
92178,0.63939,2
227880,0.639319,3
165755,0.63926,2
160531,0.639253,1
422039,0.639231,1
43523,0.639221,1
109729,0.638797,1
70414,0.63862,2
394212,0.638583,1
242599,0.63853,2
88536,0.638454,2
352336,0.638333,1
264476,0.638294,1
248614,0.638221,2
239601,0.638083,1
293482,0.638068,4
381314,0.638047,32
466736,0.637929,5
407975,0.637911,1
124630,0.637599,2
124878,0.637475,2
64614,0.637439,2
222294,0.637383,4
376383,0.637367,2
309706,0.637132,1
175605,0.63698,4
11492,0.636775,2
386049,0.636546,3
155942,0.636337,4
79918,0.636102,3
374873,0.636003,5
451014,0.635857,6
3854,0.635432,5
134030,0.635311,3
125398,0.635238,3
267061,0.635163,4
230595,0.635156,2
204820,0.635066,3
88439,0.634911,2
436677,0.634849,2
207630,0.634756,3
107025,0.634672,3
2008,0.634482,6
54875,0.634306,3
210373,0.634194,5
296989,0.634183,9
121231,0.633919,2
222868,0.633912,2
217703,0.633803,3
183178,0.633715,11
234818,0.633192,5
416841,0.633185,3
155279,0.633072,1
289848,0.633015,2
432391,0.632925,2
419215,0.632688,3
118199,0.632385,6
277390,0.632347,4
8523,0.632254,5
17379,0.632109,6
10521,0.631918,3
209155,0.631908,2
241072,0.631776,2
290813,0.631724,8
277627,0.631209,9
417525,0.631043,4
98407,0.630634,3
356304,0.630611,2
244488,0.630562,3
181204,0.630314,6
316660,0.63019,3
362864,0.63007,2
292271,0.629123,3
161780,0.629014,2
233008,0.628934,3
54052,0.628927,3
347726,0.628902,3
368260,0.628819,3
434688,0.628747,5
98065,0.62856,2
397528,0.628352,2
63136,0.628164,2
566,0.628121,1
353628,0.628069,2
298754,0.627952,2
359161,0.627899,3
135490,0.627472,2
351397,0.627254,3
334466,0.627239,3
24461,0.627151,2
429491,0.627144,2
132173,0.627142,2
398883,0.627138,4
415943,0.627102,3
95811,0.626641,1
443188,0.626372,2
247326,0.626351,1
1664,0.626315,5
54711,0.626068,2
43487,0.6259,2
297735,0.62577,1
405289,0.625603,5
53727,0.625421,2
191295,0.625307,1
310639,0.625273,1
172243,0.625102,1
437865,0.625082,2
41593,0.625072,1
325091,0.62503,3
63940,0.625007,1
196915,0.625001,3
450627,0.624997,3
385091,0.62494,3
316296,0.624916,1
241229,0.624873,1
27812,0.624868,8
234494,0.624851,12
198837,0.624811,1
159635,0.624736,1
204761,0.624627,5
390524,0.624622,1
195457,0.624568,2
307597,0.624543,1
134751,0.624487,1
277074,0.624486,2
38360,0.624365,1
95426,0.624307,17
234308,0.624272,1
291864,0.624269,1
265864,0.62415,1
150368,0.624092,1
4643,0.624005,6
276707,0.624002,1
56411,0.62398,1
260452,0.623934,5
362270,0.623931,1
373873,0.62392,1
309493,0.623906,2
368083,0.623782,1
198719,0.623766,1
224168,0.6236,1
389471,0.623453,3
299347,0.623379,1
371756,0.623331,3
91761,0.623331,1
94210,0.623191,1
329981,0.623169,1
55049,0.62301,2
245147,0.622935,1
452194,0.622881,3
330090,0.622874,4
184217,0.622865,1
417658,0.622838,1
307446,0.622691,1
288450,0.622689,4
95749,0.62265,1
452231,0.622641,1
88860,0.622428,1
2046,0.622426,1
31746,0.622425,1
319666,0.622154,3
152006,0.622127,2
115643,0.621943,2
416352,0.621898,4
11237,0.62186,1
138525,0.621848,1
231942,0.621746,1
273031,0.621736,1
168350,0.621726,1
457231,0.621721,11
196200,0.621691,1
451661,0.62137,2
109018,0.621358,2
424869,0.621345,6
459953,0.621066,2
394391,0.620783,7
367262,0.620705,6
434242,0.620614,1
407078,0.620588,8
152258,0.620549,1
270843,0.62054,1
64840,0.620525,1
93890,0.620519,1
160908,0.620505,1
320236,0.620501,1
239206,0.620374,2
43157,0.620111,1
40023,0.620067,3
148310,0.619973,1
394438,0.619938,1
9635,0.619879,3
125420,0.619842,2
172081,0.619716,1
213893,0.619653,6
459174,0.619607,1
144375,0.619604,1
92914,0.619468,6
138672,0.61911,4
228759,0.619083,2
73081,0.619017,1
395326,0.618993,2
83120,0.618731,1
145715,0.618727,1
272916,0.618703,1
328240,0.618648,1
37853,0.618644,1
99802,0.618581,3
67538,0.618518,1
200384,0.618307,1
37030,0.618115,1
444575,0.618088,4
54980,0.618002,1
259487,0.617937,6
113635,0.617934,2
303855,0.617783,1
65284,0.617762,2
444405,0.617623,2
42267,0.617538,1
20128,0.617462,1
233644,0.617437,3
28164,0.617417,2
150550,0.617365,1
7324,0.617334,2
219755,0.617324,4
96027,0.617292,8
322973,0.617208,7
188809,0.617197,2
245651,0.617156,1
258314,0.617146,1
334423,0.617035,2
120482,0.61692,2
236437,0.616903,1
210995,0.616587,2
393134,0.616367,3
184053,0.616316,1
358891,0.616292,5
103221,0.616218,6
271889,0.616115,3
93012,0.616083,3
440826,0.615924,4
163724,0.615862,2
3902,0.61564,2
355287,0.615465,2
452727,0.615313,2
182601,0.615261,2
177179,0.615026,4
36368,0.614795,6
156374,0.614742,2
74984,0.614641,2
342366,0.614496,2
367230,0.614366,5
324081,0.614333,2
86761,0.614239,4
256996,0.613482,2
4377,0.613218,2
248766,0.613102,5
118752,0.612809,4
84452,0.6128,2
287309,0.612268,2
65764,0.612123,2
211902,0.611822,4
187339,0.611684,3
293304,0.611524,4
345373,0.61131,8
210009,0.611131,18
302909,0.611053,7
388212,0.610614,2
355925,0.610022,8
50745,0.61001,4
279309,0.609901,1
365986,0.609895,1
464404,0.609805,2
402415,0.609667,1
158114,0.609648,2
129560,0.609498,4
233200,0.60943,3
352954,0.609257,1
399010,0.609066,3
2135,0.609041,2
288092,0.608771,2
415020,0.608598,5
29172,0.608489,2
407947,0.608245,3
179301,0.608174,1
135045,0.607777,2
124857,0.607752,1
426751,0.607693,3
358315,0.607666,2
108618,0.60765,6
238902,0.607606,4
380303,0.607567,4
61968,0.607533,1
383051,0.607485,1
16509,0.607463,2
279052,0.607389,13
424224,0.607323,2
188550,0.607297,3
163495,0.606818,5
253720,0.606695,2
146059,0.606352,1
200822,0.606273,2
361554,0.605987,15
332724,0.605861,1
119737,0.605768,4
253361,0.60567,2
63489,0.605189,4
46660,0.605149,2
138094,0.605078,1
216356,0.605035,1
77884,0.604908,1
195202,0.604848,1
255708,0.604744,5
419744,0.604598,1
172293,0.604598,2
157217,0.604516,3
157223,0.604451,1
417759,0.604432,1
368337,0.604421,1
167540,0.604413,1
302142,0.604302,2
438892,0.604186,8
215591,0.60413,6
331068,0.604017,1
205313,0.604013,1
361142,0.603903,1
13302,0.60363,1
270081,0.603604,10
23171,0.603537,1
87221,0.603491,1
86665,0.603444,4
194379,0.60332,2
233389,0.603283,1
131760,0.603263,1
83762,0.603217,1
244844,0.60321,1
312914,0.60321,1
284061,0.60321,2
447389,0.603194,1
420539,0.60314,1
173956,0.60313,4
160158,0.603106,1
62652,0.603071,1
378933,0.603066,2
120171,0.602985,1
124926,0.602965,1
5664,0.602944,1
397841,0.602877,1
200530,0.602793,12
208871,0.602749,1
428372,0.602739,1
353928,0.602709,1
442939,0.6027,1
373659,0.602675,1
255213,0.602651,1
50493,0.602641,1
30329,0.602599,1
93101,0.602585,1
23257,0.602559,6
33451,0.602557,4
61512,0.602545,3
388097,0.602528,6
434416,0.602476,1
442491,0.602404,1
86711,0.602311,1
75994,0.602286,2
456684,0.60217,2
155625,0.602139,1
441265,0.602096,2
147770,0.601979,5
95410,0.601946,1
294965,0.601925,1
171924,0.601868,1
186421,0.601824,1
332183,0.60179,1
346429,0.601772,1
55710,0.601744,4
57578,0.601744,1
127205,0.601741,1
171583,0.601708,1
111097,0.601688,1
295648,0.601679,1
80435,0.601662,8
404212,0.601649,1
282672,0.60157,2
342143,0.601558,1
112282,0.601552,1
273743,0.601537,2
422305,0.601534,1
99014,0.601487,1
67341,0.601449,1
270517,0.601432,1
274129,0.60143,6
281920,0.601396,1
226202,0.601234,1
224162,0.601203,1
279976,0.601199,1
293421,0.601154,1
47028,0.60114,1
433868,0.601118,1
254415,0.601111,1
258515,0.601095,1
191648,0.601051,1
63379,0.601049,1
341716,0.601006,1
316508,0.601001,1
391172,0.600929,1
169203,0.600754,2
205603,0.600739,1
370215,0.600693,3
39309,0.600679,1
63757,0.600541,1
444741,0.60052,3
5821,0.600487,5
200176,0.600464,3
354232,0.600425,1
452788,0.600361,1
146163,0.600309,3
183061,0.600154,1
178024,0.600114,1
384985,0.600054,1
340240,0.600026,3
329857,0.600024,2
58983,0.599933,1
107778,0.599898,1
56967,0.599824,1
212609,0.59979,1
364265,0.599709,1
37727,0.599708,1
388279,0.599654,1
19873,0.599652,2
68631,0.599595,2
55871,0.59954,2
408736,0.599375,1
186297,0.599306,1
353364,0.599303,5
417137,0.599171,1
277119,0.599117,6
97188,0.599093,1
299309,0.598905,1
100114,0.598867,1
179047,0.598772,4
281467,0.59865,1
194049,0.598541,1
278107,0.598516,3
452720,0.598169,3
446913,0.598089,1
253341,0.598082,1
77315,0.59806,2
195083,0.598055,1
431344,0.598019,1
381151,0.597999,1
75152,0.597969,2
324126,0.597952,1
352514,0.597909,1
169233,0.59789,1
120016,0.597871,1
188612,0.597853,2
290847,0.597852,1
332134,0.597845,4
117206,0.597743,18
368056,0.597697,1
69265,0.597528,1
199101,0.597513,3
22260,0.597408,1
278812,0.59739,1
112373,0.597327,1
140037,0.597311,1
180935,0.597206,1
133505,0.597143,1
263529,0.597083,1
375157,0.597074,2
316132,0.59688,4
2166,0.596572,2
430566,0.596411,1
138383,0.596384,3
289126,0.59637,3
64396,0.596336,4
11489,0.596245,1
270905,0.596238,2
211486,0.596147,10
192288,0.596066,16
345041,0.595984,2
152037,0.595803,5
199952,0.595644,2
12537,0.595612,3
165230,0.59524,2
379893,0.595094,2
141888,0.594959,2
226251,0.594702,2
439274,0.594571,3
251499,0.594516,3
395656,0.594412,1
178176,0.594412,1
4104,0.594315,3
127580,0.594035,1
294620,0.593863,2
418171,0.593595,3
47829,0.593453,1
25537,0.593386,2
111511,0.593301,4
299044,0.593299,7
411979,0.593265,6
110346,0.593236,2
260609,0.593226,11
383224,0.593183,1
438823,0.593128,3
143348,0.593095,1
269301,0.593083,2
427229,0.593044,5
419560,0.593032,1
191050,0.592969,5
32719,0.592742,3
13169,0.592542,2
409655,0.592142,7
138827,0.591728,4
340279,0.591705,5
213712,0.591468,2
99956,0.591084,5
197270,0.591077,4
85047,0.590741,2
144220,0.590668,2
303237,0.59042,10
131715,0.590251,2
293735,0.589897,7
383029,0.589893,3
456800,0.589753,3
39488,0.589647,1
229177,0.589624,2
66480,0.589618,3
97873,0.589591,6
222161,0.589589,1
383341,0.589535,2
190777,0.589202,1
413379,0.589152,3
162375,0.588786,8
101617,0.588558,2
315089,0.588378,2
391728,0.588176,3
438466,0.58813,2
450930,0.588111,3
34843,0.588043,11
453427,0.587699,2
159127,0.587465,6
48247,0.587402,5
320073,0.587366,1
220355,0.587295,4
428002,0.58722,28
456951,0.587124,3
283770,0.587124,2
175795,0.587101,3
251911,0.586918,1
361748,0.586838,5
377454,0.586768,5
203368,0.586466,2
29677,0.58629,3
422471,0.586119,4
177397,0.586117,1
348160,0.586109,4
113959,0.585836,3
172096,0.585676,2
25235,0.585595,5
117051,0.585284,1
458435,0.585235,6
34392,0.585217,2
27625,0.585149,4
165019,0.585101,3
256090,0.585076,1
454265,0.584949,2
414417,0.584824,25
276967,0.584743,1
188879,0.584638,3
320790,0.584631,3
332646,0.584605,1
409069,0.584576,3
18628,0.584221,3
443506,0.584175,4
208869,0.584009,3
450128,0.583833,1
26421,0.583791,1
203462,0.58339,5
162659,0.583389,1
212589,0.58328,3
207490,0.58323,1
298033,0.583229,1
447877,0.583224,4
449286,0.583143,1
113832,0.583022,9
186176,0.58302,1
77143,0.58289,1
53466,0.582844,1
321320,0.582754,1
294513,0.582724,2
241818,0.582673,1
23815,0.582592,1
316126,0.58258,3
381352,0.582548,10
353334,0.582548,6
265328,0.582501,4
378901,0.582431,3
464651,0.582422,1
16276,0.582356,1
453468,0.582336,5
118440,0.582329,3
152627,0.582287,4
200802,0.582239,1
383038,0.58222,1
392509,0.582215,1
461678,0.582146,1
43051,0.582141,3
214371,0.582141,2
199368,0.582125,1
20567,0.582072,1
75311,0.582047,1
76231,0.581988,1
122167,0.581965,1
360319,0.581961,1
13158,0.581957,1
146808,0.581952,1
71271,0.581928,1
394769,0.581924,1
185196,0.581853,1
308071,0.58183,1
54097,0.581826,1
128549,0.581818,1
100049,0.581761,1
177001,0.58176,1
359495,0.581749,1
58752,0.581738,5
281458,0.581713,1
262800,0.581676,1
80965,0.581672,1
324441,0.581658,1
375181,0.581649,5
392826,0.581649,8
273604,0.581644,1
122853,0.581638,1
261582,0.581603,1
349104,0.581594,1
440587,0.581584,1
402448,0.58158,4
382269,0.581569,1
165902,0.58155,1
32006,0.581486,2
42855,0.581466,1
362859,0.581463,1
389420,0.581414,1
183387,0.581405,2
339255,0.58137,1
108460,0.581369,1
42600,0.58136,1
17018,0.581326,1
461597,0.581294,1
177133,0.581278,1
397895,0.581191,1
982,0.581188,1
232162,0.581186,1
389027,0.581178,1
273940,0.581173,1
172206,0.581129,1
383406,0.581126,1
59416,0.581122,1
128857,0.581112,1
22222,0.581095,2
237818,0.581092,1
359652,0.581067,4
147551,0.581019,1
12154,0.58101,1
443329,0.580887,1
108387,0.580878,1
421872,0.580862,1
29156,0.580859,2
98595,0.580849,1
297387,0.580834,1
249152,0.580829,1
444848,0.580771,19
370434,0.580696,3
275937,0.58065,5
101223,0.580634,1
247483,0.580549,6
397865,0.580404,5
35615,0.580325,1
303230,0.580294,1
90405,0.58026,1
52613,0.580258,1
456079,0.580237,1
85579,0.580221,23
290309,0.58011,1
425521,0.580102,3
330401,0.579999,1
452228,0.579724,1
266930,0.579643,2
132720,0.579553,1
158407,0.579539,1
459689,0.57952,1
68971,0.579508,3
171657,0.579464,1
7161,0.579385,2
316415,0.579309,4
371067,0.579308,1
136343,0.579156,1
14977,0.579134,1
225556,0.579098,1
28219,0.579066,1
239870,0.579061,1
371681,0.579038,1
11064,0.579032,1
10083,0.579013,1
68529,0.578986,1
401499,0.578776,1
135323,0.578641,1
321722,0.578517,8
330035,0.578488,9
117335,0.578467,1
209040,0.578439,2
375955,0.578137,7
127969,0.5781,11
42873,0.577872,2
257200,0.577857,7
79429,0.57783,2
207907,0.577796,3
438427,0.57778,1
454882,0.577676,1
382105,0.577584,1
154009,0.577583,7
109405,0.577494,1
270142,0.57722,2
65683,0.577012,4
136576,0.57667,4
323046,0.576599,3
212382,0.576399,6
412041,0.57625,4
50033,0.576227,10
317938,0.576022,7
1382,0.575742,2
316512,0.575247,4
46089,0.575152,2
223042,0.575108,6
208695,0.575059,3
414044,0.574985,4
425159,0.574902,2
270547,0.574786,1
387691,0.574528,1
75490,0.574486,2
254822,0.574432,3
173780,0.574254,5
86493,0.574199,2
387220,0.573699,5
402366,0.573625,4
390857,0.573505,2
379739,0.573402,6
48463,0.573201,2
16158,0.572759,3
42813,0.572724,7
105416,0.57258,4
259405,0.572393,6
104663,0.572374,6
210325,0.572317,2
281942,0.572148,7
92329,0.571802,3
208949,0.571749,2
329480,0.571583,3
99042,0.57147,3
10065,0.571393,2
371390,0.571346,11
349679,0.571294,6
231810,0.571285,2
114137,0.571158,11
5307,0.570986,2
454877,0.570838,3
219319,0.570724,7
46655,0.570689,2
257965,0.570654,4
234618,0.570607,2
111768,0.570077,1
352115,0.570022,6
228464,0.569976,2
312216,0.56962,3
112589,0.569547,4
104781,0.569089,3
344236,0.569034,2
87856,0.568872,5
87332,0.568848,1
289041,0.568838,2
219260,0.56878,2
184913,0.568569,2
174114,0.568561,5
155807,0.568525,3
5190,0.568482,9
427472,0.568401,11
412371,0.56826,1
385887,0.568131,2
225714,0.568084,1
438404,0.568017,1
392357,0.567847,2
437897,0.567829,2
359464,0.567768,2
339763,0.567426,10
360535,0.567364,2
38813,0.567318,4
7642,0.567302,3
426550,0.567231,4
194892,0.566745,5
136759,0.566563,2
50940,0.566544,2
411755,0.56636,1
233050,0.566328,5
299517,0.566151,2
294557,0.566117,2
39616,0.566069,1
394544,0.566007,2
382710,0.565967,4
256148,0.565951,4
203915,0.565763,4
305896,0.565736,1
194643,0.565698,2
91504,0.565597,1
155478,0.565534,1
192747,0.565415,1
261690,0.565405,1
87907,0.565402,1
90191,0.565392,1
132230,0.565379,1
224731,0.565376,1
84936,0.565369,1
136688,0.565367,1
457093,0.565353,1
124994,0.565334,1
415578,0.565317,1
120791,0.565308,1
358268,0.565253,1
440772,0.565167,1
60370,0.565163,1
29459,0.565147,1
94757,0.565138,1
227439,0.565129,1
31858,0.565126,1
108559,0.565095,1
104820,0.565043,1
149946,0.565018,5
358385,0.564979,5
316976,0.564965,1
236038,0.56485,3
32832,0.564772,3
69061,0.564719,1
356626,0.564551,6
404235,0.564429,1
366141,0.564404,2
292502,0.564299,1
377617,0.564262,2
321821,0.564232,6
236154,0.564209,2
94120,0.564176,1
28935,0.564069,1
127507,0.563991,1
440284,0.563916,1
379918,0.563912,1
27654,0.563863,1
80758,0.563726,2
87347,0.563705,1
117894,0.563659,1
93298,0.56365,1
195304,0.563605,1
202060,0.563595,1
278485,0.563569,1
443647,0.563563,1
383589,0.563559,1
103776,0.563557,2
273046,0.563435,1
381328,0.563328,2
275874,0.5632,1
390226,0.563197,1
233128,0.563188,1
429752,0.563103,3
96985,0.56308,3
43054,0.563063,2
406171,0.563055,1
9127,0.563042,1
195537,0.56304,2
116974,0.563039,1
319900,0.562996,2
421572,0.562938,1
219434,0.562837,1
106146,0.562798,1
37254,0.56276,12
243250,0.562723,3
13603,0.562684,1
87278,0.56268,1
46551,0.562675,1
190045,0.562671,1
331772,0.562666,1
138996,0.562659,1
255289,0.562655,1
321849,0.562653,1
102799,0.56263,1
160076,0.562625,1
105260,0.562615,1
238923,0.56261,1
171756,0.56252,1
337003,0.562472,1
143345,0.562426,1
309918,0.562407,1
256242,0.562348,4
113899,0.562278,4
190,0.562096,2
448397,0.562035,1
104190,0.562003,1
50934,0.561874,5
346106,0.561835,1
402660,0.561747,1
312744,0.561622,1
399317,0.561603,1
181830,0.561603,1
346300,0.561542,6
146422,0.561525,3
36620,0.561292,1
434743,0.561274,1
287233,0.561112,1
373375,0.561095,2
263692,0.561091,23
358819,0.561017,5
271022,0.560926,1
171226,0.560904,1
45957,0.560856,1
317970,0.560844,1
347071,0.560842,1
132600,0.560832,7
108827,0.560826,1
422829,0.560813,4
153031,0.560733,1
256432,0.560637,4
412754,0.560536,1
241418,0.560535,1
81982,0.56053,1
138314,0.560334,1
8775,0.560319,3
336153,0.560112,3
66036,0.560102,1
138248,0.560001,1
403561,0.559991,2
452077,0.559939,5
48451,0.559924,1
454301,0.559918,4
85058,0.559825,2
412388,0.55978,4
375450,0.55975,3
197336,0.559698,1
3552,0.559681,1
89109,0.559657,2
280264,0.559594,1
327126,0.559559,1
444875,0.559396,1
139769,0.559281,1
463374,0.55915,1
145367,0.559124,1
122941,0.559088,9
29632,0.559083,1
19786,0.559006,1
409923,0.558995,2
406071,0.55889,1
158823,0.558812,1
1046,0.558555,1
303778,0.558545,1
215379,0.558414,1
73695,0.558359,1
122064,0.558253,2
424701,0.558229,1
27944,0.558111,2
270120,0.558099,1
417432,0.558067,4
137156,0.557833,2
266039,0.557762,5
213738,0.557697,1
433264,0.557656,5
129972,0.557584,5
204249,0.557367,2
43611,0.557358,2
31519,0.557294,2
145108,0.557262,3
218870,0.557021,2
108458,0.556986,7
269079,0.55696,2
379911,0.556956,4
172068,0.556581,3
401285,0.556392,4
229167,0.556199,2
93020,0.556052,2
371012,0.556025,3
235437,0.556008,6
364996,0.556001,3
240900,0.555981,10
328876,0.555822,2
263501,0.555684,5
111675,0.55539,2
421496,0.555325,2
176256,0.554654,3
183899,0.554481,2
84151,0.554309,2
278539,0.553987,3
52810,0.553552,5
78155,0.553489,4
207129,0.553295,2
38247,0.553135,2
343151,0.552955,4
8638,0.552763,6
205768,0.552729,3
343626,0.552707,3
164218,0.552577,2
163829,0.55252,4
280342,0.552427,6
261377,0.552361,4
57702,0.552351,4
279534,0.552295,4
337038,0.55219,4
224969,0.55212,2
328927,0.552063,3
71448,0.552015,6
178406,0.551853,2
365890,0.551805,1
302329,0.55178,4
159642,0.551746,3
271537,0.55162,2
457843,0.551266,6
269760,0.55091,1
75710,0.550864,6
47126,0.550791,2
349604,0.550686,5
43481,0.550518,3
403006,0.550408,3
163606,0.550365,10
226451,0.550025,1
45489,0.550024,1
96268,0.549992,1
331347,0.549966,1
336899,0.549957,2
251086,0.549836,11
373128,0.549798,8
377869,0.549672,2
258340,0.549641,1
266825,0.549438,4
158298,0.549374,2
280477,0.549178,1
294312,0.549153,2
176547,0.549043,2
42540,0.548936,4
109013,0.548867,1
206871,0.548835,1
284414,0.548724,4
224833,0.548574,1
386697,0.548552,1
89438,0.548431,4
364762,0.548377,2
335904,0.548019,2
132246,0.547839,1
370456,0.547669,6
376182,0.547564,1
8347,0.547417,4
413011,0.547038,1
117847,0.546904,1
347974,0.546833,13
202952,0.546805,2
46705,0.546619,2
405934,0.546591,4
450667,0.546572,2
29762,0.546467,1
189932,0.546466,9
299111,0.54646,1
227024,0.546457,1
42885,0.546418,1
363870,0.546367,1
14038,0.54625,2
250672,0.546155,1
428446,0.546105,4
379057,0.546029,7
153118,0.545733,1
1891,0.545632,12
97139,0.545602,3
339646,0.545589,3
182867,0.545525,2
117695,0.545181,7
399484,0.545125,2
2785,0.544995,15
62806,0.544699,2
93818,0.544632,1
205183,0.544513,1
62741,0.544509,1
143514,0.544475,3
76376,0.54434,4
264246,0.544323,2
373421,0.544309,2
159714,0.544205,2
222957,0.544176,4
133603,0.544175,3
459411,0.544173,1
240146,0.544094,1
316509,0.543947,2
337645,0.543891,1
379493,0.543656,3
31830,0.543532,1
64700,0.543295,3
192875,0.543197,1
124540,0.543043,1
296250,0.543012,1
193623,0.542862,8
65593,0.542488,1
318697,0.542407,4
329244,0.542392,1
110046,0.542387,2
59586,0.54238,1
297441,0.542265,2
186251,0.542126,2
251045,0.541882,1
369104,0.541834,2
379092,0.541627,6
156302,0.541496,1
245985,0.54129,2
117977,0.541288,1
75466,0.541228,2
368886,0.541184,1
349383,0.541115,1
26900,0.541063,2
45832,0.540913,2
456975,0.540907,5
10581,0.540764,1
465019,0.540676,4
300152,0.540646,2
189528,0.540247,1
58719,0.540073,5
177615,0.539834,7
14671,0.539198,8
414241,0.539146,5
241245,0.539141,2
268530,0.538783,3
206216,0.538769,3
424265,0.538602,7
360549,0.538433,5
332224,0.538357,12
194831,0.538279,19
397068,0.538183,5
149822,0.538153,2
51724,0.538088,6
234414,0.538039,4
370301,0.537712,3
445821,0.53758,9
240149,0.537395,5
153907,0.537234,2
248973,0.537198,10
334428,0.537078,3
239691,0.537029,4
106027,0.53694,3
429721,0.53667,7
372523,0.536574,5
65268,0.536508,14
217946,0.536457,5
64052,0.536315,3
257645,0.535971,3
218962,0.535832,2
311886,0.535722,2
456320,0.535536,3
127052,0.535519,2
105485,0.535409,3
146630,0.53534,3
285384,0.535285,3
228750,0.535233,2
379390,0.5352,10
461081,0.534997,2
421384,0.534108,2
4442,0.533483,4
101908,0.533289,1
215941,0.533234,3
8781,0.533158,1
168050,0.533102,2
437468,0.533081,1
89001,0.533075,2
364407,0.533001,1
180514,0.532668,3
362988,0.532636,1
326119,0.532526,3
101458,0.532507,1
164520,0.532495,2
440912,0.532469,6
350389,0.532244,1
275490,0.532187,9
452569,0.532154,1
171814,0.532095,7
259011,0.531759,2
254883,0.531642,2
262699,0.531578,6
242967,0.531465,5
249011,0.531359,2
401157,0.531343,1
211243,0.530775,3
28367,0.530668,3
464496,0.530621,1
381896,0.530517,2
173028,0.530487,4
261060,0.530404,1
433461,0.529935,2
281710,0.529648,6
372394,0.529517,5
2729,0.529143,1
89295,0.529123,1
417719,0.529115,2
154143,0.529115,1
50023,0.529112,1
425404,0.529108,1
385191,0.529064,1
385181,0.528839,1
422993,0.528759,1
19195,0.528672,1
405629,0.528633,3
261275,0.528605,2
371344,0.528584,1
23442,0.52855,1
41150,0.528539,2
377145,0.528479,3
191364,0.528452,1
260878,0.528311,3
255725,0.528266,6
215410,0.528108,1
212742,0.528077,4
56505,0.528062,5
161613,0.528055,6
397606,0.528029,2
150095,0.527834,1
278732,0.527755,4
234603,0.527588,1
220904,0.527536,1
46995,0.527362,2
260571,0.527235,3
321257,0.527003,4
5550,0.526999,2
293053,0.526934,5
337161,0.526883,4
90844,0.526651,1
211417,0.526615,2
102209,0.526502,3
167237,0.5265,4
279618,0.526333,2
113438,0.52614,1
150955,0.526078,1
2657,0.526071,6
11532,0.526048,1
444006,0.525978,6
45017,0.525847,1
126810,0.525746,2
63536,0.525699,1
180253,0.525659,1
281544,0.525555,2
48386,0.525543,3
123108,0.525468,1
5096,0.525359,1
79310,0.525348,2
239810,0.525292,2
406992,0.52526,2
274748,0.525225,1
88233,0.525203,1
284078,0.52505,1
149939,0.525047,4
19531,0.525029,2
383548,0.525005,3
86935,0.524867,4
33993,0.524858,4
414492,0.524686,1
224614,0.524652,10
95981,0.524646,3
126434,0.524484,1
458986,0.524294,1
391650,0.524269,1
136959,0.524253,1
94764,0.524043,5
349348,0.523682,3
156552,0.523525,2
107697,0.523496,1
364948,0.523429,2
257245,0.523364,4
349815,0.52301,3
236751,0.522911,4
264067,0.522905,1
241852,0.522901,2
103311,0.522819,1
427133,0.522811,1
60215,0.522561,1
148513,0.522443,1
358060,0.522263,3
112566,0.522195,3
331575,0.522182,3
437602,0.52215,4
244908,0.521674,10
282660,0.521491,3
51299,0.521391,2
149197,0.521312,3
233298,0.521215,2
230099,0.521019,2
327992,0.520822,1
116394,0.520635,2
441691,0.520511,4
227918,0.520455,2
329192,0.520107,3
386092,0.519891,6
182424,0.51988,3
335276,0.519795,2
265760,0.519783,12
149672,0.519762,2
420056,0.519744,2
330889,0.519635,3
455680,0.519589,2
153649,0.519561,2
258613,0.519515,7
132347,0.519374,9
169214,0.519166,6
63960,0.518956,6
194356,0.518835,2
341211,0.518776,3
307201,0.518614,3
264915,0.518387,4
53041,0.518207,2
253849,0.518135,2
397838,0.518038,1
414924,0.518024,1
118120,0.518021,1
447332,0.518015,1
301634,0.517856,3
112654,0.517788,2
34170,0.517755,1
89247,0.517744,2
361103,0.517671,11
359526,0.517514,3
93680,0.51747,3
217617,0.517449,2
255245,0.51715,1
294219,0.517137,8
56230,0.517101,3
233385,0.517068,1
83837,0.516679,4
318941,0.516481,5
377519,0.516462,4
102408,0.516364,3
398967,0.516132,3
317376,0.516107,9
208021,0.515924,3
286508,0.515884,6
141240,0.51575,10
453564,0.515732,4
356452,0.515656,3
456874,0.515566,10
442291,0.515515,2
259916,0.515458,2
422159,0.51506,2
91133,0.51492,2
349655,0.514886,2
82552,0.514802,2
117877,0.514637,1
310464,0.514635,1
118894,0.514513,6
198508,0.51435,2
179666,0.514163,5
24577,0.51406,2
279090,0.51398,3
64834,0.513848,4
158767,0.51383,3
322772,0.513667,3
336891,0.513635,2
335521,0.513397,1
454263,0.513048,3
109475,0.512962,3
459480,0.512854,2
460896,0.512749,3
325772,0.512725,4
459080,0.512707,1
330017,0.51268,1
49907,0.51255,1
104927,0.51249,2
420637,0.512436,2
146936,0.512263,4
93267,0.512182,3
369565,0.512106,14
457119,0.512042,1
117055,0.511991,3
216549,0.511744,3
15505,0.511744,3
191089,0.511533,1
207999,0.511445,3
79440,0.511199,1
128329,0.511198,3
42874,0.510912,2
192587,0.51068,1
388856,0.510659,1
300615,0.510616,1
329011,0.510616,1
361088,0.510614,1
219152,0.510611,1
124065,0.510549,6
285752,0.510505,1
166760,0.510502,1
166118,0.510498,1
237422,0.510417,6
337298,0.510358,1
24417,0.51027,1
204481,0.510257,1
360645,0.510232,1
338721,0.510146,4
181995,0.510083,3
262159,0.510062,1
136971,0.510043,3
416938,0.510035,1
218441,0.509962,3
403451,0.509897,1
8556,0.509887,1
361109,0.509831,4
220445,0.509821,1
111419,0.509664,3
437767,0.509624,1
209593,0.509624,6
158829,0.509431,5
354477,0.50938,1
445827,0.509362,1
245501,0.509361,3
381081,0.509308,6
415241,0.509305,1
445486,0.509301,7
378574,0.509296,1
48688,0.509292,1
277781,0.509284,1
57830,0.509281,1
335564,0.509069,1
201849,0.508933,3
323175,0.508886,3
441494,0.508848,1
148965,0.508793,1
296943,0.508646,1
281900,0.508624,1
212726,0.508452,3
249352,0.508352,1
428433,0.508344,3
399243,0.508324,1
150910,0.508314,1
72245,0.508313,3
211636,0.508286,1
190463,0.507967,7
33105,0.507813,3
394828,0.507745,3
262354,0.507672,1
69241,0.507651,2
218696,0.50762,1
155196,0.507547,6
247339,0.507535,4
150781,0.507498,1
189508,0.507496,1
329221,0.507492,1
166553,0.507488,1
22484,0.507457,3
294419,0.50744,3
319941,0.50744,1
118468,0.507392,1
410504,0.507387,2
164346,0.507368,1
391955,0.507358,1
205454,0.507327,1
300490,0.507307,1
90313,0.507301,1
398669,0.507281,1
161925,0.507252,4
356318,0.507215,1
323004,0.507203,1
162117,0.507201,1
265279,0.5072,1
162855,0.507199,1
273094,0.507192,1
431824,0.507192,1
91579,0.507188,1
251249,0.507187,1
152032,0.507165,1
318457,0.507163,3
141217,0.507136,1
167795,0.507117,1
159996,0.507111,4
447377,0.507083,1
274407,0.50708,1
115739,0.507069,1
436739,0.507066,1
356321,0.507064,1
325131,0.507063,1
460499,0.507029,1
385492,0.507015,1
232011,0.506993,1
449381,0.506982,1
452179,0.506905,1
457016,0.506832,1
277182,0.506784,2
159062,0.506761,1
120740,0.506739,1
396281,0.506736,1
62404,0.506705,1
5626,0.506686,1
252501,0.506682,1
91564,0.506678,1
177902,0.506656,1
214571,0.506592,2
455288,0.506583,1
373912,0.506579,1
381759,0.506578,1
400286,0.506512,1
79971,0.50646,2
442256,0.506437,2
323291,0.506423,1
303284,0.506359,1
134396,0.506336,1
120778,0.506315,4
376281,0.506291,1
94756,0.506267,13
276979,0.506264,1
214757,0.50626,7
258747,0.506228,1
111094,0.506168,3
335366,0.505962,1
98184,0.505945,1
164748,0.505937,1
133964,0.50587,4
334191,0.505848,1
129898,0.505707,3
465231,0.505654,2
119862,0.505571,1
279413,0.505444,1
442721,0.505437,2
438581,0.50531,1
264521,0.505244,6
134078,0.505204,2
165445,0.50512,2
133472,0.505085,2
324804,0.505068,2
94402,0.504871,3
342367,0.504709,2
102797,0.504685,4
230770,0.504554,3
454328,0.504541,1
415660,0.504428,2
251451,0.504424,1
174783,0.504351,4
380035,0.504176,2
136236,0.504132,3
111070,0.504028,2
263513,0.503952,2
454430,0.503833,3
256748,0.503825,2
342771,0.503805,2
394810,0.503574,2
78098,0.50356,3
204832,0.503549,9
270478,0.503485,2
13287,0.503464,1
394899,0.503436,2
252340,0.503225,5
206100,0.503133,4
391075,0.503006,2
285400,0.502917,2
412933,0.502846,2
108433,0.502824,2
64537,0.502754,3
326564,0.502739,2
264111,0.502531,2
80797,0.502367,2
251362,0.502324,3
15995,0.502219,3
222556,0.502107,2
130725,0.502091,4
120728,0.502042,2
132507,0.501484,6
65243,0.501458,2
231352,0.501341,7
414285,0.501287,13
304628,0.500793,4
237448,0.500557,4
442889,0.500178,2
335641,0.500175,3
27736,0.500009,3
79748,0.499922,2
409323,0.499844,9
288026,0.49973,4
295059,0.499721,2
378289,0.499614,2
446102,0.499521,2
273973,0.49944,4
73811,0.499405,2
2836,0.499348,18
127738,0.499064,2
210984,0.498967,3
327083,0.498851,4
278100,0.49881,1
284069,0.498738,1
353482,0.49864,4
319475,0.498573,2
456850,0.498556,5
258155,0.498403,4
295127,0.498031,4
220136,0.498027,4
75033,0.498003,3
93926,0.497882,2
258901,0.49756,6
215522,0.497006,14
380424,0.496919,4
436400,0.496834,3
439319,0.496729,1
48756,0.496673,2
66258,0.496631,6
391156,0.496631,9
376953,0.496628,3
321850,0.49653,3
104929,0.496509,2
308561,0.496323,3
455125,0.496307,1
8627,0.496215,4
345815,0.496197,2
151839,0.496088,7
399254,0.49589,1
393014,0.495696,2
127879,0.49567,6
205553,0.495439,4
349736,0.495432,2
354839,0.49543,3
79178,0.495395,1
99574,0.495313,3
31958,0.495229,1
459843,0.495096,1
43340,0.495085,1
219753,0.495078,1
154668,0.495075,1
367485,0.495061,1
57387,0.495055,1
133516,0.495048,1
251786,0.495034,1
26765,0.495013,1
414781,0.495009,1
355512,0.494996,1
418655,0.494992,1
337070,0.494952,5
24999,0.494947,1
47017,0.494941,1
351798,0.494937,3
250003,0.494862,1
264130,0.49485,1
233138,0.494847,1
379254,0.494755,18
248566,0.494487,3
226225,0.494326,3
423039,0.494323,1
13398,0.494301,1
349230,0.494273,2
104882,0.49427,6
215514,0.494208,1
216008,0.494197,4
171741,0.494159,1
174560,0.494151,1
426605,0.494101,1
55543,0.493943,3
262654,0.49374,1
290819,0.493698,1
103089,0.493692,1
148901,0.493646,1
256857,0.493633,1
48787,0.493626,1
412073,0.493528,2
11986,0.493496,3
70459,0.493441,1
450769,0.493297,1
269016,0.493235,4
161549,0.493194,1
197908,0.493157,1
239494,0.493108,3
188686,0.493084,1
290733,0.492963,1
23246,0.492933,11
329104,0.49288,5
451074,0.492828,3
37032,0.492786,1
169809,0.492714,1
178160,0.492681,1
462341,0.492657,1
40804,0.49258,1
71058,0.492466,6
279316,0.492456,2
229072,0.492439,1
298120,0.492414,1
386859,0.492401,2
367434,0.492363,1
340200,0.492279,1
211943,0.492219,3
345077,0.492155,2
354022,0.491979,2
331832,0.491965,2
161306,0.491798,3
394809,0.491736,3
291774,0.491732,1
287588,0.491635,1
188395,0.491364,5
159956,0.491338,2
354345,0.491231,3
181146,0.491187,1
221718,0.491181,1
83106,0.49118,1
456998,0.491117,1
400920,0.491099,1
386965,0.491029,1
405545,0.490976,1
463820,0.490966,1
401946,0.490949,1
168164,0.490898,1
126243,0.49088,1
251164,0.490879,1
125890,0.490872,1
457124,0.490847,2
92320,0.490843,1
63621,0.490842,1
336855,0.490792,2
462746,0.490775,2
291883,0.49075,2
428072,0.490723,8
449776,0.490691,1
458823,0.490666,1
14034,0.490657,1
154802,0.490558,1
34725,0.490506,1
168838,0.490242,1
200425,0.490104,9
458669,0.490075,1
237147,0.490071,2
426392,0.489964,1
125986,0.489938,1
164989,0.489937,1
308791,0.489936,1
456982,0.489843,1
333697,0.489841,1
186295,0.489824,2
315689,0.48973,2
369040,0.489726,4
141163,0.489509,1
83060,0.4895,1
101175,0.489466,1
337942,0.489461,2
228112,0.489458,2
416962,0.489457,1
456748,0.489439,1
453495,0.489438,1
170572,0.489426,1
128403,0.489417,1
219899,0.489408,1
214848,0.4894,1
65029,0.489399,2
198737,0.489395,2
148400,0.489363,1
299869,0.489171,1
162657,0.489107,1
385778,0.489096,4
19545,0.488956,2
163991,0.488828,1
6838,0.488806,1
193032,0.488792,1
452429,0.488764,4
157576,0.488633,3
133248,0.488633,1
317744,0.488422,3
89202,0.488381,8
364166,0.488324,2
122069,0.48826,5
405577,0.488126,2
190806,0.48808,2
322219,0.487996,1
268052,0.487994,1
277808,0.487925,2
331079,0.487369,6
93705,0.487337,2
242910,0.487044,3
310620,0.487041,3
398134,0.486977,6
259076,0.486878,2
314365,0.486542,3
39048,0.486427,2
122041,0.486174,3
166211,0.48608,2
238645,0.486008,6
173476,0.485879,2
32344,0.485471,2
313001,0.485432,3
355424,0.485234,3
38083,0.484957,6
350398,0.484939,4
196923,0.484897,2
141908,0.484883,4
390712,0.484867,4
141780,0.484822,6
369619,0.484554,5
232131,0.484396,6
310720,0.484316,3
195434,0.484164,7
109221,0.484117,3
442319,0.484041,2
335091,0.4836,3
37845,0.483525,2
357585,0.483516,7
151183,0.483429,6
188835,0.483306,2
154448,0.48318,5
161531,0.483152,2
307728,0.483143,4
113615,0.483051,3
227076,0.483042,2
444899,0.482969,3
37734,0.482879,3
235018,0.482848,3
155102,0.482812,3
255933,0.482723,2
361447,0.482667,2
139296,0.482582,3
123541,0.482528,4
148545,0.482394,4
167121,0.482362,5
254713,0.482295,4
304145,0.482252,4
419972,0.482183,1
193205,0.482116,4
224446,0.482072,1
230405,0.481962,2
335101,0.481914,2
445394,0.481898,4
219267,0.481835,1
231478,0.481735,24
38457,0.481657,3
213105,0.481614,3
109109,0.481559,3
431386,0.481534,2
77207,0.48151,5
382484,0.481487,2
85199,0.481471,5
442845,0.481468,3
42577,0.481174,5
328298,0.481021,4
466079,0.480943,3
182643,0.48084,1
395487,0.480822,3
152453,0.480752,4
330045,0.480676,2
330819,0.480394,4
300878,0.480372,2
358428,0.48001,3
219873,0.479978,4
286077,0.479922,10
11250,0.479805,3
293347,0.479645,1
259501,0.479632,3
188296,0.479561,1
77399,0.479518,3
58741,0.479364,1
52960,0.479266,6
348272,0.479031,3
309661,0.478915,1
4841,0.47881,2
387562,0.478735,3
339464,0.478539,2
179728,0.478399,2
153040,0.478379,6
61664,0.478361,1
221638,0.478304,3
166313,0.47825,1
53398,0.478222,4
222284,0.478115,1
414402,0.477995,4
422356,0.477966,8
37177,0.477963,1
264958,0.477899,2
156995,0.477873,1
392655,0.477727,1
267912,0.477606,1
111896,0.47754,1
408230,0.477327,1
318618,0.477265,2
92960,0.477235,2
464998,0.477207,1
113281,0.477187,1
367594,0.476923,1
245810,0.476857,4
220963,0.476576,4
453454,0.476435,1
250153,0.476308,3
444968,0.476205,3
458130,0.476196,2
407085,0.476157,2
186888,0.476134,2
337262,0.47612,1
206664,0.47607,3
354989,0.475887,1
392540,0.475883,2
219749,0.475864,1
229741,0.47586,1
299114,0.47584,4
443478,0.475743,1
241379,0.475728,1
27760,0.47567,1
345894,0.475632,1
265033,0.475551,2
416974,0.475537,2
205561,0.475423,1
9931,0.475364,2
13504,0.475312,2
401104,0.47526,1
424293,0.475253,3
73852,0.47508,13
295955,0.474981,1
404656,0.474978,1
32450,0.474974,3
397800,0.474915,3
274599,0.474868,3
254336,0.474809,1
233517,0.474733,2
172868,0.474701,1
337395,0.474693,6
112530,0.474681,4
144599,0.474663,1
431592,0.474658,1
344489,0.474653,1
139711,0.474628,2
102702,0.47458,3
332965,0.47456,1
20903,0.474547,1
450292,0.474539,9
12419,0.474535,1
64011,0.474534,1
333350,0.474467,1
319461,0.474467,1
174621,0.474462,1
196296,0.47446,1
373780,0.474458,1
152084,0.474457,1
733,0.474456,1
123688,0.474431,2
383752,0.474407,1
50347,0.474406,1
79936,0.474406,1
155255,0.474402,1
332555,0.4744,1
155787,0.474388,1
280800,0.474338,5
353791,0.474321,1
141103,0.47432,1
276566,0.474279,1
458450,0.474134,1
199336,0.474117,2
212907,0.474076,1
42922,0.47398,1
77392,0.473974,7
300470,0.473963,1
228132,0.473955,1
202823,0.473947,1
462206,0.473946,3
46109,0.473945,11
326561,0.473922,2
458257,0.473895,2
56373,0.473887,3
29448,0.473671,2
36355,0.473648,1
145193,0.473577,1
417241,0.473552,7
181147,0.473458,3
451835,0.473423,2
436710,0.473393,1
425270,0.473214,5
368621,0.473208,1
85458,0.473152,1
271080,0.473094,3
340246,0.473061,2
289494,0.473045,1
389682,0.47301,2
24806,0.472893,1
114881,0.472866,1
431290,0.472771,1
400962,0.472676,2
422329,0.472556,1
211483,0.472521,1
355858,0.472461,1
324694,0.472455,2
73716,0.472455,1
353082,0.472384,2
257035,0.472277,4
161911,0.472264,7
342538,0.472222,2
311895,0.47213,1
45596,0.47206,2
289043,0.472033,2
64046,0.47191,1
83533,0.471904,6
319905,0.47161,3
455196,0.471496,2
30765,0.471491,2
170052,0.471482,9
430397,0.471176,2
53856,0.470804,3
149160,0.470744,2
197735,0.47049,2
320554,0.470342,4
164454,0.470066,2
175299,0.4698,5
283971,0.469775,11
88164,0.469757,2
206960,0.469632,3
9150,0.469531,4
327804,0.469512,2
243441,0.469421,4
175158,0.469363,2
183417,0.469358,2
122021,0.468992,7
267010,0.46841,9
107849,0.468019,2
225585,0.467836,7
227667,0.467832,5
401636,0.46737,3
388984,0.467309,1
99905,0.467092,3
10040,0.467019,2
126289,0.466615,2
118195,0.46652,4
436143,0.466494,9
16350,0.466461,1
444950,0.466453,1
206043,0.466435,2
395201,0.466432,6
70475,0.466427,1
46924,0.466303,8
287647,0.466142,7
222465,0.466126,5
382335,0.465787,1
328682,0.465742,3
45365,0.465531,3
185237,0.465172,2
103973,0.46513,3
399022,0.464975,5
73282,0.464929,5
164872,0.464764,2
387475,0.464745,7
116022,0.464309,8
196660,0.464158,2
227890,0.464134,1
425705,0.464048,2
446331,0.463845,1
230376,0.463735,4
123015,0.463544,1
12492,0.463418,1
276250,0.463416,1
362878,0.463413,1
375269,0.463401,1
460887,0.463293,1
450020,0.463251,2
187371,0.463188,1
150480,0.463141,1
248965,0.463136,1
40348,0.463117,1
52783,0.463104,4
17176,0.4631,2
285729,0.463058,5
426675,0.463027,1
426547,0.46289,3
50895,0.46283,1
428257,0.462811,8
165511,0.462779,3
387863,0.462537,7
320785,0.462537,2
425259,0.462421,1
89338,0.462411,1
68607,0.462313,3
101130,0.462171,1
349470,0.462141,4
221888,0.46208,1
432459,0.462076,1
452353,0.462073,1
457814,0.462069,1
29469,0.46206,1
65579,0.462057,1
226457,0.462053,1
30395,0.46205,1
125253,0.462043,1
309571,0.462029,1
2405,0.462027,1
198047,0.461947,1
447603,0.461936,1
184042,0.461932,1
283718,0.461926,1
334173,0.461916,1
318984,0.461913,1
304689,0.461908,1
41487,0.461904,1
52704,0.461904,1
450189,0.461895,1
327605,0.461891,1
317470,0.46188,1
151205,0.461867,1
55140,0.46185,1
427137,0.461847,1
265227,0.461841,1
92929,0.461776,1
222744,0.461761,1
103618,0.461757,1
317410,0.461749,1
310901,0.461738,1
96709,0.461727,1
400745,0.461718,1
329200,0.461638,1
421008,0.461635,1
353803,0.461628,1
364916,0.461628,2
228439,0.461622,1
7205,0.461611,1
92711,0.461608,1
463852,0.461531,2
361062,0.46143,2
439382,0.461389,1
284654,0.461389,6
462526,0.461123,1
351433,0.460902,1
303791,0.460886,1
425477,0.460881,4
21806,0.460754,2
132726,0.460692,1
102136,0.460691,2
216019,0.460608,1
380313,0.460555,1
284624,0.460394,3
394217,0.460316,2
23036,0.460067,2
41958,0.460035,3
241891,0.459943,1
425662,0.459927,1
376545,0.459926,1
283142,0.45964,4
378455,0.459577,1
391017,0.459515,1
12381,0.459444,1
421925,0.459436,1
299501,0.45942,1
263819,0.459414,1
291110,0.45941,1
69764,0.459397,1
205521,0.459391,1
445456,0.459382,1
376322,0.459381,1
131007,0.45938,1
338689,0.459379,2
386095,0.459378,1
163915,0.459373,1
357722,0.459363,1
142648,0.459362,1
412000,0.459355,1
155432,0.459345,1
221660,0.459344,1
35221,0.459335,1
199824,0.459316,1
132221,0.459304,1
301130,0.459258,1
227605,0.459214,1
13112,0.459173,4
46971,0.459161,5
179799,0.459145,4
224191,0.459105,1
302810,0.459025,5
160499,0.459012,1
373423,0.458927,2
17218,0.45891,2
367740,0.458907,1
337850,0.458886,2
78822,0.458862,1
48466,0.458776,1
309438,0.458762,1
113712,0.458756,3
248142,0.458724,5
262105,0.458694,3
299667,0.458676,2
50411,0.458674,2
433697,0.458616,3
355550,0.458598,5
22768,0.458587,1
416825,0.458477,1
217097,0.458457,1
291643,0.458389,1
215911,0.458294,1
119006,0.45823,1
374252,0.458229,1
175573,0.458226,1
445048,0.458186,1
448044,0.458107,6
50284,0.458102,1
338315,0.458093,1
201707,0.458087,1
27146,0.458063,1
275318,0.458048,1
85977,0.458028,1
98558,0.458025,1
125379,0.458019,1
190153,0.458019,2
229067,0.458014,1
362468,0.458004,1
423140,0.457996,1
48129,0.457993,1
269900,0.457978,1
291981,0.457967,1
329321,0.457962,3
129804,0.457943,1
397912,0.457941,1
113895,0.457927,1
50936,0.457925,1
27734,0.457918,1
96391,0.457911,1
47222,0.457908,1
223645,0.457892,1
317554,0.457885,1
406782,0.457873,1
223729,0.457871,1
173861,0.457804,1
405557,0.457796,1
282354,0.457791,1
423691,0.45779,1
27304,0.457789,5
59881,0.457785,1
129893,0.457762,1
32015,0.457755,1
225750,0.457748,1
247891,0.457742,1
462214,0.457733,1
462852,0.457717,1
232023,0.457714,1
344460,0.457676,1
267505,0.457671,2
452023,0.457662,2
17891,0.457659,1
46116,0.457632,1
264604,0.457553,1
44584,0.457502,1
316522,0.45749,1
362499,0.457448,1
443459,0.457441,1
206251,0.45744,2
2374,0.45739,1
162549,0.457357,1
285926,0.457305,2
133481,0.45703,1
157165,0.457012,2
257371,0.45683,2
134248,0.456736,2
179290,0.456646,5
270056,0.456536,2
249207,0.456529,9
343797,0.456471,4
358180,0.456099,2
62155,0.455958,3
91438,0.455929,4
122489,0.455822,2
78540,0.455739,1
462405,0.455706,1
276273,0.455686,1
191768,0.455494,2
376932,0.455387,2
372834,0.455351,5
385892,0.455339,5
60052,0.455296,4
329311,0.455235,8
215258,0.455154,5
23477,0.455104,2
86675,0.455081,3
178358,0.45508,3
351982,0.455057,4
102802,0.455037,2
438338,0.454994,2
103203,0.454991,2
187374,0.454787,13
345206,0.454742,3
230457,0.454718,2
399697,0.45464,2
43526,0.45456,6
341980,0.454538,2
312852,0.454452,3
448291,0.45433,4
250908,0.454255,8
414049,0.454188,3
69685,0.454106,6
300068,0.454049,5
384560,0.45403,2
244081,0.453898,2
50180,0.453748,3
386636,0.453593,5
329615,0.453564,2
405960,0.453485,3
220970,0.453385,4
215172,0.453374,6
381832,0.453124,4
286718,0.452876,3
89262,0.45285,10
108646,0.452666,4
78386,0.452474,5
68221,0.452459,3
342987,0.452438,2
441199,0.452232,2
421943,0.452019,3
366158,0.451949,3
114285,0.45192,6
27726,0.451916,4
311879,0.451789,4
256411,0.451732,2
10785,0.451721,3
174185,0.45171,9
372617,0.451612,3
466443,0.451181,1
245994,0.451168,6
36378,0.451137,4
450555,0.450999,1
410056,0.450996,1
100399,0.450996,1
65033,0.450991,1
51868,0.450983,1
405483,0.450981,1
370718,0.450977,1
52597,0.450975,1
141169,0.450969,1
257718,0.450894,2
183358,0.450822,2
158401,0.450732,4
180128,0.450532,4
323506,0.450358,2
827,0.450203,6
33883,0.45012,5
184628,0.449992,19
99260,0.449973,6
7372,0.449774,1
156469,0.449755,2
178174,0.449407,2
211207,0.449249,2
327949,0.449137,2
3799,0.449081,1
409784,0.449033,1
224394,0.44889,1
49282,0.448854,3
173292,0.44885,1
194215,0.448845,1
38913,0.448799,1
128651,0.448681,2
356743,0.448561,2
387913,0.448527,1
68945,0.448187,1
148683,0.448069,1
162863,0.448015,5
329585,0.447988,1
368903,0.447968,6
8158,0.447942,1
269984,0.447936,1
271613,0.447924,1
124178,0.447896,1
417898,0.447847,1
106073,0.447769,1
112709,0.44775,4
144358,0.447735,5
213356,0.447689,4
453945,0.44766,1
150979,0.447582,2
463549,0.447574,1
387938,0.447535,1
84593,0.44752,7
176586,0.447481,1
373534,0.447278,2
118697,0.447248,1
377525,0.447229,1
388652,0.447209,1
192746,0.447134,1
377438,0.447114,1
314508,0.447102,1
99667,0.447072,4
345551,0.447006,2
58123,0.446989,1
259710,0.446989,1
441535,0.44698,7
67665,0.44695,1
66548,0.446949,5
283151,0.446792,1
395846,0.446742,2
362701,0.446627,1
334376,0.446624,3
406057,0.446619,1
410143,0.446599,3
400397,0.446553,3
341349,0.446506,4
436225,0.446437,1
397594,0.446299,1
350510,0.44624,1
64820,0.446234,2
321996,0.44623,2
166470,0.446208,5
110990,0.446111,1
254675,0.446024,1
194969,0.446014,1
410139,0.445973,1
203817,0.445687,4
84093,0.445664,1
271930,0.445657,13
138266,0.445627,1
380116,0.445618,1
393142,0.445522,3
197962,0.445498,3
121871,0.445477,1
181799,0.445449,1
23021,0.445444,1
460125,0.445359,1
336476,0.445352,1
375492,0.445229,1
451124,0.445223,1
285651,0.445222,1
66978,0.445219,1
456487,0.445177,1
23626,0.445141,2
294206,0.445112,1
89380,0.445103,7
79200,0.445103,1
223386,0.445101,1
4938,0.445094,1
225035,0.445088,1
200096,0.44508,1
97116,0.445069,1
376365,0.445049,4
26508,0.445042,1
131526,0.445032,1
154821,0.44502,1
86490,0.444978,2
9087,0.444976,8
224537,0.444964,1
87824,0.444941,1
171682,0.444857,1
435864,0.44485,1
431085,0.444845,1
346661,0.444824,1
348735,0.444819,1
65808,0.444812,1
181483,0.444745,3
176999,0.444689,1
191320,0.444683,1
99611,0.444679,2
339917,0.444678,9
283242,0.444671,1
186098,0.444623,1
238005,0.444571,1
179694,0.444539,1
152644,0.444538,6
151615,0.444449,2
174219,0.444448,1
152260,0.444428,7
174923,0.444392,2
28162,0.444377,1
287933,0.444313,2
331104,0.444308,1
143716,0.444306,1
330691,0.444296,3
47366,0.444284,1
65190,0.44428,1
40320,0.444271,1
147802,0.444258,1
213954,0.444247,5
157704,0.444246,9
191101,0.444227,1
132508,0.444214,1
83968,0.444214,1
448084,0.444204,1
371228,0.444187,3
343116,0.444078,1
212412,0.444064,1
73110,0.444043,14
303603,0.443967,1
422012,0.443958,1
63360,0.443935,1
177728,0.443934,4
290241,0.443932,1
464683,0.443815,1
146100,0.443753,5
449592,0.443712,1
73917,0.443711,8
383112,0.443571,1
44882,0.443534,3
414562,0.443525,2
98051,0.443517,3
367726,0.443459,3
106474,0.443437,2
135934,0.443417,3
363945,0.443402,1
138454,0.443296,1
379294,0.443286,1
398634,0.443256,2
152591,0.443241,1
254406,0.443232,1
35431,0.443231,1
401411,0.443192,1
138812,0.443165,1
363491,0.443164,1
256181,0.443152,1
327413,0.443144,1
307756,0.443116,2
46984,0.443093,1
105341,0.442969,5
368678,0.442928,1
50923,0.442912,1
407345,0.44291,1
462592,0.442829,1
146919,0.442731,1
261424,0.442697,8
418007,0.442671,1
11379,0.442657,1
251700,0.442638,1
150519,0.44259,2
99936,0.442557,1
395715,0.442556,1
216548,0.442553,1
289636,0.442539,1
464932,0.442411,3
133985,0.442377,1
39363,0.442281,1
409471,0.442273,1
301448,0.442258,8
275248,0.442205,2
439770,0.442176,5
324734,0.442175,1
347447,0.442147,1
181914,0.442144,1
241201,0.442104,1
313867,0.442068,2
201884,0.441994,1
156414,0.441991,2
78887,0.441938,2
289738,0.441892,4
465716,0.441843,2
103035,0.441723,7
293363,0.441576,4
341874,0.441409,3
160355,0.441184,2
267872,0.440979,2
333140,0.440794,5
247785,0.440781,3
230091,0.440697,5
145403,0.440686,6
216305,0.440567,5
218211,0.440528,2
92678,0.440338,6
124193,0.440286,10
351394,0.440285,2
385220,0.440209,3
85552,0.440208,2
155379,0.440155,2
390689,0.440069,6
305010,0.439828,3
261784,0.439656,2
439223,0.439569,1
417464,0.43949,5
164447,0.439466,2
219657,0.439354,1
51314,0.438833,4
325557,0.438779,1
62549,0.438744,5
158262,0.43858,12
165817,0.438542,7
309440,0.438476,2
328467,0.438448,10
27412,0.438272,9
106575,0.438266,2
70084,0.438231,2
49925,0.438016,3
246075,0.437805,2
35602,0.43777,1
14427,0.437632,2
262477,0.437534,6
436379,0.437485,5
17629,0.437334,1
106324,0.436728,1
395693,0.436728,1
220877,0.436699,1
459990,0.436678,3
197825,0.436599,1
195666,0.43642,2
243949,0.436418,4
204442,0.436416,5
340377,0.436253,2
229018,0.436239,3
443914,0.436216,2
129020,0.43605,1
217731,0.436021,1
233326,0.435967,1
104203,0.435709,2
284622,0.435473,1
51832,0.435356,2
371479,0.435181,2
173092,0.434951,1
380824,0.434875,1
258310,0.43477,4
407252,0.434693,7
259105,0.434671,5
150938,0.434664,1
205843,0.434628,2
281480,0.43458,10
211300,0.434519,3
372389,0.4343,1
219131,0.434255,1
363602,0.434211,3
106359,0.433985,2
264778,0.433858,1
89232,0.433654,5
127569,0.433645,3
338630,0.43362,5
323137,0.433453,2
101050,0.433239,5
241950,0.433166,2
150407,0.433081,2
4537,0.433071,1
144392,0.433017,3
429598,0.433016,3
412637,0.432855,1
338767,0.43274,5
451023,0.432692,6
196002,0.432679,1
89939,0.432571,1
269568,0.432526,1
246093,0.43243,1
71301,0.432413,6
48262,0.432361,2
6786,0.432296,1
285072,0.431943,4
155079,0.431861,3
201311,0.431642,4
433761,0.431641,2
384304,0.43142,2
226392,0.431312,1
34949,0.431186,2
78388,0.431151,4
4964,0.431114,1
378637,0.431044,4
463693,0.430992,1
375118,0.43099,5
456792,0.430931,7
31055,0.43086,2
351882,0.430778,3
301294,0.43073,2
360392,0.430727,2
413977,0.43072,2
310756,0.430416,3
101718,0.430379,6
204080,0.430015,2
302242,0.42997,7
333600,0.429954,13
226686,0.429906,1
363877,0.429889,1
153603,0.429889,1
127009,0.429887,1
122797,0.429882,1
161213,0.429868,3
14430,0.429778,5
421735,0.429595,1
182157,0.429337,5
227053,0.429264,7
48820,0.429198,1
162652,0.429161,5
351042,0.42908,3
425814,0.429045,1
10880,0.428954,1
167280,0.428944,1
453694,0.428904,1
33273,0.42883,1
296749,0.428787,9
75331,0.428542,5
40484,0.428458,4
4305,0.428179,2
442871,0.428178,9
376203,0.428115,4
31178,0.427988,4
303245,0.42779,5
178416,0.427597,4
44631,0.427276,3
70801,0.42725,3
238677,0.427076,5
313146,0.42705,4
231032,0.426985,3
268548,0.426973,4
366993,0.426709,2
122336,0.426309,4
19752,0.426294,5
256766,0.426272,6
108753,0.426229,2
27537,0.425967,4
266256,0.425824,2
200659,0.42563,4
258624,0.425613,3
88425,0.425591,7
96883,0.425474,10
305496,0.425113,6
129173,0.425041,3
168360,0.425013,3
240405,0.424953,9
94881,0.424824,1
151027,0.424818,1
50275,0.424801,5
339518,0.424686,1
21577,0.424675,1
30806,0.424652,1
180588,0.424643,6
156466,0.42459,7
297618,0.424536,2
116737,0.4245,6
323116,0.424487,4
210034,0.423962,3
271421,0.423945,1
241691,0.423899,1
174421,0.423857,1
361545,0.423827,2
340921,0.42364,12
244506,0.423477,3
41815,0.423218,2
15564,0.423194,8
400810,0.423119,3
73297,0.423057,1
269528,0.422979,2
436994,0.422924,3
121530,0.422896,2
396378,0.422863,2
9385,0.422733,4
26145,0.422729,4
20435,0.422664,2
422422,0.422547,2
42145,0.422533,3
165337,0.422447,14
175555,0.422184,5
179140,0.421902,3
98387,0.421829,2
351289,0.421745,3
363459,0.421532,2
322435,0.421492,2
189818,0.421357,7
136095,0.421176,5
8827,0.42115,8
91755,0.421071,8
337170,0.421019,4
250304,0.420928,3
55555,0.420793,2
36119,0.420787,4
276948,0.420716,2
214643,0.420176,3
388210,0.420114,5
232542,0.41997,2
172166,0.419864,2
131033,0.419784,2
308421,0.419619,1
461180,0.419291,6
276056,0.419006,2
127688,0.418824,10
443161,0.418736,5
317560,0.41872,1
207511,0.41857,2
351602,0.418517,2
331459,0.418458,4
147140,0.418317,1
433933,0.418273,1
153666,0.418253,4
101666,0.418223,4
290509,0.418212,2
415553,0.418124,1
398397,0.418105,3
341701,0.418079,2
235285,0.418002,3
204339,0.41785,1
96598,0.417761,2
265046,0.417321,2
101558,0.417269,2
339042,0.41725,2
253175,0.417148,6
256652,0.417141,1
295394,0.41708,4
61859,0.417053,1
233974,0.416987,1
288105,0.416927,9
201418,0.416841,2
110954,0.416577,2
394315,0.416564,2
132418,0.416538,6
317822,0.416204,1
110512,0.416073,3
399053,0.415987,12
439875,0.415976,2
388111,0.415912,1
87950,0.415899,3
253018,0.415885,1
97527,0.415818,1
396697,0.415753,1
294608,0.415742,4
208208,0.415652,1
407544,0.415643,1
221059,0.41556,4
45649,0.415522,3
71053,0.415322,2
178112,0.415302,3
207840,0.415234,2
335442,0.415212,2
209626,0.415165,2
345763,0.415162,1
142279,0.415155,2
95953,0.415148,1
1384,0.415137,1
39044,0.415078,1
199569,0.415077,1
156271,0.41503,1
246530,0.415009,1
219609,0.41485,3
94109,0.414746,1
315939,0.414705,3
220797,0.414493,3
346593,0.414471,1
115584,0.414304,2
184620,0.414236,1
64864,0.414205,1
62120,0.414163,2
422959,0.414148,1
293737,0.414075,4
401151,0.414044,5
307247,0.41398,3
352378,0.413879,1
465333,0.413838,3
20772,0.413793,5
256240,0.413753,2
402462,0.413743,8
88620,0.413649,2
305901,0.413493,1
373698,0.413346,1
324878,0.413166,1
77435,0.413157,1
203923,0.413127,1
298201,0.413121,1
211134,0.41312,1
83569,0.41312,9
320811,0.413104,1
70575,0.413082,7
66381,0.413009,1
81478,0.412978,4
426698,0.412969,2
354714,0.412869,20
338939,0.412833,5
200180,0.412538,5
385339,0.412482,1
178415,0.412458,1
459354,0.412388,5
133001,0.412159,2
133647,0.412099,3
341070,0.411933,2
23281,0.411763,5
379962,0.411732,2
307981,0.411629,7
446135,0.411624,10
367690,0.41142,2
295341,0.411419,2
177618,0.411324,6
146018,0.411171,1
246792,0.411162,5
145254,0.411002,5
403477,0.410953,2
234463,0.410904,3
404793,0.410831,3
53728,0.41079,2
344384,0.410678,2
333631,0.410598,1
62269,0.410575,3
363258,0.410572,2
333025,0.410514,3
190814,0.410479,2
58274,0.410344,3
128449,0.41003,3
130724,0.409803,2
459563,0.409608,2
369485,0.409553,2
307035,0.409442,11
187682,0.40944,2
183067,0.409202,1
66643,0.409132,2
304568,0.40911,3
464215,0.409044,2
279087,0.408908,3
241274,0.408803,9
143416,0.408632,3
270441,0.408487,2
324974,0.408477,2
121532,0.408368,2
234808,0.408274,3
34561,0.408059,2
395222,0.408038,2
338192,0.407997,6
393768,0.40796,9
1115,0.407759,4
332507,0.407725,3
451104,0.40772,1
85219,0.407675,4
344452,0.407657,8
218647,0.407618,1
14544,0.407616,1
194916,0.407598,1
357717,0.40758,3
235771,0.407567,4
99427,0.40755,6
52993,0.407215,1
175567,0.407134,1
163545,0.406675,1
435270,0.406478,1
129984,0.406254,1
447694,0.406252,1
265264,0.406245,1
440559,0.40624,1
85262,0.406236,1
39477,0.406229,1
460836,0.406222,1
97086,0.406221,1
47790,0.406212,1
296185,0.406205,1
211911,0.406026,1
262098,0.405835,3
309367,0.405797,8
283541,0.405788,1
398714,0.405699,2
313825,0.405602,1
43938,0.405577,3
136700,0.405452,2
14276,0.405432,4
18565,0.405429,1
63166,0.405366,1
438539,0.405317,1
127799,0.405225,2
436748,0.405132,4
320081,0.405118,3
273163,0.405084,1
202158,0.405057,1
279347,0.40505,1
88830,0.40503,1
12020,0.405025,1
436098,0.405019,1
29216,0.404969,1
148420,0.404957,1
225572,0.404955,2
179520,0.404947,1
332203,0.404892,1
362073,0.404822,2
364539,0.404752,1
313304,0.404641,1
297641,0.404311,1
429449,0.404294,1
276282,0.404266,4
93720,0.404197,3
46148,0.404088,1
194667,0.40395,1
353793,0.403923,1
344076,0.40392,1
416343,0.403913,1
193304,0.403605,3
313280,0.403526,1
245470,0.403507,1
334959,0.4035,1
82892,0.403469,1
163434,0.40338,1
88129,0.403354,9
459319,0.403324,3
389585,0.403323,1
93650,0.403293,5
67394,0.403278,1
443526,0.403254,1
244687,0.40323,1
94344,0.403141,6
359080,0.403098,1
404323,0.403088,2
167075,0.403083,3
196779,0.403057,1
130376,0.402746,1
417447,0.4026,1
251415,0.402563,1
388558,0.402407,8
118547,0.402361,1
232518,0.402348,1
367667,0.402343,1
331545,0.402326,3
179233,0.402195,1
377306,0.402154,1
199485,0.402152,1
60887,0.402128,2
105732,0.402118,3
89093,0.402099,1
17595,0.402085,2
69367,0.402035,1
307363,0.40202,2
369431,0.402019,1
17105,0.402017,1
274604,0.401952,4
441570,0.401914,1
358650,0.401887,8
283664,0.401863,1
202170,0.40182,1
376612,0.401817,1
359336,0.401804,6
95490,0.401769,1
142751,0.401685,1
135517,0.40165,1
142645,0.401644,1
1757,0.401643,4
431842,0.401642,2
361290,0.401625,1
57933,0.401582,1
444784,0.401537,1
2775,0.401532,1
147109,0.401531,1
437881,0.401491,2
293359,0.401471,4
161553,0.40147,4
209195,0.401459,1
82409,0.401449,7
316836,0.401414,1
119691,0.401214,1
3136,0.401154,2
140945,0.401039,1
400124,0.400982,1
9014,0.400924,9
203972,0.400908,1
453195,0.400898,1
57853,0.400746,1
18038,0.400693,4
64415,0.400673,2
123064,0.400661,2
231907,0.400583,3
243600,0.400581,7
255093,0.400399,1
14579,0.400396,3
47524,0.400374,3
144587,0.400347,1
117438,0.400293,1
159604,0.399951,1
249933,0.399839,4
283510,0.399802,2
56696,0.399786,2
317085,0.399621,3
247307,0.399554,6
102925,0.399496,4
269289,0.399433,2
183756,0.3993,8
97158,0.399066,4
442384,0.399047,2
143104,0.398931,3
190530,0.398819,1
36842,0.398684,1
313741,0.398616,2
205616,0.398461,2
215355,0.398445,4
83493,0.398422,6
196327,0.398005,1
420162,0.397902,4
144421,0.397889,1
184173,0.397788,2
77173,0.397684,2
397543,0.397634,7
367952,0.397603,1
48541,0.397595,1
439140,0.39755,1
379331,0.397493,1
157509,0.397488,1
32153,0.397459,2
384173,0.397239,5
169949,0.397208,1
195780,0.396825,2
330900,0.396824,3
185082,0.396455,4
9131,0.396232,6
402527,0.396231,2
437932,0.396174,2
248937,0.395954,1
295257,0.39594,1
418744,0.395932,4
77995,0.395725,4
353651,0.395437,2
104432,0.395412,5
439523,0.395408,2
359145,0.39536,2
208758,0.395135,2
436412,0.394758,3
171815,0.394743,5
344308,0.394717,4
373225,0.39464,1
222613,0.394419,4
158957,0.394382,2
359803,0.394249,3
112758,0.394132,2
100859,0.394043,2
185653,0.394024,9
69226,0.39359,2
95392,0.393223,1
118958,0.392882,3
264194,0.39288,2
388276,0.392835,1
273382,0.392805,2
199503,0.392296,1
75820,0.392013,8
270507,0.391965,2
9620,0.391912,1
449946,0.391899,6
419194,0.391855,3
415490,0.391851,1
211982,0.391761,3
159834,0.391566,1
54480,0.391565,1
224295,0.391437,1
365821,0.391413,1
258368,0.391403,1
3283,0.391395,2
210443,0.391386,1
19326,0.391379,2
444376,0.391295,1
225028,0.391208,1
154192,0.391207,1
437746,0.391201,1
198753,0.391144,4
86710,0.391091,1
432011,0.391076,6
296896,0.391002,6
150403,0.39099,1
316894,0.390911,1
209987,0.390902,1
452903,0.39085,1
410956,0.390822,1
341345,0.390792,1
125843,0.390785,1
119547,0.39077,2
347542,0.39075,1
104628,0.390749,1
12709,0.390703,1
205876,0.390691,1
194151,0.390689,4
343500,0.390677,2
154997,0.390668,1
394646,0.390666,1
310387,0.390616,3
433352,0.390609,2
184991,0.390606,1
147053,0.390587,1
194169,0.390567,1
154367,0.390559,1
266910,0.390478,2
205218,0.390476,1
343618,0.390427,3
399593,0.390397,1
251868,0.390393,4
80122,0.390384,1
71117,0.390376,1
36127,0.390365,1
461177,0.390301,1
118855,0.390139,4
136526,0.390123,3
142113,0.390111,1
88499,0.389982,1
175273,0.389964,3
182129,0.389954,1
347520,0.389935,1
123068,0.389873,1
222930,0.389852,1
364186,0.389801,2
458579,0.3898,1
387028,0.38976,1
399476,0.389733,2
299634,0.389684,2
134756,0.389675,1
462923,0.389658,1
426437,0.389612,1
422810,0.389612,13
69688,0.389483,1
313345,0.389481,1
457146,0.389479,1
275468,0.389432,1
269808,0.389421,1
359348,0.389372,3
83743,0.389357,4
133139,0.389285,1
437943,0.38925,1
256712,0.389201,1
124503,0.389183,1
217689,0.389177,1
186255,0.389172,1
403429,0.389034,1
343891,0.388995,2
347238,0.388979,1
309507,0.388961,2
2698,0.388908,1
417304,0.388872,7
329945,0.388843,5
66780,0.388785,1
382942,0.388679,1
389434,0.388644,1
244310,0.388577,1
317288,0.388528,1
163486,0.388525,4
63957,0.388454,1
358148,0.388369,1
243888,0.388348,1
253469,0.388321,1
237589,0.388316,1
162399,0.388312,5
427218,0.388237,3
379846,0.388163,1
69465,0.388112,1
454194,0.388096,1
138352,0.388034,1
434071,0.388015,1
248760,0.38798,1
107195,0.38795,6
410389,0.387949,4
369429,0.387921,1
428879,0.387788,2
139936,0.387774,1
326869,0.387772,1
174506,0.387732,1
198121,0.387593,3
343828,0.387486,5
100586,0.387457,1
315550,0.387386,1
125071,0.387328,1
420957,0.387317,1
29195,0.387299,1
209210,0.387267,1
81182,0.387221,1
441158,0.387202,2
417498,0.387168,2
465650,0.38715,2
398666,0.387092,1
384453,0.387077,10
437192,0.386995,1
250273,0.386939,2
289113,0.386885,1
226021,0.386864,2
405238,0.386848,1
371187,0.386796,2
395587,0.386776,2
448413,0.386768,3
187143,0.386766,1
462116,0.386765,1
297761,0.386752,1
143885,0.386728,1
232099,0.386675,1
450587,0.386633,4
124214,0.386509,2
302587,0.386392,5
101698,0.386365,3
196800,0.386354,4
90417,0.38633,2
450459,0.386311,1
15616,0.386238,3
442222,0.386155,4
167539,0.386062,1
51118,0.385995,2
378839,0.385897,1
350341,0.385838,3
273762,0.385788,4
90389,0.38574,9
254407,0.385738,2
293108,0.385673,1
216102,0.385573,2
86999,0.385549,2
361273,0.385482,2
258120,0.385434,2
362087,0.385271,2
301119,0.385268,2
108442,0.385262,2
273512,0.385256,2
463297,0.385004,1
173486,0.384846,2
157437,0.38475,4
129624,0.38455,5
83662,0.384516,5
252780,0.38418,4
302887,0.384087,7
234261,0.383876,3
399943,0.383665,2
366510,0.383512,1
396185,0.38348,2
459628,0.383457,4
34074,0.383232,2
19981,0.383132,2
81895,0.38307,5
21094,0.383009,2
148450,0.382958,2
43004,0.382801,3
243543,0.382633,2
270529,0.382432,2
257420,0.382231,5
433811,0.382184,5
43101,0.382126,4
196582,0.382121,2
427211,0.38206,3
4887,0.381921,9
60120,0.381779,2
369197,0.38175,2
406864,0.381631,2
138936,0.381386,3
455641,0.381384,4
92829,0.381366,1
124559,0.381354,5
125499,0.381344,1
298759,0.381214,1
72255,0.381191,5
358306,0.381184,2
206207,0.381057,3
125016,0.38104,3
133431,0.381016,3
255536,0.380964,3
275147,0.380942,8
227867,0.380923,2
102713,0.380884,1
57411,0.380863,1
177757,0.380823,3
348839,0.380728,5
331472,0.380484,2
262919,0.380465,2
259608,0.380411,1
262398,0.380411,2
440900,0.380313,2
284394,0.380285,2
337309,0.38025,5
338716,0.380213,1
256856,0.380014,3
456299,0.379833,2
406644,0.379755,3
120843,0.379713,4
440468,0.379577,3
229746,0.379421,3
427725,0.379386,2
306805,0.379214,1
272124,0.379135,1
30326,0.379109,1
463027,0.379015,10
367395,0.378967,5
60057,0.378925,2
263217,0.378838,5
246411,0.378745,2
243080,0.378725,5
113669,0.378683,1
236938,0.378678,8
365104,0.378648,1
70929,0.378625,4
441124,0.378489,1
3135,0.378474,1
369965,0.378378,5
434250,0.378375,2
405116,0.378341,2
130839,0.378308,1
346361,0.378227,2
334920,0.378105,8
293963,0.378104,3
18182,0.377968,5
184460,0.377887,5
214193,0.37785,1
388227,0.377745,6
272693,0.377709,1
246695,0.377697,1
123879,0.377642,1
135217,0.377624,1
315237,0.377618,4
192545,0.377616,1
122467,0.377606,5
344378,0.377597,1
2469,0.377482,2
16593,0.377417,1
248630,0.37736,4
373650,0.377359,1
367374,0.377312,1
98485,0.377141,4
131270,0.3771,2
54641,0.377075,1
195553,0.37704,2
193554,0.377025,1
457206,0.376937,1
407692,0.376918,3
273189,0.376886,2
310514,0.37688,5
418086,0.376728,2
151508,0.376707,1
362441,0.376706,1
380745,0.376687,1
35099,0.376676,1
215824,0.376609,2
113535,0.376598,6
442365,0.376488,1
154516,0.376481,2
379457,0.376353,2
26028,0.376339,1
19773,0.3763,1
465388,0.376239,1
230712,0.376226,1
387067,0.376222,1
331510,0.376208,13
76390,0.376204,1
276052,0.376201,1
116794,0.376193,4
94478,0.376186,1
386142,0.376172,1
110307,0.376167,1
192929,0.376143,1
346330,0.37614,1
5070,0.37611,4
208082,0.376081,1
234743,0.37608,1
314392,0.376004,4
195287,0.375994,1
105563,0.375966,1
306932,0.375962,1
258339,0.375934,1
215715,0.375932,6
275269,0.375915,4
65838,0.375729,2
102664,0.375721,1
10966,0.375709,1
123229,0.375691,3
455399,0.37564,2
117245,0.375634,1
226691,0.375633,1
158515,0.375619,2
18462,0.375594,1
24960,0.375554,1
95036,0.375549,3
153095,0.375524,2
332816,0.375513,2
205426,0.375508,1
107639,0.375504,1
376557,0.375498,1
314869,0.375447,1
98402,0.37543,1
87527,0.375396,1
635,0.375381,1
433117,0.375369,1
207324,0.375362,1
321069,0.375354,1
38794,0.375343,1
343187,0.375337,1
122780,0.375298,1
83639,0.375295,2
118782,0.375293,3
188449,0.37527,1
129310,0.375268,1
301684,0.37526,1
218329,0.37526,2
370979,0.375257,1
309291,0.375253,1
220742,0.375244,2
226591,0.375241,1
236346,0.37523,1
50676,0.375225,1
253567,0.375222,1
194430,0.375202,1
253797,0.375198,1
222063,0.375195,1
377704,0.375179,1
200012,0.375168,1
32453,0.375165,1
294049,0.375149,1
85268,0.375146,1
143836,0.375144,1
274567,0.375142,1
70650,0.375135,1
289827,0.375117,1
15723,0.375099,1
464380,0.375056,1
359637,0.375053,1
228890,0.375047,1
227099,0.375039,1
320314,0.375032,1
273818,0.375015,1
109181,0.375,1
54608,0.374991,1
132854,0.374985,2
135883,0.374984,1
22757,0.374981,1
394005,0.374981,1
336861,0.374974,3
306260,0.374965,1
378663,0.374959,1
144406,0.374953,1
187278,0.374946,1
179610,0.374943,1
79256,0.37494,1
455359,0.374886,1
226270,0.374866,2
40137,0.374856,2
436326,0.374819,2
79774,0.374808,1
442674,0.374804,1
62496,0.374795,1
420328,0.374785,1
55568,0.374745,1
375773,0.374741,3
149142,0.37474,1
160418,0.374734,1
257599,0.374725,1
45870,0.374706,1
136202,0.374699,1
139787,0.374677,1
346627,0.37467,1
179235,0.374653,1
73162,0.37465,1
424724,0.374621,1
105622,0.374618,1
156985,0.374615,1
61925,0.374609,1
341860,0.374593,1
193880,0.374586,1
34355,0.374553,1
338232,0.374537,2
71879,0.374527,1
207876,0.374434,1
6805,0.374428,2
381075,0.374423,1
496,0.37436,4
337480,0.374347,1
124478,0.374323,1
238650,0.374276,7
444242,0.374167,3
376843,0.373811,4
245471,0.373588,2
25178,0.373453,4
340800,0.373379,2
88156,0.373332,5
346139,0.373081,4
298162,0.373054,2
267050,0.372956,7
196285,0.37294,2
93761,0.372783,2
356635,0.372754,15
302311,0.372747,4
384870,0.372745,2
345844,0.372676,2
447399,0.372663,2
193617,0.372088,2
65346,0.371947,2
361656,0.371914,4
349876,0.371745,3
210832,0.371714,5
192144,0.371635,6
193409,0.371465,7
180269,0.371339,2
87413,0.370648,12
259266,0.370541,2
94121,0.370327,2
201882,0.370311,2
304154,0.370304,3
218487,0.37021,4
62035,0.370027,2
427703,0.37002,4
236949,0.369929,2
341702,0.369578,2
285637,0.369545,2
383496,0.369399,3
190004,0.369365,3
49601,0.36936,3
128411,0.369149,2
354220,0.369144,1
194987,0.36902,4
349669,0.36899,1
82927,0.368913,3
274281,0.368854,9
352290,0.368692,1
61419,0.368557,2
128909,0.368555,2
461323,0.368518,1
390191,0.368496,2
13092,0.368495,2
180876,0.368367,4
109498,0.368179,4
81947,0.368161,1
185535,0.36802,3
257000,0.367998,3
228407,0.367838,2
52338,0.367791,3
245530,0.367777,3
312445,0.367727,2
434709,0.367727,1
27003,0.367673,5
346648,0.367605,4
98095,0.367454,6
214692,0.367345,2
105868,0.367265,2
85975,0.367051,1
185191,0.366993,1
367899,0.366985,1
139770,0.366965,2
187263,0.366913,1
323547,0.366842,4
39727,0.366746,1
91441,0.366735,3
413037,0.366619,1
123518,0.366604,1
14832,0.366531,1
172971,0.366516,1
163141,0.366481,2
413093,0.366443,5
61554,0.366431,1
171936,0.36635,1
356922,0.366329,1
143601,0.36631,1
373928,0.366255,1
270865,0.366182,18
347100,0.366139,1
120658,0.366115,3
8052,0.366074,1
180918,0.366011,1
175813,0.365968,3
242729,0.365872,2
233863,0.36587,2
230952,0.365866,4
101370,0.365844,2
415383,0.365812,1
168224,0.365757,6
277982,0.365709,1
346569,0.365676,1
205330,0.365666,1
438515,0.365642,1
18331,0.365589,1
428067,0.365585,2
54859,0.365531,1
174811,0.365515,1
13422,0.365468,1
459302,0.365466,1
131616,0.365465,1
213544,0.365435,2
403898,0.365398,1
296421,0.365367,4
349258,0.365348,1
200600,0.36533,1
81593,0.365308,1
47447,0.3653,8
203407,0.365262,1
53042,0.365196,1
337869,0.365187,1
458277,0.365113,5
316183,0.365088,3
73398,0.365027,2
400207,0.365015,3
230773,0.364929,1
3024,0.364914,1
378689,0.364802,2
208497,0.36479,1
123374,0.364785,1
393397,0.364738,1
466864,0.364642,3
55176,0.36463,1
354733,0.364553,1
10034,0.364539,5
181051,0.364521,1
44122,0.364502,1
11226,0.364494,3
100884,0.364494,1
444597,0.364428,3
170527,0.364326,2
316517,0.364317,1
302422,0.364296,1
104730,0.364208,13
373245,0.364188,1
144619,0.36411,1
185577,0.364061,1
21886,0.364031,7
16907,0.364027,1
359052,0.364015,1
13131,0.363974,1
380061,0.363862,3
78653,0.363856,1
228012,0.363693,2
398447,0.363657,1
6586,0.363627,9
449353,0.36362,1
78643,0.363588,1
157629,0.363486,1
91291,0.363438,1
375959,0.363429,1
202714,0.363329,1
206755,0.363304,1
82344,0.363291,1
456710,0.363288,1
335116,0.363269,1
138147,0.363269,1
318392,0.363265,3
55253,0.363245,6
299898,0.363197,1
458733,0.363118,1
68672,0.363111,1
255175,0.363074,1
140853,0.363047,3
28861,0.362995,1
38862,0.362992,1
7068,0.362867,1
388624,0.362831,2
34868,0.362815,1
106142,0.362785,1
111436,0.362747,1
263512,0.362747,2
206970,0.362739,1
363814,0.362703,1
181067,0.36257,1
200370,0.36254,2
126706,0.362525,2
87299,0.362523,1
54058,0.362493,3
458990,0.362479,1
101488,0.362398,2
180010,0.36225,6
320547,0.362222,1
228721,0.362208,1
156770,0.362185,2
20659,0.362175,1
440156,0.362123,1
463301,0.362098,3
252564,0.362066,1
375812,0.36199,1
174074,0.361978,4
74757,0.361694,1
355605,0.361542,3
50566,0.361382,1
378403,0.361313,3
280794,0.361156,2
197844,0.360875,5
189786,0.360834,1
22174,0.360629,2
164970,0.360615,4
144304,0.360507,3
177543,0.360356,5
19547,0.36031,4
210928,0.360226,4
400271,0.360192,2
42841,0.360163,7
451727,0.360103,2
198637,0.359978,4
375888,0.359824,2
206925,0.359508,9
389321,0.359479,6
278549,0.359258,5
440066,0.359118,5
207802,0.35853,5
323735,0.35852,2
167904,0.358515,4
433543,0.358376,5
321806,0.358174,4
272926,0.358024,2
64179,0.357914,2
251807,0.357684,3
406775,0.357633,2
407421,0.357625,1
181102,0.357606,3
328435,0.357585,2
278893,0.357456,4
451937,0.357385,1
200457,0.357323,3
25332,0.357042,2
17798,0.356911,3
301284,0.356781,6
299118,0.356758,2
457256,0.356314,2
90822,0.356275,3
160128,0.356181,1
373861,0.356166,3
425979,0.35606,2
346579,0.355923,3
240496,0.355914,1
186214,0.355902,2
376911,0.355759,1
124801,0.355742,1
50883,0.35574,1
32274,0.355734,1
406572,0.355643,1
203086,0.355567,2
235636,0.355395,4
399049,0.355336,1
88037,0.355248,3
16417,0.355192,7
181493,0.354927,7
204644,0.354863,1
249573,0.354745,1
197995,0.3547,1
743,0.354672,7
88706,0.354656,1
251598,0.354654,1
86579,0.354649,1
118950,0.354646,1
241150,0.354631,1
135541,0.354629,1
325655,0.354621,1
287819,0.354618,1
55759,0.354595,1
386698,0.354563,1
309978,0.354553,1
186053,0.35454,1
323079,0.354537,1
158934,0.354534,1
256456,0.354531,1
255910,0.354519,1
7466,0.354514,1
174703,0.354511,1
463747,0.354508,1
53067,0.354479,1
219205,0.354374,1
1496,0.354352,1
64749,0.35435,4
244296,0.354339,1
200048,0.354337,1
317553,0.354308,1
440188,0.354272,2
331464,0.354232,1
265038,0.354219,1
236914,0.35413,5
150268,0.354116,1
443795,0.354019,2
146809,0.353875,3
102618,0.353871,2
377018,0.353871,1
379428,0.353783,1
462742,0.353773,7
224586,0.353728,4
61767,0.353708,4
163751,0.3537,1
82462,0.353695,1
60303,0.353677,1
148445,0.353519,3
7818,0.353489,1
301905,0.353486,1
349537,0.353473,6
66509,0.353437,4
139522,0.35343,1
47276,0.353418,1
32781,0.353274,1
157274,0.35325,1
463478,0.353237,1
384765,0.353224,1
76024,0.353193,4
432691,0.353087,1
224120,0.353055,1
70370,0.352986,3
33421,0.352922,1
452813,0.352916,1
382258,0.352903,1
82075,0.352817,1
441236,0.352808,2
90815,0.352733,1
12997,0.352685,1
36374,0.35264,1
211061,0.352621,1
202933,0.352595,1
43454,0.352539,1
402403,0.352521,1
247215,0.352515,1
361199,0.352498,1
172247,0.352447,1
246267,0.352393,1
287925,0.352332,1
414707,0.352323,1
22748,0.352233,1
141710,0.352195,1
294281,0.352109,1
14230,0.352081,1
185128,0.352065,1
8641,0.352045,7
333456,0.352034,1
389274,0.352034,1
355437,0.351996,3
176340,0.351995,1
383932,0.351889,1
289980,0.351879,1
466508,0.351861,1
139760,0.351857,1
178686,0.35185,1
432711,0.351836,1
33406,0.351826,1
416561,0.351824,1
24863,0.351819,1
40598,0.351813,1
179733,0.351802,1
23485,0.351797,1
259673,0.351714,1
343379,0.351644,1
137461,0.351634,1
205139,0.351611,7
340137,0.351604,3
71876,0.351601,1
409300,0.351579,1
381508,0.351557,4
396463,0.351548,1
65175,0.351535,1
243087,0.351519,4
382447,0.351506,1
276987,0.351491,1
270983,0.351458,5
208971,0.351433,1
210993,0.351424,2
345808,0.351415,3
229122,0.351395,1
456794,0.351383,1
437499,0.351372,1
446372,0.351371,1
175560,0.351322,2
385331,0.351321,3
323344,0.351318,1
382389,0.351309,4
313534,0.351283,1
412390,0.351279,1
51421,0.351241,1
453242,0.351227,1
415735,0.351186,1
326819,0.351163,3
260494,0.35114,2
355046,0.351125,1
221084,0.351076,2
314943,0.351071,2
138115,0.351043,3
146781,0.351033,4
107523,0.351024,3
255740,0.35101,1
327712,0.350909,1
178991,0.350856,1
4281,0.350844,1
120137,0.350825,1
426151,0.350811,1
34466,0.350801,2
366088,0.35079,1
204070,0.350778,5
350469,0.35075,1
215972,0.350735,1
109662,0.350682,2
311484,0.350666,1
430189,0.350662,2
226870,0.350639,3
422948,0.35062,6
200485,0.350609,1
381205,0.350547,1
259510,0.350491,2
367290,0.35044,2
408958,0.350412,3
183313,0.350409,4
269192,0.350403,8
409100,0.350378,3
62300,0.350361,3
212216,0.350299,8
152065,0.350276,1
254488,0.350215,2
269300,0.350208,1
395731,0.350165,1
71642,0.349838,1
403,0.349693,5
272370,0.349575,5
330229,0.349467,1
384318,0.34937,2
169962,0.349326,2
228796,0.349266,2
248101,0.348844,4
31952,0.34882,3
435002,0.348734,2
370996,0.348662,3
183098,0.348633,2
102891,0.348495,8
268973,0.348493,7
331244,0.348467,3
27127,0.348313,3
138613,0.348091,3
72640,0.34795,4
308903,0.347933,7
80727,0.347717,2
312972,0.347359,2
341179,0.347122,2
30155,0.347105,4
48892,0.347081,2
261940,0.347028,3
236806,0.346913,3
94219,0.346768,7
40702,0.346627,4
233263,0.346583,3
246687,0.346412,5
43888,0.346374,2
356455,0.346279,2
287972,0.34613,2
283693,0.346085,4
291154,0.346079,3
178013,0.346032,1
129001,0.345998,1
69537,0.345719,3
315571,0.345688,3
428819,0.345633,2
330759,0.345614,4
988,0.345597,1
264789,0.345298,5
232780,0.345232,5
132633,0.345204,1
53486,0.345104,1
73392,0.345068,4
463509,0.34505,2
207749,0.344892,2
296997,0.344886,2
355412,0.34475,3
174627,0.344729,2
315585,0.344678,1
326094,0.34463,7
109499,0.34459,3
347530,0.344403,3
429707,0.344343,3
381187,0.344327,2
269258,0.344289,5
418601,0.344263,4
97348,0.34426,1
140461,0.344254,4
68923,0.34413,3
165347,0.344115,5
382152,0.343876,1
330307,0.343819,3
361734,0.343795,3
10739,0.343772,15
319092,0.34375,1
114385,0.343721,2
32596,0.343652,1
193666,0.343422,2
62341,0.343331,1
217500,0.343261,3
34004,0.343128,1
276904,0.343042,7
423511,0.342865,2
453252,0.34286,1
388897,0.342855,4
302308,0.342777,3
231169,0.342767,1
159459,0.342627,1
448057,0.342572,1
49870,0.342566,4
10226,0.342531,2
428393,0.342465,1
461579,0.342404,1
37987,0.342357,1
92290,0.342345,1
110583,0.342327,1
171478,0.342321,1
26833,0.342278,1
165619,0.342277,1
273544,0.342255,2
70440,0.342187,3
64099,0.342164,4
236143,0.342126,2
422451,0.341881,4
115518,0.341802,2
120432,0.341589,3
347167,0.341387,2
261316,0.341341,3
420549,0.34126,8
70602,0.341255,2
464544,0.341234,1
440782,0.34119,1
268065,0.341132,2
464116,0.341063,5
409658,0.340869,2
322141,0.340856,3
195399,0.340781,1
398147,0.340773,2
97176,0.340755,1
43330,0.340685,6
261520,0.340633,2
277507,0.340607,2
378676,0.340464,2
316172,0.340325,1
413013,0.340322,1
101386,0.340321,1
165148,0.340304,2
360305,0.340262,1
189745,0.340228,3
332516,0.340218,1
116787,0.340194,2
95974,0.340095,1
73304,0.340036,3
353240,0.339921,3
285284,0.339893,3
100031,0.339853,4
177773,0.339777,3
11893,0.339739,3
90888,0.339631,1
327797,0.339614,2
295223,0.33961,3
1325,0.339598,2
299021,0.339527,3
466557,0.339381,4
390467,0.339288,3
391653,0.339171,2
249854,0.339124,2
145525,0.339119,1
447224,0.339105,2
412335,0.338995,1
303190,0.338908,1
416883,0.338796,3
313230,0.338777,2
42945,0.338773,1
115057,0.338738,3
337512,0.338696,3
170468,0.338662,1
64920,0.338637,1
205483,0.338623,1
6518,0.338523,5
128990,0.338378,1
120009,0.33826,1
375207,0.338233,2
136418,0.337996,2
387478,0.337952,2
90921,0.337859,3
420697,0.337846,4
381503,0.337791,3
374825,0.337584,2
437128,0.337543,3
63910,0.337542,1
47044,0.337347,4
100431,0.33722,3
427048,0.337128,7
395497,0.33695,4
209154,0.336852,3
62641,0.336809,5
53207,0.336753,5
49384,0.336633,9
307941,0.336528,4
195688,0.336454,2
277609,0.336368,3
391472,0.336328,3
434652,0.336202,3
397949,0.336092,2
368843,0.335993,2
149458,0.335904,2
408639,0.335795,1
166703,0.335573,4
444918,0.335567,4
196148,0.335548,2
238097,0.335337,2
403492,0.335194,1
465299,0.335161,2
174665,0.334979,2
125713,0.334918,1
322875,0.334917,1
265085,0.334669,2
208635,0.334656,2
27036,0.334621,2
195360,0.334602,3
76188,0.334476,4
33,0.334457,1
180644,0.334238,2
271082,0.334177,3
136602,0.334137,4
386436,0.334055,1
435043,0.334028,1
280354,0.334013,1
379306,0.333994,3
346384,0.333927,11
240752,0.333889,6
141424,0.333506,1
63693,0.333464,2
119226,0.333179,1
446755,0.333114,5
191839,0.33308,2
284600,0.33296,1
92668,0.332955,5
185810,0.332854,1
111220,0.332851,1
13576,0.332838,12
257251,0.332805,6
242314,0.332469,3
122704,0.332432,5
156004,0.33243,3
367956,0.332321,2
215889,0.332133,1
225829,0.332064,2
289915,0.332059,4
275423,0.331999,15
48213,0.33196,3
374941,0.331921,5
396736,0.331794,4
373318,0.33179,3
430034,0.331728,5
280104,0.331706,1
213255,0.331521,3
457539,0.331216,3
82340,0.331141,8
192120,0.331134,1
13031,0.331102,1
111458,0.331094,1
70819,0.331067,2
327062,0.330973,1
272890,0.33093,2
276724,0.330909,2
400533,0.330829,6
203877,0.330821,4
431207,0.330615,1
416187,0.330548,10
108322,0.330401,4
85548,0.330346,2
392562,0.330295,2
343246,0.330289,1
215184,0.330287,1
62950,0.330282,2
353834,0.330272,3
110517,0.330166,6
43725,0.33011,3
170347,0.329983,2
206697,0.329827,2
355730,0.329779,1
30015,0.329762,1
93900,0.329588,3
423897,0.329484,8
121108,0.329469,1
41592,0.329424,1
18717,0.32942,3
266072,0.329412,2
177522,0.329388,5
62737,0.329264,1
17655,0.329249,7
459505,0.329211,1
311787,0.329195,5
4881,0.32914,2
76848,0.328971,2
155741,0.328908,1
383396,0.328874,6
150616,0.328869,1
210628,0.328807,2
397650,0.328757,1
209752,0.328672,3
300784,0.328552,2
354803,0.328549,1
334329,0.328548,1
373662,0.328546,1
361463,0.328533,3
82143,0.328444,1
265419,0.328372,5
250487,0.328351,3
439726,0.328236,5
403146,0.328212,1
449492,0.32821,1
124556,0.328208,2
16560,0.328186,1
224380,0.328117,4
385475,0.328116,4
268604,0.328032,1
36108,0.327943,1
122697,0.327939,1
102399,0.327836,1
77266,0.327775,1
213580,0.327772,2
127713,0.32777,1
85377,0.327769,1
199506,0.327758,1
406457,0.32775,1
259488,0.327735,1
297053,0.327733,3
323084,0.327699,5
119277,0.32766,1
337257,0.327567,2
184126,0.327473,1
362457,0.327407,2
355594,0.327376,3
117768,0.327363,3
138546,0.327187,4
54502,0.327059,2
138729,0.327025,4
67472,0.326817,1
108740,0.326812,2
465922,0.326779,2
215704,0.326762,4
322935,0.326747,7
145908,0.326548,3
29218,0.326494,2
331159,0.326345,6
6257,0.326298,3
69754,0.32593,3
111083,0.325817,6
353433,0.325623,2
429954,0.325504,2
80196,0.325302,4
244534,0.32486,4
239564,0.324815,4
109312,0.324747,5
23016,0.324529,2
31625,0.324427,3
169968,0.324366,1
133814,0.323869,12
88160,0.323778,4
268982,0.323725,2
134927,0.323615,2
333683,0.323603,2
51483,0.323558,2
448124,0.323254,4
423043,0.323229,3
122912,0.323126,2
110856,0.322999,2
74833,0.322941,5
65580,0.322847,6
15583,0.322777,4
144407,0.322722,2
251381,0.322686,3
205552,0.322679,5
393419,0.322645,9
61264,0.322554,2
79371,0.322541,2
333989,0.322402,1
261979,0.322347,3
76414,0.322318,2
402472,0.322265,1
62800,0.322262,14
215640,0.32226,1
248712,0.322172,1
358690,0.322162,1
10087,0.322161,1
134825,0.322143,5
322424,0.322071,3
6432,0.322066,4
55417,0.322052,2
125561,0.322033,2
70894,0.322001,1
21198,0.321999,5
299001,0.321992,1
106999,0.321946,1
290172,0.321932,2
227742,0.3219,1
333193,0.321885,1
259059,0.321789,1
407940,0.321784,2
462808,0.321783,1
277362,0.321707,2
142218,0.321688,2
346960,0.321671,3
35590,0.321652,2
218576,0.321192,4
149132,0.321118,1
311244,0.321113,2
161205,0.321072,1
442863,0.321001,3
192245,0.320985,4
86369,0.320983,6
46454,0.32095,1
403792,0.32088,4
11478,0.32088,4
376426,0.320865,4
249666,0.32085,1
79563,0.320849,1
352258,0.320798,8
57686,0.320719,2
149777,0.320679,1
398813,0.320653,2
167869,0.320651,1
341340,0.320645,1
236814,0.320644,6
173766,0.320601,5
180003,0.320595,1
133558,0.320493,1
125840,0.320478,1
357531,0.320468,14
31901,0.320464,1
189199,0.320418,1
294210,0.320294,3
159581,0.320268,1
278708,0.320262,1
426633,0.320154,1
157419,0.320099,2
292049,0.320053,4
279831,0.319983,5
402984,0.319974,1
439702,0.319919,1
350296,0.319911,1
160868,0.319866,1
211229,0.319861,1
417385,0.319856,1
367647,0.319855,3
300283,0.319854,1
113668,0.319837,1
89607,0.319831,1
426220,0.319812,3
47025,0.319785,1
295553,0.319784,1
252596,0.319754,5
405654,0.319719,4
254340,0.319668,1
81333,0.319654,2
275779,0.319626,1
257635,0.319605,3
277694,0.319598,1
454021,0.319598,2
163302,0.319592,1
368320,0.319573,1
466472,0.319573,1
454737,0.319569,1
442333,0.319544,1
2991,0.319541,1
125068,0.319536,2
195587,0.319523,1
430132,0.319435,1
50037,0.319429,1
439172,0.319426,1
15090,0.319417,1
101596,0.319391,1
218636,0.319386,1
286252,0.319383,1
150210,0.319367,3
365552,0.319366,1
213357,0.319363,1
215997,0.31936,1
83439,0.319348,1
388562,0.319348,1
118400,0.319334,1
296371,0.319332,2
387022,0.319317,1
341670,0.319297,1
108821,0.31928,1
223039,0.319277,1
218277,0.319269,2
83213,0.319251,1
116261,0.319191,1
432434,0.319161,1
297728,0.319136,10
319741,0.319127,1
78562,0.319067,1
372664,0.319056,1
87069,0.319048,5
463114,0.319047,1
116765,0.319036,1
23905,0.318972,2
277015,0.318912,1
40085,0.318908,4
66556,0.3189,1
338571,0.318881,1
184909,0.318855,2
209344,0.318842,1
235214,0.318807,1
70683,0.318779,1
181705,0.318778,1
133968,0.318724,2
27995,0.318653,2
152075,0.318641,2
146123,0.318641,3
131178,0.318572,1
83168,0.31853,2
442362,0.318504,1
332486,0.318491,1
71779,0.31848,1
14930,0.318476,1
298057,0.318476,1
267891,0.318463,1
353705,0.318457,1
3611,0.318452,1
443768,0.318452,1
370944,0.318448,1
61971,0.318439,3
406172,0.318436,1
25943,0.318427,1
343848,0.318418,4
227713,0.31839,6
252483,0.318272,1
413058,0.318205,2
363831,0.318147,5
444962,0.318104,1
376005,0.318045,1
142008,0.318026,2
321379,0.317972,2
275361,0.317963,3
68447,0.317839,1
158820,0.317837,4
324183,0.317753,1
85943,0.317669,3
445290,0.317669,3
270688,0.31759,4
359770,0.317553,1
213687,0.317449,4
321668,0.317445,1
363748,0.317186,1
66900,0.317183,1
439112,0.317135,2
372420,0.317091,2
245635,0.317072,1
196591,0.317029,1
328025,0.317013,1
17398,0.31697,1
287524,0.316843,1
394118,0.31684,2
307021,0.316783,1
27847,0.31673,6
223491,0.316472,3
395668,0.316257,2
350440,0.316249,4
129269,0.31623,1
259822,0.316213,2
177636,0.315998,6
372641,0.315927,3
404322,0.315852,2
381347,0.315844,3
84773,0.315796,2
365787,0.315748,5
117699,0.315729,2
236158,0.315602,2
146981,0.315599,2
242348,0.315517,2
328365,0.315506,3
58905,0.315124,4
409793,0.315113,8
139706,0.315109,2
90835,0.314965,6
301278,0.314804,2
349809,0.314772,4
139719,0.314731,4
128396,0.314652,3
103961,0.314631,5
357854,0.314631,2
187626,0.314613,2
36310,0.314418,2
284381,0.314113,2
206767,0.314108,2
26284,0.31404,10
179208,0.31403,5
175668,0.313952,7
99907,0.313935,9
403240,0.313908,3
375082,0.313862,2
274008,0.313435,6
137645,0.313292,2
206974,0.313138,3
156642,0.313137,2
194791,0.313008,10
15,0.312992,3
260217,0.312918,3
160449,0.312821,2
76428,0.312753,4
18724,0.312681,6
329181,0.312538,1
187549,0.312529,7
80635,0.312299,3
256666,0.312054,2
396265,0.312028,3
179136,0.311891,7
179612,0.311877,2
366035,0.311703,5
132401,0.311582,2
178324,0.311371,2
246985,0.311335,3
360809,0.311262,2
165477,0.311009,1
306647,0.310906,2
453341,0.310854,5
188390,0.310801,5
42910,0.310756,3
283263,0.310724,3
302090,0.310669,2
212743,0.310414,11
125440,0.310349,5
44648,0.310238,1
176844,0.310122,1
305008,0.310095,2
134762,0.309967,4
441577,0.309834,2
36250,0.309724,2
44947,0.309723,3
375976,0.309722,3
134583,0.309648,1
402047,0.309587,7
34926,0.309524,1
400010,0.309514,1
277211,0.309513,1
339756,0.309495,1
267593,0.309465,2
396183,0.309387,1
141041,0.309374,1
301984,0.309301,1
387747,0.309273,5
225246,0.309202,1
212091,0.309188,3
53613,0.309184,1
27935,0.309109,1
379551,0.309085,1
10405,0.309082,1
289803,0.309081,1
209405,0.308999,2
446998,0.308843,1
354479,0.308828,1
147613,0.308802,1
357132,0.308801,2
295209,0.308711,1
312867,0.308664,1
330481,0.308635,1
190172,0.308553,6
140081,0.3084,1
314748,0.30833,1
34100,0.308308,1
361753,0.308306,1
134576,0.308266,2
316907,0.308256,4
155462,0.308241,1
25298,0.308187,4
44477,0.308142,1
129884,0.308115,2
417666,0.308064,1
466347,0.308032,1
30982,0.308016,1
331725,0.307825,7
245510,0.307788,4
247102,0.307741,1
57548,0.307724,1
120109,0.307664,3
101926,0.307595,5
286165,0.307541,1
372318,0.30753,4
211579,0.30744,1
264133,0.307439,2
451080,0.30743,1
26086,0.307414,1
457904,0.307359,2
135282,0.307323,2
132126,0.307308,8
305094,0.307221,2
16913,0.307213,1
336842,0.307199,1
374984,0.307173,2
159809,0.307071,1
247230,0.307061,1
89209,0.307034,4
131387,0.307006,1
302756,0.306922,2
146625,0.306895,1
350968,0.306868,1
280065,0.306818,2
272998,0.306743,1
58767,0.306728,2
445943,0.306716,1
18573,0.306612,3
309131,0.306567,1
325583,0.306462,1
424436,0.306417,1
51906,0.306415,1
364180,0.306415,1
466710,0.306411,2
321963,0.306405,3
123509,0.306388,1
454032,0.306359,3
325521,0.306285,3
460092,0.306265,2
29642,0.306207,2
438501,0.3062,2
259884,0.306162,12
46348,0.306131,6
199452,0.30583,2
38680,0.305642,7
99003,0.305548,2
255902,0.305533,3
327799,0.305401,3
11962,0.305327,3
202052,0.305311,6
455010,0.305224,2
138378,0.305088,2
238993,0.305085,1
172733,0.305085,1
235357,0.305002,3
296675,0.304979,3
62895,0.304834,2
160176,0.304604,2
66046,0.304406,5
357659,0.304381,4
187175,0.304344,3
48089,0.304342,6
109317,0.304318,4
76362,0.304228,3
189313,0.304223,3
35317,0.30391,6
191640,0.303791,3
112112,0.303671,6
131794,0.303522,3
39546,0.303403,2
361856,0.303322,6
213303,0.303253,3
1634,0.30319,1
432025,0.303115,1
43770,0.303099,1
338778,0.303028,1
357827,0.302835,2
251569,0.302798,2
434726,0.302725,2
172146,0.302681,2
422964,0.302464,3
343016,0.302319,1
322331,0.302306,1
44955,0.302301,1
28887,0.302293,1
438092,0.302232,4
214189,0.302111,3
215961,0.301942,4
28230,0.301796,3
113085,0.301617,3
77879,0.301402,1
89044,0.301384,7
187354,0.301285,3
54619,0.301261,2
297124,0.301231,1
35061,0.301211,3
117104,0.301151,3
277742,0.301149,1
204038,0.301147,3
234384,0.300962,5
60515,0.300895,2
98633,0.300801,5
99977,0.300723,1
288529,0.300673,2
393336,0.300629,12
40864,0.300599,4
3608,0.30047,1
412060,0.300451,6
205936,0.300388,1
171195,0.300385,9
257213,0.300367,1
120183,0.300327,3
246102,0.300297,2
386869,0.30028,2
138434,0.300202,9
409186,0.300037,1
392568,0.299994,2
233861,0.299977,4
337306,0.299928,1
165783,0.299902,5
353366,0.299884,1
56506,0.299836,1
352041,0.299776,1
267232,0.299693,2
50499,0.299523,1
304180,0.299497,1
400874,0.299477,1
60624,0.299474,1
390287,0.299465,1
121096,0.299447,1
71776,0.299442,1
254237,0.299439,3
223789,0.299399,1
377699,0.299393,1
242480,0.299391,1
4375,0.299388,1
221296,0.299386,1
434087,0.299356,1
297471,0.299355,1
267000,0.299351,1
450945,0.299324,1
134938,0.299319,1
397801,0.299308,1
75659,0.299299,1
67393,0.299239,1
361571,0.299233,1
417938,0.299212,1
132256,0.299198,1
180301,0.299197,1
29500,0.299185,1
278582,0.299178,1
12343,0.299173,1
150126,0.299118,1
334975,0.29899,2
345395,0.298978,2
61195,0.298961,1
351717,0.298927,1
82229,0.298918,4
193121,0.298875,1
441169,0.298788,1
418211,0.298749,2
44582,0.298671,8
249592,0.298644,1
51792,0.298564,2
419414,0.298444,1
287436,0.298424,1
448601,0.298421,14
378593,0.298364,1
441646,0.298333,1
446645,0.298305,4
37959,0.29827,1
319380,0.298202,1
120073,0.298201,6
34695,0.298192,1
347576,0.298184,4
296460,0.298132,1
17957,0.298073,2
54153,0.298064,1
421085,0.298044,5
158822,0.298029,1
13896,0.298015,1
350141,0.298007,1
357111,0.297988,5
271953,0.297836,1
63824,0.297827,3
297807,0.297812,1
309758,0.297751,1
381982,0.297727,4
318658,0.29766,1
47655,0.297635,1
176840,0.297622,1
15157,0.297611,1
380493,0.297581,9
47841,0.29753,3
131071,0.297529,1
158120,0.297492,1
322328,0.297474,1
62141,0.297443,1
11623,0.297434,1
298883,0.297406,1
214190,0.297385,5
120570,0.297304,1
454668,0.29728,1
185933,0.297255,1
148191,0.297229,1
373298,0.297221,1
386278,0.297218,1
374962,0.297171,1
136815,0.297103,3
200446,0.296988,1
179409,0.296937,1
111557,0.296937,1
345946,0.296912,1
227150,0.296814,1
304293,0.296795,1
222097,0.296728,1
170530,0.29662,1
301063,0.296595,4
247225,0.296507,3
207380,0.296474,1
268956,0.296465,4
123675,0.296458,5
331381,0.296374,7
91093,0.296353,5
353509,0.29625,2
158506,0.296248,1
178744,0.296226,1
332297,0.29615,3
98807,0.295815,5
196398,0.295746,2
74041,0.295625,1
462272,0.295592,2
24214,0.295583,1
400988,0.295541,4
238209,0.295541,4
426731,0.295534,3
458965,0.295483,1
414175,0.295483,1
380356,0.295482,1
387705,0.295413,1
289896,0.29538,1
89404,0.295353,1
284659,0.295339,1
191028,0.295257,2
374576,0.295207,5
103420,0.295177,3
160904,0.295147,5
276225,0.295091,3
440896,0.295084,4
251489,0.29503,1
137465,0.29483,3
394046,0.294731,1
403302,0.294677,4
388872,0.294665,1
126354,0.294637,2
359344,0.294619,7
448507,0.294596,5
433014,0.294516,2
391289,0.294499,6
147060,0.294498,1
217871,0.294267,2
231655,0.29421,3
44845,0.294116,4
119639,0.293992,4
302478,0.293957,6
63212,0.293949,2
388689,0.293932,2
20395,0.293509,3
3903,0.293365,3
255906,0.293343,5
24418,0.293281,5
429463,0.293265,2
27479,0.293216,6
35245,0.292943,3
218110,0.292922,3
92088,0.29292,2
388318,0.292786,5
23936,0.292784,3
398773,0.292772,2
36868,0.292602,3
35357,0.292593,2
262917,0.292341,4
136697,0.292277,5
14932,0.292263,3
321215,0.291994,5
175538,0.291956,1
231590,0.291954,2
80461,0.29191,4
440691,0.291863,2
76876,0.291621,3
215164,0.291617,1
72273,0.291261,2
347207,0.291234,2
9817,0.291187,2
254528,0.291165,1
231435,0.291118,2
175614,0.291109,1
254758,0.291092,1
286171,0.291004,2
439328,0.290985,1
466342,0.290883,1
353388,0.290807,1
246801,0.290801,4
151385,0.29078,1
279407,0.290708,1
384415,0.290706,2
18537,0.290696,1
437293,0.290663,7
9249,0.290656,1
417271,0.290596,3
167032,0.290554,2
9190,0.290466,3
53120,0.290235,7
249230,0.290214,1
427616,0.29014,1
419991,0.290135,1
171374,0.290093,1
239106,0.290048,1
194678,0.290047,1
339118,0.289982,1
417954,0.289981,1
184983,0.289979,1
81916,0.289948,8
108417,0.289947,1
385981,0.289946,2
191997,0.289941,1
452292,0.289934,1
408017,0.289917,1
158733,0.289912,1
457187,0.289886,1
341100,0.289857,3
212283,0.289854,1
347247,0.289845,5
415928,0.289784,3
246888,0.289744,2
457162,0.289744,6
300231,0.289679,3
222218,0.28966,2
73247,0.289556,3
365595,0.289525,1
72034,0.289463,1
105599,0.289411,2
27679,0.289391,1
177516,0.289366,3
224462,0.289332,1
124773,0.289253,1
57899,0.289252,1
374893,0.289227,1
98728,0.289188,3
20886,0.289172,1
411486,0.289158,3
232211,0.289088,1
130451,0.28903,3
310233,0.289028,1
275219,0.289028,1
303517,0.289007,3
441017,0.288991,1
260384,0.288991,5
455772,0.288933,1
234199,0.288921,3
116669,0.288902,1
154244,0.288877,1
139789,0.288827,1
385941,0.288798,1
394548,0.288741,8
109299,0.288697,4
243406,0.288618,4
121924,0.288609,2
303271,0.288588,1
244538,0.288574,1
317296,0.288521,3
159349,0.288456,1
15085,0.28844,1
377327,0.288419,1
124706,0.288389,2
264306,0.288286,2
416461,0.288242,3
169679,0.288162,4
124,0.287954,3
15380,0.287927,1
76902,0.287913,1
109260,0.287873,5
176231,0.287871,2
43239,0.287865,6
257534,0.287852,1
36965,0.287817,2
172415,0.28777,3
331311,0.287644,6
269773,0.287636,7
197861,0.287531,2
356718,0.287514,1
258600,0.28751,1
44402,0.287493,1
173271,0.287413,1
106228,0.287396,1
278936,0.287391,1
313665,0.287348,1
206068,0.287317,1
247911,0.287314,1
142973,0.287311,2
152137,0.287264,1
239176,0.287219,1
374231,0.287206,1
94277,0.287199,1
42500,0.287127,2
323490,0.287097,1
157518,0.287091,1
130231,0.287088,3
360514,0.287043,1
244374,0.287016,2
150479,0.287,6
103591,0.286966,2
75475,0.286939,3
11311,0.286919,5
34487,0.28691,1
335584,0.286906,1
195901,0.286905,1
9187,0.286889,1
345977,0.286877,3
170277,0.286826,1
344804,0.286816,2
138677,0.286595,5
48744,0.286548,1
164547,0.286381,1
104254,0.286251,4
424409,0.286201,2
136565,0.286151,2
436195,0.28613,3
198041,0.286118,2
56827,0.285922,5
224799,0.285908,2
85832,0.285875,6
174189,0.285848,3
252117,0.285779,2
292750,0.285744,5
140887,0.285679,2
215401,0.285604,2
148209,0.285479,3
357978,0.285462,2
399730,0.285359,3
317356,0.285332,4
299882,0.285284,2
90033,0.285283,3
163440,0.284988,3
343940,0.284602,3
150889,0.284449,2
418693,0.284432,2
446098,0.284388,2
90360,0.28438,4
452013,0.284337,2
96267,0.284308,2
184894,0.28425,2
89662,0.284158,2
429735,0.284151,2
280375,0.283831,7
352096,0.283804,5
205886,0.283798,3
51354,0.283643,14
290154,0.28364,3
455473,0.28364,3
425458,0.283409,2
27411,0.283392,2
145197,0.283386,7
267320,0.283356,3
304774,0.283229,5
447230,0.283202,1
119636,0.282974,2
373004,0.282966,2
24150,0.282963,5
319246,0.282913,2
331517,0.282871,6
245084,0.282801,1
336506,0.282785,2
24550,0.282783,5
437382,0.282769,5
184488,0.282651,1
330293,0.282538,1
179476,0.282423,4
200191,0.282308,1
174341,0.282272,2
126465,0.28223,3
169163,0.28223,2
283586,0.28217,2
294666,0.28214,4
351368,0.282104,2
282622,0.28205,2
452715,0.281989,2
90210,0.281977,3
334684,0.281939,1
426520,0.281917,5
289349,0.281913,1
376702,0.281891,1
393240,0.281886,1
361792,0.28187,1
393274,0.281857,1
160218,0.281848,2
38311,0.281763,2
259857,0.281763,1
318912,0.281758,1
206621,0.281739,1
196030,0.281691,1
145521,0.281674,2
48072,0.281647,5
149103,0.281626,3
123629,0.281575,2
100990,0.281539,3
234320,0.281525,1
460204,0.281471,1
136946,0.28147,1
130164,0.281466,2
428299,0.281465,2
368700,0.281419,1
418729,0.281383,2
390966,0.281351,1
338148,0.281303,6
215904,0.281296,5
384180,0.281287,1
179863,0.281276,1
386722,0.281241,1
158314,0.281109,2
401420,0.281089,1
82557,0.280933,3
455570,0.280859,2
14387,0.280792,5
253188,0.28076,2
144381,0.28076,1
224184,0.280689,5
103506,0.280656,1
211856,0.280584,1
227239,0.280536,3
141612,0.280475,1
244030,0.280473,1
97952,0.280442,1
242813,0.280435,1
192449,0.280424,2
397981,0.280416,1
116527,0.280339,2
160054,0.28032,1
250942,0.280319,3
82905,0.280316,2
169546,0.280308,1
236639,0.280298,1
290555,0.280298,1
227653,0.280278,2
95261,0.280277,1
391014,0.280249,1
113019,0.280238,2
194212,0.280236,1
101948,0.280233,1
170021,0.280207,1
394297,0.280197,1
237494,0.280174,2
295613,0.28017,6
78795,0.280139,1
269105,0.280108,1
386593,0.280072,1
337060,0.280058,1
117338,0.279992,2
30439,0.279985,1
263557,0.279951,1
73313,0.279924,1
420555,0.279922,1
165280,0.279868,1
372196,0.27986,1
375676,0.279838,1
87140,0.279787,1
403962,0.279776,1
453115,0.279774,1
296806,0.279772,1
143929,0.27976,1
170550,0.279717,1
24795,0.279684,1
41217,0.279636,7
113980,0.279608,1
79683,0.279554,1
178127,0.279504,1
52928,0.27948,5
316470,0.279436,1
50864,0.279433,1
16079,0.27943,1
155031,0.279424,1
27204,0.279423,1
215318,0.27936,2
13413,0.279278,1
185629,0.27925,2
120513,0.279209,1
357575,0.279208,2
386323,0.279186,1
15838,0.279138,1
117750,0.279132,3
205646,0.279073,2
822,0.279063,1
243376,0.279048,5
204689,0.279029,1
190590,0.27902,1
153651,0.279015,1
172788,0.279008,2
284901,0.278969,4
42177,0.278934,1
10935,0.278883,1
216044,0.278863,3
234962,0.278844,1
202611,0.278735,1
17576,0.278717,1
256296,0.27871,1
407523,0.278705,1
107599,0.278699,1
361257,0.278697,1
105104,0.278662,1
186059,0.278653,1
170773,0.278616,2
394304,0.278549,2
309379,0.278549,1
200578,0.27852,1
383600,0.278513,1
464586,0.278509,1
288666,0.2785,1
222893,0.278489,2
62634,0.278469,2
291187,0.278457,1
107838,0.278426,3
316467,0.278392,7
392474,0.27837,3
247240,0.278332,6
20662,0.278228,1
78705,0.278186,2
365832,0.278099,1
326706,0.278035,1
234186,0.278022,2
354845,0.277984,3
87675,0.277927,1
358394,0.277918,4
349284,0.277894,1
67533,0.277859,5
218038,0.277815,1
178891,0.277807,13
228279,0.277702,2
62136,0.277685,3
112970,0.277648,1
8651,0.277618,4
248065,0.277594,3
161979,0.277417,5
260539,0.277396,1
464385,0.27739,3
291893,0.277388,4
223820,0.27735,1
93157,0.277344,2
343339,0.277296,1
388431,0.277253,9
286298,0.277237,2
428412,0.277231,2
1977,0.27722,1
236578,0.27722,6
94187,0.277175,1
141752,0.277151,1
133517,0.277044,3
425359,0.27703,1
76108,0.276946,1
20728,0.276941,1
179197,0.276925,2
454300,0.276888,1
95625,0.276868,9
109596,0.276703,2
434325,0.276614,4
161463,0.276505,3
226103,0.276346,2
442686,0.276232,4
47203,0.276106,2
39272,0.275983,2
348155,0.27596,2
138290,0.275884,3
373295,0.275744,2
390992,0.275602,5
216592,0.275595,5
269551,0.27539,3
63435,0.275344,2
212872,0.275344,5
50645,0.275021,3
451656,0.274947,3
112277,0.27494,4
289100,0.27481,2
36623,0.274556,1
365407,0.274466,5
15781,0.274432,2
32612,0.27443,2
333950,0.274244,7
220840,0.273957,1
248512,0.273948,2
421951,0.273906,1
161354,0.273889,7
13825,0.273889,4
273448,0.273865,1
291245,0.273842,1
409499,0.273839,1
460307,0.273808,1
349729,0.273774,1
36906,0.27375,4
76412,0.273687,1
234542,0.273662,1
381539,0.273627,3
325540,0.273547,1
100851,0.273349,2
119538,0.273341,3
189974,0.273243,1
394775,0.273237,1
101827,0.273235,2
312361,0.273214,1
10050,0.273204,1
55515,0.273136,5
51079,0.272846,1
135935,0.272831,1
85163,0.272795,1
201532,0.27278,1
181080,0.272749,1
159042,0.272745,1
396504,0.272741,1
205020,0.272703,1
326124,0.27266,1
445041,0.272655,1
348531,0.27262,1
212678,0.272617,1
356044,0.272607,1
209334,0.272513,1
259647,0.272411,2
252023,0.272381,2
341714,0.272342,2
346266,0.272324,3
443875,0.272312,5
279008,0.272136,2
310848,0.271986,2
457847,0.271985,2
8681,0.271976,3
123975,0.271972,2
285787,0.271966,3
111502,0.271899,7
254285,0.271827,1
124272,0.27171,7
218387,0.271327,3
318604,0.271237,2
8140,0.271231,6
251813,0.271225,3
260572,0.271173,1
331920,0.271126,4
240004,0.271099,4
290841,0.270991,3
309652,0.270969,5
417059,0.270859,2
86218,0.270847,3
65118,0.270757,6
125982,0.27074,1
339975,0.270661,2
70480,0.270402,2
197526,0.270385,3
41902,0.270384,4
30436,0.270322,1
296579,0.270318,2
57631,0.270298,1
303341,0.270259,4
454766,0.270194,3
329337,0.270046,10
127842,0.269901,2
48316,0.269864,4
146797,0.269842,5
24297,0.269835,3
144540,0.269793,5
328971,0.269785,4
169338,0.269704,2
387325,0.269585,2
357501,0.269512,4
436958,0.269363,2
421584,0.269357,2
453816,0.269322,3
114897,0.269232,2
161371,0.269149,3
298324,0.26905,4
443939,0.268886,4
377008,0.268829,1
37199,0.268821,3
392020,0.268715,2
15690,0.268709,1
381944,0.268575,6
120515,0.26854,9
210026,0.268514,1
252944,0.268511,1
114840,0.268504,1
22521,0.268335,3
187132,0.268276,2
372397,0.268216,4
129354,0.268159,2
3651,0.26815,2
336311,0.268137,3
325585,0.268129,2
26102,0.268077,3
185492,0.267935,4
18532,0.267896,2
166264,0.267861,7
382751,0.267632,7
128725,0.267523,3
308053,0.267414,3
80085,0.267369,2
322755,0.267329,3
172696,0.267277,2
292869,0.267274,2
351861,0.26723,2
197968,0.267169,7
84973,0.267079,3
432292,0.266758,2
16710,0.266739,4
197791,0.266629,1
359834,0.266604,4
395596,0.26653,4
388926,0.266509,2
294267,0.266498,6
242456,0.266479,4
161360,0.26643,2
452852,0.266314,5
312717,0.266277,10
320004,0.266194,2
70303,0.266121,5
384744,0.265969,3
88493,0.265606,2
441734,0.26547,4
208990,0.265427,3
464142,0.265383,7
332065,0.265247,2
258837,0.26515,2
451427,0.265078,2
352799,0.265005,3
275517,0.264845,3
213500,0.26457,3
139123,0.264525,1
310907,0.264373,2
436423,0.26437,2
288768,0.264205,2
394754,0.264145,1
404342,0.264116,5
317054,0.264078,1
380014,0.264057,11
308538,0.263978,2
406795,0.263974,2
185110,0.263936,1
293471,0.263689,1
383828,0.263611,6
92493,0.263441,3
386788,0.263434,2
779,0.263409,1
67112,0.263386,1
346673,0.263264,8
338817,0.263239,3
365533,0.26316,5
90759,0.263155,1
401849,0.262938,1
167166,0.262927,3
371424,0.262925,1
173433,0.262888,10
365375,0.262862,2
439751,0.262778,1
440444,0.262778,1
238610,0.262772,1
218033,0.262662,3
352889,0.262606,2
3927,0.262548,2
103107,0.262314,2
188698,0.262116,4
61926,0.262072,2
256280,0.261967,1
84092,0.261865,2
31950,0.261684,1
227978,0.261622,3
138334,0.261549,2
316351,0.261454,1
209278,0.261421,1
242355,0.261417,1
85339,0.261415,1
384812,0.261414,1
411249,0.261412,1
149505,0.261374,4
185346,0.261258,2
160628,0.261197,3
289976,0.261154,2
75138,0.261143,1
349839,0.261095,1
406121,0.261053,4
385148,0.260977,3
260966,0.260965,2
426331,0.260855,1
239555,0.26084,3
241462,0.260836,6
291605,0.260815,3
301229,0.260755,10
320974,0.260718,2
212438,0.260655,2
27260,0.260596,3
279704,0.260551,2
3109,0.2605,1
109661,0.260418,1
257611,0.26039,2
407103,0.260039,2
430254,0.260026,4
322471,0.259943,2
563,0.259919,2
232533,0.259578,9
8634,0.259437,1
239188,0.259334,4
437900,0.259298,3
71594,0.259297,3
359844,0.259225,5
130776,0.259097,3
413284,0.259051,3
134193,0.258981,1
36444,0.258894,4
352908,0.258809,6
293101,0.258804,3
33907,0.258793,4
117677,0.258761,8
59413,0.258688,2
366344,0.258616,3
144076,0.258461,6
269955,0.258334,6
160009,0.258332,2
26270,0.258303,2
42626,0.258143,3
229819,0.258068,3
401349,0.258027,2
153874,0.257994,2
390379,0.257966,3
391662,0.257962,3
79552,0.257857,2
155400,0.257834,3
112340,0.257827,2
441751,0.257811,4
3812,0.257617,3
235907,0.257544,1
463652,0.257538,2
441742,0.257422,1
68240,0.257287,2
447634,0.257272,2
89143,0.25727,3
232917,0.256978,3
323261,0.256975,3
363040,0.256761,8
77844,0.256725,2
253642,0.256722,5
40693,0.256625,4
349659,0.256457,3
75873,0.256372,4
409866,0.256023,1
109615,0.255955,3
301553,0.255813,1
278691,0.255795,1
211850,0.255737,1
403039,0.255705,4
18679,0.255697,3
227861,0.255559,1
245389,0.255507,1
165758,0.255487,1
231566,0.255447,1
5677,0.255327,2
451676,0.255203,6
404453,0.255166,2
211336,0.255081,2
120114,0.255016,3
360700,0.254987,2
57373,0.254868,2
19468,0.254839,1
21455,0.254739,5
46023,0.254711,1
81377,0.254649,2
192948,0.254573,3
37656,0.254555,3
99386,0.254524,1
111953,0.254521,1
67175,0.254516,2
350240,0.254497,5
443370,0.254486,3
180896,0.254468,4
225078,0.254352,6
57970,0.254337,3
381436,0.254268,3
381279,0.254178,1
362963,0.254029,2
66001,0.253938,1
264879,0.253931,1
335918,0.253925,1
57222,0.253887,1
243247,0.253756,2
67687,0.253738,1
201545,0.253735,1
201955,0.253722,3
148995,0.253716,1
445459,0.253701,2
137926,0.253671,1
23039,0.253663,1
393820,0.253661,1
459664,0.253599,3
107767,0.253597,1
107017,0.253563,1
255622,0.253561,2
409517,0.253548,1
347617,0.253452,1
344999,0.253432,2
182009,0.25342,1
366840,0.253407,1
20040,0.253399,1
275063,0.253383,1
253249,0.253325,1
66187,0.253322,2
169414,0.253267,1
176983,0.253259,1
102952,0.253255,1
323718,0.253253,2
236580,0.253251,1
281115,0.253249,1
26248,0.253241,1
77923,0.25323,1
350743,0.253228,1
265226,0.253225,1
312625,0.253221,1
121282,0.253219,1
433542,0.253193,1
54552,0.253181,1
399458,0.253175,1
386587,0.253169,1
146571,0.253167,1
75032,0.253117,2
88453,0.253037,1
166491,0.25303,1
374009,0.253023,1
464346,0.253009,2
188171,0.253006,4
234958,0.253006,1
265625,0.253001,2
56023,0.252977,1
431746,0.252972,1
352742,0.252947,1
245349,0.252883,2
20238,0.252877,1
456468,0.252817,3
240614,0.252693,1
154485,0.252688,4
186129,0.25267,1
294024,0.252663,1
242564,0.252635,1
152852,0.252621,1
348143,0.25258,5
168063,0.252523,3
232824,0.252475,3
120941,0.252464,2
286338,0.252353,1
177370,0.252244,1
410130,0.252207,2
651,0.2522,3
428040,0.252049,1
379220,0.252036,1
64148,0.251995,1
91021,0.251993,1
192223,0.25199,1
220749,0.251972,7
222166,0.251966,5
279719,0.25195,1
182033,0.251936,1
69383,0.25193,1
55418,0.251836,1
265275,0.251831,4
378204,0.251819,1
350267,0.251775,2
371653,0.251753,1
6680,0.25174,1
364262,0.251734,3
15466,0.251694,5
430550,0.251684,5
430565,0.251675,1
149319,0.251638,1
39874,0.2516,2
123079,0.251592,5
36799,0.251507,1
125400,0.251477,1
449023,0.251387,7
233089,0.251328,1
319069,0.251311,1
121895,0.25131,1
419192,0.251294,1
53440,0.251275,1
166523,0.251263,1
288467,0.251142,3
56303,0.251123,5
25599,0.251106,1
456257,0.251097,1
267491,0.251082,1
263438,0.251001,4
14062,0.250992,1
42634,0.250877,1
200005,0.250854,1
203957,0.250813,1
417682,0.250806,1
147422,0.250798,1
238233,0.250793,1
50652,0.250753,1
254196,0.250749,4
159344,0.250749,2
296946,0.250742,1
207379,0.250719,1
10716,0.250718,3
457486,0.250684,1
27712,0.250654,1
236533,0.250632,2
98012,0.250509,2
299804,0.250287,2
357541,0.250202,9
292433,0.250064,5
314074,0.249954,4
217837,0.249869,6
151320,0.2498,8
434048,0.249784,3
108032,0.249735,2
233356,0.249658,2
127939,0.249567,2
326457,0.249517,2
451193,0.249455,2
57541,0.249322,2
268979,0.249278,1
59665,0.249272,5
134806,0.248934,2
121865,0.248916,5
257062,0.248856,2
296790,0.248509,3
32384,0.248454,2
370236,0.248172,3
354106,0.248067,4
108936,0.247998,3
325256,0.247881,3
308209,0.247815,6
404127,0.247781,2
128182,0.247755,1
48105,0.247634,3
409253,0.247589,7
58233,0.247529,5
249434,0.247454,7
228824,0.247404,1
229991,0.247338,2
281854,0.24727,1
283100,0.247175,2
166480,0.247069,2
341971,0.247003,2
49156,0.246996,5
165314,0.246969,2
346786,0.246816,2
68100,0.246805,1
319992,0.246801,3
85880,0.246631,1
11390,0.246473,3
108992,0.246387,1
102256,0.24636,1
86903,0.246359,1
142428,0.246353,1
152398,0.246334,2
261793,0.24629,2
156667,0.246283,2
408721,0.246276,1
201310,0.246249,1
79590,0.246128,1
1171,0.246019,9
108924,0.245967,2
425746,0.24593,3
244599,0.245906,1
237106,0.245891,2
127751,0.245881,1
328869,0.245867,1
231501,0.245847,1
277874,0.245828,1
380448,0.245812,1
461232,0.245771,1
410345,0.24576,1
221749,0.245758,1
172048,0.245748,3
125163,0.245743,2
121670,0.245736,1
28833,0.245736,1
210981,0.245705,1
274225,0.24565,1
418294,0.245648,1
119260,0.245646,1
125904,0.245607,3
299162,0.245564,1
195315,0.245556,1
241892,0.245551,3
57247,0.245461,5
121186,0.245411,1
379671,0.245348,2
1945,0.245317,2
258704,0.245205,1
129414,0.245198,4
306494,0.24518,4
78378,0.245177,1
332283,0.245176,1
141846,0.245174,1
48536,0.245156,1
416154,0.245112,4
381377,0.245104,3
375184,0.245097,1
366692,0.245081,1
224625,0.245038,1
461702,0.245036,3
177067,0.245034,1
91878,0.24503,1
5484,0.245001,1
248889,0.244998,1
394630,0.244977,1
147751,0.244963,3
225612,0.244963,3
100507,0.244962,1
180276,0.244959,1
53282,0.244954,1
150372,0.244947,1
251656,0.244942,1
339069,0.244936,1
279757,0.244875,2
420961,0.244723,1
265220,0.244681,1
87495,0.244667,1
120541,0.244574,11
261888,0.244553,1
364306,0.244511,1
85404,0.244473,1
153404,0.244452,1
418625,0.244433,1
48945,0.244432,1
204077,0.24443,1
329169,0.244417,1
60713,0.24441,1
459576,0.244403,1
292322,0.24437,1
179837,0.244358,1
33487,0.244354,4
169068,0.244354,3
426163,0.244319,1
204445,0.244317,1
279229,0.244313,1
94221,0.244307,1
328952,0.244298,1
159984,0.244284,1
273174,0.244151,2
4420,0.244132,1
184145,0.244113,2
277556,0.244051,4
377852,0.244039,1
155943,0.243985,1
314217,0.243939,2
147679,0.24393,2
443375,0.243894,2
102711,0.243798,1
149452,0.243786,1
391952,0.243765,1
280091,0.243729,2
429963,0.243608,1
72606,0.243607,1
19383,0.243573,1
214495,0.243506,1
184487,0.243491,2
73909,0.243475,1
115284,0.243426,1
210985,0.243408,2
370732,0.243402,1
401172,0.243396,1
339117,0.243386,1
65437,0.243331,1
2956,0.24332,2
406609,0.24327,1
185545,0.243269,1
229984,0.24326,1
74570,0.24324,1
115696,0.243226,6
46170,0.243206,12
201773,0.243161,1
971,0.243155,1
202385,0.2431,3
57941,0.243084,1
227631,0.243057,1
148482,0.24304,1
228611,0.243006,1
205337,0.242953,3
54805,0.242952,1
362068,0.2429,2
440934,0.242898,1
347641,0.242888,2
10945,0.242794,1
154977,0.242769,6
297145,0.242756,4
69519,0.242727,2
406473,0.242651,9
354889,0.242635,1
173064,0.242634,2
115001,0.242518,2
48310,0.242256,2
77155,0.24197,8
409492,0.241923,5
73359,0.241855,3
235635,0.241766,3
80711,0.241545,2
68106,0.241391,4
75477,0.241387,2
184799,0.241371,2
182205,0.241311,5
106828,0.241311,3
369207,0.241259,2
37762,0.240888,2
260719,0.240806,4
69101,0.240744,2
202769,0.240727,2
317417,0.240678,2
260957,0.240661,9
181804,0.240143,2
81139,0.239904,4
63899,0.239893,3
330105,0.239869,2
32198,0.239851,1
230439,0.239717,1
21747,0.239707,1
199144,0.239672,2
332980,0.239651,5
297171,0.239638,5
383662,0.239613,7
133627,0.239563,3
348099,0.239549,3
198002,0.23953,4
271812,0.239507,4
321946,0.239487,3
298499,0.239397,2
96001,0.239329,3
379573,0.239308,2
60818,0.239301,1
241209,0.239284,3
444232,0.239191,2
328353,0.239176,3
378209,0.23914,3
359586,0.239089,3
182213,0.239028,2
431310,0.239016,3
397159,0.238989,5
153948,0.238968,4
155550,0.238926,1
173704,0.238917,4
244252,0.238907,4
392423,0.238857,3
233789,0.238631,1
204484,0.238593,2
281840,0.238559,2
433649,0.238554,3
202094,0.238553,2
278396,0.238521,3
379203,0.2383,2
31853,0.238268,1
256124,0.23812,1
460778,0.238015,2
248597,0.237951,3
276083,0.23795,3
333183,0.237902,2
11982,0.237808,2
450404,0.2378,3
305620,0.237767,1
61460,0.237731,2
270913,0.237726,1
399872,0.237701,1
388798,0.237683,1
231011,0.237637,1
194471,0.237634,1
163389,0.237598,1
113163,0.237534,3
354004,0.237508,2
306941,0.237506,1
262596,0.237483,3
343052,0.237419,1
350788,0.237412,1
332220,0.237395,1
66117,0.237394,5
297643,0.237362,1
403498,0.23733,2
370368,0.237322,1
315626,0.237279,1
464930,0.237275,3
44450,0.237271,1
29080,0.237248,1
268844,0.237158,2
204892,0.237149,2
99984,0.237133,4
351887,0.237117,2
232381,0.237109,1
296211,0.237096,3
301892,0.237094,1
43447,0.237089,5
59195,0.237058,1
429549,0.237052,1
20932,0.23705,1
325597,0.237033,1
435867,0.237015,1
98802,0.236956,2
50088,0.236896,1
53480,0.236884,4
212060,0.236877,1
93081,0.236855,6
38517,0.23685,1
441374,0.236805,3
101327,0.236795,1
389660,0.236784,1
125533,0.236759,1
57935,0.236638,2
395044,0.236614,1
106958,0.236606,3
104479,0.236562,2
360845,0.23656,5
386857,0.236511,1
261234,0.236508,2
380815,0.236454,2
280250,0.23643,1
249823,0.236403,3
38805,0.236389,1
344329,0.236319,1
420642,0.236185,2
372581,0.236156,2
441284,0.236151,1
212630,0.236137,3
247263,0.236079,6
379796,0.236055,4
345177,0.236002,1
303695,0.235981,5
445238,0.23597,2
271527,0.235963,1
147807,0.23595,1
221501,0.235925,1
308171,0.235924,2
66203,0.235868,3
226828,0.235855,6
140141,0.235817,1
71637,0.235805,2
466152,0.235774,2
89342,0.235761,1
221790,0.235759,1
152363,0.235742,1
433415,0.235728,1
36155,0.235726,1
172135,0.235679,1
39439,0.235677,6
232691,0.235647,1
98144,0.235641,2
291108,0.23564,1
135388,0.235628,2
297722,0.235582,1
355764,0.235567,2
364998,0.235557,1
451360,0.235531,1
341534,0.235522,1
221588,0.235503,1
147417,0.2355,1
192106,0.235497,1
106287,0.235442,1
207119,0.235412,1
174803,0.235408,1
443157,0.2354,2
394590,0.235395,1
447150,0.23538,1
318975,0.23536,2
252164,0.235344,1
428554,0.235325,3
284358,0.235315,1
403548,0.235304,1
65390,0.235281,1
20385,0.235276,2
48388,0.235267,1
40970,0.235267,7
77901,0.235261,2
429617,0.235252,1
95842,0.235238,2
59211,0.23522,1
101969,0.235195,1
243566,0.23516,8
127973,0.235112,1
167888,0.235109,1
151506,0.235075,2
92051,0.235041,2
396740,0.234978,1
312930,0.23496,5
452592,0.234861,1
312577,0.234806,2
215063,0.23478,3
418408,0.234728,5
200604,0.234701,2
123440,0.234615,1
123453,0.234526,2
195852,0.234479,5
349852,0.234388,2
186540,0.234333,2
114984,0.234298,2
8674,0.234261,4
64781,0.23426,2
382288,0.23409,3
331209,0.234012,1
269957,0.234008,2
347226,0.234005,2
359863,0.233996,2
401600,0.233912,4
46407,0.233809,3
225625,0.233806,3
11989,0.233756,3
333330,0.23366,2
379607,0.233603,2
73840,0.23358,2
421046,0.233422,3
191634,0.233325,4
67247,0.233244,2
173026,0.23318,2
453043,0.233163,2
215976,0.233136,2
403058,0.233038,4
36614,0.23293,1
212373,0.232852,3
466376,0.232848,4
40868,0.232799,3
267462,0.232757,2
22392,0.232743,2
359012,0.232707,2
383869,0.232641,3
154034,0.2326,4
428423,0.232584,2
205648,0.232457,5
6735,0.232249,1
54128,0.232226,3
172499,0.232094,2
336760,0.232018,3
43565,0.231905,3
362659,0.23183,4
181227,0.231666,5
379036,0.231463,4
433251,0.231462,2
430057,0.231391,2
131861,0.231305,1
361798,0.23122,2
254709,0.231208,2
73444,0.231207,2
27725,0.231206,2
411914,0.231132,2
322957,0.231126,2
194996,0.231105,2
86133,0.231085,2
157167,0.231046,4
68962,0.230978,2
201742,0.230927,3
265338,0.230901,1
253452,0.230626,5
320496,0.230622,3
442150,0.230422,1
173223,0.230422,1
268911,0.230418,3
322508,0.230315,5
301020,0.230186,4
368910,0.230112,2
19462,0.230096,1
381188,0.229862,4
117314,0.229845,1
4933,0.229781,1
279453,0.22975,1
169219,0.229734,1
234185,0.229729,4
104891,0.229718,1
396603,0.229698,1
368514,0.229634,3
420842,0.229608,1
196476,0.229603,1
462018,0.22958,1
170353,0.229565,4
441973,0.22952,1
361038,0.229516,2
339829,0.229516,2
196652,0.229488,2
210401,0.229463,3
171882,0.229452,1
276035,0.229349,3
239538,0.229347,1
245626,0.229332,1
100438,0.229329,5
345010,0.229278,1
453432,0.229232,3
75153,0.229183,1
31848,0.229171,1
388381,0.229147,1
393205,0.229127,1
151986,0.229123,1
407917,0.229069,1
174719,0.229063,5
120384,0.22906,3
235782,0.229002,1
205143,0.228998,6
24056,0.228998,1
298973,0.228995,1
305782,0.228985,1
401176,0.228982,1
364729,0.228978,3
146597,0.228958,3
5790,0.2289,4
303158,0.228873,1
394080,0.22886,1
264935,0.228839,1
46670,0.228837,1
460474,0.228834,1
330014,0.228831,1
152387,0.228829,1
421653,0.228822,3
435276,0.228821,1
126723,0.22881,1
185017,0.228805,3
303236,0.228782,1
45617,0.228761,1
126180,0.228749,1
279935,0.228738,1
114643,0.228731,3
237056,0.228726,1
198453,0.228705,1
266024,0.228701,9
165946,0.228688,1
313595,0.228659,1
315727,0.228649,1
247652,0.228647,1
269211,0.228616,1
278622,0.228597,2
2826,0.228558,2
306781,0.228537,1
64026,0.228486,3
28351,0.228451,1
16115,0.228431,2
186731,0.228406,1
230797,0.228375,1
369787,0.228355,1
414939,0.228351,1
413241,0.228349,4
175211,0.228339,1
408605,0.228333,1
300766,0.228333,1
436059,0.22832,1
388356,0.228287,4
118401,0.228273,2
315900,0.228249,1
105018,0.228242,1
63639,0.228192,3
41963,0.228149,2
269275,0.228146,1
176709,0.228123,3
382848,0.228084,1
216862,0.22806,3
273799,0.227998,1
423457,0.227972,1
82278,0.227952,5
415599,0.227919,2
1423,0.227887,2
138289,0.227883,2
179526,0.227872,1
91551,0.227807,1
172977,0.227803,1
442912,0.227803,1
463989,0.227797,1
1985,0.227756,1
368633,0.22772,1
224968,0.227684,1
257735,0.227674,3
232425,0.227659,1
387041,0.227643,1
219701,0.227622,1
251939,0.2276,1
113155,0.22759,2
329110,0.227553,1
382423,0.22754,1
291058,0.227504,1
351578,0.227492,1
325785,0.227486,1
159154,0.227478,1
102896,0.227477,1
145866,0.227462,1
28116,0.227457,1
280232,0.227451,1
387,0.227439,1
51629,0.227437,3
451754,0.227436,1
190156,0.227414,1
101670,0.227407,2
12924,0.227406,1
145972,0.227376,1
60918,0.227352,8
264917,0.227331,6
447564,0.227322,1
391417,0.227319,1
35299,0.227306,1
323191,0.227291,3
210893,0.22726,1
6853,0.227222,1
89379,0.227222,5
55758,0.227213,1
464322,0.227205,3
28125,0.227191,1
103418,0.227191,1
458919,0.227191,2
413222,0.227176,1
397420,0.227176,1
163778,0.227174,3
43935,0.227171,2
50751,0.227161,1
155002,0.22716,1
312077,0.227141,1
90247,0.227115,3
115328,0.227084,2
295846,0.227051,1
82695,0.227018,2
464919,0.227014,1
424910,0.227013,1
463493,0.227006,2
31019,0.226946,2
326765,0.226885,1
351152,0.226879,2
188752,0.22678,2
149117,0.226767,2
258711,0.226752,3
466350,0.22673,3
285768,0.226638,2
253597,0.226633,2
93690,0.226609,2
38473,0.226586,2
391441,0.226565,2
348122,0.226549,2
70651,0.226541,2
139827,0.226519,2
453952,0.226498,2
322268,0.226491,2
94583,0.226473,2
134847,0.226465,2
82060,0.226417,2
115368,0.226393,2
464941,0.226384,3
289237,0.226369,2
29936,0.226345,2
43256,0.226188,1
459876,0.226178,1
432640,0.226171,1
290282,0.226166,6
122934,0.226158,2
337489,0.226079,2
26282,0.22601,4
344848,0.225977,2
262980,0.225902,2
336671,0.225811,4
218498,0.22575,3
232062,0.225709,7
464366,0.225704,2
279517,0.225651,5
82174,0.225577,2
233958,0.225509,5
396362,0.22544,1
133247,0.225424,6
212493,0.225347,5
349206,0.225335,1
155514,0.225313,2
359109,0.225249,6
32765,0.225235,3
392315,0.225173,3
147683,0.224925,4
24509,0.224599,2
218170,0.22455,3
51207,0.224523,1
408384,0.224463,3
361106,0.224455,3
340808,0.224434,9
89411,0.224414,2
459085,0.224396,2
435073,0.224387,4
216486,0.224311,2
126557,0.224249,6
128318,0.224209,2
191852,0.224109,4
79097,0.224108,2
63068,0.223962,3
12609,0.22391,3
430451,0.223877,1
312196,0.223811,1
453646,0.223778,4
5600,0.223775,8
74804,0.223526,3
343444,0.223517,3
181045,0.223384,7
139086,0.223378,1
230679,0.223308,2
298651,0.223294,1
91264,0.223112,1
224187,0.222995,2
229912,0.222969,1
48858,0.222953,3
22873,0.222936,1
280571,0.22292,3
359273,0.222909,3
403660,0.222873,3
295031,0.222763,1
185591,0.222711,2
206680,0.222696,2
131727,0.222671,13
126334,0.22263,4
354542,0.222521,2
451806,0.22252,4
46266,0.222507,2
278214,0.222491,2
250369,0.222442,1
300431,0.222344,3
25,0.222338,1
244021,0.222337,1
5380,0.222188,1
335259,0.222171,1
340380,0.222149,3
423854,0.222145,1
410149,0.222119,1
139200,0.222108,1
74158,0.222071,1
26565,0.222062,1
370721,0.222041,1
179552,0.222022,1
270638,0.222015,1
302148,0.22201,1
252290,0.221997,4
440021,0.221969,1
283107,0.221966,3
302843,0.221965,1
92488,0.221955,1
4388,0.221949,1
244394,0.221946,1
330853,0.221929,1
76420,0.221911,1
465383,0.221886,1
174399,0.221861,2
259577,0.221859,1
263971,0.22184,1
137932,0.221825,1
217387,0.221825,4
219721,0.221818,1
312974,0.221817,1
51996,0.221813,1
194883,0.221812,1
310298,0.22181,1
345949,0.221806,1
117084,0.221805,1
369760,0.221783,1
171150,0.221777,1
59638,0.221755,1
22273,0.221751,1
156547,0.221749,1
147423,0.221739,1
43575,0.221735,1
374485,0.221733,1
329466,0.221731,1
353620,0.221729,1
431307,0.221727,1
956,0.221666,1
374539,0.221663,1
3574,0.221656,1
444592,0.221651,1
197673,0.221638,1
202762,0.221624,1
274850,0.22156,1
387732,0.22155,1
37673,0.221549,2
133408,0.221532,1
325115,0.221472,2
144650,0.221455,1
447566,0.221449,1
187018,0.221446,1
243490,0.221437,1
429846,0.221365,4
365006,0.221294,1
72478,0.221194,5
447560,0.22111,1
215707,0.221101,1
315911,0.221077,5
398311,0.221059,1
65413,0.220998,1
139814,0.220972,7
376137,0.220934,1
62746,0.220933,5
35802,0.220931,1
184756,0.220873,1
288402,0.2208,2
55820,0.220776,3
35401,0.220766,1
405450,0.220758,1
215129,0.220756,1
173034,0.220753,1
327633,0.220747,6
378646,0.220742,1
162209,0.220736,1
454999,0.220727,1
332487,0.220725,2
394235,0.220725,1
173736,0.220716,1
219839,0.2207,1
131639,0.220675,1
361155,0.220667,1
412446,0.220665,1
441074,0.220664,1
292805,0.220649,1
331550,0.22061,1
437490,0.220586,6
157907,0.220574,1
205077,0.220567,3
140777,0.220561,1
117060,0.220505,1
142011,0.220484,1
88142,0.220477,1
170340,0.220337,2
233227,0.220277,1
320596,0.220269,1
295299,0.220261,1
200793,0.220247,4
3129,0.220213,3
330551,0.220207,1
180807,0.220193,1
389472,0.220192,1
356898,0.220169,1
212153,0.220102,1
118165,0.220033,1
273338,0.220009,1
91408,0.219936,1
101883,0.219892,1
153432,0.219873,1
234299,0.219845,2
91674,0.219797,2
87915,0.219767,7
142966,0.219759,1
413602,0.219706,2
251969,0.219688,1
26572,0.219677,1
75234,0.219668,1
313072,0.219573,2
296727,0.219572,2
238851,0.21957,2
340535,0.219556,1
180353,0.219531,2
146735,0.219492,5
32313,0.219421,2
134264,0.219303,4
267347,0.21929,4
124827,0.219283,1
391512,0.219281,2
301912,0.219256,3
14432,0.219239,2
221233,0.219223,2
439194,0.219203,2
169720,0.219199,5
54964,0.21914,5
266267,0.219131,2
380237,0.219092,2
291559,0.219042,2
281552,0.219002,2
188836,0.21875,6
252566,0.218606,2
434838,0.218555,2
28288,0.21846,2
161610,0.217961,6
26832,0.217932,1
330840,0.217928,3
440129,0.217918,2
422185,0.217915,1
456361,0.217871,1
396238,0.217855,2
174900,0.217851,2
4538,0.217776,2
25448,0.217564,3
317361,0.217504,2
279869,0.217459,3
135444,0.217458,3
210038,0.217456,3
315193,0.217262,8
228068,0.217236,4
35278,0.21717,3
65091,0.217141,4
234035,0.216999,1
166296,0.216932,1
309749,0.216911,1
432844,0.216897,1
83663,0.216871,2
363538,0.216709,2
419168,0.21669,2
176099,0.2166,4
196177,0.216547,4
166691,0.216489,5
393670,0.216459,2
234874,0.21641,15
14563,0.216403,1
309417,0.216398,4
142458,0.216398,2
111830,0.216391,1
97804,0.216382,1
96902,0.21638,1
55652,0.216345,1
270534,0.216294,3
164325,0.216272,3
165358,0.216231,3
394725,0.216009,1
425951,0.215979,7
77635,0.215948,3
455257,0.215939,2
346224,0.215816,2
453863,0.2158,2
317194,0.215755,1
285733,0.215693,1
233369,0.215605,1
94089,0.215516,2
18316,0.215394,1
259158,0.215344,3
230828,0.215336,1
89037,0.215336,1
362090,0.215328,1
92186,0.215327,2
67785,0.215326,1
81417,0.215326,1
103492,0.215271,1
193609,0.215226,1
274435,0.215218,10
69073,0.214965,2
362606,0.214906,4
353704,0.214847,1
340250,0.214717,2
258955,0.2147,1
238081,0.214686,1
303617,0.214685,3
396588,0.214678,1
433504,0.214648,3
102434,0.214629,2
190745,0.214554,3
110837,0.214553,2
26571,0.214519,3
301112,0.214498,1
321692,0.214493,1
91500,0.214493,1
247224,0.21449,3
315205,0.214484,1
454560,0.214454,2
41281,0.214288,1
368314,0.214259,1
6266,0.214258,10
28177,0.214219,1
456351,0.214169,4
148146,0.214147,3
71806,0.214133,1
251520,0.214128,3
293880,0.214128,2
258753,0.214042,1
175539,0.213977,4
375855,0.213965,1
291163,0.21394,1
260005,0.213882,2
208691,0.213728,1
220596,0.213644,1
369908,0.213623,1
23614,0.213618,1
390199,0.213593,2
49558,0.213569,1
53636,0.213522,3
80885,0.213437,4
181576,0.213308,6
248147,0.213293,1
237832,0.21325,1
411219,0.213232,1
275561,0.213185,2
14656,0.21315,1
74663,0.213112,2
2634,0.212936,1
208196,0.212933,1
97661,0.21292,5
393761,0.212918,1
69943,0.212893,1
372328,0.212886,2
408189,0.21285,4
402427,0.21284,3
86824,0.212745,1
321677,0.21274,1
179362,0.212726,7
421924,0.21264,5
397919,0.212524,2
396071,0.212461,3
310314,0.212448,2
460423,0.212373,1
165593,0.212356,3
50684,0.212335,2
256552,0.212262,3
15744,0.21226,2
347113,0.212237,5
66122,0.212185,3
192334,0.212158,3
214489,0.212155,2
47314,0.212145,1
81929,0.212087,2
202699,0.21204,1
455763,0.211882,4
440448,0.211801,1
320914,0.21166,3
154347,0.211598,1
300967,0.211586,15
196038,0.21158,3
95971,0.211575,4
197505,0.211573,2
114879,0.211534,3
414419,0.211522,1
195822,0.211471,3
10425,0.211327,2
316010,0.211151,3
446590,0.211104,2
17730,0.211027,2
4690,0.210933,2
380484,0.210872,3
131907,0.21085,2
287586,0.21084,5
460073,0.210837,2
429046,0.210703,2
401682,0.210644,6
314064,0.210644,2
358384,0.210622,2
390320,0.21058,2
366888,0.210532,4
458046,0.210529,3
237955,0.210458,5
392311,0.210334,4
63656,0.210218,2
462735,0.210176,2
47509,0.210158,4
128807,0.210045,5
165648,0.210023,5
440402,0.209976,2
432897,0.209966,2
159235,0.209852,7
387279,0.209789,1
223664,0.209768,1
29138,0.209693,1
42641,0.209684,2
23440,0.2096,7
229598,0.209434,4
414410,0.209427,2
285092,0.209403,1
234493,0.209359,5
311444,0.209306,1
97727,0.20916,1
780,0.209157,1
241421,0.209157,1
284154,0.209157,1
190672,0.209098,1
66378,0.209097,1
292519,0.20901,3
243265,0.208985,4
229047,0.208956,2
89848,0.20895,1
274243,0.208907,1
104204,0.208879,4
437607,0.208862,1
190261,0.208776,2
368360,0.208746,1
231670,0.208726,1
337744,0.20872,3
25719,0.20871,1
333184,0.208704,1
277276,0.208704,6
432864,0.208698,1
119346,0.208686,4
80503,0.208669,1
207964,0.208618,1
186005,0.20861,1
301925,0.208566,3
441256,0.208505,5
6731,0.208455,3
156835,0.208432,9
420528,0.208412,5
176113,0.208353,1
67560,0.208328,2
301584,0.2083,3
358167,0.208292,3
104793,0.208271,2
255202,0.208267,3
352318,0.208204,7
140416,0.208176,3
279824,0.208158,1
200691,0.208106,1
101094,0.20798,2
359250,0.207961,4
61819,0.207941,1
235751,0.20792,1
12601,0.207918,1
46385,0.207917,1
304295,0.207917,1
231571,0.207916,1
451561,0.207913,1
105063,0.207862,2
233876,0.20783,3
51768,0.207825,2
422150,0.207802,2
427128,0.207788,4
433291,0.207633,1
5728,0.207605,1
153453,0.207577,1
160953,0.207571,1
387598,0.207557,1
103484,0.207557,1
281281,0.207439,1
32412,0.207238,2
73025,0.20708,1
202043,0.207077,1
31223,0.207002,1
423459,0.206991,1
287090,0.206987,1
44234,0.206957,4
380992,0.206899,2
68722,0.206881,1
87916,0.206856,2
417227,0.206797,2
422352,0.206797,1
195742,0.20677,1
393075,0.206729,1
28126,0.20671,1
459730,0.20668,1
407486,0.206658,3
281541,0.206591,3
397678,0.206574,1
336935,0.206522,2
387836,0.206452,1
242035,0.206422,1
298255,0.20641,2
231796,0.206392,3
274801,0.206392,3
304818,0.206325,9
73093,0.206297,6
336165,0.20627,2
156665,0.206242,3
91684,0.20624,1
167162,0.206209,1
232725,0.206114,2
343832,0.206071,3
225345,0.20607,2
198981,0.206067,1
152954,0.206028,3
239019,0.20601,2
410884,0.205971,2
376762,0.205888,2
371495,0.205849,1
107718,0.205787,3
178283,0.205709,2
239970,0.2057,1
433625,0.205698,2
170314,0.205662,5
189937,0.205655,3
139647,0.205614,2
43404,0.205569,1
197077,0.205532,3
14868,0.205523,2
434354,0.205479,2
343045,0.205477,1
210965,0.205473,1
35956,0.205406,4
162038,0.205382,1
206966,0.205232,2
216335,0.205213,2
92436,0.205195,3
409411,0.205074,1
141461,0.204998,6
96751,0.204847,2
412672,0.204637,4
167800,0.204553,3
107856,0.204483,3
77955,0.204465,2
93829,0.204322,2
211975,0.204322,2
345287,0.204313,2
56397,0.204292,3
69619,0.204286,3
323796,0.204183,2
76403,0.204117,2
188353,0.204057,2
127214,0.204036,1
364487,0.203938,2
318289,0.203876,2
233971,0.203841,3
309275,0.203652,4
218131,0.203615,5
253936,0.203586,2
193507,0.203501,6
278050,0.203401,4
97080,0.203384,1
191555,0.203351,3
315047,0.203249,2
326447,0.20305,3
89766,0.202992,3
115363,0.202901,1
457189,0.202854,6
380689,0.202832,3
19691,0.202804,1
366159,0.202795,1
165754,0.202779,1
154585,0.202764,1
387780,0.202764,4
69333,0.202757,4
361443,0.202742,5
102365,0.202736,1
36547,0.202726,1
133101,0.202573,1
198858,0.202553,2
149578,0.202527,4
89415,0.202493,4
431230,0.202464,1
408043,0.202451,2
226378,0.202444,1
218581,0.202313,2
291767,0.202275,3
92465,0.202198,7
96238,0.202174,3
134459,0.202146,1
225373,0.202129,1
121648,0.20211,2
138027,0.202052,6
28365,0.201864,2
379768,0.201843,2
408963,0.201764,7
155451,0.201754,2
263606,0.201718,4
293618,0.20169,3
113732,0.201644,1
132779,0.201522,3
445187,0.201418,1
13520,0.201385,10
277275,0.201364,3
223578,0.201357,2
196445,0.201175,3
60497,0.201053,1
443698,0.201035,1
111039,0.20103,1
46338,0.200992,1
306161,0.200955,1
382586,0.200946,1
309457,0.200871,1
402918,0.200764,1
151517,0.200754,1
141056,0.200748,5
66466,0.200679,1
347449,0.200603,1
19484,0.200544,1
373857,0.20054,1
281211,0.200539,5
283126,0.200528,1
322943,0.200524,1
292760,0.200523,9
215524,0.200482,1
227975,0.200477,1
379542,0.20044,1
183176,0.200428,1
47008,0.200369,1
298009,0.200346,3
78870,0.200345,3
205765,0.200257,1
144542,0.200253,1
190036,0.200241,1
10427,0.200208,1
411785,0.200172,1
208918,0.200167,2
315596,0.200162,1
319207,0.200157,1
354502,0.200155,1
340749,0.200145,7
100327,0.200139,4
419875,0.200131,1
167751,0.200104,2
63682,0.200101,1
158564,0.200092,1
364532,0.20006,1
441915,0.200039,1
216164,0.200007,1
144535,0.199987,1
415680,0.199928,2
132453,0.199854,2
243633,0.199846,1
385233,0.199825,1
419725,0.199817,1
299679,0.199775,1
228282,0.199742,2
103057,0.199741,1
299136,0.199727,1
307443,0.19971,1
356791,0.199704,3
7467,0.199673,1
237175,0.199653,2
180088,0.199644,1
365438,0.199617,1
453736,0.199616,1
430467,0.199616,1
21669,0.199615,1
258630,0.1996,2
255751,0.199591,1
209267,0.19958,1
101393,0.19954,2
185855,0.199509,1
36013,0.199497,4
58217,0.199493,2
285789,0.199483,1
382180,0.199475,1
400637,0.199432,3
35571,0.199414,3
299915,0.199405,6
108214,0.199368,1
89010,0.199366,1
265232,0.199301,3
13582,0.199292,1
379650,0.199257,8
321706,0.199243,1
439734,0.199238,1
306419,0.199219,7
431858,0.199209,3
130500,0.19919,2
367826,0.199152,1
172118,0.199141,1
339836,0.199121,1
395358,0.199103,3
182730,0.199098,1
425808,0.199054,3
132074,0.199047,1
392434,0.199012,1
203440,0.198985,1
269892,0.198962,2
56654,0.198946,2
14731,0.198937,1
358076,0.198912,3
193535,0.198891,1
405454,0.198877,3
405853,0.198851,2
367617,0.198836,2
370390,0.198772,3
351700,0.19877,2
98446,0.198761,1
382257,0.198747,1
26979,0.198735,1
220598,0.198698,1
242595,0.198696,3
339273,0.198667,1
357188,0.19866,1
72299,0.198585,2
464954,0.198535,4
235304,0.198529,1
43718,0.198522,2
321153,0.198484,4
296652,0.198466,2
217409,0.19846,1
78655,0.1984,1
335748,0.198393,2
450209,0.198343,2
141572,0.198338,11
379177,0.198306,1
413636,0.198281,2
3244,0.198154,2
226940,0.198134,3
321712,0.198039,4
439272,0.198021,3
200242,0.197996,4
435638,0.197987,1
282114,0.197968,1
359808,0.197924,5
228766,0.197741,4
291277,0.197658,3
265350,0.197658,5
186573,0.19763,4
407992,0.197626,3
354288,0.197596,5
186815,0.197559,3
97886,0.197555,3
135046,0.197548,2
63311,0.197534,2
243171,0.197447,6
393601,0.197363,3
15236,0.197237,2
339665,0.197228,4
256655,0.19721,3
261860,0.197119,2
164027,0.197018,8
36676,0.197013,2
407658,0.196968,7
294089,0.196903,2
254325,0.196854,3
420565,0.196663,2
314079,0.196622,1
132672,0.196622,5
113894,0.19656,7
376084,0.196517,4
253863,0.196492,1
79442,0.196421,5
149041,0.196412,3
103900,0.196378,2
373551,0.196299,3
262258,0.196202,2
391976,0.196105,1
323093,0.19596,3
440892,0.195941,2
287796,0.195916,2
190104,0.195892,2
416170,0.1958,3
74952,0.195797,8
169503,0.195756,2
397424,0.19573,6
220675,0.195679,2
382291,0.195464,6
156993,0.195335,2
313270,0.195301,1
104423,0.195275,1
442582,0.19518,1
148304,0.195176,1
243843,0.195139,3
444636,0.195127,1
215668,0.19511,2
56492,0.195102,1
44417,0.195085,1
423357,0.195062,1
155370,0.19505,1
335719,0.195,1
132449,0.194887,1
173012,0.194862,3
400414,0.194846,1
33725,0.194841,1
382570,0.194793,1
432945,0.194757,1
282143,0.194754,1
429607,0.19474,8
41203,0.19473,1
240658,0.194729,1
315468,0.194722,1
336864,0.194721,1
394607,0.19472,1
382899,0.194716,1
266159,0.194715,1
380593,0.194703,2
446890,0.194702,1
451586,0.194699,1
109323,0.194692,1
309149,0.194685,1
20149,0.194673,1
67862,0.194664,1
109792,0.194653,1
227577,0.19464,1
66933,0.194527,1
431650,0.194525,1
318420,0.194446,1
166129,0.19437,4
344310,0.194361,2
355768,0.194321,2
188412,0.19432,2
45379,0.19432,1
388980,0.194282,1
157460,0.194264,4
110030,0.194262,2
110597,0.194204,1
11781,0.19413,1
167143,0.194129,4
257856,0.194115,1
52800,0.194088,1
1261,0.194077,2
169601,0.194024,1
402966,0.193996,1
1090,0.193953,1
278707,0.193879,2
236421,0.193849,4
256740,0.193774,1
40773,0.193763,2
442861,0.193749,1
37043,0.193686,2
306534,0.193686,1
403998,0.193615,1
66016,0.193589,1
411650,0.193573,1
156923,0.193565,1
350960,0.193562,2
196163,0.193536,1
37503,0.193534,1
301608,0.193529,1
289314,0.193526,1
94909,0.19352,1
58732,0.193519,2
31889,0.193515,4
446739,0.193512,1
35243,0.193495,1
200114,0.193479,2
79932,0.193463,1
98560,0.193463,1
37841,0.193462,1
244053,0.193436,1
107875,0.193429,3
289174,0.193422,1
361152,0.193422,2
71380,0.193397,2
305717,0.193388,1
357779,0.193374,1
184592,0.193352,1
276790,0.193281,1
226728,0.193257,7
379074,0.193251,2
227869,0.193251,4
328907,0.193248,1
172079,0.193241,1
302620,0.193239,1
461312,0.193233,1
15247,0.193226,1
336437,0.193199,1
339600,0.19318,2
397392,0.193155,1
151043,0.193123,3
60878,0.193094,1
201671,0.193081,3
372738,0.193071,1
87292,0.193051,1
110385,0.193013,1
117711,0.192993,1
430868,0.192993,1
56786,0.192973,1
80910,0.192972,1
277383,0.192963,1
403622,0.192957,1
170660,0.192955,1
284524,0.192954,1
205201,0.19295,1
239750,0.192949,2
289875,0.192949,1
243419,0.192943,1
419874,0.192942,1
397197,0.192941,2
6073,0.192939,1
303086,0.192937,1
83817,0.192933,1
307153,0.192932,1
397221,0.192931,1
201792,0.192926,2
177835,0.192915,1
414398,0.192912,1
68023,0.192877,1
315378,0.192853,2
147933,0.192848,1
444798,0.192841,1
127603,0.192841,1
195065,0.192839,1
65702,0.192834,1
218321,0.192833,4
412762,0.192824,1
324578,0.192814,1
384852,0.192804,1
303730,0.192803,1
20887,0.192788,2
35606,0.192784,2
256344,0.192781,1
233362,0.19278,1
191966,0.192775,1
390435,0.192742,1
366068,0.192721,2
128950,0.192713,1
37203,0.192699,1
393774,0.192664,1
285747,0.192664,1
55350,0.192664,1
299686,0.192659,1
51005,0.192659,1
309499,0.192653,1
346483,0.19265,4
58237,0.192622,1
265930,0.192605,1
165696,0.1926,1
378862,0.192591,1
109355,0.192509,1
175277,0.192507,1
78297,0.192462,1
339999,0.192429,2
275336,0.192348,2
362969,0.192268,2
121304,0.192255,1
465554,0.192223,5
243452,0.192193,2
194328,0.192193,1
138990,0.192191,1
299908,0.192155,3
144578,0.192139,3
140156,0.192046,1
159521,0.191976,3
41940,0.191857,2
131809,0.191793,2
76957,0.191742,2
55810,0.191705,2
254365,0.191666,2
346513,0.191567,3
336559,0.191553,2
69174,0.191526,7
264986,0.191504,2
204416,0.191349,2
309976,0.191312,2
405290,0.191294,2
362340,0.191258,6
265273,0.191228,3
397451,0.19115,2
433667,0.1911,6
457835,0.191094,2
259920,0.190936,3
172942,0.190418,2
460681,0.190376,8
246318,0.190289,3
78968,0.190251,4
313862,0.190245,2
392402,0.190186,2
199551,0.190075,2
158264,0.190003,4
129960,0.189934,2
335128,0.189866,2
18849,0.189805,1
66587,0.189796,2
49798,0.189763,3
254776,0.189754,2
3342,0.189647,4
83193,0.189641,4
250224,0.189631,4
11976,0.189627,3
5792,0.189531,3
343878,0.189523,3
80502,0.18951,8
124382,0.189441,1
311929,0.189431,2
270525,0.189388,2
297820,0.189322,2
19541,0.189285,1
264801,0.189275,2
310525,0.18924,5
94956,0.18919,3
187351,0.189181,15
393121,0.189073,1
206266,0.189024,4
360292,0.18902,5
30393,0.188996,1
12984,0.188938,3
39686,0.188898,3
78539,0.188869,2
64799,0.18883,1
110272,0.188782,1
174861,0.188766,1
74688,0.188755,1
176004,0.18873,1
336344,0.188669,1
279944,0.188647,4
286909,0.188594,1
411493,0.188588,1
331633,0.188583,7
348213,0.18853,1
231092,0.188517,3
289966,0.188502,1
325751,0.188485,1
326338,0.188479,1
431648,0.188435,1
159995,0.188416,1
269096,0.188407,1
225016,0.188403,1
153121,0.188396,1
329270,0.188394,1
427803,0.188378,1
108170,0.188366,2
202995,0.188333,2
243499,0.188322,1
288941,0.188321,1
448781,0.188311,2
265474,0.188311,1
351537,0.18831,1
329531,0.188308,1
318610,0.188291,1
400324,0.188288,1
149306,0.188281,1
370800,0.188274,2
332852,0.18827,1
382615,0.188268,1
255380,0.188265,1
423025,0.188251,1
80519,0.188244,1
359140,0.188236,1
296346,0.188228,2
463201,0.188211,1
427546,0.188201,1
93029,0.188191,5
298422,0.18817,2
325906,0.188162,2
365949,0.188155,2
409482,0.188122,3
155000,0.18812,1
211053,0.188064,1
259899,0.18806,1
310729,0.188046,1
353898,0.188046,1
384731,0.188009,1
412516,0.188001,5
319896,0.187982,1
413409,0.187965,1
77117,0.187963,1
244911,0.187925,1
222208,0.187919,5
301535,0.187908,1
6460,0.1879,1
91394,0.187882,1
128689,0.187875,1
118223,0.187872,1
332129,0.187871,1
25132,0.187869,1
126806,0.187869,1
267417,0.187865,1
39133,0.187864,1
19897,0.18786,1
354224,0.187857,1
268721,0.187846,1
220261,0.187837,1
368113,0.187836,3
48485,0.187825,1
307233,0.187824,2
201847,0.187823,1
87512,0.187823,1
379391,0.187817,2
82831,0.187816,1
181753,0.187809,1
27694,0.187805,1
364719,0.187796,1
411143,0.187795,1
342637,0.187789,1
106848,0.187757,2
417299,0.187754,1
373665,0.18761,1
464138,0.187598,1
138788,0.18758,2
321080,0.187539,1
11937,0.187522,1
44642,0.187494,1
275724,0.187473,1
437788,0.187459,2
423775,0.187443,1
221179,0.187443,2
269810,0.18744,1
414249,0.187437,1
326028,0.187436,2
101888,0.187419,1
164013,0.187418,1
37536,0.187414,1
156833,0.187408,1
270787,0.187406,1
189385,0.187403,1
75162,0.187403,2
173219,0.18739,1
433912,0.187388,1
216290,0.187383,1
98145,0.18738,1
273722,0.187379,1
155050,0.187378,4
356012,0.187372,1
128250,0.187368,1
202246,0.187364,1
414211,0.187358,1
33180,0.187295,1
449786,0.187267,4
444915,0.18725,1
326339,0.187231,5
286674,0.187202,2
246614,0.18717,1
62162,0.18717,1
433729,0.18717,1
377716,0.187117,1
280522,0.187108,3
89641,0.187105,1
173547,0.1871,2
358737,0.187066,1
357681,0.187054,10
309274,0.186974,1
201971,0.186935,1
269646,0.186877,2
27229,0.186865,2
113194,0.186857,1
419855,0.186772,2
173491,0.186772,1
244587,0.186746,3
187697,0.186745,1
342288,0.186745,2
404026,0.186741,1
343988,0.186738,2
148479,0.18671,1
365597,0.186708,2
277361,0.186678,1
288975,0.186641,1
220591,0.186567,1
243785,0.186566,7
443761,0.186558,1
454183,0.186554,1
52741,0.186543,1
278002,0.186538,1
332132,0.186514,2
86169,0.186505,1
194408,0.1865,1
119438,0.186485,2
61038,0.186484,2
461314,0.186472,1
374372,0.186431,2
183794,0.186342,1
125527,0.186342,1
97441,0.186331,1
262521,0.186318,2
449597,0.186316,1
117437,0.186312,1
81766,0.186257,3
176862,0.186249,1
313691,0.186234,1
427131,0.186232,1
344622,0.186213,1
101212,0.1862,1
439863,0.18619,1
257840,0.186157,1
244833,0.186138,3
118499,0.186097,4
84619,0.186093,1
148308,0.186074,1
132733,0.186058,1
29659,0.186028,1
306437,0.186021,1
184320,0.186005,3
274804,0.185982,1
256232,0.18598,1
374135,0.185965,3
132853,0.185878,1
413686,0.185835,4
132893,0.185793,1
396303,0.18569,2
98820,0.185683,1
118177,0.185682,1
459241,0.185682,2
403162,0.185644,1
313279,0.185639,2
225249,0.185636,2
89188,0.185604,2
64632,0.185594,1
161707,0.185548,9
423310,0.185488,2
104526,0.185476,3
255885,0.185465,2
453814,0.1854,2
372243,0.185399,3
264972,0.185329,3
143000,0.185117,3
368432,0.184979,2
103721,0.184967,8
279939,0.184932,3
458167,0.18483,2
165476,0.184776,2
242654,0.184759,2
108308,0.184742,6
212916,0.184671,4
443603,0.184404,2
207125,0.184202,2
70175,0.184093,2
306396,0.184056,2
155548,0.183991,2
176605,0.183956,2
88168,0.183937,2
71286,0.183932,3
42788,0.183924,4
454081,0.183857,2
268784,0.183853,3
425876,0.183835,2
152017,0.183805,5
215879,0.183712,2
238453,0.183694,2
156464,0.183667,3
394931,0.183659,3
242694,0.183651,4
440696,0.183602,1
397232,0.183593,6
272563,0.183537,4
45378,0.183433,2
399175,0.183275,2
101161,0.183242,1
191063,0.183178,2
230045,0.183172,1
95069,0.183098,3
357133,0.183039,4
287182,0.183012,1
155687,0.182997,1
458290,0.182982,1
205582,0.18298,5
214144,0.182967,1
237678,0.182965,1
109298,0.182957,1
161783,0.182954,1
191700,0.182895,1
51245,0.182816,1
413416,0.182808,2
322666,0.182746,5
453079,0.182727,1
24728,0.182684,3
378845,0.182654,4
111133,0.182592,1
3675,0.182563,1
34627,0.182542,4
231584,0.182538,1
90129,0.182532,2
177319,0.182529,3
125203,0.182458,2
278558,0.182407,1
99893,0.182401,1
407942,0.182311,1
168095,0.182304,1
262948,0.182266,1
143143,0.182191,1
450847,0.182178,1
90014,0.182161,4
166624,0.182149,1
223538,0.182145,3
432705,0.182134,1
94296,0.182071,3
37589,0.18206,1
132307,0.182005,1
5265,0.181995,1
246467,0.18196,1
440323,0.181872,2
318781,0.18178,1
403645,0.181769,5
142671,0.181765,7
315937,0.181743,4
407000,0.181739,3
422481,0.181732,3
57255,0.181704,2
461325,0.181691,5
458657,0.181659,1
120259,0.181653,3
264168,0.181628,1
115805,0.181624,2
343756,0.181516,1
361192,0.181515,1
138712,0.181494,2
220324,0.181491,1
153766,0.181485,1
109217,0.181479,2
170085,0.181427,1
100044,0.18139,5
312018,0.181388,1
239775,0.181387,1
324446,0.181367,1
445874,0.181365,1
258690,0.181331,2
297772,0.181325,1
392187,0.181321,1
210482,0.181305,1
39030,0.181262,1
202677,0.181255,1
52019,0.18125,1
290204,0.181249,1
144805,0.181248,1
210885,0.181247,1
301581,0.181223,1
447396,0.18119,1
14027,0.181171,1
269170,0.181112,1
334991,0.181097,1
412855,0.181061,1
3764,0.181051,1
111948,0.181045,1
363792,0.181031,1
410499,0.181016,1
296764,0.181008,1
66452,0.181005,1
179095,0.181003,1
250958,0.180999,1
95336,0.180968,1
274646,0.180914,1
208097,0.180866,1
465152,0.180862,2
161516,0.18082,1
106283,0.180818,1
251466,0.1808,3
341713,0.180775,2
367790,0.180768,4
465276,0.18074,5
336832,0.180731,2
165094,0.180726,1
320617,0.180708,1
318024,0.180675,2
6674,0.180666,1
464162,0.180652,1
58479,0.180637,1
33937,0.180567,2
318004,0.180538,3
441267,0.180521,2
155299,0.1805,4
324391,0.180498,3
396747,0.18049,1
52653,0.180489,2
188733,0.180472,1
96935,0.180467,3
188751,0.180428,1
89445,0.180416,1
342424,0.180404,2
196991,0.180396,2
340334,0.180345,1
144350,0.180336,1
419083,0.180326,1
189427,0.180324,2
69057,0.18031,1
179090,0.180306,1
43739,0.180305,1
150975,0.18026,2
64713,0.180259,5
75330,0.18021,1
247962,0.180208,1
180858,0.180157,1
69309,0.180151,1
376581,0.180138,1
296687,0.180082,1
169504,0.180079,1
398445,0.180069,1
186365,0.180066,1
174008,0.180058,1
234366,0.180055,1
244801,0.180019,1
178621,0.180018,1
324556,0.180002,1
408796,0.179993,1
148751,0.179987,1
99911,0.179933,2
86466,0.179884,2
379816,0.179849,1
77564,0.179816,1
336178,0.179806,1
348651,0.179776,2
247036,0.179772,1
325748,0.17976,1
117079,0.179754,1
406847,0.179716,2
285055,0.179644,9
233245,0.179639,2
216129,0.179621,2
372703,0.179608,8
445681,0.179383,2
165047,0.17934,2
346015,0.179286,3
170511,0.17926,2
94656,0.179223,2
273878,0.179161,5
102176,0.179064,1
143316,0.179056,1
327614,0.179032,2
386883,0.178953,2
277236,0.178937,2
410647,0.178891,3
361135,0.178797,2
145464,0.178794,2
132124,0.178786,2
350800,0.178737,3
381974,0.178676,4
439303,0.178624,2
12025,0.178582,1
287467,0.178579,2
107630,0.178572,2
25535,0.178566,2
240469,0.17855,4
324361,0.178509,3
415329,0.178348,7
144706,0.178337,2
155659,0.178247,2
450788,0.178242,4
60403,0.17816,2
262519,0.178146,8
342777,0.178103,3
212918,0.178097,2
265846,0.178096,6
284023,0.177789,2
390440,0.177762,2
219092,0.177761,2
204826,0.177753,2
184532,0.177748,2
328735,0.177734,2
358598,0.177703,1
363312,0.177686,2
413110,0.177671,2
235748,0.17765,3
233465,0.177546,2
123569,0.177496,2
337286,0.177419,2
61273,0.17733,5
364449,0.177313,3
361751,0.177231,1
167127,0.177116,1
112461,0.177104,2
97589,0.177082,1
185570,0.17708,1
266746,0.177051,1
386401,0.17703,1
161688,0.177005,1
233439,0.177004,4
157695,0.176996,2
21393,0.176898,1
247141,0.176889,3
428222,0.176803,2
326333,0.176738,1
263608,0.176696,1
416530,0.176671,1
236805,0.176633,1
402580,0.176569,4
229901,0.176511,1
238447,0.176481,3
357692,0.176456,1
116576,0.176398,2
314925,0.176387,2
303831,0.176379,1
374437,0.17634,2
20110,0.176336,1
270631,0.176335,1
303978,0.176321,3
20283,0.176311,3
142066,0.176301,1
229375,0.176231,1
406705,0.176228,4
50232,0.176224,2
82414,0.176223,1
425246,0.17622,1
207975,0.176216,1
175339,0.176185,2
275217,0.17618,1
37972,0.176154,1
100962,0.176141,1
437973,0.176115,1
37866,0.176079,1
409572,0.176033,1
172282,0.176031,3
286289,0.176004,1
187119,0.175998,1
124530,0.175987,2
446940,0.175924,1
432839,0.175893,1
439674,0.175887,1
360439,0.175884,1
307119,0.175871,1
384678,0.175848,2
354338,0.175832,3
246130,0.175831,2
27897,0.175806,3
399048,0.175801,1
329301,0.175764,3
1235,0.175723,1
112979,0.175704,2
164751,0.175703,1
144962,0.175701,1
124938,0.175691,1
362850,0.17569,1
297915,0.175677,1
33768,0.175651,8
6131,0.175603,2
12894,0.175583,1
172152,0.175574,1
308158,0.175559,1
181276,0.175555,1
335226,0.175548,1
420290,0.175539,1
279384,0.175536,1
321422,0.175533,1
79771,0.17551,1
21857,0.175496,2
356992,0.175484,1
199776,0.175481,1
416109,0.175479,1
368262,0.175479,1
101325,0.175478,1
344118,0.175475,1
292975,0.17547,1
356373,0.175466,1
105423,0.175454,1
9056,0.175442,1
322541,0.17538,1
5611,0.175363,1
19664,0.175292,1
75092,0.175287,1
280329,0.17523,1
203002,0.175185,4
248450,0.175136,1
126926,0.175111,1
36958,0.175076,1
188086,0.175074,1
27875,0.175037,1
428209,0.175027,2
279201,0.175014,1
207679,0.175011,4
9163,0.174976,1
358895,0.174951,8
396575,0.174915,3
368200,0.174892,1
120957,0.174885,2
83840,0.174846,1
455305,0.174845,1
96085,0.174829,1
50166,0.174817,1
313019,0.174814,5
153515,0.17481,1
325215,0.174807,3
148406,0.174793,2
198480,0.174788,1
422876,0.174786,1
10934,0.17477,1
383853,0.174768,1
375920,0.174765,1
163229,0.174758,1
440100,0.174747,2
167341,0.174741,1
120336,0.17474,3
314019,0.174735,1
345769,0.174729,1
237476,0.174725,1
62884,0.174712,1
277051,0.174712,1
323255,0.174709,1
306457,0.174701,1
175513,0.174698,1
301237,0.174694,1
313208,0.174669,2
312942,0.174667,1
180635,0.174657,1
386988,0.174656,1
355975,0.174634,1
304909,0.174632,1
166033,0.174618,1
455935,0.174617,1
217099,0.174606,1
246766,0.174603,1
199442,0.174598,1
34250,0.174596,1
220709,0.174596,1
253775,0.174584,3
234465,0.174547,1
239379,0.174543,1
348273,0.174543,1
71233,0.174538,3
254175,0.174538,1
122110,0.174537,1
9659,0.174515,1
267646,0.174511,1
321040,0.174425,1
78135,0.174367,2
18177,0.174216,1
28957,0.174216,1
339615,0.17421,2
399069,0.174206,5
308441,0.174202,1
213423,0.174194,1
138400,0.17416,1
431161,0.174156,1
450496,0.174153,1
245722,0.174153,1
314657,0.174136,2
234869,0.174127,1
194336,0.174107,1
212578,0.174106,1
77975,0.17409,1
234841,0.174057,1
133521,0.173994,1
204357,0.173993,1
364887,0.17398,1
352262,0.173979,1
184079,0.17397,1
61373,0.173966,1
14194,0.173953,1
289822,0.173927,1
187719,0.173897,2
457064,0.173894,1
420070,0.173822,3
95196,0.173808,2
222566,0.173768,2
206436,0.173756,1
28686,0.173665,3
207420,0.173549,5
34945,0.173544,4
406010,0.173543,1
331552,0.173374,2
272318,0.173374,2
314201,0.173349,5
465421,0.17331,3
294543,0.173277,2
203610,0.173267,2
196325,0.17325,2
170086,0.17323,2
136745,0.173186,2
400179,0.173117,2
61298,0.173115,4
17707,0.173075,2
160563,0.173071,2
433,0.172998,2
254206,0.172895,2
68857,0.172878,2
116508,0.172848,3
402493,0.172818,2
334637,0.172786,2
147686,0.172773,4
246086,0.172749,1
400873,0.172705,4
109795,0.172684,3
177036,0.172668,4
138196,0.172635,2
200514,0.172597,4
16672,0.172589,4
455371,0.17238,1
199052,0.172338,3
67088,0.172289,3
203705,0.172264,2
433372,0.172224,2
263547,0.172099,2
187318,0.172009,3
203032,0.171752,3
97836,0.171742,4
150990,0.171726,2
217713,0.171604,1
267441,0.171589,1
88365,0.171581,3
367480,0.171558,1
16633,0.171418,3
345044,0.171376,1
386607,0.17135,2
190956,0.171336,5
396750,0.171135,3
320634,0.171102,4
227071,0.171001,3
325495,0.170995,1
56426,0.170992,1
388720,0.170985,1
102274,0.17096,1
42347,0.170905,1
305787,0.1709,1
282327,0.170897,1
378831,0.170868,1
409916,0.170856,1
392072,0.17085,2
221271,0.170829,2
348811,0.170804,2
215763,0.170746,1
341271,0.170599,1
191191,0.170591,1
119586,0.170586,4
237935,0.170566,1
271823,0.170554,8
455347,0.170543,1
443296,0.170478,1
291315,0.170476,1
273526,0.170462,3
113855,0.170452,1
416941,0.17043,1
364437,0.170427,1
46389,0.170424,1
266448,0.170388,1
192003,0.170272,1
109239,0.170272,1
139715,0.170261,1
144344,0.17026,2
443101,0.170258,4
407594,0.170208,1
193698,0.170192,1
192233,0.170187,3
465680,0.170032,1
160441,0.169991,1
228979,0.169949,6
272976,0.169947,3
350489,0.169933,1
168822,0.169894,1
116885,0.16981,1
136587,0.169767,2
340093,0.169739,4
279945,0.169698,1
457942,0.169696,2
412596,0.169679,1
127372,0.169676,1
234758,0.169636,2
444372,0.169606,1
30139,0.169604,2
342045,0.169585,1
269703,0.169504,4
85929,0.169499,1
360033,0.169462,1
259873,0.169449,2
465219,0.169448,1
14398,0.169415,1
30402,0.169411,2
373552,0.169388,1
384468,0.169326,1
197565,0.169278,1
455141,0.169256,1
428258,0.169217,1
243983,0.169199,2
69492,0.169175,2
415136,0.16908,1
36206,0.169077,2
185085,0.16906,1
220482,0.169048,1
90718,0.169028,1
363835,0.169027,1
71274,0.168997,1
21838,0.168964,1
144245,0.168961,1
4437,0.168919,1
397449,0.168915,4
382610,0.168911,1
303358,0.168875,1
441975,0.168865,1
459717,0.168835,1
7574,0.168814,4
19142,0.168789,2
187359,0.168764,4
311133,0.16875,3
113549,0.168746,2
74284,0.168721,1
87892,0.168719,1
106479,0.168659,1
38565,0.168645,1
364950,0.168645,3
379660,0.168637,1
5227,0.168616,1
352822,0.168611,3
270532,0.168592,7
223753,0.168583,1
176684,0.168545,1
347673,0.168543,1
74592,0.168531,2
120144,0.168527,3
162536,0.168483,3
447673,0.168422,1
231216,0.168421,2
268431,0.168396,3
63518,0.168395,1
42328,0.168376,3
88770,0.168356,2
21087,0.168265,2
250858,0.168245,1
269701,0.168237,1
207546,0.168181,3
366809,0.168176,5
51157,0.16816,1
388629,0.168159,1
430900,0.168147,2
72422,0.168135,2
331490,0.168132,2
112867,0.168108,4
297528,0.168068,1
296769,0.168002,5
202512,0.167856,4
54008,0.167806,6
450839,0.167724,1
272234,0.167619,2
85876,0.167567,4
157846,0.167553,2
311215,0.167551,3
436558,0.167487,2
193908,0.167461,3
113685,0.167369,3
4188,0.167241,3
287287,0.167142,4
214357,0.167138,2
259214,0.167133,3
355281,0.167125,6
219668,0.167015,3
430240,0.167005,2
151950,0.167001,5
293687,0.16687,7
350734,0.166864,2
250347,0.166841,6
397820,0.166807,2
193301,0.166805,2
168662,0.166777,2
99268,0.166764,3
323599,0.166691,2
232085,0.166629,3
337198,0.16659,2
290652,0.166582,2
194186,0.166476,2
87858,0.166434,3
253474,0.166385,2
397020,0.166323,2
142692,0.166237,1
397429,0.166226,3
413227,0.166158,1
370440,0.166135,2
173290,0.166081,1
416756,0.16604,1
455580,0.166025,2
17137,0.166015,4
26515,0.165973,3
455938,0.165921,7
148157,0.165777,1
265896,0.16577,5
140070,0.165726,2
429307,0.165582,5
97724,0.16556,2
138276,0.165526,1
207742,0.165524,5
203248,0.165463,1
353347,0.165452,1
289112,0.165433,3
136778,0.165351,1
349608,0.165339,1
47324,0.165337,4
87562,0.165304,1
319370,0.165304,1
74630,0.165297,3
77557,0.165233,1
339033,0.165231,1
101360,0.165221,1
26396,0.165186,1
208880,0.165183,3
112489,0.165173,1
130058,0.165162,1
159839,0.165147,1
438701,0.16512,1
180330,0.165094,1
336867,0.165091,1
249702,0.165036,3
314642,0.165014,6
206553,0.164968,1
430560,0.164934,2
47995,0.164909,1
365620,0.164855,3
161182,0.164851,5
374564,0.164818,1
4802,0.164811,1
439662,0.164805,1
378561,0.16479,1
352064,0.164786,1
293262,0.164757,1
358568,0.164728,1
261663,0.164728,1
190453,0.164717,2
216687,0.164691,2
53462,0.164666,1
305042,0.164656,1
328382,0.164595,3
11131,0.164555,1
33877,0.164552,2
414593,0.164527,1
392699,0.164518,1
321,0.164515,1
449336,0.164511,1
365486,0.164494,1
297344,0.164379,1
198285,0.164372,1
256513,0.164329,7
258859,0.164314,1
394994,0.164303,1
371790,0.164299,2
312670,0.164291,1
23670,0.164242,3
214285,0.164223,3
244405,0.164208,1
176281,0.164192,1
373262,0.164161,3
414983,0.164156,3
23711,0.164149,3
213338,0.164147,3
369373,0.164135,3
239297,0.164102,5
179906,0.164086,1
220237,0.164023,3
305188,0.163978,3
198552,0.163937,1
81154,0.163931,1
201298,0.163925,1
363798,0.163897,2
349393,0.163886,3
331039,0.163883,2
432178,0.163876,1
387799,0.163837,1
138423,0.163822,1
2748,0.163799,1
80134,0.163792,1
435837,0.163766,1
387035,0.163732,1
392661,0.163725,1
16399,0.163667,1
104017,0.16366,1
223944,0.163658,3
137451,0.163644,1
302656,0.163642,1
152288,0.163626,1
346597,0.163596,1
229340,0.16347,2
305067,0.163458,1
250448,0.163437,1
143096,0.163409,1
411039,0.163401,2
53129,0.16338,2
36170,0.163368,1
380792,0.163345,1
186198,0.163332,1
241321,0.16331,2
336201,0.163299,2
322021,0.163284,2
65516,0.163282,2
306816,0.163275,2
277642,0.16326,1
297721,0.163235,1
187445,0.163234,1
374673,0.163233,1
350006,0.16322,1
356329,0.163185,1
98301,0.163153,1
28240,0.16315,1
84337,0.163148,7
193545,0.163061,1
386616,0.16305,2
37687,0.163018,1
432588,0.163017,1
354028,0.162945,1
222328,0.162932,3
325628,0.162915,2
199732,0.16289,3
348235,0.16287,1
273118,0.16284,1
110646,0.162811,1
437959,0.162779,2
24996,0.162777,5
406581,0.16276,3
168202,0.162697,1
72740,0.162654,8
238433,0.162605,2
370327,0.162542,2
462217,0.162408,4
175485,0.162394,5
348875,0.162342,4
54115,0.162308,2
123066,0.162253,2
266942,0.162195,3
354764,0.162144,2
399952,0.162139,8
76447,0.162112,3
313931,0.162051,4
296933,0.161962,3
309605,0.161919,2
137169,0.161889,3
97039,0.161839,5
117352,0.161818,2
230826,0.161812,2
83570,0.161809,2
314515,0.161517,1
421606,0.161475,4
430007,0.161468,1
111572,0.161441,4
431876,0.161385,1
276888,0.161385,1
76005,0.161371,3
68783,0.1612,1
325306,0.161179,3
191547,0.161114,2
197689,0.161109,1
96375,0.161072,2
426690,0.16107,4
126606,0.161008,2
355356,0.160883,5
426893,0.160833,2
383320,0.160767,2
329986,0.160712,2
216252,0.160691,2
350721,0.160666,1
332177,0.160642,1
258273,0.160508,2
135013,0.160482,1
282084,0.16046,5
10038,0.160422,2
95318,0.160407,2
433823,0.160379,4
324424,0.160375,3
407153,0.160258,4
37162,0.160239,4
229297,0.160154,3
429226,0.160082,1
61632,0.160033,3
414895,0.160008,3
188011,0.159857,2
148365,0.159855,1
379693,0.159847,1
111912,0.159783,3
238132,0.159751,3
215201,0.159748,4
455501,0.15972,1
190217,0.159693,1
334082,0.159679,1
309292,0.159584,1
417188,0.159578,4
42819,0.15952,3
108096,0.159494,5
338595,0.159467,4
65889,0.15944,1
77647,0.159423,3
116704,0.159389,1
214049,0.159303,1
174479,0.159273,1
253851,0.159272,1
396685,0.159268,1
189704,0.159253,1
161769,0.159247,1
361850,0.159241,2
68532,0.159208,3
42110,0.159205,1
32553,0.159202,1
299991,0.159192,1
208092,0.159178,1
365512,0.15917,2
239699,0.15911,1
430952,0.159103,1
247376,0.159074,5
230850,0.159039,2
447075,0.159,1
133250,0.15899,1
237816,0.158938,1
13126,0.158923,1
115611,0.158917,1
6047,0.158911,6
169473,0.158858,1
135593,0.158857,1
268393,0.158749,1
297652,0.158746,1
312594,0.158745,1
239916,0.158738,1
50734,0.158731,1
93806,0.158655,1
382850,0.15861,1
413981,0.158576,4
57329,0.158559,1
224604,0.158549,1
194194,0.15852,3
223513,0.158462,1
164648,0.158443,1
81519,0.15844,2
168831,0.158411,1
420367,0.158397,5
98078,0.158388,1
230268,0.158387,1
92625,0.158364,1
465391,0.158358,3
295609,0.158287,1
377743,0.158283,1
408258,0.158278,1
151836,0.158278,1
383680,0.158181,2
46789,0.158172,4
184926,0.158157,3
183969,0.158134,4
371591,0.158127,1
346782,0.158108,1
182000,0.158108,1
341532,0.15809,1
21466,0.158076,1
129292,0.158076,2
37471,0.158076,2
427770,0.158071,1
118348,0.158071,1
148551,0.158066,1
298505,0.158007,1
350589,0.158005,1
298393,0.158002,1
270555,0.157973,1
50254,0.157931,1
118587,0.157925,1
447704,0.157921,1
281003,0.157904,1
59290,0.1579,1
14759,0.157895,1
331008,0.157894,1
104962,0.157868,2
290402,0.157865,2
374064,0.157849,1
7147,0.157847,3
16511,0.157844,1
80445,0.157838,1
147432,0.157836,2
17974,0.157805,1
379071,0.157805,1
314516,0.157793,2
226396,0.157717,1
285844,0.157706,1
361644,0.157703,1
115588,0.157701,1
23054,0.157695,2
371,0.157662,2
295410,0.157652,1
399723,0.157647,2
204461,0.15763,1
221796,0.157623,1
243277,0.157601,1
402159,0.157595,1
427316,0.157588,1
55026,0.157549,1
369261,0.157518,1
419352,0.157506,1
466740,0.157502,1
195093,0.157488,4
158123,0.157476,1
153872,0.157361,1
235902,0.15736,1
408217,0.157351,1
161756,0.157339,1
375345,0.157239,1
135837,0.157147,2
91341,0.157137,1
180656,0.157127,1
335738,0.157105,3
121978,0.157104,2
135523,0.157095,1
162369,0.157051,1
67308,0.157045,2
249218,0.157036,1
70343,0.157035,1
182050,0.157026,5
196395,0.15701,2
452661,0.156939,7
444614,0.156916,2
35563,0.156898,2
226264,0.156867,2
36814,0.156866,2
290242,0.156864,5
427749,0.156863,2
150991,0.156605,8
191829,0.156524,2
244683,0.156506,2
127964,0.156441,3
230743,0.156387,2
320494,0.156346,7
7341,0.15633,2
27994,0.156327,5
40582,0.156309,4
321045,0.156306,2
89977,0.156269,3
415882,0.156213,8
69247,0.156192,3
185632,0.15617,1
300559,0.156169,4
301056,0.156076,2
351074,0.155896,2
97879,0.155844,7
214687,0.155804,2
617,0.155802,2
298190,0.155748,2
234119,0.155637,2
403791,0.155615,2
145819,0.155605,2
447775,0.155548,11
104313,0.155468,1
330279,0.155446,1
236622,0.155443,2
99640,0.155412,1
381527,0.155383,1
290623,0.155382,1
314817,0.155364,2
417973,0.155352,1
250015,0.155347,2
358073,0.155332,1
365095,0.155288,3
380211,0.155287,1
229080,0.155279,1
311496,0.155274,1
458619,0.15527,2
196004,0.15527,1
135845,0.155246,2
114556,0.155239,3
223741,0.155157,1
53357,0.155147,1
405225,0.155102,1
70297,0.155102,1
438264,0.155081,2
446534,0.155077,1
325014,0.155074,1
459257,0.155073,1
286376,0.155053,1
456,0.155047,1
39802,0.155046,1
455835,0.155044,1
378223,0.155015,3
425201,0.154987,1
88343,0.154967,1
63133,0.154953,1
256473,0.154936,5
360821,0.154862,1
19867,0.154861,1
134215,0.154844,1
437433,0.154729,1
456841,0.154647,1
268570,0.154625,2
41081,0.154624,1
196769,0.154623,1
241807,0.154604,3
181687,0.154578,2
17306,0.154501,1
404265,0.154481,1
239163,0.154411,3
400155,0.154411,1
330707,0.154383,1
232129,0.154362,5
166327,0.154332,2
22616,0.154323,1
226376,0.154322,1
113648,0.154311,1
421108,0.154302,1
282595,0.15429,2
177384,0.154287,1
425661,0.154255,1
226004,0.154219,1
54933,0.154219,1
202825,0.154167,2
442496,0.154167,4
38631,0.154146,3
332554,0.154114,1
154386,0.154096,1
214738,0.154044,1
111514,0.154041,1
143203,0.154013,1
425967,0.153982,1
351702,0.153967,2
281145,0.153951,1
183050,0.153941,1
218500,0.153932,1
351687,0.153914,1
139692,0.153898,1
422692,0.153894,1
161518,0.153831,3
36794,0.153823,1
334044,0.1538,1
303776,0.153797,5
248037,0.153787,1
104701,0.153769,1
265678,0.153735,2
403311,0.153728,1
289002,0.153724,1
288690,0.153724,1
109778,0.153721,1
303932,0.153706,3
154170,0.15369,1
106216,0.153665,1
298270,0.153664,1
346811,0.153658,1
52902,0.153626,1
424548,0.153594,3
352091,0.153562,3
220183,0.153556,1
143486,0.153543,1
137549,0.153533,1
21007,0.153531,1
3491,0.15353,1
211269,0.153524,1
166148,0.153513,1
278888,0.153495,1
424427,0.153495,1
23967,0.153494,1
383087,0.153433,1
410587,0.15342,2
23486,0.153417,2
302344,0.153414,1
58935,0.153401,2
397806,0.153379,1
466082,0.153376,1
72584,0.153365,1
103585,0.15335,1
426129,0.153349,3
141549,0.153344,1
211466,0.153335,1
438042,0.153296,1
345135,0.153293,1
279815,0.153285,5
458978,0.153204,1
270660,0.153148,1
85502,0.153142,1
413896,0.153131,1
463606,0.15308,1
137115,0.153077,1
326535,0.153066,10
237454,0.153013,1
166490,0.153011,5
155733,0.152984,1
88553,0.152977,1
307287,0.152934,1
331910,0.152934,1
25865,0.152915,1
190179,0.152866,1
145077,0.152865,3
276887,0.152848,1
173107,0.152844,1
57685,0.152823,1
260525,0.152795,1
118357,0.152784,1
463925,0.152752,1
220836,0.152729,2
56810,0.152717,1
141172,0.152703,1
461350,0.152696,1
60862,0.152682,1
421862,0.15267,1
227368,0.152651,1
279553,0.152629,1
264297,0.152627,2
333537,0.152606,1
354693,0.15258,1
278143,0.152559,2
228812,0.152558,1
329756,0.152529,2
416387,0.152523,1
169147,0.152519,1
397578,0.152508,1
322819,0.152486,1
455783,0.152459,3
98024,0.152458,1
164304,0.152434,1
230589,0.152406,1
421094,0.1524,1
131910,0.152397,1
462699,0.152386,1
230085,0.152383,1
141987,0.15238,1
221935,0.152351,7
367301,0.152334,9
442989,0.152327,1
373372,0.152324,1
130577,0.152316,1
269632,0.152315,1
51081,0.152275,1
306643,0.152226,1
294773,0.15222,1
207189,0.152208,2
250622,0.152195,1
3308,0.15219,1
243119,0.152188,1
292441,0.152173,3
442687,0.152171,1
201667,0.152143,1
301524,0.152127,2
198701,0.1521,2
63750,0.151919,2
307117,0.151898,2
171962,0.151894,4
249407,0.151807,2
437898,0.15171,3
254789,0.151635,3
9744,0.151577,3
400824,0.151558,2
390250,0.151554,2
463966,0.151548,2
175600,0.151535,1
377810,0.1515,6
213796,0.151493,2
163009,0.15142,2
45054,0.151362,2
43090,0.151323,2
82565,0.151161,2
291416,0.15114,2
41649,0.151133,4
404101,0.151031,3
260622,0.150986,1
181973,0.150973,4
112029,0.150964,2
361188,0.150962,1
318011,0.150932,1
427750,0.150872,1
366228,0.150807,4
109601,0.150691,4
215469,0.15068,2
189131,0.15064,6
219104,0.150608,6
145109,0.150501,4
466861,0.150494,2
144149,0.150376,7
207197,0.150256,6
368244,0.150256,2
88418,0.150175,1
439586,0.150125,2
360708,0.150096,1
369767,0.150079,3
248668,0.150028,1
161772,0.150006,2
222502,0.149847,2
76846,0.149798,1
283454,0.149764,1
90870,0.149724,1
338438,0.149716,1
398839,0.149667,2
256866,0.149649,1
275344,0.149641,6
76971,0.149557,4
400596,0.149526,2
250259,0.149512,1
386476,0.149495,4
260287,0.149494,3
143643,0.149449,4
50259,0.149441,4
374178,0.149438,3
250587,0.149416,1
71463,0.149385,1
342727,0.149375,3
315488,0.149348,1
2523,0.149347,1
367314,0.149333,1
346159,0.14931,1
356371,0.149303,1
303349,0.149293,2
327090,0.149284,2
359573,0.149264,1
462417,0.149253,1
227928,0.149244,2
101564,0.149244,1
253956,0.149238,1
106874,0.149223,2
353787,0.149191,1
241716,0.149184,2
348695,0.149146,2
351474,0.149143,2
381620,0.149099,2
211811,0.149036,6
337123,0.148996,6
390465,0.148981,1
336614,0.148933,1
380401,0.148931,1
325508,0.148914,1
293744,0.148901,1
100280,0.148883,2
396007,0.148838,3
379481,0.14876,1
332843,0.148747,1
412141,0.148746,1
82088,0.148742,1
197056,0.148712,1
306288,0.148705,1
262892,0.148668,1
197253,0.148666,1
10248,0.14864,1
266223,0.148569,1
320434,0.148569,4
465897,0.148544,2
369882,0.148523,5
419118,0.148512,1
192057,0.1485,1
349264,0.148497,2
77902,0.148495,2
213422,0.148459,1
272806,0.148457,1
222550,0.14843,1
301127,0.148428,3
110389,0.148413,1
245400,0.148411,3
261850,0.148397,1
248718,0.148391,1
255338,0.148389,1
359207,0.148364,1
167122,0.148361,5
175765,0.148335,1
415771,0.148333,2
457410,0.148287,1
232889,0.148283,1
406408,0.148278,1
331447,0.148268,1
272077,0.148265,1
242637,0.148264,1
131312,0.148261,1
286091,0.148261,1
215690,0.148257,1
231964,0.148199,1
445813,0.148163,4
429180,0.148153,1
54939,0.148148,2
236416,0.148114,6
213310,0.148107,4
380056,0.148097,2
273478,0.148093,1
120181,0.148074,1
392194,0.148072,1
354982,0.148057,1
193561,0.148049,1
137139,0.147998,2
292220,0.147996,1
137464,0.147995,4
370998,0.147939,1
346971,0.147932,1
198446,0.14793,3
134554,0.147923,1
351356,0.147908,1
179684,0.147903,1
17601,0.14787,1
115326,0.147868,5
322319,0.147864,6
305827,0.147824,3
465573,0.147803,1
117509,0.147775,1
168386,0.147761,5
315017,0.147735,1
85677,0.147733,1
110359,0.147729,2
162472,0.147722,1
132237,0.147713,1
291401,0.147706,1
277834,0.147702,1
140644,0.147701,4
223151,0.147693,1
414122,0.147667,3
121699,0.147659,2
235400,0.147646,1
225519,0.147627,1
456355,0.147624,1
50928,0.147608,2
441316,0.147579,1
173151,0.147526,2
362937,0.147509,1
131882,0.147491,3
463296,0.147459,1
385376,0.147422,3
438554,0.147414,3
150877,0.147367,4
388333,0.147346,5
438536,0.14734,2
181676,0.147324,1
177637,0.147298,1
28742,0.147296,2
157680,0.147289,1
260546,0.147281,6
346534,0.14728,1
116802,0.147275,3
188747,0.147272,2
4240,0.147257,1
373380,0.14719,1
86894,0.147114,3
198665,0.147095,3
123554,0.14707,1
223170,0.147062,1
67013,0.14704,2
451501,0.146997,3
25812,0.146986,2
140230,0.146951,3
86951,0.146947,3
137944,0.146944,1
188861,0.14687,2
349529,0.146828,2
320377,0.146824,2
92454,0.14672,2
269631,0.146693,2
114204,0.146686,2
33388,0.146649,2
188455,0.146635,3
214305,0.146531,1
93174,0.146483,3
326173,0.146428,2
436040,0.146342,2
109544,0.146296,3
24654,0.146276,2
415492,0.146133,3
151228,0.146074,2
412096,0.146035,5
231298,0.145933,2
6364,0.145882,3
81770,0.145876,3
203362,0.14585,4
203656,0.145812,1
61327,0.145807,1
124941,0.145805,1
129953,0.145803,5
83978,0.14579,2
212130,0.145769,1
352931,0.145729,4
282786,0.145649,3
118753,0.145636,2
21600,0.145617,1
108744,0.145609,1
177603,0.145584,2
358230,0.145581,2
226960,0.145552,3
134131,0.145505,3
121135,0.145494,2
297292,0.145479,1
453577,0.145475,1
438926,0.145457,1
421299,0.145356,3
346927,0.145351,2
48457,0.145337,2
266088,0.145313,5
2829,0.145251,2
124125,0.145219,1
6400,0.145211,1
222815,0.145208,1
126572,0.145191,3
365183,0.145156,5
95143,0.145109,1
459199,0.145098,1
384171,0.145047,1
383100,0.145026,2
185504,0.144937,2
435870,0.144907,1
372206,0.144877,1
254725,0.144856,3
272251,0.144756,7
67614,0.144756,2
138044,0.144671,3
341915,0.144654,2
60152,0.144627,2
410422,0.144612,1
276228,0.144601,2
67593,0.144569,3
392358,0.144564,1
316947,0.14455,1
345331,0.144543,3
297668,0.144529,1
211718,0.14448,1
89392,0.144466,1
167484,0.144434,2
367623,0.144391,1
436203,0.144383,1
34520,0.144337,1
346655,0.144311,3
212174,0.144298,2
438833,0.144271,3
404047,0.144262,2
397170,0.144246,2
301822,0.144219,1
295776,0.144211,1
218167,0.144209,1
324534,0.144186,9
29791,0.144057,6
299203,0.14404,1
24292,0.144011,1
375066,0.144005,1
1255,0.143943,4
351132,0.143935,1
106681,0.143916,3
315749,0.143879,1
396859,0.143879,2
282041,0.143877,1
105762,0.143855,1
229384,0.143853,1
368901,0.143844,1
228899,0.143814,1
72926,0.143792,1
95629,0.143752,1
421076,0.143747,1
174197,0.143746,1
274393,0.14373,1
460006,0.143727,1
72747,0.143722,2
456726,0.143712,1
47024,0.1437,1
450988,0.143695,1
172509,0.143687,1
375246,0.14367,1
36904,0.143592,4
339955,0.143561,1
362312,0.143561,4
430230,0.143554,1
124035,0.143546,1
106801,0.143544,1
200638,0.143471,3
159689,0.143419,1
172200,0.143378,1
130770,0.143375,1
435318,0.14337,1
421987,0.143351,4
241535,0.143335,3
285154,0.143324,1
121696,0.143317,1
154491,0.143299,1
76323,0.143295,1
96066,0.143291,1
336393,0.143287,3
159982,0.143278,1
282810,0.143257,1
239535,0.143255,1
432600,0.143255,1
44724,0.143255,1
271811,0.143232,1
332568,0.143228,1
293864,0.143225,2
16997,0.143221,1
343274,0.143199,1
167764,0.143189,2
176888,0.143187,2
286932,0.143167,1
420255,0.143156,5
178438,0.143155,2
252908,0.143139,1
457840,0.14313,1
458955,0.143113,3
40513,0.143102,1
230143,0.14309,1
409399,0.143073,6
280754,0.143072,1
94536,0.143071,1
213485,0.143055,1
79725,0.143051,1
205612,0.143044,1
309723,0.143044,2
281992,0.143043,1
145984,0.143025,1
205049,0.143014,1
381211,0.142974,5
29712,0.142947,3
210076,0.142923,1
167610,0.142918,4
321759,0.142901,3
302213,0.142883,1
211753,0.142861,1
268490,0.142839,1
36485,0.142835,1
176364,0.142831,1
302391,0.142829,2
333023,0.142823,1
308190,0.142805,1
404092,0.142765,1
132188,0.142762,1
128751,0.142736,2
373944,0.142663,1
425011,0.142632,1
222116,0.14263,2
398165,0.142616,1
386930,0.142581,5
389727,0.142548,1
34773,0.142539,2
149044,0.142535,1
426002,0.142531,2
397561,0.142519,1
126161,0.142517,1
270263,0.142507,1
16771,0.142505,1
396446,0.142499,1
362819,0.142479,1
199158,0.14247,1
214537,0.142465,1
301305,0.142457,1
43807,0.142454,1
390824,0.142452,8
283757,0.14245,1
337632,0.1424,1
132756,0.142397,1
434144,0.142379,1
173991,0.142364,2
347049,0.142343,2
388463,0.142325,1
318845,0.142317,2
155566,0.142296,4
200800,0.142295,2
354300,0.14225,3
275984,0.142229,1
115826,0.142224,2
204573,0.141947,4
153455,0.141861,4
266140,0.141852,3
435203,0.141771,2
371445,0.141769,3
360994,0.141732,1
93251,0.141724,2
164082,0.141721,2
465226,0.14171,3
197051,0.1417,1
177269,0.14167,6
359816,0.141634,1
124721,0.141632,3
135174,0.141626,4
373066,0.141623,2
270010,0.14162,2
257814,0.141609,2
373249,0.141588,1
358188,0.141584,1
129121,0.141579,3
445400,0.141576,2
43120,0.141532,3
415068,0.141528,1
122873,0.141481,4
252541,0.141468,3
403273,0.141436,1
103473,0.141421,1
443250,0.141395,1
292098,0.14138,3
183351,0.141373,1
342246,0.141346,5
101688,0.141312,1
205111,0.141273,3
202907,0.14119,2
253084,0.1411,2
460219,0.141091,3
437249,0.140994,1
34093,0.140978,2
258810,0.140947,2
90778,0.140868,1
413174,0.140736,5
445308,0.140682,1
250962,0.140561,4
270404,0.140558,3
252406,0.14054,1
22868,0.140511,1
429969,0.140509,1
86111,0.140488,1
222775,0.140455,1
437927,0.140396,1
131353,0.140388,1
414547,0.140386,1
416328,0.140365,1
446801,0.140346,1
98943,0.140344,1
63859,0.14027,2
105950,0.14022,5
432203,0.14016,2
45895,0.140154,4
163352,0.140028,4
33517,0.140022,1
176045,0.139899,1
332991,0.13986,2
413784,0.139842,1
24576,0.139832,2
183049,0.13983,4
398438,0.139795,1
348039,0.139749,4
251798,0.139736,2
180380,0.139682,1
90904,0.139663,1
248514,0.139645,1
459991,0.139613,2
221523,0.139599,1
429476,0.139591,1
140866,0.13956,3
116968,0.13951,2
163197,0.139498,1
186801,0.13948,5
323194,0.139475,4
47226,0.139439,1
58846,0.13942,2
216327,0.139409,1
282517,0.139382,4
45552,0.139381,2
348798,0.13937,1
261886,0.139334,2
209994,0.139312,1
41422,0.139288,3
296571,0.139285,1
5942,0.139276,2
135173,0.139264,1
309350,0.13926,1
448518,0.139244,2
176379,0.139236,3
315901,0.139235,1
296254,0.139235,1
2771,0.139227,1
68708,0.139211,4
220422,0.139208,2
66977,0.139181,1
385862,0.139166,1
296537,0.139152,1
112563,0.139151,1
201250,0.139149,1
247072,0.139137,1
325672,0.139135,1
200467,0.13913,1
427923,0.139124,1
340289,0.139117,1
78267,0.139117,1
135900,0.139113,2
434991,0.139101,1
337195,0.139038,2
249210,0.139016,1
412332,0.139007,1
33342,0.138993,1
91248,0.13899,1
156422,0.138943,1
247246,0.138939,1
108198,0.138929,1
340010,0.138891,1
255173,0.13889,1
187494,0.13889,2
293997,0.138889,2
370805,0.13888,1
432682,0.138875,2
428805,0.138858,1
294307,0.138853,1
398404,0.138839,1
144979,0.138835,1
184135,0.13883,1
398756,0.138799,5
265937,0.138795,1
200331,0.138784,1
242194,0.138779,1
257769,0.138772,1
441068,0.138772,2
446308,0.138769,1
435453,0.138728,1
398141,0.138708,1
90977,0.138706,1
148164,0.138693,1
146189,0.138689,1
204785,0.138685,4
235068,0.13868,1
80330,0.138668,1
127553,0.138661,1
333841,0.138653,1
441617,0.138642,3
355861,0.138617,3
411108,0.138594,1
239656,0.13856,3
419701,0.138554,3
442346,0.138548,3
193673,0.138544,2
15266,0.138537,1
120356,0.138533,1
199,0.138518,1
48159,0.138488,1
305631,0.138467,1
21551,0.138431,1
67625,0.138421,2
17724,0.138407,1
52695,0.138405,1
281860,0.138401,1
283154,0.138398,4
250528,0.138394,1
388137,0.138367,1
47882,0.138354,2
33777,0.138348,1
205128,0.13834,1
299591,0.138332,1
226253,0.138332,1
408024,0.138312,1
445457,0.13831,1
282081,0.138303,1
445864,0.138301,5
5843,0.138219,1
99596,0.138217,2
293165,0.138202,1
234050,0.138196,1
283506,0.13817,2
299264,0.138165,4
111179,0.138066,6
94354,0.138028,1
238951,0.137978,3
180463,0.137975,1
204972,0.137971,3
137390,0.137921,1
33515,0.137909,3
222082,0.137905,1
119633,0.137876,4
433678,0.137862,5
208689,0.137854,1
337661,0.137827,2
307428,0.137792,2
426635,0.137764,2
99008,0.137761,2
161915,0.13775,3
150183,0.137746,3
107238,0.13773,1
53432,0.137728,1
377503,0.137697,2
30959,0.137693,1
299993,0.13769,2
226726,0.13768,8
399728,0.137655,5
136529,0.137625,2
370360,0.137622,7
19673,0.137588,2
32381,0.137564,2
154812,0.137559,4
338161,0.137536,4
74750,0.137536,3
126588,0.137521,1
147547,0.137445,1
324235,0.137416,1
362525,0.137411,1
37343,0.137401,2
432665,0.137391,1
401074,0.137382,2
453179,0.137382,1
227095,0.137375,2
130783,0.13737,1
395857,0.137323,3
163990,0.137318,4
71888,0.137315,2
401913,0.137315,1
44591,0.137301,2
420271,0.137182,2
9176,0.137143,2
22839,0.13713,2
415653,0.137034,2
269452,0.136981,4
419041,0.136965,3
445635,0.1369,2
208505,0.136817,2
323037,0.136811,2
160079,0.136772,2
46451,0.136721,3
151553,0.136612,5
141009,0.136595,3
101561,0.136578,2
350270,0.136515,2
12017,0.136296,4
359177,0.13629,7
379599,0.136281,3
366238,0.136272,2
154533,0.136235,2
105601,0.136136,2
307733,0.136133,3
330888,0.136047,2
276329,0.136044,2
384603,0.136014,2
382016,0.135993,2
311170,0.135966,3
151716,0.135938,2
39406,0.135934,1
399310,0.135894,2
302476,0.135859,2
165018,0.135805,3
113042,0.135778,1
285870,0.135694,5
82042,0.135657,1
1879,0.135647,2
116055,0.135638,1
116744,0.135634,1
337804,0.135629,1
329643,0.135615,6
183137,0.135614,6
325018,0.135613,1
29346,0.135608,1
181941,0.135604,1
148893,0.135598,1
275451,0.135585,2
112855,0.135572,3
201776,0.135568,4
359038,0.135555,1
175270,0.135555,2
295163,0.135541,1
120446,0.135487,5
86125,0.135433,1
340545,0.135432,5
457971,0.135404,2
459116,0.135403,1
238202,0.1354,6
260955,0.135395,8
409810,0.135378,1
333393,0.135361,1
26548,0.135358,1
105700,0.135307,1
166056,0.135259,3
235060,0.135245,1
14682,0.135217,1
214789,0.13518,1
55364,0.135177,2
11604,0.135157,1
324066,0.135145,1
296616,0.13513,1
303661,0.135112,1
140006,0.135106,1
339087,0.135094,1
107358,0.135083,1
10291,0.135078,1
190051,0.135077,1
50577,0.135071,1
330557,0.135063,1
120709,0.134938,1
258737,0.134875,2
167107,0.134866,1
290028,0.13485,1
273196,0.134815,7
85416,0.134809,1
184757,0.134683,1
190285,0.134676,1
98893,0.134672,3
309230,0.134617,1
10270,0.134602,1
211065,0.134592,1
308807,0.134576,1
3881,0.134548,1
322018,0.134527,4
413839,0.134515,1
247781,0.134499,1
55101,0.134485,1
300951,0.134466,6
460872,0.134466,1
76762,0.134449,1
59386,0.134436,1
116677,0.134431,1
285264,0.134413,2
46179,0.134403,2
4966,0.134382,4
338879,0.134381,1
202671,0.134372,2
244821,0.134368,1
347057,0.134363,1
346886,0.134255,1
422827,0.134204,2
440807,0.134202,1
191804,0.134173,1
402538,0.134148,1
12232,0.134099,1
245832,0.134056,2
182311,0.13405,1
204214,0.134021,1
324351,0.133995,4
326314,0.133899,3
86191,0.133892,3
330073,0.133864,1
413882,0.133802,1
221481,0.133714,2
214488,0.133702,1
161515,0.133699,1
412134,0.133694,1
215233,0.13368,1
11730,0.133675,3
329900,0.13366,1
120412,0.133606,1
506,0.133554,2
354308,0.133553,1
221246,0.133435,1
372105,0.133361,1
325065,0.133348,1
383290,0.133296,1
282419,0.133251,6
424197,0.133231,2
370466,0.133225,1
385708,0.133158,1
154878,0.13314,3
174537,0.133093,2
358114,0.133031,3
423339,0.132998,5
340022,0.132991,4
222119,0.132962,2
148857,0.132897,1
237704,0.132895,3
168414,0.132893,1
72165,0.132892,1
317968,0.132873,2
155728,0.132863,2
320323,0.132847,3
88831,0.132839,6
149308,0.132837,3
66078,0.132778,2
215503,0.13276,2
121835,0.132754,7
279504,0.13268,2
119978,0.132629,3
231819,0.132615,3
284871,0.132499,3
151410,0.132486,3
105488,0.132446,3
88921,0.132305,4
379192,0.132281,5
407344,0.132196,2
315323,0.132149,1
55706,0.13199,1
217382,0.131576,2
182455,0.13157,4
428849,0.131493,2
250344,0.13149,2
34657,0.131488,2
224818,0.131468,3
393334,0.131427,1
57221,0.131381,3
12495,0.131341,1
333518,0.131324,2
50004,0.131324,3
8748,0.131318,2
134727,0.131291,4
143464,0.131236,2
415781,0.131218,2
304339,0.131161,2
349453,0.131154,2
128126,0.131138,1
46644,0.131053,4
356129,0.131052,9
283756,0.131025,2
282323,0.13096,2
84300,0.130914,3
87547,0.130908,1
10479,0.13088,2
333093,0.130855,3
308991,0.130833,2
248239,0.130825,1
387953,0.130811,1
332302,0.130793,2
271121,0.13075,2
263993,0.130679,4
92074,0.130656,4
187907,0.130655,4
60481,0.130643,1
240778,0.130588,3
185896,0.130557,3
373138,0.130547,2
69150,0.130475,3
30864,0.130444,1
262686,0.130432,1
330148,0.130421,1
278843,0.130417,5
334578,0.130416,2
287037,0.130414,2
107539,0.130378,3
185357,0.130314,3
91177,0.130309,3
2992,0.130299,4
267641,0.130299,3
191638,0.130283,2
320786,0.130258,3
302363,0.130247,1
266861,0.130239,2
127780,0.130223,2
10485,0.130153,2
179547,0.130124,1
69689,0.130121,4
39959,0.130098,1
197083,0.130036,3
24062,0.130036,1
37394,0.129975,2
234033,0.129941,1
115182,0.129932,2
248745,0.129932,1
126644,0.129916,1
446961,0.129911,2
290126,0.129903,1
327104,0.129863,3
358104,0.129859,1
104514,0.129822,1
432738,0.12981,2
293850,0.129804,1
422251,0.129792,1
321644,0.129785,1
268139,0.129759,1
248169,0.129705,1
180009,0.129688,2
436915,0.129646,1
192330,0.12962,4
336994,0.129587,3
202354,0.129478,3
158086,0.129469,2
246100,0.129447,4
112500,0.129446,2
43391,0.129359,1
8015,0.129305,3
252203,0.129285,3
142615,0.129225,1
424515,0.129198,8
168504,0.129153,1
102,0.129145,2
35459,0.129127,1
350535,0.129052,1
196401,0.129049,1
334118,0.128994,1
8724,0.12897,2
398436,0.128964,2
214179,0.128949,1
219821,0.128897,3
375011,0.128882,1
157555,0.128865,1
33970,0.12886,1
229180,0.128851,2
48691,0.128803,1
448274,0.128767,9
400059,0.128752,1
249575,0.128655,2
416457,0.128602,1
185301,0.1286,3
437143,0.128545,1
291989,0.128539,3
326332,0.128423,2
399719,0.12842,2
137087,0.128351,2
53436,0.128324,2
434930,0.128301,1
273251,0.128298,1
344616,0.128285,1
328242,0.128222,3
106170,0.128055,3
35871,0.128047,1
174355,0.128035,2
2750,0.127832,3
353785,0.127795,2
455523,0.12777,3
177675,0.127465,1
369719,0.127456,1
289908,0.127455,1
247862,0.127342,5
442427,0.127341,4
352017,0.127184,4
173357,0.127131,1
140542,0.127119,1
213715,0.127109,1
94430,0.1271,1
346197,0.12709,1
138873,0.12706,1
41253,0.127054,1
173477,0.127045,1
107335,0.127012,1
236852,0.127009,1
430919,0.127007,1
164087,0.127004,1
86473,0.127002,1
326867,0.126994,1
374130,0.126989,3
254118,0.126977,1
317677,0.126955,1
65135,0.126939,1
181747,0.126938,1
316598,0.126927,1
412667,0.126915,1
86120,0.126768,1
185635,0.126767,1
440060,0.126763,1
129193,0.126762,4
334989,0.126754,1
319054,0.126741,1
466539,0.126739,1
138273,0.126706,5
84065,0.126696,1
171575,0.126695,1
45544,0.126681,2
414603,0.126677,1
339720,0.126673,1
257550,0.126633,2
18309,0.126583,1
356316,0.126582,2
423324,0.126557,2
283951,0.126554,1
431616,0.126553,4
124780,0.126531,2
1207,0.126459,3
344129,0.126402,3
21635,0.126397,1
69694,0.126365,2
419690,0.126336,1
232885,0.126301,1
31626,0.1263,1
384918,0.126295,2
224487,0.126292,3
114135,0.126246,1
258457,0.126179,1
191690,0.126173,3
427900,0.126164,1
162181,0.126154,3
336228,0.126142,2
360294,0.126125,1
243606,0.126094,2
147037,0.126076,1
188797,0.126071,2
190246,0.126061,4
189104,0.126041,1
339805,0.126039,1
346212,0.125981,4
167534,0.125966,1
164034,0.125966,1
452986,0.125883,3
431227,0.125822,2
361982,0.125819,1
46502,0.1258,1
317192,0.125775,1
375622,0.125766,1
348478,0.125753,2
384466,0.125736,1
261307,0.125715,2
452955,0.125704,1
464441,0.125697,3
212144,0.125693,2
144958,0.125676,1
186933,0.125654,1
72372,0.125654,1
25232,0.12565,1
147073,0.125649,1
23828,0.125646,1
199260,0.125638,1
136828,0.125638,1
178108,0.125618,1
115267,0.125616,1
464286,0.125586,3
418653,0.125574,1
435007,0.125557,1
239344,0.125546,1
285152,0.125471,1
40326,0.12545,1
214558,0.125429,1
169956,0.125429,1
57803,0.125391,2
381262,0.125356,2
452082,0.125316,1
337022,0.125291,1
359271,0.125279,1
393225,0.12527,1
424883,0.125256,2
439031,0.125175,1
430267,0.125156,1
388783,0.125141,1
413930,0.125131,1
276622,0.125114,3
431918,0.125064,4
170173,0.125033,1
19361,0.124995,1
99604,0.12495,2
141035,0.124949,1
298860,0.124949,1
360164,0.124939,2
78642,0.12493,1
241521,0.124923,3
99043,0.124892,2
69127,0.124857,4
344220,0.124836,2
170157,0.124804,1
47000,0.12478,1
53022,0.12471,1
427483,0.124706,1
301990,0.1247,2
320487,0.12469,1
308833,0.12469,1
142524,0.124689,1
342429,0.124657,1
199568,0.124651,1
132417,0.124626,1
402871,0.124622,1
154681,0.124599,2
350574,0.124588,1
190774,0.124586,1
457998,0.124585,1
59080,0.124582,2
114847,0.124569,1
196251,0.124554,2
73539,0.124551,2
375846,0.124543,3
229470,0.124515,1
265012,0.124432,6
68961,0.124427,1
81685,0.124359,3
282494,0.124355,4
244859,0.124297,2
414100,0.124207,2
202976,0.124193,2
337361,0.124156,2
1217,0.124132,2
378834,0.124036,2
345834,0.123857,3
49544,0.123721,3
436414,0.123707,2
119843,0.123704,4
304704,0.123644,4
254324,0.123557,2
140934,0.123553,3
298147,0.123539,3
87742,0.123447,5
26839,0.123401,5
228072,0.123385,5
210345,0.123356,2
274975,0.123337,5
196860,0.12327,6
133898,0.123163,2
35860,0.123153,1
81864,0.12308,1
116435,0.123042,1
160015,0.123019,2
409478,0.122977,1
454137,0.122976,1
318382,0.122932,1
255999,0.122922,1
383084,0.122917,3
154532,0.122893,1
172333,0.122841,1
237413,0.122802,1
116703,0.122794,1
67329,0.122789,2
120769,0.122697,2
166941,0.122678,1
198381,0.122675,1
427464,0.12266,2
281391,0.122653,4
412126,0.122641,1
101620,0.122606,2
63023,0.122596,2
405649,0.122592,3
4606,0.122587,1
110315,0.122573,2
434805,0.122527,1
368879,0.122525,1
157705,0.122524,6
293512,0.122508,2
388308,0.122508,1
284830,0.122502,1
275701,0.122459,1
322551,0.122459,1
77587,0.122407,5
285344,0.122401,1
37314,0.122385,2
120164,0.122345,2
294064,0.122321,1
380716,0.122292,1
375162,0.122228,1
173646,0.122227,1
293493,0.122209,2
375423,0.122124,3
320526,0.122096,1
269088,0.12208,1
207407,0.122077,1
13224,0.122072,6
224025,0.121984,1
358814,0.121948,1
433339,0.121935,1
140034,0.121904,3
272089,0.121898,1
342345,0.121894,1
45083,0.121889,1
422871,0.121888,1
283905,0.121887,1
22686,0.121884,1
444159,0.121883,1
112632,0.12188,1
240962,0.121874,2
56379,0.121869,1
438133,0.121861,1
118694,0.121837,1
20838,0.121753,1
208884,0.121748,1
404920,0.121726,1
46753,0.121713,1
449119,0.121707,1
400518,0.121659,1
413155,0.121649,1
274396,0.121639,1
264619,0.121626,1
331236,0.121609,2
218895,0.121565,1
261167,0.12151,1
28232,0.121494,2
408731,0.121486,3
239544,0.121482,1
171054,0.121473,1
259235,0.12146,1
133425,0.121425,1
248012,0.121403,1
175818,0.121399,1
385602,0.121396,1
89822,0.121344,1
234474,0.121344,1
320110,0.121343,1
65100,0.121338,1
430965,0.121335,3
66211,0.121333,1
278735,0.121325,1
66907,0.121323,1
196516,0.121313,1
299331,0.121301,1
431561,0.121287,2
300236,0.121281,1
284661,0.121271,1
386370,0.121265,1
19972,0.12126,1
122676,0.121257,2
324485,0.121253,1
265521,0.121243,2
184524,0.121242,1
270231,0.121242,1
279922,0.121241,1
109760,0.121232,1
248975,0.121228,1
121875,0.121222,1
334257,0.121221,1
369919,0.121193,1
3071,0.121193,1
18572,0.121191,1
62287,0.121185,1
269990,0.12118,1
200382,0.121178,1
464388,0.121176,1
228683,0.121176,1
44199,0.121173,1
440083,0.121169,1
412615,0.121167,1
134786,0.121167,1
44839,0.121166,1
425142,0.121159,1
342211,0.121159,1
422136,0.121141,1
189975,0.121136,1
426654,0.121132,1
451093,0.121131,1
231209,0.12113,1
377813,0.121127,1
362924,0.121116,1
23612,0.121103,1
287965,0.121093,1
105433,0.121077,1
161444,0.121076,2
431178,0.121021,1
362685,0.121011,2
236739,0.121007,1
406163,0.121006,1
432948,0.121005,1
385985,0.120965,2
160694,0.120952,1
64002,0.120942,2
426479,0.120914,1
97522,0.120914,1
210287,0.120863,1
134053,0.120851,1
26032,0.120822,1
344421,0.120784,2
337612,0.120753,3
319855,0.120736,2
426737,0.120732,1
73759,0.120707,4
73322,0.120705,1
277442,0.120666,1
48179,0.120648,1
335088,0.120647,1
103584,0.120644,1
38902,0.120643,1
242849,0.120636,1
204782,0.120607,2
153504,0.120604,2
158460,0.120598,2
459191,0.120586,1
185929,0.120582,2
100918,0.120571,2
102522,0.120505,1
427898,0.120504,1
339023,0.120504,1
361132,0.120495,1
427234,0.120471,1
90183,0.120451,1
286766,0.120447,1
147216,0.120443,1
311931,0.12038,2
216595,0.120286,2
395843,0.120226,2
202648,0.120226,2
414078,0.12011,2
437431,0.120099,2
133256,0.120068,2
26671,0.120031,3
396696,0.12,2
418099,0.119957,2
341129,0.119954,2
191461,0.11987,2
449501,0.11986,2
277271,0.119854,2
140076,0.119791,2
328066,0.119782,2
332950,0.119758,2
98388,0.119741,4
71684,0.119692,2
262878,0.119588,2
190404,0.119439,2
24715,0.119419,2
351307,0.119411,4
332610,0.119392,2
327946,0.119391,2
343987,0.119387,2
213235,0.119375,1
134565,0.119371,1
361706,0.119368,1
231109,0.119312,2
41511,0.119306,2
36833,0.119295,2
38259,0.119285,1
183852,0.119278,1
323278,0.119275,1
448119,0.119253,2
90056,0.119246,2
375962,0.119226,2
351551,0.119051,3
378940,0.119017,2
456703,0.119011,1
456889,0.118991,7
410698,0.118813,2
81454,0.118813,1
102163,0.118804,1
338788,0.118791,6
361777,0.118789,5
378335,0.118783,1
18986,0.118771,4
458825,0.118717,1
319424,0.118716,2
101075,0.118696,2
257748,0.118681,3
344447,0.118679,4
97454,0.118632,7
215468,0.118574,1
358731,0.118533,2
138834,0.118482,2
195127,0.118476,1
87268,0.118469,3
300383,0.11845,1
176666,0.118361,3
33017,0.118351,3
6983,0.118231,3
172914,0.118202,1
145504,0.118121,1
164313,0.118068,1
195573,0.118056,1
75855,0.117992,2
288099,0.11798,4
454813,0.117959,1
143557,0.117959,2
445241,0.117942,4
200235,0.117941,3
33165,0.117898,1
430422,0.117897,1
193021,0.117884,2
265223,0.117874,1
211706,0.117865,1
196734,0.117849,1
97832,0.117822,1
55443,0.117814,1
43335,0.1178,1
50456,0.117785,1
101747,0.117764,3
115956,0.117757,1
434571,0.117726,1
35972,0.117725,1
157250,0.117721,3
48837,0.117719,1
84629,0.117718,1
101209,0.117717,1
62845,0.117664,1
324704,0.117653,1
158536,0.117653,1
179147,0.117653,1
187093,0.117628,1
233767,0.117627,1
290480,0.117616,1
151247,0.117612,1
324216,0.117603,1
411550,0.117602,1
260699,0.11759,1
359041,0.117585,2
353463,0.117571,1
352565,0.11756,1
466457,0.117538,1
131348,0.117519,1
440646,0.117509,3
149655,0.117502,1
455298,0.117502,1
235069,0.117486,1
250177,0.117469,1
54998,0.117469,1
142240,0.117466,1
110994,0.117422,1
195474,0.117408,2
461455,0.117405,3
431588,0.117362,1
281415,0.117352,5
168775,0.117337,3
342756,0.117315,1
100090,0.117305,1
346706,0.1173,1
239826,0.117299,1
436344,0.117296,1
296863,0.117296,1
421050,0.117288,1
442627,0.117283,1
250702,0.117256,1
43599,0.11725,1
167395,0.117215,2
76854,0.117213,1
379264,0.117179,3
269341,0.117177,1
465814,0.117171,1
348178,0.11717,1
317105,0.117166,2
276886,0.117159,2
53963,0.117155,1
242751,0.117128,1
345676,0.117119,1
115634,0.117102,1
157893,0.117102,2
397067,0.117092,2
23528,0.117089,2
367201,0.117086,1
19208,0.117083,1
257623,0.117039,1
13119,0.117033,1
375699,0.117027,1
334847,0.117019,1
355804,0.117009,1
394660,0.117005,2
385024,0.117001,1
421465,0.116998,1
402615,0.116997,1
149724,0.116994,1
286177,0.116952,1
13586,0.11695,1
35262,0.116943,1
41881,0.116935,1
285977,0.116933,1
217626,0.116931,2
330058,0.116925,1
179372,0.116923,4
48731,0.116911,2
293455,0.116903,1
173241,0.1169,1
67666,0.116899,1
84097,0.116888,1
250351,0.116886,2
169055,0.116858,2
128218,0.116858,1
250565,0.116834,1
159430,0.116809,1
381387,0.1168,1
271638,0.116799,1
280380,0.116767,1
284058,0.116765,2
8599,0.116749,4
31239,0.116743,1
120089,0.116732,1
205387,0.116721,2
355034,0.116711,1
223503,0.116705,1
66788,0.116701,1
410974,0.116697,1
433169,0.116681,2
316482,0.116664,1
373836,0.116659,1
376332,0.116657,3
5410,0.116657,1
365409,0.116634,2
240054,0.116621,2
202716,0.116621,2
307609,0.116616,1
390615,0.116587,1
282879,0.116569,1
68396,0.116565,2
454946,0.11655,3
258848,0.11653,1
89663,0.116507,2
364560,0.116474,1
331312,0.116474,1
212652,0.116439,2
335661,0.116414,5
25170,0.116391,2
434814,0.116386,4
164143,0.116381,2
446456,0.116309,3
246555,0.116289,2
105661,0.116263,2
266960,0.116254,2
267885,0.116241,2
333015,0.116224,2
361966,0.116209,2
114485,0.116187,3
225877,0.116126,2
84991,0.116121,2
113462,0.116115,2
425463,0.116085,2
275317,0.116082,5
254861,0.116027,3
200977,0.116006,2
50357,0.115984,2
93602,0.11593,2
282868,0.115798,2
464661,0.115794,6
250322,0.115779,1
241523,0.115779,1
327771,0.115757,2
413870,0.115727,2
282651,0.115599,4
174566,0.115571,2
233429,0.115513,2
360510,0.115511,2
436691,0.115507,2
78281,0.115475,3
342938,0.115469,2
45543,0.115451,2
359026,0.115394,1
225398,0.115328,1
129490,0.115327,3
8557,0.11531,3
427156,0.115286,1
185183,0.115265,2
78884,0.11526,2
54554,0.115254,1
176399,0.11524,2
248568,0.115239,6
293038,0.115217,2
91998,0.115205,4
397286,0.115198,2
9271,0.115188,5
264774,0.115129,2
103407,0.115101,6
53130,0.115054,2
329028,0.114918,2
155843,0.114906,3
150676,0.114816,2
271415,0.114792,2
261094,0.11478,2
330338,0.114718,3
273442,0.114693,1
388242,0.114675,2
154293,0.114674,1
460036,0.114671,5
240871,0.114666,2
356320,0.114664,1
132423,0.114633,2
12941,0.114614,2
9166,0.114592,1
323572,0.114549,1
151413,0.114527,3
379153,0.114495,1
465227,0.114487,1
316913,0.114484,3
35396,0.114442,2
186095,0.114436,3
460010,0.114433,1
163090,0.114417,1
247396,0.114385,2
28098,0.114377,1
325077,0.114355,7
29413,0.11435,1
118448,0.114342,2
83830,0.114305,2
143017,0.114299,1
360875,0.114297,1
358854,0.114269,1
132714,0.114251,2
411472,0.114231,1
442521,0.114229,4
176519,0.114229,1
34767,0.114221,1
88496,0.114218,1
446815,0.114208,2
217794,0.114205,1
394771,0.114183,1
156656,0.114177,2
79946,0.114138,1
242328,0.114134,1
279128,0.114133,1
31890,0.114124,1
29503,0.114107,2
366289,0.114105,1
170868,0.114096,1
13984,0.114075,1
138973,0.114058,1
83707,0.114054,3
334448,0.114043,1
156204,0.114036,1
385165,0.114033,1
185815,0.114033,1
296921,0.114013,1
135343,0.114007,2
251218,0.114006,1
349421,0.114002,1
455879,0.113993,1
198304,0.113979,1
66623,0.113977,1
35724,0.113964,1
406279,0.113939,1
108747,0.113934,1
216984,0.113925,1
47858,0.113923,1
352699,0.11392,1
180589,0.113918,1
322186,0.113889,4
460350,0.113873,1
221419,0.113865,1
343441,0.113861,1
371082,0.113852,1
24807,0.11385,1
43279,0.113849,1
97252,0.113846,1
370305,0.113845,1
82389,0.113839,1
423964,0.113839,1
195223,0.113838,1
353706,0.113835,1
260012,0.113834,1
209711,0.113831,1
457889,0.113829,1
367597,0.113817,1
51138,0.113817,1
66038,0.113816,1
220357,0.11381,1
39736,0.113809,1
362899,0.113803,3
103883,0.113787,1
358295,0.113776,5
111159,0.113761,1
263430,0.113756,1
99242,0.113751,3
120070,0.113743,1
379652,0.113736,1
275485,0.113729,1
53852,0.113725,1
381453,0.113702,1
321054,0.113669,2
305196,0.113654,1
93608,0.113652,1
384035,0.113649,1
211481,0.113649,1
355106,0.113638,1
207750,0.113624,1
287159,0.113617,1
260819,0.113608,1
106238,0.113603,1
43856,0.113578,1
459201,0.11357,1
18514,0.113568,1
25423,0.113567,1
259220,0.113565,1
294348,0.113565,1
125985,0.113564,1
314614,0.113564,1
152567,0.113559,1
149407,0.113547,1
135447,0.113545,1
198109,0.11352,1
86938,0.113518,1
249186,0.113511,1
178251,0.113503,1
152250,0.113502,1
425555,0.1135,1
191581,0.113493,8
103126,0.113493,1
257477,0.113493,1
340024,0.113493,1
151848,0.113476,1
188158,0.113474,1
381914,0.113474,1
436687,0.113474,1
28307,0.113474,1
79877,0.113472,1
225944,0.113471,1
408271,0.113471,1
219622,0.113463,1
44800,0.113462,1
325999,0.113459,1
6340,0.11344,1
290267,0.113435,1
224043,0.113425,1
21211,0.113424,1
333244,0.113417,4
414919,0.113412,1
166856,0.113409,1
326825,0.1134,1
64141,0.1134,1
141567,0.113399,1
251810,0.113395,1
375458,0.113393,1
324502,0.113393,1
178570,0.113392,1
278799,0.11339,1
192387,0.113389,1
356179,0.113384,1
383121,0.113382,1
459160,0.113382,1
92989,0.113378,1
397621,0.113349,3
184294,0.113343,1
246468,0.113342,1
75646,0.113339,1
343731,0.113335,1
274246,0.113324,1
373173,0.11332,1
282278,0.113319,1
442661,0.113318,1
448542,0.113315,1
249712,0.113314,1
427849,0.113314,1
31700,0.113311,1
79270,0.113309,1
161158,0.113309,1
170076,0.113308,2
197954,0.113306,1
71337,0.113302,1
42542,0.113294,1
55341,0.113294,1
319982,0.113292,1
367208,0.113283,1
458564,0.113283,1
43140,0.113279,1
118837,0.113276,1
134080,0.113276,1
160817,0.113272,1
334485,0.113271,1
291094,0.113266,1
153794,0.113258,2
40468,0.113251,1
152259,0.113245,1
395482,0.113239,1
221343,0.113237,1
156543,0.113234,1
115261,0.113232,1
421372,0.113227,2
304952,0.113227,1
139376,0.113215,1
193414,0.113206,1
175046,0.113203,1
15442,0.113184,1
220280,0.113181,1
299828,0.113164,1
296108,0.11316,1
451362,0.113159,1
374250,0.113142,1
257031,0.113136,1
144682,0.113135,3
317164,0.11313,2
351435,0.113096,1
351910,0.113095,2
372504,0.113095,2
221203,0.113095,2
74597,0.113093,1
129454,0.113081,1
198903,0.113067,2
402213,0.113054,2
129329,0.113038,1
51448,0.113038,1
156268,0.113031,4
360790,0.113014,2
83148,0.112997,1
400078,0.112968,1
348455,0.112913,1
51592,0.112887,1
116772,0.112887,1
254617,0.112882,1
166065,0.11287,2
97694,0.112864,1
274912,0.112851,1
85655,0.112844,2
276481,0.112843,1
70852,0.112832,1
298816,0.112813,1
279669,0.112778,1
241130,0.112773,2
286528,0.112772,1
134906,0.112723,1
238327,0.112722,1
363156,0.112695,1
252768,0.112683,2
190181,0.112681,2
448600,0.112678,2
339094,0.112676,1
276328,0.1126,2
444061,0.112598,5
94468,0.112545,2
460034,0.112543,3
148673,0.112535,2
299440,0.112529,3
77708,0.112499,2
74555,0.112493,2
381055,0.112478,3
393944,0.112477,2
443755,0.112471,2
370457,0.112383,2
124039,0.112358,2
282676,0.112306,2
68197,0.112242,2
420238,0.112227,3
77321,0.112206,2
458783,0.112167,2
81702,0.112159,3
3593,0.112155,2
213280,0.112144,2
227318,0.112131,4
317819,0.112105,3
156418,0.112093,2
121491,0.112089,2
145083,0.112084,2
366263,0.112062,3
114389,0.112048,2
153639,0.11203,2
14587,0.111995,3
255336,0.111903,2
142278,0.111845,2
105430,0.111777,2
29173,0.111772,4
434846,0.111684,2
206817,0.111674,2
360062,0.111652,1
413295,0.111651,1
388816,0.111647,1
286722,0.111597,2
432635,0.11158,2
118024,0.111537,2
63935,0.111485,4
348615,0.111441,3
11749,0.111419,2
204776,0.111332,7
226558,0.111268,4
395823,0.111227,1
213917,0.111211,3
91273,0.111205,2
413921,0.111173,3
391571,0.111152,1
425846,0.111136,1
217050,0.111113,2
315711,0.111084,3
47281,0.111057,1
125135,0.111047,1
73551,0.110948,2
385029,0.110935,1
87489,0.110893,5
405992,0.110808,1
307041,0.110752,3
37794,0.110729,2
55544,0.110724,2
234431,0.110705,3
90083,0.110688,6
412149,0.110663,1
216827,0.11063,1
155016,0.110615,1
82313,0.110515,1
161336,0.110512,2
250761,0.110483,2
324537,0.110449,3
159408,0.110434,1
6807,0.110392,1
47428,0.11038,1
441945,0.110365,1
438277,0.110352,1
458751,0.110342,1
68558,0.11033,1
399250,0.110328,1
155780,0.110323,1
21815,0.110323,1
194024,0.110322,1
221897,0.110312,1
20981,0.110303,1
301803,0.110265,1
297934,0.110264,1
428679,0.110248,1
86926,0.110245,1
82264,0.110225,1
107747,0.110221,2
378861,0.110113,2
344445,0.110094,1
187758,0.11009,1
244783,0.110088,2
296006,0.110076,1
149281,0.110061,2
264512,0.110053,1
326397,0.110051,1
65281,0.11005,1
15507,0.110044,1
312390,0.110042,1
138735,0.110021,4
98984,0.109977,1
330175,0.109939,1
212000,0.10992,1
329317,0.109916,1
27451,0.109913,1
125011,0.109871,1
89119,0.109846,1
434271,0.109812,1
196316,0.109801,1
286578,0.10979,1
15998,0.109771,1
364481,0.109765,1
394747,0.109731,2
338307,0.109689,3
53430,0.109679,1
77302,0.109659,1
135591,0.109652,3
86555,0.109649,2
59235,0.109636,1
220568,0.109602,1
222697,0.109588,1
149110,0.109585,2
177478,0.10958,1
41191,0.10956,2
356998,0.109559,1
426684,0.109557,1
409949,0.109539,1
303935,0.109525,2
367452,0.109521,2
121429,0.109515,3
697,0.109511,2
263542,0.10951,1
169066,0.109509,2
190976,0.109508,2
415220,0.109504,2
339070,0.109504,1
107521,0.109479,1
232712,0.109477,5
131364,0.109471,1
63603,0.109469,2
185982,0.109467,4
92003,0.109462,2
403611,0.10945,1
366296,0.109407,1
409080,0.109406,3
49126,0.109404,1
58679,0.109386,1
55586,0.109385,1
35356,0.109358,1
45701,0.109354,1
190303,0.109317,2
45735,0.109314,1
37035,0.109307,1
334863,0.109302,1
215117,0.1093,1
91727,0.109276,2
21147,0.109266,5
64747,0.109257,2
279972,0.109247,1
78474,0.109241,3
55337,0.109238,1
24590,0.109229,1
222133,0.109195,2
57912,0.109181,1
148291,0.109163,1
189339,0.109158,1
161995,0.109153,1
112129,0.109146,1
14644,0.109124,1
69079,0.109093,1
123899,0.109025,1
251130,0.109014,2
457968,0.109013,1
305497,0.109011,1
218339,0.108993,1
94759,0.108981,1
15886,0.108889,6
327909,0.108814,2
82776,0.108769,1
55556,0.108766,2
265123,0.108763,1
446448,0.108756,2
127926,0.108676,4
115912,0.10866,2
279473,0.108644,3
3121,0.10863,2
18921,0.108625,2
200355,0.108621,2
281735,0.108614,3
47718,0.108586,2
57265,0.108583,2
184381,0.108537,2
205566,0.108474,4
226192,0.108437,2
286944,0.10842,4
322124,0.108405,2
217483,0.108388,2
71842,0.108365,2
40046,0.108232,1
324759,0.108197,1
269610,0.108196,3
305843,0.108181,3
426026,0.108139,3
152244,0.108124,2
345034,0.108105,3
58868,0.107996,4
6908,0.107941,2
301770,0.107931,2
463329,0.107914,1
31933,0.107883,4
125315,0.107821,2
444321,0.107817,3
121489,0.107792,2
114089,0.107787,1
240260,0.107778,1
186435,0.107776,3
105128,0.107763,1
1688,0.107762,1
314304,0.107742,2
430942,0.1077,1
286377,0.107697,1
73105,0.107696,1
78318,0.10769,2
158781,0.107688,1
67171,0.107683,1
199181,0.107674,1
382034,0.107656,1
271101,0.107608,2
53028,0.107597,1
327068,0.107588,1
302255,0.107569,1
397573,0.107559,2
181527,0.107551,2
310890,0.107537,2
60715,0.107533,1
276599,0.107525,1
344904,0.107491,2
986,0.107482,1
14547,0.107452,2
202944,0.107415,2
32643,0.107401,5
378076,0.10739,3
239517,0.10726,2
317616,0.107249,1
260098,0.107207,1
404518,0.107201,1
167392,0.107187,1
36632,0.107186,2
121673,0.107148,2
415310,0.107124,1
445109,0.107107,1
414536,0.107098,1
343287,0.107012,1
98428,0.107,2
377337,0.106978,1
380302,0.106978,1
183411,0.106954,3
203680,0.106939,2
149362,0.106933,2
121814,0.10693,1
294137,0.106907,3
183574,0.106906,1
168656,0.1069,1
201610,0.106899,1
273397,0.106816,2
32971,0.106786,3
29426,0.106783,1
244723,0.106783,4
399926,0.10675,1
146842,0.106749,1
10284,0.106735,3
23250,0.10665,1
378258,0.106594,3
248569,0.106594,3
253763,0.106579,2
392947,0.106567,2
74090,0.106539,2
385499,0.106533,2
202226,0.106488,1
340327,0.106479,1
274028,0.106475,3
413205,0.106456,1
296598,0.106455,1
193597,0.106444,4
370607,0.106437,1
79034,0.106435,1
416301,0.106411,6
149163,0.106401,3
296057,0.106396,3
249980,0.106314,2
332924,0.106267,1
48237,0.106255,5
146684,0.106254,2
368033,0.106245,2
139346,0.106204,1
236779,0.10616,1
47937,0.106154,1
206002,0.106132,2
88361,0.106106,1
3976,0.10609,1
101588,0.106069,1
132145,0.105984,1
447102,0.105924,2
340194,0.105872,3
396713,0.10585,1
199989,0.105842,2
360833,0.10581,1
418874,0.105809,1
219435,0.105809,1
426657,0.105785,1
270332,0.10573,1
287597,0.105711,3
241755,0.105691,2
210132,0.105682,5
361,0.10567,3
98688,0.105648,3
280939,0.10563,3
139528,0.105602,2
321876,0.105569,2
268534,0.10556,1
11825,0.105539,1
299457,0.105513,1
445345,0.105509,2
358476,0.105486,1
198921,0.105468,3
293807,0.105465,2
107972,0.105449,6
447393,0.105444,7
453390,0.105431,5
20351,0.105386,3
450064,0.105366,2
270745,0.105362,1
20187,0.105347,2
88791,0.105342,4
198690,0.105328,2
222172,0.10532,1
402151,0.105236,2
321385,0.105202,2
309005,0.105173,5
237918,0.105166,2
334342,0.105151,3
54036,0.105124,4
194270,0.10508,3
444225,0.105061,4
283234,0.105018,3
329858,0.104995,2
184716,0.104949,2
3811,0.104789,2
282298,0.104768,4
286378,0.104752,3
197146,0.104692,4
255418,0.104643,5
172292,0.104594,3
354676,0.104592,3
126989,0.104555,1
3262,0.10454,1
266249,0.104536,1
90345,0.104526,1
152424,0.104517,3
193119,0.104507,1
440404,0.104496,1
91118,0.104473,1
6831,0.104427,2
394732,0.104417,2
115250,0.104394,3
79714,0.104356,3
420968,0.104354,4
213314,0.104304,2
314765,0.104292,4
188623,0.104271,2
350790,0.104233,4
457200,0.104188,1
358049,0.104153,1
103026,0.104131,4
377240,0.10413,1
47582,0.104092,1
328063,0.104082,1
45237,0.10403,3
425257,0.104019,1
92602,0.103995,2
301419,0.103945,2
419439,0.103925,5
236640,0.103908,1
201598,0.10389,2
66451,0.103874,4
201128,0.103803,1
345696,0.103796,2
318416,0.103757,2
360615,0.103731,3
47415,0.103639,3
329493,0.103625,1
89776,0.103622,1
330713,0.103583,2
393978,0.103493,1
193182,0.103484,2
246825,0.10341,5
2057,0.103347,1
181021,0.10334,1
400334,0.103318,2
34763,0.103286,1
322123,0.103274,1
412143,0.103252,3
387828,0.103223,2
227602,0.103221,2
101876,0.103149,3
57782,0.103147,1
231598,0.103059,1
363648,0.103043,2
338627,0.103033,1
146364,0.103026,2
117659,0.10302,2
89475,0.103008,1
220924,0.103007,3
43604,0.103001,1
354859,0.102993,1
428556,0.102916,2
380001,0.102901,2
415019,0.102887,3
335913,0.102876,3
288359,0.102875,1
32843,0.102864,7
298966,0.102851,1
382277,0.10285,1
230778,0.102827,2
254997,0.102813,4
37704,0.102808,2
16910,0.1028,1
458159,0.102771,4
230865,0.102769,2
435265,0.102754,2
20592,0.102752,1
372969,0.102751,1
77230,0.102724,1
436636,0.102724,1
303564,0.102721,1
294245,0.102712,3
235655,0.10271,1
233693,0.102698,2
152055,0.102672,2
134871,0.102664,2
25353,0.102662,2
133332,0.102647,2
170171,0.10264,1
44267,0.102637,1
462194,0.102622,1
124581,0.102589,4
435561,0.102581,2
63313,0.102581,1
106732,0.102575,1
213567,0.102517,1
20934,0.10246,5
76499,0.102425,1
4289,0.102415,6
347746,0.102383,1
156457,0.102377,4
148285,0.102352,1
343679,0.102339,1
401972,0.102306,2
445421,0.102305,1
423167,0.102269,1
152134,0.102238,1
18553,0.102221,2
405493,0.102164,4
327288,0.10216,1
377974,0.102143,2
195665,0.102136,1
278380,0.102115,1
154775,0.102112,1
247879,0.102089,3
408506,0.102067,1
106037,0.102067,2
53641,0.102067,1
405886,0.102057,1
283551,0.102041,1
365691,0.102004,3
334436,0.101992,2
353650,0.101964,2
271247,0.10196,2
278924,0.101937,1
292339,0.101902,1
404864,0.101812,3
367588,0.101781,3
233624,0.101716,2
157949,0.101707,1
326427,0.101588,2
82031,0.101581,2
141328,0.101573,4
60518,0.101532,2
329328,0.101532,2
209547,0.101518,1
413114,0.101502,2
408433,0.101495,2
51552,0.101468,2
165161,0.101465,4
281812,0.101435,2
275304,0.101392,2
63469,0.101377,1
127758,0.101354,3
243697,0.101317,3
434647,0.101278,2
31644,0.101181,4
246113,0.100994,2
427499,0.100969,3
203728,0.100966,3
318206,0.100961,5
456517,0.100863,2
299573,0.100821,2
361512,0.100756,2
93556,0.10074,3
29150,0.100625,1
77075,0.100602,1
230234,0.100541,3
388563,0.100485,1
207993,0.100465,3
423225,0.100435,2
111140,0.100416,1
179110,0.100393,4
227628,0.100357,3
160389,0.100354,1
349388,0.100345,2
389965,0.100344,1
402429,0.100326,2
400849,0.100267,1
153797,0.100242,1
433403,0.100201,1
22625,0.100169,2
346186,0.100159,4
251734,0.099886,3
341009,0.099881,2
380331,0.099879,1
282715,0.099878,1
126773,0.099877,2
76864,0.099877,1
335686,0.099859,1
305678,0.099858,4
81155,0.099852,2
98875,0.099819,1
192234,0.099796,1
331412,0.099778,1
182778,0.099765,1
354485,0.099737,1
32978,0.099721,2
163420,0.099714,1
165496,0.099696,1
154722,0.099686,1
445140,0.099683,1
32508,0.099654,4
172959,0.099647,3
376417,0.099619,1
72715,0.099593,2
159933,0.099593,1
70317,0.099584,1
59635,0.099578,2
57213,0.099572,1
207596,0.099568,1
190254,0.099563,1
328205,0.099559,1
255794,0.099543,1
150566,0.099542,1
223863,0.099506,1
144177,0.099497,4
128417,0.099491,1
222720,0.09949,3
184819,0.099483,1
398130,0.09948,2
34162,0.09948,1
41794,0.099477,1
359504,0.099477,1
108466,0.099475,1
317987,0.099472,1
379276,0.099457,1
45821,0.099445,1
349555,0.099438,2
334886,0.099435,3
304796,0.099406,1
39440,0.09939,3
2810,0.09939,1
206937,0.099369,4
430002,0.099341,3
44646,0.09933,4
284175,0.09928,1
262552,0.099272,1
250047,0.099256,1
276314,0.099241,1
56881,0.099219,2
150100,0.099213,2
77289,0.099191,1
89821,0.099154,1
59761,0.099135,2
101229,0.099119,2
261773,0.099096,1
451540,0.099093,1
417507,0.099093,1
423351,0.099092,1
182276,0.099091,1
32131,0.099091,1
108138,0.099091,1
181540,0.09909,1
279881,0.099089,1
133995,0.099089,1
114570,0.099089,1
374844,0.099088,1
211690,0.099088,1
439724,0.099088,1
83792,0.099087,4
60513,0.099084,1
65102,0.099082,1
165738,0.099082,1
366668,0.099081,1
297062,0.099081,1
344233,0.099079,1
177977,0.099078,1
439614,0.099077,1
185117,0.099065,4
380668,0.099057,1
192629,0.099045,1
73046,0.099032,2
436664,0.099032,1
405864,0.099013,2
282207,0.099011,1
410205,0.098993,2
335544,0.098991,1
434668,0.09899,1
464360,0.09898,1
104890,0.098977,2
363980,0.098967,3
188600,0.098953,1
223985,0.098951,1
59997,0.098929,1
114296,0.098923,2
225727,0.098921,4
71336,0.098908,1
315481,0.098907,1
41009,0.098896,2
94179,0.098895,1
399618,0.098889,1
452344,0.098885,1
142131,0.098879,1
59580,0.098839,1
376214,0.09881,1
454445,0.098752,2
409140,0.098735,1
98103,0.098707,1
349047,0.0987,1
345214,0.098691,1
366501,0.098683,1
342904,0.098637,3
436350,0.098583,1
287480,0.098582,1
33463,0.098581,1
17586,0.09858,1
108328,0.09858,1
272656,0.098579,1
298588,0.098579,1
404977,0.098549,2
148426,0.098544,2
340890,0.098527,1
109576,0.098526,1
75314,0.098523,1
146661,0.098517,1
106104,0.098516,1
244446,0.098516,1
154327,0.098516,1
382429,0.098516,1
207633,0.098516,1
459523,0.098513,1
419218,0.098502,1
401919,0.098502,1
3527,0.098501,1
431816,0.098501,1
268885,0.0985,3
111435,0.098487,1
189720,0.098485,1
164624,0.098481,1
365282,0.098481,1
87517,0.09848,1
43592,0.09848,1
67499,0.098467,1
38437,0.098465,5
69697,0.098456,1
89945,0.098429,2
186228,0.098382,2
168494,0.098364,3
329021,0.098359,2
342804,0.098275,2
239950,0.098249,2
219612,0.098209,4
324946,0.09819,3
180605,0.098185,2
235153,0.098112,2
379277,0.098074,3
94371,0.098065,2
125145,0.097868,2
226647,0.097688,1
250788,0.097587,2
92635,0.097545,2
160020,0.09747,3
293041,0.097464,1
235224,0.097464,5
454562,0.097455,2
338515,0.097444,1
93169,0.097353,5
352706,0.097325,3
93399,0.09724,1
108361,0.097224,2
158342,0.097177,1
201268,0.097174,1
282282,0.097152,2
94192,0.097112,1
165452,0.097097,1
231733,0.097091,2
320746,0.097068,2
8278,0.097025,1
260794,0.097024,2
232468,0.097008,1
452191,0.097007,1
243422,0.097007,4
45782,0.096961,1
210662,0.09693,2
436449,0.09689,2
61500,0.09689,1
396429,0.096875,1
250810,0.096819,1
457657,0.096812,1
441206,0.096794,3
62247,0.096741,1
326449,0.096735,2
461583,0.09671,1
321543,0.09671,1
400410,0.096652,1
342848,0.096651,1
450351,0.096648,1
419937,0.096648,1
165621,0.096643,1
268955,0.096624,4
148619,0.096617,1
413026,0.096613,1
274151,0.096611,1
210596,0.096601,1
391917,0.096576,4
274840,0.096571,1
36130,0.096561,1
287231,0.096559,1
237111,0.096535,1
220897,0.096518,1
365565,0.096507,1
103380,0.096501,1
342357,0.096476,1
334432,0.096467,1
145514,0.096462,1
400527,0.096461,1
53146,0.096456,1
61002,0.096448,1
189108,0.096445,1
392715,0.096441,1
433791,0.09644,1
460171,0.096433,2
397217,0.096432,1
197108,0.096431,1
249738,0.096429,1
365749,0.096426,1
235666,0.096422,1
185680,0.09642,2
403361,0.096417,1
358746,0.096409,1
175086,0.096409,1
442511,0.096405,1
433658,0.096398,1
324593,0.096397,1
189555,0.096378,1
328387,0.096377,1
442172,0.096372,1
432523,0.096371,1
229329,0.096368,1
462087,0.096367,1
9293,0.096367,1
190754,0.096366,1
269940,0.096365,1
4682,0.096362,1
299958,0.09636,1
124434,0.096359,1
147227,0.096359,1
303410,0.096358,1
369974,0.096358,1
301343,0.096357,1
122805,0.096355,1
83521,0.096351,1
190687,0.096351,1
425841,0.09635,1
327011,0.09635,1
233174,0.096349,1
342604,0.096349,1
31586,0.096343,1
208136,0.096342,1
227158,0.09634,1
315094,0.096334,1
207598,0.096331,1
4547,0.096331,1
45941,0.09633,1
249514,0.096323,1
13855,0.096319,1
24823,0.096318,1
344566,0.096314,1
11669,0.096313,1
113850,0.096311,1
310608,0.096309,1
224822,0.096305,1
280481,0.09629,1
333814,0.09629,1
79367,0.096283,1
148900,0.096279,1
419573,0.096274,1
296585,0.096263,1
381121,0.096262,1
302448,0.096259,1
443287,0.09624,1
413016,0.096235,1
427126,0.096224,2
439750,0.096222,1
86416,0.096221,1
353495,0.096214,1
397825,0.096213,1
335228,0.096213,1
297385,0.096213,1
417361,0.096212,1
465529,0.096212,1
255814,0.096212,1
103180,0.096211,1
191499,0.096209,1
428107,0.096209,1
243164,0.096208,1
14024,0.096206,1
446497,0.096205,1
404764,0.096203,1
220490,0.096196,2
83126,0.096193,3
229485,0.09619,1
304973,0.096183,1
420870,0.096181,1
426741,0.09618,1
186884,0.096178,1
160434,0.096177,1
389449,0.096176,1
53378,0.096176,1
407367,0.096175,1
117679,0.096171,1
1353,0.096168,1
450995,0.096168,1
244294,0.096167,1
196815,0.096167,1
389732,0.096165,1
284739,0.096165,1
171711,0.096165,1
450327,0.096165,1
349184,0.096164,1
296005,0.09615,1
303676,0.096148,1
462530,0.096147,1
455056,0.096146,1
293172,0.09614,1
239855,0.096139,1
214836,0.096139,1
248447,0.096139,1
65844,0.09611,1
258999,0.096103,2
107010,0.096096,1
377235,0.096096,1
113344,0.096095,1
182083,0.096094,1
216860,0.096094,1
25759,0.096093,1
348797,0.096091,1
270627,0.096089,1
365203,0.096088,1
188759,0.096086,1
39694,0.096085,1
49818,0.096074,1
107784,0.096073,1
412427,0.09607,1
291921,0.096069,1
154099,0.096067,1
365233,0.096059,1
435925,0.096054,1
156811,0.09605,1
373885,0.096048,3
398821,0.096045,3
435755,0.096027,2
161681,0.096025,1
356569,0.096025,1
7546,0.096023,1
444692,0.096022,1
402113,0.096019,1
118679,0.096018,1
248545,0.096018,6
403332,0.096006,1
187024,0.096,1
306836,0.095994,1
205560,0.095961,2
386562,0.09596,1
281915,0.095955,1
240183,0.095954,1
464024,0.095951,2
384528,0.095949,1
181852,0.095946,1
9762,0.095945,1
180571,0.095939,1
192792,0.095938,3
318303,0.095931,2
143230,0.09593,1
60951,0.095922,1
462847,0.095909,1
73992,0.095902,1
225706,0.095896,1
301750,0.095893,1
123986,0.095889,1
54910,0.095881,1
210352,0.095879,1
62091,0.095878,1
142920,0.095874,1
264036,0.095851,1
262407,0.095845,1
445910,0.095836,1
109356,0.095834,2
343842,0.095827,1
198284,0.095824,1
140360,0.095822,1
276864,0.095805,1
408944,0.095802,1
64874,0.095801,1
222077,0.095801,1
190076,0.095783,2
387549,0.095771,1
241577,0.095771,1
402829,0.09576,1
457586,0.095759,1
12623,0.095756,1
284908,0.095749,1
260735,0.095714,1
323098,0.095713,1
279950,0.095707,1
383564,0.095706,1
334273,0.0957,4
181647,0.095666,1
100445,0.095608,5
432540,0.0956,1
102763,0.095597,1
309470,0.095596,1
366365,0.095581,1
139638,0.095562,1
33997,0.095556,1
316979,0.095555,1
249657,0.095553,3
34364,0.095542,1
349057,0.095535,1
73976,0.095497,2
440386,0.095489,1
203818,0.095482,1
20282,0.095478,1
85768,0.095461,1
310337,0.095453,3
97249,0.09544,1
55002,0.09542,1
167423,0.095387,3
53489,0.095382,2
246850,0.095381,2
290465,0.095257,3
289200,0.095244,4
343276,0.095237,2
121681,0.095141,3
2548,0.095137,2
412324,0.095129,3
391629,0.095124,2
359961,0.095026,2
42548,0.095007,4
201245,0.09498,2
383841,0.094938,2
384723,0.094877,2
402729,0.094869,2
57990,0.094753,2
180676,0.094715,2
353032,0.094668,3
84997,0.094664,2
404129,0.094657,2
341548,0.094646,4
384753,0.094626,3
322839,0.094622,2
391496,0.094493,3
56558,0.09449,4
51667,0.094464,3
52279,0.094447,3
8426,0.094382,2
430585,0.094377,2
272849,0.094355,1
152348,0.094336,3
369410,0.094332,1
340578,0.094296,3
13071,0.094261,1
195107,0.094242,2
225644,0.094209,1
70979,0.09419,1
79826,0.094187,2
287884,0.094185,1
117958,0.094184,1
108678,0.094173,1
29212,0.094162,1
15745,0.094143,1
427580,0.094143,1
24022,0.094135,1
255121,0.094128,1
312888,0.094107,1
281882,0.0941,1
342263,0.094099,1
54620,0.094098,1
231280,0.094094,1
387558,0.094093,1
244994,0.09409,1
316399,0.094085,1
160221,0.094084,1
313949,0.094038,1
3053,0.094037,1
16359,0.094017,1
318685,0.094011,1
92632,0.094008,1
381244,0.094006,1
17884,0.094005,1
55985,0.093999,1
299577,0.093986,1
182688,0.093976,1
373762,0.093975,1
438225,0.093973,1
111306,0.093959,4
94244,0.093915,1
12700,0.093903,1
427293,0.093901,2
198600,0.0939,1
117481,0.093886,1
316160,0.093886,1
17037,0.093874,1
230201,0.093873,1
8053,0.093866,1
139738,0.093863,1
46767,0.093851,1
343092,0.09385,1
277106,0.093833,3
122585,0.09383,1
187014,0.093826,3
126961,0.093813,2
218133,0.093808,1
214716,0.093798,1
330441,0.093788,1
198445,0.093788,1
124981,0.093788,1
269784,0.093787,1
448709,0.093782,1
243202,0.093774,1
465285,0.093767,1
129410,0.093761,1
149620,0.093761,1
463550,0.09376,1
100353,0.093752,1
347727,0.093749,1
273616,0.093748,1
258564,0.093747,1
211561,0.093743,3
103030,0.093737,5
131381,0.093708,1
56668,0.093688,1
284688,0.093684,1
17607,0.093652,3
282942,0.093598,1
312499,0.09359,1
280320,0.093569,1
249228,0.093549,1
185703,0.093548,1
120242,0.093542,1
10107,0.093519,1
172689,0.093513,1
72338,0.093513,1
304876,0.093502,1
180953,0.093493,2
30034,0.093486,7
161735,0.093469,1
166154,0.093455,1
313806,0.093436,2
201149,0.093426,1
45871,0.093416,1
60512,0.093411,1
312891,0.09341,1
400558,0.093407,1
135464,0.093405,1
225943,0.093403,1
170735,0.093373,1
411272,0.093369,1
81514,0.093368,1
461594,0.093366,1
400485,0.093363,1
159320,0.093362,1
246392,0.093361,1
51695,0.093357,1
220317,0.093355,1
441129,0.093349,1
192762,0.093348,1
204361,0.093339,1
182557,0.093338,1
101279,0.093338,1
419825,0.093335,1
154962,0.09333,1
177028,0.09333,1
309098,0.093326,3
16973,0.093321,1
325861,0.093313,1
262358,0.093311,1
306317,0.093311,4
312462,0.093295,1
296845,0.093281,1
271091,0.093276,1
278308,0.093275,1
377419,0.093266,1
256904,0.093258,4
229955,0.093251,1
404936,0.093243,1
283572,0.093228,1
413148,0.09322,1
67439,0.093202,1
212899,0.093198,5
107060,0.093187,1
413179,0.093179,1
200544,0.093178,1
287523,0.093168,1
15903,0.093168,1
284763,0.093168,2
88175,0.09316,1
155319,0.093159,1
74033,0.09314,1
436097,0.093133,1
326418,0.09312,1
171875,0.093119,1
44315,0.093115,1
116721,0.093095,1
303268,0.093073,2
80550,0.093068,1
44064,0.093052,1
8218,0.093046,1
205851,0.09304,2
64657,0.093014,2
400567,0.093013,1
175610,0.093007,2
257368,0.093004,1
91455,0.092982,5
145566,0.092978,1
58765,0.092976,1
59949,0.092965,1
3112,0.092945,1
389974,0.092931,2
402739,0.092927,1
252249,0.092925,1
87591,0.092923,1
343335,0.092921,2
25842,0.09291,1
387010,0.092899,2
238446,0.092899,1
176147,0.092899,1
281155,0.092893,1
347890,0.092869,1
283919,0.092868,1
208193,0.092865,1
439442,0.092852,1
369486,0.092839,1
462928,0.092836,2
126952,0.092833,1
393612,0.092827,1
335459,0.09281,1
138894,0.092808,1
262971,0.092803,1
127042,0.0928,1
437704,0.092798,1
180016,0.092797,1
352328,0.092793,1
305551,0.092791,1
346286,0.092782,2
293069,0.092777,1
163296,0.09277,2
189904,0.09275,1
329867,0.09275,1
452575,0.09275,1
340139,0.092748,1
240321,0.092741,1
28250,0.092734,1
40199,0.092729,3
344770,0.092709,1
77735,0.09268,1
181343,0.092675,1
207872,0.09267,2
93625,0.092668,1
414036,0.092657,1
88977,0.09265,1
323197,0.092627,1
273877,0.092607,1
220564,0.0926,1
201367,0.0926,1
231217,0.092597,1
232024,0.092591,1
126015,0.092585,1
405986,0.092583,1
248421,0.09258,1
208040,0.092573,1
408747,0.092569,1
289788,0.092567,1
227296,0.092565,1
298740,0.092562,3
402229,0.092556,1
29874,0.092554,1
104858,0.092546,1
436421,0.092538,3
333272,0.09253,1
46865,0.092528,1
262838,0.092525,2
428784,0.092521,2
400400,0.092483,1
344717,0.092481,1
440684,0.09248,1
173837,0.09248,1
283382,0.092473,1
194587,0.092472,1
465895,0.092472,1
177622,0.09247,1
196664,0.092468,1
101750,0.092468,1
307455,0.092462,1
280845,0.092438,1
65968,0.092434,2
344354,0.092417,1
59519,0.092414,1
36578,0.092414,1
40853,0.092409,1
45583,0.092408,2
432311,0.092398,1
217045,0.092393,1
268224,0.092362,1
256218,0.092361,1
17706,0.092348,5
38180,0.092347,4
275456,0.092346,1
11206,0.092341,2
328591,0.092317,1
385735,0.092311,1
83198,0.092299,1
56409,0.092295,1
14319,0.092227,1
208465,0.092215,1
465,0.092203,1
321577,0.092101,2
10415,0.092097,1
49040,0.092095,1
115271,0.092093,2
331868,0.092089,1
89097,0.092075,3
209715,0.092062,2
333356,0.092057,2
353968,0.092001,2
18749,0.091876,4
331852,0.091848,2
434171,0.091842,5
356457,0.091806,2
235614,0.091795,4
442814,0.091788,2
294766,0.091692,2
304886,0.091599,3
229094,0.091508,2
446524,0.091491,4
458129,0.091485,4
286482,0.091396,1
453354,0.091312,1
51108,0.091255,1
23516,0.091255,2
424466,0.091176,1
262844,0.09114,1
421207,0.091119,3
360873,0.091115,2
437188,0.091095,1
435472,0.091084,1
196302,0.091059,3
179975,0.091054,1
390152,0.091033,3
257597,0.091028,2
342891,0.091028,1
109213,0.091013,1
289927,0.091008,3
264807,0.091005,1
143472,0.090984,1
185997,0.090984,3
157459,0.090971,2
236221,0.090963,1
455069,0.090961,1
408139,0.090946,3
195842,0.090934,3
141342,0.090915,1
63118,0.090895,1
157256,0.09089,2
389550,0.090872,2
422850,0.090867,1
353903,0.090831,8
48743,0.090793,5
117429,0.090793,1
42168,0.090741,1
243152,0.090699,2
421103,0.090691,2
267542,0.090679,2
387341,0.090674,1
158911,0.090645,1
261254,0.090616,2
41295,0.09061,2
211581,0.090557,2
184591,0.09054,4
216260,0.090533,2
196984,0.09053,1
385973,0.090514,1
17996,0.090503,1
220920,0.090502,5
103882,0.090483,2
295398,0.090472,1
427752,0.090472,1
393095,0.090462,2
209688,0.090449,4
188233,0.090429,2
66664,0.09042,1
411294,0.090415,1
141598,0.090413,1
442354,0.090412,1
63929,0.090411,1
140091,0.09041,1
232105,0.090409,1
55344,0.090408,1
90293,0.090397,1
445372,0.090394,1
384395,0.090392,1
198089,0.090386,1
352521,0.090385,1
188026,0.090385,1
230073,0.090385,1
52460,0.090383,1
53446,0.090383,1
41979,0.090372,6
68180,0.090371,1
388377,0.090363,1
204562,0.090362,1
395877,0.09036,1
302512,0.09036,1
121017,0.09036,2
223061,0.090357,1
290805,0.090356,1
43583,0.090356,2
28904,0.090355,1
418548,0.090354,1
264745,0.090353,1
234263,0.090353,1
206532,0.090352,1
282125,0.090351,1
74394,0.090346,1
294155,0.090346,1
250628,0.090344,1
38102,0.090342,1
381881,0.09034,1
302482,0.090324,1
370894,0.090299,1
95356,0.090297,1
25197,0.090292,1
334492,0.090286,1
445298,0.09028,1
124067,0.09027,1
247216,0.090269,2
402982,0.090235,3
350712,0.090231,1
35488,0.09023,1
94632,0.090224,1
227582,0.090222,1
383446,0.090219,1
184727,0.090214,1
204677,0.090208,1
55120,0.090206,1
293206,0.090198,1
373805,0.090194,1
76997,0.090193,1
237486,0.090185,1
225571,0.090179,1
72842,0.09017,1
255468,0.090165,1
192738,0.090136,1
366498,0.090136,1
230977,0.09012,1
176237,0.090119,1
96301,0.090118,1
10941,0.090117,1
449257,0.090063,1
441050,0.090057,3
174558,0.090051,2
112797,0.090025,1
289592,0.090024,1
343777,0.090024,1
204952,0.090023,1
324269,0.09001,1
392208,0.090007,1
399242,0.089995,1
441523,0.089993,1
388913,0.089993,1
16645,0.089993,1
125074,0.089993,1
377645,0.089992,1
445218,0.089991,1
168547,0.089991,1
185665,0.089991,1
170083,0.089991,1
188413,0.08999,1
161900,0.08999,1
179924,0.089988,1
462521,0.089987,1
440966,0.089987,1
450099,0.089987,1
174533,0.089986,1
54321,0.089986,1
31362,0.089986,1
78236,0.089985,1
187774,0.089985,1
242977,0.089985,1
70727,0.089983,1
359591,0.089983,1
319093,0.089981,1
349397,0.08998,1
92110,0.089978,1
277856,0.089978,1
153051,0.089978,1
29894,0.089977,1
250714,0.089977,1
62066,0.089977,1
26987,0.089977,1
401786,0.089976,1
53732,0.089976,1
299649,0.089976,1
445858,0.089975,1
139327,0.089975,1
88203,0.089974,1
225849,0.089973,1
380372,0.089973,1
31310,0.089971,2
71238,0.089963,1
354173,0.089956,1
218172,0.089952,1
457611,0.089944,1
363405,0.089943,1
46320,0.089942,1
432304,0.089941,1
6176,0.08994,1
378666,0.089939,1
402,0.089937,1
21967,0.089935,3
17781,0.089934,1
381524,0.089933,2
95555,0.089933,1
370817,0.089933,1
381150,0.08993,1
45613,0.089929,1
398641,0.089929,1
25218,0.089929,1
185074,0.089927,1
366732,0.089927,1
317272,0.089926,1
376971,0.089926,1
335433,0.089925,1
219151,0.089925,1
108515,0.08992,1
238669,0.089919,1
197347,0.089919,1
463231,0.089917,1
357512,0.089917,1
105930,0.089914,1
135479,0.089913,1
294143,0.089912,1
47688,0.089912,1
303958,0.089911,1
51885,0.08991,1
211827,0.08991,1
356272,0.089909,1
36452,0.089909,1
241814,0.089908,1
304967,0.089908,1
145977,0.089906,1
47069,0.089905,1
317785,0.089903,1
351115,0.089902,1
377544,0.0899,1
444504,0.0899,1
4507,0.089899,1
422733,0.089898,1
300698,0.089897,1
190282,0.089896,1
281170,0.089895,1
195486,0.089895,1
433115,0.089895,1
115537,0.089894,1
64858,0.089894,1
254326,0.089894,1
216114,0.089894,1
423230,0.089893,1
61832,0.089892,1
121981,0.089892,1
372615,0.089892,1
407017,0.089888,1
247093,0.089888,1
397445,0.089887,1
175874,0.089887,1
231425,0.089887,1
255792,0.089886,1
401179,0.089885,1
460122,0.089885,1
225257,0.089884,3
339708,0.089884,1
355547,0.089882,1
27733,0.089882,1
90162,0.089881,1
383410,0.089881,1
166354,0.08988,1
405908,0.08988,1
157920,0.08988,1
407908,0.08988,2
421168,0.08988,1
439143,0.089878,1
385303,0.089878,1
42776,0.089878,1
233159,0.089878,1
240211,0.089874,1
357432,0.089874,3
143018,0.089869,1
347898,0.089868,1
370921,0.089862,1
24409,0.089859,1
328947,0.089852,1
260599,0.089851,1
85622,0.089851,1
446786,0.089849,1
1340,0.089847,1
262577,0.089847,1
274553,0.089845,1
415453,0.089845,1
123043,0.089842,1
335243,0.089841,1
435391,0.089841,1
157030,0.089841,1
124151,0.08984,1
241987,0.08984,1
291976,0.089838,1
260017,0.089837,1
387555,0.089836,1
118575,0.089835,1
206364,0.089835,2
174200,0.089833,1
186509,0.089832,1
81569,0.089831,1
446100,0.089831,1
75920,0.08983,1
423743,0.089829,1
250869,0.089829,1
406501,0.089829,1
48100,0.089828,1
345157,0.089828,1
259864,0.089828,1
100658,0.089827,1
284829,0.089826,1
150092,0.089825,1
198286,0.089822,1
340973,0.08982,1
355295,0.08982,1
202277,0.089817,1
48283,0.08981,1
70182,0.089807,1
6225,0.089807,1
53405,0.089795,1
246194,0.089792,1
54753,0.089774,1
205116,0.089749,1
318750,0.089748,1
1536,0.089742,1
181182,0.089732,2
56570,0.08971,1
346025,0.089703,1
45628,0.089701,1
200794,0.089693,1
131414,0.089683,1
161986,0.089676,1
110949,0.089676,1
909,0.089671,1
193165,0.089667,5
384514,0.089666,3
82392,0.089659,1
384087,0.089631,2
309536,0.089609,1
370761,0.089607,1
368374,0.089604,1
450611,0.089602,1
455829,0.0896,2
98266,0.089576,1
2917,0.089573,2
369425,0.089572,1
266370,0.089548,2
20150,0.089531,1
245577,0.089522,1
262442,0.089519,1
57019,0.089511,1
424571,0.089493,1
293583,0.089491,1
353436,0.08947,2
431315,0.089464,1
344783,0.089458,1
329708,0.089458,1
26310,0.089453,5
81853,0.089452,2
198070,0.089452,2
240535,0.08945,1
42575,0.089433,1
380651,0.089419,1
437298,0.089419,1
157565,0.089412,2
20492,0.089401,2
21980,0.089391,1
257027,0.089384,1
64066,0.089382,1
71670,0.089375,1
452128,0.089351,1
368655,0.089343,1
199819,0.089314,6
12143,0.089307,1
109358,0.089287,1
211796,0.089286,1
175940,0.089275,1
351912,0.089258,1
303790,0.089247,2
394256,0.089241,1
438122,0.08924,2
164393,0.089238,1
255989,0.089221,2
41673,0.089198,6
334477,0.089192,3
317697,0.089182,2
248262,0.089162,3
78081,0.08916,2
96409,0.089154,1
328546,0.089016,2
203309,0.089012,3
295125,0.088991,2
32259,0.088913,3
332567,0.08886,4
361522,0.088846,4
217058,0.088826,2
234350,0.088815,2
239439,0.088795,2
27151,0.08877,2
37184,0.088765,3
201701,0.088743,2
148042,0.088711,2
79160,0.088696,3
78978,0.088679,2
341514,0.088497,1
171375,0.088496,2
424586,0.088494,2
420499,0.088461,3
80319,0.088439,1
345171,0.088422,4
286271,0.088328,2
232530,0.088299,1
426602,0.088275,1
461808,0.088265,1
56751,0.088258,2
81076,0.088247,1
377347,0.088246,1
273756,0.088244,1
260707,0.088222,3
61292,0.088187,3
329279,0.088146,4
19318,0.088114,4
76290,0.088041,3
47863,0.088026,6
308198,0.088018,1
312938,0.087987,1
92389,0.087984,1
362236,0.087982,1
412081,0.087977,2
298059,0.087952,2
6828,0.087939,1
376891,0.087932,4
88280,0.087926,1
391089,0.087895,2
261011,0.087854,1
427978,0.08784,2
413410,0.087837,2
333803,0.08783,4
215496,0.087826,1
65914,0.087809,1
406743,0.087769,4
44326,0.087769,1
414775,0.087768,1
102197,0.087765,1
4767,0.087764,1
91722,0.087759,1
365018,0.087754,1
307913,0.08775,1
233900,0.08774,1
352098,0.087703,1
161703,0.0877,2
322209,0.087669,1
144415,0.087665,2
341416,0.087654,1
117274,0.087632,1
440313,0.087625,1
43226,0.087595,1
204914,0.087594,1
456902,0.087589,1
189242,0.08755,1
220106,0.087548,1
445688,0.087521,2
437660,0.087518,2
230257,0.087518,2
259347,0.087516,2
37680,0.08748,5
102369,0.087463,1
444533,0.087457,1
238321,0.087446,1
223027,0.087436,1
71521,0.087427,1
38661,0.087413,1
243347,0.08741,1
303809,0.087408,1
427633,0.0874,1
235843,0.087398,1
302036,0.087397,2
267249,0.087395,2
362748,0.087391,1
207615,0.087386,1
381983,0.087385,1
5798,0.087381,1
302144,0.087376,1
177301,0.087365,1
387227,0.087353,1
47508,0.087348,1
243028,0.087321,2
408102,0.087304,1
447669,0.087291,1
221400,0.087288,1
457502,0.087259,1
357385,0.087235,1
156909,0.087234,1
171221,0.087229,1
3701,0.087228,1
47146,0.087219,1
70334,0.087213,1
195059,0.087211,1
390022,0.087194,1
223124,0.087187,1
63727,0.087185,1
88252,0.087175,1
400642,0.087173,1
433689,0.087171,1
446662,0.087171,1
31760,0.087163,1
414190,0.087155,1
356259,0.087151,1
298914,0.087149,1
391239,0.087141,1
86759,0.087139,1
234857,0.087133,1
329119,0.087125,1
436898,0.087123,1
334205,0.087107,1
303079,0.087088,1
169013,0.087085,1
416007,0.087081,1
69454,0.087069,1
214466,0.087053,2
91556,0.08704,2
80164,0.087039,1
466759,0.087034,3
456734,0.087032,1
107686,0.087012,1
446852,0.087011,1
52718,0.087006,1
288486,0.087003,1
266329,0.087002,1
9391,0.087002,1
147425,0.086957,1
111295,0.086945,1
331887,0.086931,1
352970,0.086928,1
386802,0.086927,1
94958,0.086926,1
65391,0.086915,1
270421,0.086915,1
2342,0.086913,1
373494,0.086913,1
140355,0.086906,1
228302,0.086904,1
358777,0.086903,1
56071,0.0869,1
352082,0.086885,4
202626,0.086881,1
197394,0.086879,3
289353,0.086869,1
315710,0.086868,1
367411,0.086865,1
276155,0.086849,3
184654,0.086842,1
168648,0.086839,1
58207,0.086833,3
226550,0.086831,1
91739,0.086826,1
12352,0.086825,1
301296,0.08678,1
292055,0.086768,1
329074,0.086752,1
259114,0.086745,3
322092,0.086743,1
398899,0.086741,1
52212,0.086733,3
329206,0.086718,3
302866,0.086712,1
279092,0.086706,1
318847,0.08669,1
94234,0.086689,1
445224,0.08667,2
108452,0.086669,1
347383,0.086634,1
292177,0.086614,1
418746,0.086607,1
126214,0.086601,3
294756,0.086591,1
18290,0.086588,1
209685,0.086585,1
17809,0.086577,1
27183,0.086566,1
465470,0.08656,4
222798,0.086559,1
331875,0.086557,1
243634,0.086556,1
348188,0.086554,1
218813,0.086546,1
357227,0.086541,2
349178,0.086539,1
52835,0.086537,1
95738,0.086536,1
425421,0.086529,1
252368,0.086522,1
231697,0.086508,1
441820,0.086492,1
140366,0.086484,1
152231,0.086467,2
368081,0.086464,1
213034,0.08645,1
311141,0.086442,2
26619,0.086442,1
427744,0.086437,1
439868,0.086423,2
322282,0.086421,1
452747,0.086421,1
198179,0.086415,1
306156,0.086414,1
129481,0.086412,1
252181,0.08641,1
459583,0.08641,1
464237,0.086407,1
448481,0.086405,3
324462,0.086401,1
35852,0.086401,1
455745,0.086396,3
357008,0.08639,1
115475,0.086383,1
286125,0.086374,1
29114,0.086371,1
301163,0.086352,1
211801,0.08635,1
387334,0.086343,1
22295,0.086341,1
282692,0.086337,6
135043,0.086336,1
404455,0.086332,2
439358,0.086322,3
230877,0.086321,1
395872,0.086306,1
47253,0.086291,1
111325,0.086279,1
407366,0.086275,1
191989,0.086249,1
72913,0.086239,1
344356,0.086223,1
443652,0.086219,1
426351,0.086212,4
135864,0.086206,2
454703,0.086132,2
388002,0.086128,3
179809,0.086093,1
223903,0.086034,2
312899,0.085995,1
196421,0.085994,1
213365,0.085992,2
238394,0.085991,2
365166,0.085974,2
4468,0.085931,2
322164,0.0859,3
307355,0.085887,2
396982,0.085869,2
387339,0.085796,2
215143,0.085691,2
365437,0.085679,2
324209,0.085603,2
434238,0.085516,2
230529,0.085429,3
153336,0.085393,2
185281,0.08538,3
45738,0.085374,4
56101,0.085338,3
388648,0.085308,1
200231,0.085307,3
428249,0.085307,3
363909,0.085294,4
175662,0.08521,2
11791,0.085202,2
335916,0.085146,7
367406,0.085095,5
344606,0.085081,5
422346,0.085073,2
203661,0.084993,4
222772,0.084986,1
171139,0.084926,3
286078,0.084897,1
249166,0.084878,1
329334,0.084877,2
298773,0.084832,1
129672,0.084812,3
116706,0.084765,2
14877,0.084664,3
63862,0.084661,3
192174,0.084654,2
264829,0.084585,1
329113,0.084564,2
340715,0.084532,1
126929,0.08444,5
411694,0.084433,4
154553,0.08443,1
188810,0.084398,1
448597,0.084381,1
167109,0.08436,1
118501,0.084356,1
362974,0.084353,3
246950,0.08435,1
117414,0.084334,1
205601,0.084333,1
178762,0.084291,1
203594,0.08429,1
233330,0.084287,1
130938,0.084282,1
43322,0.084266,1
407506,0.084258,4
129681,0.084247,1
270636,0.084243,1
242860,0.084217,1
365940,0.084213,1
304314,0.084203,3
174507,0.084202,2
31067,0.084158,2
294632,0.084133,1
185211,0.084128,1
286108,0.084086,2
121162,0.084075,1
279885,0.084071,1
462140,0.084046,1
173802,0.084045,1
98722,0.083993,3
157203,0.083927,4
65647,0.083912,2
361431,0.083901,2
70678,0.083838,1
93493,0.08382,2
145885,0.083813,2
166670,0.083793,1
213593,0.083791,2
129550,0.083749,2
152569,0.083742,2
60321,0.08372,5
67766,0.083709,1
421277,0.083687,4
167412,0.083684,1
334457,0.083678,1
25744,0.083641,3
394277,0.083611,1
293612,0.0836,1
239333,0.083595,4
147797,0.083593,2
36471,0.083592,1
309213,0.083578,2
232123,0.083566,2
131816,0.083565,2
396651,0.083547,3
73638,0.083543,3
409511,0.083502,2
460518,0.083453,1
328260,0.08344,2
411253,0.083439,3
7730,0.083435,2
114768,0.083242,3
250279,0.083239,4
173397,0.08313,2
268113,0.083099,2
143404,0.083019,2
169570,0.082978,2
394679,0.082969,2
203345,0.082928,3
147493,0.082846,3
131196,0.082842,2
432409,0.082837,2
312800,0.082743,2
307611,0.082718,5
352042,0.082673,2
30993,0.08263,2
363612,0.082614,1
60308,0.082589,3
401347,0.082586,1
349488,0.08256,2
335873,0.082446,3
118318,0.08237,2
204375,0.082365,3
179784,0.08232,1
152249,0.082311,3
317375,0.082291,2
217078,0.082258,1
62734,0.082245,1
356265,0.082233,1
71443,0.08223,2
326171,0.082216,1
141157,0.082183,2
247633,0.082177,1
371123,0.082148,3
191726,0.082095,1
163932,0.082092,2
344192,0.082036,2
317735,0.082011,2
355019,0.082001,2
448355,0.08192,1
462224,0.081906,4
152380,0.081905,1
130272,0.081893,1
133825,0.081847,1
278717,0.081812,2
399658,0.081799,1
272004,0.081774,3
433346,0.081753,1
355155,0.081752,1
250527,0.081747,1
444717,0.081746,1
235700,0.081741,1
164276,0.081719,1
268893,0.08171,1
55305,0.081694,1
270487,0.081691,7
155699,0.081657,1
132165,0.081633,2
32672,0.081604,1
204256,0.081573,1
137149,0.081558,1
169905,0.081525,1
135056,0.08152,1
97300,0.081507,1
238982,0.081501,1
364636,0.081497,1
463544,0.081483,1
36864,0.081482,3
234729,0.08148,1
256392,0.081479,2
92700,0.081477,1
460,0.081473,1
111421,0.081464,1
12260,0.081462,1
25406,0.081461,1
275255,0.081416,1
404763,0.08139,3
338840,0.081372,3
125925,0.081341,2
297197,0.08134,3
371901,0.081322,1
163702,0.081306,1
158741,0.081304,2
381366,0.081275,1
51064,0.081275,1
177546,0.081228,1
298333,0.081228,1
44220,0.08117,2
410711,0.081168,1
369770,0.081135,1
102000,0.081108,2
236398,0.081094,1
167985,0.081088,1
397300,0.081083,1
169034,0.081069,2
134521,0.081053,1
347488,0.081051,1
2082,0.081029,3
33811,0.080936,2
145256,0.080888,1
279166,0.080832,1
408103,0.080829,1
7732,0.08067,4
341525,0.08061,4
137575,0.080584,1
60912,0.080561,2
331980,0.080477,2
146771,0.080474,2
222629,0.080419,2
251646,0.08034,2
2115,0.080325,2
153984,0.080293,2
52104,0.080266,2
13879,0.08024,2
257921,0.080235,3
66621,0.080182,3
106535,0.080144,2
262269,0.079937,1
419205,0.07993,2
363981,0.079888,4
111802,0.07971,1
213600,0.0797,1
452197,0.079697,1
316964,0.079648,1
442345,0.079641,2
226036,0.079639,2
423269,0.079617,2
278577,0.079614,1
355402,0.079551,1
149748,0.07955,1
270220,0.079545,1
325908,0.079544,1
224439,0.079532,1
278028,0.079517,1
317922,0.079496,2
304155,0.07949,1
444956,0.079476,1
327461,0.079474,1
69967,0.079454,1
80687,0.079446,2
124502,0.079442,1
304682,0.07942,1
122411,0.079416,1
107184,0.079402,2
41898,0.079384,2
232916,0.079366,1
378162,0.079311,2
324954,0.079297,1
394451,0.07928,1
50176,0.079273,1
20858,0.079273,2
234223,0.079272,1
268266,0.079258,1
152121,0.079249,1
176584,0.079168,3
224355,0.079164,2
181948,0.079151,2
227781,0.079081,1
426977,0.079072,1
191163,0.079069,2
98805,0.079069,2
63092,0.079067,3
30350,0.079028,1
189110,0.079011,1
419564,0.079003,1
158685,0.079002,6
1473,0.078985,1
115663,0.078984,1
315954,0.078981,1
94291,0.078976,1
65290,0.078975,1
276737,0.078965,1
268355,0.078964,1
394595,0.078958,1
157163,0.078958,1
49328,0.078957,1
442455,0.078949,1
222162,0.078923,2
258679,0.078922,1
336906,0.078919,1
291947,0.078919,2
72931,0.078915,1
443139,0.078914,1
129114,0.078913,1
66429,0.078911,1
41175,0.078908,2
323766,0.078904,1
5351,0.078903,1
387574,0.078903,1
270956,0.078902,2
376033,0.078902,1
313857,0.078897,1
260178,0.078894,2
331080,0.07886,1
162934,0.078845,1
100823,0.078845,1
360030,0.078844,2
184935,0.078842,1
283397,0.078842,1
93378,0.078842,1
156806,0.078842,1
406100,0.078841,1
251663,0.078835,1
92414,0.078828,2
117528,0.07881,1
206267,0.078791,1
125031,0.07879,1
21077,0.07879,1
246869,0.078789,1
453660,0.078764,2
266488,0.078757,1
338521,0.078751,1
6258,0.078751,1
325130,0.078749,1
29348,0.078749,1
224010,0.078748,1
51492,0.078748,1
108423,0.078747,1
403511,0.078745,1
195781,0.078744,1
138227,0.078744,1
153510,0.078743,1
368709,0.078742,1
458268,0.078742,1
181951,0.07874,1
173931,0.078735,1
426160,0.078735,1
232107,0.078734,1
200349,0.078733,1
126197,0.078732,1
123842,0.07872,1
154425,0.078719,1
385157,0.078715,3
417300,0.078707,4
3712,0.078697,1
351118,0.078684,1
461496,0.078678,1
8132,0.078667,1
292400,0.078652,2
129443,0.078633,2
391594,0.078629,2
279566,0.078629,2
301115,0.078628,1
445563,0.078625,1
433397,0.078622,1
209729,0.078601,1
37341,0.078583,1
409055,0.078542,1
300594,0.078507,1
258586,0.078496,1
141454,0.078488,1
215759,0.078484,1
387047,0.078474,1
456053,0.07847,1
374849,0.078462,1
156741,0.078461,1
384701,0.078461,1
176496,0.078446,1
76490,0.078445,1
199838,0.078442,2
45809,0.078441,1
162487,0.078437,1
456987,0.078423,1
239584,0.078419,5
297744,0.078413,1
289844,0.078399,1
247626,0.078396,2
387450,0.07839,1
454679,0.078389,1
125494,0.078382,1
310318,0.07838,1
162641,0.078373,1
279109,0.078373,1
424354,0.078369,1
367715,0.078367,1
317348,0.078361,1
108817,0.078359,1
351411,0.078358,1
451281,0.078357,1
167923,0.07835,1
390399,0.078349,1
20167,0.078348,1
42997,0.078346,1
49879,0.078344,1
45956,0.078344,1
296609,0.078343,1
335774,0.078343,1
63964,0.078343,1
74787,0.078337,2
84827,0.078337,1
98333,0.078335,1
459069,0.078335,1
140292,0.078332,1
128491,0.07833,3
18062,0.078319,1
201257,0.078306,1
350859,0.078303,1
224838,0.078296,2
288175,0.078286,3
269327,0.078284,4
2396,0.07828,1
344990,0.078275,1
238777,0.078264,2
10890,0.078258,1
66856,0.078256,1
301688,0.078247,1
351476,0.078244,1
48475,0.078226,1
217834,0.078209,1
97386,0.078206,1
347035,0.078205,1
328137,0.078202,1
104305,0.078198,1
404778,0.078198,1
114174,0.078191,1
365776,0.078191,1
249469,0.07819,1
209243,0.078176,1
138987,0.078174,1
272063,0.078162,1
206271,0.078155,1
389680,0.078138,2
174986,0.078137,1
314141,0.078132,1
25148,0.078119,1
159375,0.078109,1
251616,0.078108,1
241061,0.07804,2
218295,0.077997,1
164045,0.077984,2
27999,0.077984,3
240610,0.07788,4
285822,0.077846,4
58687,0.077845,4
277452,0.077699,4
208145,0.077691,2
51060,0.077676,2
301717,0.077672,3
37407,0.077621,2
349081,0.077605,1
156129,0.077602,1
394036,0.077597,1
82610,0.077596,2
299384,0.077594,1
49834,0.077548,2
436056,0.077461,3
277890,0.077417,2
226628,0.077413,2
94442,0.077408,2
223481,0.077407,3
440473,0.077324,2
6010,0.077293,2
377633,0.077215,1
414155,0.07718,2
187609,0.077165,1
393691,0.077154,2
2769,0.077153,1
83175,0.07712,3
281448,0.07711,2
213109,0.077101,1
54520,0.077084,1
67240,0.077083,3
176580,0.077081,1
321109,0.077077,1
311069,0.07707,5
108104,0.077032,1
222469,0.07703,1
428701,0.077022,1
449244,0.077014,1
274364,0.076952,3
358234,0.076907,3
208813,0.076868,3
31255,0.076863,1
149580,0.076861,3
78296,0.076838,3
74476,0.076817,1
452481,0.076785,4
379841,0.076781,1
303597,0.076738,1
466370,0.076722,3
176730,0.076701,1
346105,0.076668,2
160624,0.076655,1
101681,0.076631,3
302553,0.07663,1
164885,0.076606,3
308458,0.076584,1
153599,0.07658,1
360358,0.076574,2
278255,0.076568,1
13360,0.076568,1
58121,0.076537,1
307568,0.076525,1
102614,0.076518,3
127463,0.076493,1
211471,0.076491,1
364961,0.076487,1
167248,0.076462,1
397070,0.076459,1
433441,0.076459,3
235427,0.076445,1
55523,0.076437,1
224378,0.076435,1
419902,0.076434,1
62327,0.076408,1
459263,0.076405,1
285243,0.076404,1
329522,0.076387,1
178282,0.076373,7
311306,0.076364,1
5514,0.076354,1
228675,0.076333,1
280272,0.076328,1
425575,0.076324,2
343433,0.076319,1
270527,0.076298,1
312409,0.076296,1
440742,0.076291,1
87799,0.07629,1
376793,0.076274,4
118095,0.076264,1
137408,0.076259,1
182819,0.076259,1
184626,0.076227,1
121166,0.076216,2
208030,0.076213,1
45367,0.076211,1
1096,0.076182,1
131460,0.076169,2
222461,0.07616,1
165289,0.076155,1
344652,0.076122,1
354964,0.076122,2
44195,0.076095,4
262902,0.076067,4
127290,0.076055,2
425796,0.076051,1
219634,0.076037,1
175100,0.076036,1
34828,0.076034,1
410616,0.076033,1
370885,0.076031,2
220599,0.076025,1
330141,0.076023,1
56618,0.076011,1
459848,0.076004,2
454653,0.075984,1
225842,0.075974,2
25427,0.075963,1
169256,0.075961,1
241122,0.075946,1
235613,0.075946,1
343360,0.075944,1
310759,0.075938,1
17949,0.075936,1
165095,0.075925,4
245200,0.075912,2
307818,0.0759,1
465677,0.075899,1
5129,0.075899,1
437340,0.075898,1
420463,0.075893,1
272597,0.075885,1
354912,0.075884,1
87581,0.075884,1
451144,0.075884,1
166272,0.075883,1
189,0.075882,1
278421,0.075882,1
320802,0.075882,1
423289,0.075877,2
275518,0.075867,1
58809,0.075864,1
301690,0.075863,1
401887,0.075862,1
26866,0.07586,1
88672,0.075859,1
391492,0.075858,1
115874,0.075858,1
161154,0.075858,1
267936,0.075857,1
234294,0.075856,1
406924,0.075855,1
266172,0.075855,1
267169,0.075855,1
166863,0.075854,1
60520,0.075853,1
250871,0.075852,1
89799,0.075852,1
246084,0.075851,1
414928,0.075848,1
39140,0.075847,1
371570,0.075846,2
67192,0.075845,1
194250,0.075843,1
376507,0.075842,1
449332,0.075839,1
219162,0.075809,3
20463,0.075781,1
93067,0.075781,3
268158,0.075769,2
346665,0.075768,1
4336,0.075761,2
42798,0.075753,1
107318,0.075752,1
326911,0.075739,1
382535,0.075739,1
58162,0.075733,1
412040,0.07573,1
140816,0.075716,1
149550,0.075715,4
119948,0.075715,1
453500,0.075712,1
35695,0.075709,1
466526,0.075703,1
390497,0.07568,2
269430,0.075678,1
279320,0.075677,1
341516,0.075677,1
30299,0.075672,1
154896,0.075671,1
186916,0.075656,1
454977,0.075653,2
40216,0.075652,1
293831,0.075633,1
96007,0.075629,1
224109,0.075628,1
306693,0.075626,2
58200,0.075618,2
22257,0.075617,1
157107,0.075614,1
329896,0.075614,1
435152,0.075609,1
3923,0.075605,2
409826,0.075603,1
310775,0.075599,1
267547,0.07558,1
229447,0.075578,1
271925,0.075569,1
455276,0.075567,2
158124,0.075565,1
410266,0.075565,3
139561,0.075561,1
352441,0.07555,2
91215,0.07555,1
278688,0.075537,1
458061,0.07553,3
251204,0.075527,1
430695,0.075517,1
380292,0.075511,2
387767,0.075466,1
312251,0.075464,2
299793,0.075455,1
89702,0.075453,1
183650,0.075448,1
407673,0.075432,1
3533,0.075425,1
274857,0.075326,2
89333,0.075306,2
109352,0.075301,2
302244,0.075287,2
224405,0.07518,2
298868,0.07506,4
182738,0.074935,2
209434,0.07493,2
411959,0.074928,4
383059,0.074824,1
307884,0.074782,3
248032,0.074772,4
13382,0.074737,1
269375,0.074728,1
445299,0.074694,2
244871,0.074617,1
398191,0.074598,1
331363,0.074596,1
130731,0.074592,1
416008,0.074592,1
124163,0.074591,1
305356,0.074588,2
447002,0.074588,1
355477,0.074587,2
307030,0.074585,1
27928,0.074582,1
282856,0.074578,1
346742,0.074577,1
431036,0.074568,1
1508,0.074562,1
310927,0.074559,1
153492,0.074553,2
417763,0.074524,1
220643,0.074523,1
136999,0.07452,1
461049,0.074513,1
443750,0.074472,1
43345,0.074439,1
306328,0.074423,3
443030,0.074413,2
286500,0.074381,1
41645,0.074376,1
183380,0.074359,1
202456,0.074346,1
289991,0.074341,3
390877,0.074318,1
257743,0.074313,1
173359,0.074313,1
209101,0.074286,1
27730,0.074277,1
280043,0.074253,2
109627,0.07421,1
26939,0.074207,1
148865,0.074205,2
127797,0.074204,1
71151,0.074203,1
355631,0.074198,1
202835,0.074184,4
367152,0.074184,2
58312,0.074142,1
133042,0.07414,1
435906,0.0741,1
57251,0.074075,1
406165,0.074069,1
330592,0.074049,1
337204,0.07403,1
197076,0.074013,3
214161,0.073954,1
89728,0.073944,2
236169,0.073934,1
160358,0.073917,1
406209,0.073909,1
408936,0.073904,1
353975,0.073879,1
187099,0.073866,3
247329,0.073844,1
371401,0.073841,1
313722,0.073806,1
159428,0.073786,6
222316,0.073785,1
268095,0.073784,2
313028,0.073764,1
128531,0.073736,1
338073,0.07373,1
346378,0.073717,1
211004,0.07371,1
47481,0.073701,1
110207,0.073699,1
463838,0.073684,1
230796,0.073681,1
268487,0.073671,1
373365,0.073665,1
372875,0.073631,1
92453,0.073624,1
379744,0.073622,1
239330,0.073618,1
105870,0.073599,1
218879,0.073591,1
82707,0.073587,2
435936,0.073556,1
256214,0.073537,1
351247,0.073536,1
297423,0.073532,1
201483,0.073525,1
33913,0.073509,2
147095,0.073503,1
25097,0.073493,1
307034,0.073492,1
366989,0.073484,1
419848,0.073482,1
110653,0.073468,1
223075,0.073468,1
308626,0.073465,2
465428,0.073457,1
70868,0.073448,2
406916,0.073434,1
4564,0.073396,1
104776,0.073395,1
303792,0.073391,1
384274,0.073383,1
417430,0.073376,2
235595,0.073348,2
443880,0.073343,3
71851,0.073341,1
260277,0.073331,1
47883,0.073323,1
12739,0.073323,1
329576,0.073322,1
364566,0.07332,1
76588,0.073318,1
406398,0.073317,2
9970,0.073302,1
345994,0.073297,1
331501,0.07328,1
129493,0.073271,1
87740,0.07326,3
21840,0.073255,1
240300,0.073251,2
157055,0.073251,1
277264,0.073248,2
370300,0.073239,1
237382,0.073219,1
265934,0.073202,1
326232,0.073199,1
175421,0.073195,1
453510,0.073185,1
148484,0.073162,1
272634,0.073149,1
185185,0.073144,1
61690,0.073142,1
96473,0.073138,1
372705,0.073136,1
20710,0.07311,2
56872,0.073107,1
301079,0.073102,2
87111,0.073101,2
271552,0.073101,2
20201,0.073097,2
17479,0.073096,2
390378,0.073095,2
374784,0.073085,1
396706,0.073075,2
334207,0.073073,2
213993,0.07307,2
112513,0.073058,2
225789,0.073057,2
127428,0.073056,2
21342,0.073043,3
213861,0.073042,1
452605,0.073037,6
123273,0.073026,4
128760,0.073011,2
19278,0.073009,2
143020,0.07297,2
103763,0.072904,1
47704,0.072903,3
283926,0.072833,2
173407,0.072821,2
420850,0.072769,2
441042,0.072766,2
48803,0.072752,4
13854,0.072643,2
264858,0.072639,3
107367,0.072471,2
456585,0.072465,2
181845,0.072464,3
183230,0.072428,2
38087,0.072349,2
291898,0.072343,1
169007,0.072314,3
290227,0.072281,3
290428,0.072271,1
11181,0.07227,1
253725,0.072268,1
205156,0.072203,2
48868,0.072174,1
232827,0.07217,1
192928,0.072164,2
77910,0.072094,1
366421,0.072079,2
85865,0.072069,2
391387,0.072058,1
187896,0.072055,1
212340,0.072053,1
268051,0.072051,1
178912,0.07203,1
266154,0.072029,1
459889,0.072023,2
144922,0.072015,1
153401,0.072008,3
3070,0.071978,1
393144,0.071971,2
367334,0.071942,1
333955,0.071938,2
418547,0.071885,1
258089,0.071857,2
362807,0.071808,1
376187,0.071807,1
292753,0.071794,1
42655,0.071777,2
269797,0.071771,3
161781,0.071763,1
61977,0.07176,3
256570,0.071741,1
79225,0.071732,1
94019,0.071723,1
192414,0.071716,1
188976,0.071676,2
317041,0.071616,1
48611,0.071593,1
204565,0.071592,1
402036,0.071591,1
352239,0.071591,1
292039,0.071587,1
375310,0.071572,1
78395,0.071564,1
432412,0.071525,1
83174,0.071518,1
151124,0.071502,1
48807,0.071489,1
273754,0.071484,1
306953,0.07148,1
416086,0.071465,1
119396,0.071463,1
113812,0.071462,1
371051,0.071462,1
407833,0.071456,1
193920,0.071444,1
219550,0.071436,1
292568,0.071411,1
238215,0.071406,1
10192,0.0714,1
365414,0.0714,2
318477,0.071389,3
336363,0.071387,1
192710,0.071383,1
84026,0.071382,1
147042,0.071382,1
13393,0.071381,1
414027,0.07138,1
188895,0.071379,1
4493,0.071377,1
345235,0.071374,1
334125,0.071373,1
181260,0.071372,1
168960,0.071371,1
288398,0.071369,3
298054,0.071369,1
249116,0.071368,1
347102,0.071363,1
40322,0.071361,1
34962,0.071354,1
56939,0.071354,1
414848,0.071351,1
262687,0.07135,1
75986,0.071347,1
249564,0.071344,1
407412,0.07134,1
416929,0.07134,1
29455,0.071312,1
44590,0.071283,1
319125,0.071281,1
256894,0.071278,1
229330,0.071276,1
428688,0.071256,1
37989,0.071255,1
171568,0.071225,1
276205,0.071213,1
372896,0.071209,4
210490,0.071177,1
11044,0.071163,1
69213,0.071162,1
104261,0.071154,1
49916,0.071145,2
425682,0.071131,1
243875,0.071119,1
419188,0.071108,1
363760,0.071098,1
414151,0.071098,1
32937,0.071083,1
156546,0.071082,1
426483,0.071058,1
29771,0.071044,1
2543,0.071032,2
69506,0.071018,1
400212,0.071015,1
303571,0.070983,3
332401,0.070967,2
172257,0.070962,1
252043,0.07096,2
387947,0.070955,2
16306,0.070946,1
430425,0.070945,1
370838,0.070944,1
264178,0.070939,3
227427,0.070935,1
110934,0.070925,1
405171,0.070923,1
191658,0.070917,1
68689,0.070912,1
231382,0.070908,2
187226,0.070903,1
337493,0.070899,1
18886,0.070898,1
197082,0.070886,1
303758,0.07087,1
201563,0.070868,1
246040,0.070855,1
316357,0.070841,1
201999,0.07084,1
221290,0.070833,1
14866,0.070823,1
170982,0.070822,1
25376,0.070822,1
238822,0.070821,1
376834,0.07082,1
455164,0.070818,1
305077,0.070808,1
134790,0.070804,1
351288,0.070787,2
80129,0.070773,1
116566,0.070763,1
189926,0.070762,1
197049,0.070757,1
181188,0.070753,1
111218,0.070732,1
426330,0.07071,1
442095,0.070707,3
296246,0.070705,1
248676,0.070696,2
393193,0.070679,1
351624,0.070678,1
460990,0.070672,1
362851,0.070666,2
163902,0.070663,2
463165,0.070657,1
340108,0.070657,2
193745,0.070613,1
397262,0.070611,2
380139,0.07056,2
112467,0.070521,2
142344,0.070514,3
82593,0.070472,3
396963,0.070451,2
239848,0.070451,3
409280,0.070448,2
387622,0.070446,2
357383,0.070371,2
440573,0.070371,3
60012,0.070354,2
416363,0.070343,2
215944,0.070312,6
325977,0.070245,2
227482,0.070242,2
152085,0.070107,2
49647,0.070093,2
49493,0.070051,3
223743,0.070019,2
118408,0.069971,2
313858,0.069942,3
18454,0.069919,2
170372,0.069875,3
404067,0.069871,1
406978,0.069826,1
108580,0.069819,1
278520,0.069813,2
390716,0.069813,3
442677,0.069759,1
273783,0.069727,2
35336,0.069718,4
222285,0.0697,2
213920,0.069655,1
138642,0.069635,1
199145,0.069635,1
20444,0.06963,1
194776,0.069626,1
395005,0.06962,1
293297,0.069603,1
438203,0.069584,2
273943,0.069577,2
24957,0.069562,4
354555,0.069542,1
262051,0.069535,2
49455,0.069524,2
414636,0.069523,1
57835,0.069503,1
386845,0.069493,4
276883,0.06946,3
182724,0.06946,1
116565,0.069451,1
17277,0.069423,1
145081,0.069417,1
438267,0.069409,1
372601,0.069402,1
53780,0.069389,1
16927,0.069378,2
298492,0.069376,1
334305,0.069349,3
432504,0.069346,3
230841,0.069339,2
438977,0.069328,2
417367,0.06931,1
443865,0.069293,1
40990,0.069272,1
453906,0.069268,1
284455,0.069251,1
108275,0.069226,2
44258,0.06921,1
312892,0.069197,1
305718,0.069197,1
398099,0.069194,1
17817,0.069186,1
353737,0.069177,1
339320,0.069164,1
259335,0.069163,1
268032,0.069162,1
375107,0.06916,1
466228,0.069139,1
85510,0.069126,1
447133,0.069096,1
409751,0.069076,1
203146,0.069074,1
125988,0.069062,1
419499,0.069055,1
435796,0.06905,1
410807,0.069049,1
327408,0.069048,2
383017,0.069045,1
227437,0.069044,1
151670,0.069044,1
415888,0.069041,2
214373,0.069018,1
407058,0.069011,1
714,0.069002,1
88975,0.068971,1
11376,0.068964,2
181353,0.068935,5
270788,0.068921,1
67839,0.068917,1
449071,0.068914,1
122479,0.068914,1
278363,0.068911,1
209136,0.068907,1
8918,0.068903,1
32499,0.068897,1
18933,0.068891,1
462862,0.068889,1
4117,0.068869,1
96853,0.068865,1
272248,0.068864,1
441593,0.068863,1
135697,0.068856,1
5143,0.068856,1
121994,0.068841,1
336538,0.068828,1
345963,0.06882,1
75035,0.068813,2
429526,0.068808,1
242730,0.06877,2
346149,0.06877,3
273213,0.068767,1
97594,0.068746,5
402713,0.068716,2
270382,0.068703,1
157441,0.068701,1
172230,0.0687,3
244817,0.0687,3
108348,0.068686,1
430094,0.068686,2
127123,0.068686,1
125673,0.068676,4
312060,0.068654,1
298894,0.068629,1
411572,0.068618,1
255743,0.068617,1
58373,0.068616,1
438441,0.068605,1
353355,0.068603,2
14428,0.068596,1
165996,0.068587,1
238059,0.068582,2
385638,0.068567,2
155354,0.068559,1
89050,0.068546,1
22516,0.068542,1
215029,0.068524,1
446572,0.068504,2
313007,0.068504,1
44261,0.068497,1
180417,0.068495,1
207673,0.068494,1
410951,0.068488,1
459197,0.068484,1
370734,0.068481,1
323650,0.068479,1
434940,0.068473,1
466056,0.068437,1
356788,0.068437,2
136933,0.068432,1
125749,0.068431,1
19910,0.068429,1
353237,0.068428,1
10839,0.0684,2
386371,0.068391,1
151425,0.068387,1
161666,0.068378,1
70237,0.068377,1
444893,0.068363,2
399374,0.068361,2
100961,0.068345,2
348451,0.068345,1
250094,0.068294,2
298721,0.068272,3
465833,0.068196,2
103785,0.068181,3
401244,0.068158,2
385472,0.068129,2
127567,0.068087,3
370982,0.06808,4
95729,0.068044,5
270283,0.068033,2
115809,0.068027,2
220328,0.068012,2
286962,0.067997,3
457089,0.067997,2
164498,0.067993,3
432184,0.067992,2
286725,0.067969,1
126503,0.067949,2
140970,0.067795,3
62471,0.067781,4
381270,0.067729,2
184934,0.067727,2
185598,0.06769,2
7579,0.067642,2
111425,0.067599,1
384143,0.067595,2
182546,0.06758,2
370620,0.06754,2
158568,0.067521,2
418308,0.067516,2
243233,0.067441,2
262008,0.067435,2
342247,0.067412,1
401676,0.067392,1
95440,0.067385,1
245222,0.067352,1
174477,0.067346,1
315667,0.067342,1
30964,0.067331,2
100323,0.067326,1
111417,0.067325,2
350844,0.06732,1
66918,0.067312,1
310625,0.067303,1
2036,0.0673,1
323229,0.067286,1
24837,0.067284,1
253719,0.067276,1
430095,0.067263,1
343580,0.067263,1
126177,0.067201,2
34608,0.067194,2
167980,0.067185,1
154938,0.067164,1
267447,0.067151,1
115635,0.067142,1
246818,0.067139,1
439883,0.067135,1
58356,0.067127,1
414940,0.067126,1
300274,0.06711,1
42411,0.067108,1
370018,0.067108,1
357238,0.067108,1
199713,0.067107,1
202877,0.067105,1
361523,0.067104,1
339193,0.067104,1
123531,0.067103,1
461280,0.067101,1
319931,0.0671,1
68048,0.067081,2
391564,0.06708,2
76299,0.067072,1
161422,0.066963,1
36849,0.066959,1
333052,0.066898,2
88606,0.066878,2
285202,0.066864,2
196230,0.06686,2
379441,0.066851,1
374896,0.066844,1
128349,0.066844,1
241557,0.066826,4
183930,0.066823,3
455286,0.066821,1
21031,0.066783,1
209184,0.066783,2
409425,0.066779,4
210122,0.066771,1
283109,0.066753,1
175058,0.066742,1
22526,0.066729,2
446507,0.066706,3
92979,0.066705,1
291606,0.066699,3
217585,0.066681,1
297667,0.066669,3
10610,0.066614,3
230902,0.066605,1
130484,0.066603,1
459556,0.066602,1
217918,0.066602,2
130964,0.0666,1
131542,0.066597,3
14817,0.066557,1
317671,0.066523,2
444487,0.066487,2
347303,0.066469,1
464633,0.066469,1
406412,0.066461,1
352124,0.066449,1
444666,0.066412,3
114403,0.066409,1
430812,0.066377,1
128513,0.066364,1
71753,0.06636,1
436461,0.066357,1
369522,0.06633,1
446238,0.066285,3
309263,0.066271,1
379437,0.066261,4
318851,0.06626,1
436311,0.066211,4
307723,0.066174,2
264004,0.066159,2
101196,0.06613,3
73155,0.066111,1
300297,0.066109,2
226096,0.066083,2
67412,0.066021,1
441802,0.066015,2
302948,0.065985,2
125049,0.065972,1
383203,0.065851,2
303064,0.065679,4
222608,0.065601,2
65540,0.065583,2
188463,0.065582,5
50605,0.065574,1
391896,0.065566,1
447410,0.065562,3
203117,0.065559,2
211876,0.065559,1
163598,0.065549,1
446858,0.065493,1
339893,0.065488,1
399871,0.065426,1
152335,0.065425,1
234270,0.065422,1
360089,0.065405,2
351915,0.065375,1
427140,0.065373,1
116206,0.065373,2
341031,0.065372,1
367346,0.065331,2
15767,0.06533,1
303918,0.06533,1
156796,0.06532,1
395374,0.065257,2
433060,0.065202,3
31547,0.065194,1
454791,0.065191,2
285725,0.065188,1
114360,0.065181,1
464157,0.065176,1
401944,0.065176,1
389687,0.06517,1
48382,0.065161,1
126044,0.065158,3
286217,0.065158,2
98836,0.065141,1
235834,0.065124,1
39601,0.065101,4
70998,0.0651,1
109654,0.065088,1
24836,0.065079,1
433016,0.065078,1
120397,0.065073,3
133704,0.065072,1
99484,0.065071,1
141582,0.065068,1
70635,0.065067,1
454359,0.06506,1
426421,0.065057,1
124439,0.065057,1
50550,0.065053,1
448301,0.06505,1
213462,0.065038,2
460818,0.064997,2
15822,0.064988,2
235301,0.064956,2
314806,0.064953,1
90806,0.064952,1
167494,0.064948,1
120168,0.064948,1
271475,0.064938,2
66,0.064934,1
302671,0.064921,1
384085,0.064908,1
406702,0.0649,2
96752,0.064891,3
344740,0.064878,1
381766,0.064856,1
319628,0.064848,1
312996,0.064791,1
219318,0.064781,1
323611,0.06478,1
401007,0.064766,1
429296,0.064766,1
151805,0.064758,1
366613,0.064751,2
11885,0.064732,1
42837,0.064729,1
385819,0.064729,5
323272,0.064711,1
35210,0.06471,1
148925,0.06471,3
445161,0.06465,1
425910,0.064646,1
464653,0.064641,1
134455,0.06464,1
457191,0.064634,1
457728,0.064627,1
153119,0.064622,1
111970,0.064615,1
444055,0.064613,4
408179,0.064612,1
331220,0.064608,1
301895,0.064582,1
146448,0.064578,2
289922,0.064573,3
119953,0.064543,1
268006,0.064521,1
386067,0.064509,1
419386,0.064494,1
375056,0.064494,1
189274,0.064493,1
149049,0.064483,1
383405,0.064466,1
55239,0.06445,1
80360,0.064422,2
296048,0.064417,1
168064,0.064412,1
148586,0.064398,3
236767,0.064372,1
4020,0.064372,1
262537,0.06437,1
377047,0.06437,1
287438,0.064362,1
307127,0.064355,1
161663,0.064344,2
84679,0.064332,3
263104,0.064326,1
264686,0.064315,1
421199,0.06431,1
411257,0.064307,2
286562,0.064305,1
410697,0.064294,3
308641,0.064294,1
161153,0.064283,2
119916,0.064267,2
26283,0.06425,1
357839,0.064217,1
27190,0.06421,1
403847,0.0642,1
374585,0.064198,1
338127,0.064189,3
391887,0.064188,2
441512,0.064185,2
210835,0.064183,1
44054,0.064155,3
164987,0.064149,1
55284,0.064132,2
231533,0.064129,2
275066,0.064128,2
71957,0.064119,3
195270,0.064102,1
181761,0.064093,1
125677,0.064078,1
22368,0.064062,2
338411,0.064057,2
451019,0.064046,1
274056,0.064042,2
157935,0.064008,1
145932,0.064002,2
39468,0.063994,2
299995,0.063988,2
292143,0.063984,1
405781,0.063974,1
382453,0.063909,1
411441,0.063885,2
31597,0.06388,1
406063,0.063867,2
174886,0.063867,2
70323,0.063649,4
184632,0.063639,2
83287,0.063601,2
324670,0.06349,2
178362,0.063411,2
462988,0.063279,2
24390,0.063237,3
104769,0.063159,2
157078,0.063154,3
199369,0.06309,1
394840,0.063077,4
291831,0.063076,3
244285,0.063062,3
187842,0.06304,2
120116,0.063034,3
221686,0.06303,2
313641,0.062969,1
87789,0.062964,1
126674,0.062908,2
57906,0.062876,2
195549,0.062842,1
322600,0.062762,1
264183,0.062724,1
252512,0.062722,1
254469,0.062718,3
73568,0.062707,2
268746,0.062702,1
147563,0.062702,1
122456,0.062663,1
455614,0.062662,3
237432,0.062638,2
5250,0.062611,2
59276,0.062604,1
9220,0.06259,1
146492,0.062585,1
466676,0.062569,1
394049,0.062558,1
162921,0.062547,1
117630,0.06254,1
94859,0.062538,2
398511,0.062537,2
241182,0.06253,1
103788,0.062524,1
272438,0.062494,2
190778,0.06248,1
242245,0.062479,2
391299,0.062476,1
329771,0.062468,1
195166,0.062468,1
451238,0.06246,1
243196,0.06246,1
127665,0.062433,2
26992,0.062416,3
342159,0.062413,1
356360,0.062406,2
383767,0.062405,3
65792,0.062387,1
72131,0.062377,1
255840,0.062375,1
272667,0.062367,1
350775,0.062358,1
293118,0.062348,1
289902,0.062318,1
160725,0.062317,1
48715,0.062298,2
70128,0.062295,2
108159,0.062283,1
295941,0.062269,1
99909,0.062268,1
226980,0.062268,1
233072,0.062237,2
117204,0.062234,1
241455,0.062207,1
67173,0.062184,1
287080,0.062175,1
146270,0.062173,1
210137,0.062171,2
79504,0.062164,1
25777,0.062138,1
28170,0.062136,2
108484,0.062135,1
301140,0.062128,1
227538,0.062121,1
451479,0.062115,4
233729,0.062113,1
121165,0.062111,1
306342,0.062107,1
75195,0.062105,1
164974,0.062086,1
1312,0.062084,1
381653,0.062069,2
247936,0.062064,1
258982,0.062062,1
150318,0.062051,4
54172,0.062031,3
32771,0.062019,1
425364,0.061999,1
430352,0.061955,1
459325,0.06195,1
101429,0.06195,1
374161,0.061947,3
452062,0.061933,3
89905,0.061884,1
18307,0.061883,1
280629,0.061877,1
94595,0.06187,1
306716,0.061869,1
440095,0.061838,1
85725,0.061836,1
418301,0.061835,4
181977,0.061828,2
189625,0.061827,1
423315,0.061827,1
95459,0.061825,1
375832,0.061823,1
389048,0.061755,1
38483,0.061751,3
255994,0.061745,2
310130,0.061642,2
81166,0.061623,1
259602,0.0616,2
306110,0.061566,4
214183,0.061557,2
36200,0.061512,2
226005,0.061385,2
235344,0.061328,2
458901,0.061291,1
348942,0.061291,2
199217,0.061231,2
156516,0.061226,1
134788,0.06121,2
328207,0.061206,1
227331,0.061201,2
397799,0.061195,1
106957,0.061194,1
120020,0.061193,1
288422,0.061111,1
3386,0.06111,1
257392,0.06111,1
69442,0.060992,2
364799,0.060936,1
243536,0.060936,1
196060,0.060933,1
150398,0.060928,1
165564,0.060892,2
437804,0.060883,2
155181,0.060865,3
234234,0.060848,2
87767,0.060847,1
420922,0.06082,1
209927,0.060819,1
144053,0.060796,2
41860,0.060784,2
339192,0.060775,2
163392,0.060765,1
338262,0.060763,1
76229,0.060761,1
304669,0.060758,5
369456,0.060726,1
216060,0.060699,1
372252,0.060671,1
433356,0.06067,1
378611,0.060647,1
349948,0.060632,1
288141,0.060605,1
219295,0.060586,1
51086,0.060569,1
354377,0.060564,1
325844,0.06056,2
66485,0.060552,1
26237,0.060549,1
338673,0.060546,1
449529,0.060546,1
59910,0.060536,2
283950,0.060528,1
203642,0.060509,1
446910,0.060506,1
448066,0.060495,3
185650,0.060494,1
24522,0.060493,1
241456,0.060492,1
135625,0.060492,1
100941,0.060491,1
288655,0.060491,1
320159,0.060486,1
453461,0.060481,1
311959,0.060479,1
145824,0.060478,1
335777,0.060475,1
152741,0.060434,1
182250,0.060432,1
203085,0.060412,1
304571,0.060395,1
425943,0.060385,2
318919,0.060379,1
194467,0.060377,2
183235,0.060376,1
279872,0.060367,1
22179,0.060366,1
228851,0.060362,1
208692,0.060359,1
385729,0.060355,1
155642,0.060351,2
49396,0.06034,2
312350,0.060338,2
229959,0.060331,1
335303,0.060326,3
15153,0.060325,3
362693,0.060324,1
91231,0.060324,1
164683,0.060324,1
78787,0.060307,1
284407,0.060307,1
233912,0.060292,2
34702,0.060288,1
177812,0.06028,1
372377,0.060278,1
335203,0.060278,1
295600,0.060272,1
464235,0.060272,1
345012,0.060268,1
459234,0.060263,1
296142,0.060258,1
92358,0.060257,1
330318,0.060252,1
78300,0.060252,1
229023,0.060248,1
271903,0.060241,1
347414,0.060238,2
127065,0.060226,4
351464,0.060219,1
419759,0.060212,2
174001,0.060205,1
339434,0.0602,1
179467,0.060198,1
150133,0.060197,1
438773,0.060196,1
198721,0.060193,1
462796,0.060192,1
181012,0.060191,1
105138,0.060167,2
110950,0.060163,1
240933,0.060117,1
410892,0.06011,1
218986,0.060109,1
385312,0.060099,1
438607,0.060096,1
27510,0.06009,1
52419,0.060088,1
78436,0.060088,1
259048,0.060079,1
283218,0.060077,2
24383,0.060076,1
182483,0.060062,1
66895,0.060059,1
111838,0.060057,1
94546,0.060056,1
80898,0.060055,1
153488,0.060052,1
129056,0.060051,2
168866,0.06005,1
337358,0.060033,2
206268,0.060025,1
340111,0.060021,2
385598,0.060016,3
200424,0.06001,1
310633,0.060009,1
88054,0.060005,1
167625,0.060001,1
326147,0.06,1
216180,0.059999,1
154563,0.059997,1
132113,0.059983,1
315209,0.059983,1
363302,0.059975,2
129424,0.05997,1
430685,0.059966,1
153339,0.059965,1
299757,0.059961,1
371704,0.059961,1
275743,0.059961,1
153864,0.05996,1
334379,0.059959,1
401825,0.059945,1
10396,0.059942,2
395809,0.059941,1
30089,0.059929,1
346156,0.059913,1
110031,0.059911,1
358986,0.05991,1
404227,0.05991,1
280620,0.05991,2
177707,0.05991,2
248966,0.059909,1
50159,0.059901,1
266556,0.059897,1
172532,0.059895,1
183191,0.059891,1
275333,0.059883,1
346278,0.05988,1
445840,0.05988,1
78251,0.059878,1
221833,0.059878,2
251650,0.059857,1
423217,0.059856,2
291561,0.059849,1
172734,0.059846,1
91535,0.059845,1
403530,0.059835,1
248509,0.059833,1
133467,0.059819,1
427575,0.059812,1
290370,0.059802,1
367518,0.059801,1
411235,0.059782,1
288977,0.059775,1
436660,0.059742,2
126125,0.059741,3
38090,0.059732,2
164127,0.059722,3
274923,0.059692,2
46444,0.059656,2
199469,0.059629,2
9909,0.059533,2
103121,0.059514,2
159546,0.05948,2
360281,0.059479,2
355595,0.059242,1
199931,0.059239,1
253260,0.059236,1
351143,0.059234,2
396330,0.05923,2
170936,0.059206,3
109618,0.0592,2
177327,0.059123,3
54141,0.059075,2
370064,0.059073,2
412974,0.059049,2
382674,0.059006,2
327130,0.058984,2
8913,0.058953,1
36987,0.058918,3
436182,0.058916,1
82327,0.058913,1
455592,0.058909,1
133285,0.058896,2
208943,0.058892,1
248182,0.05888,1
453911,0.058876,1
463719,0.058846,1
187611,0.058845,1
464649,0.058832,1
461576,0.058824,1
50332,0.058819,2
451172,0.058819,2
93414,0.058783,1
253795,0.058769,2
214113,0.058767,2
181351,0.058759,2
400955,0.058735,2
257590,0.058733,1
374063,0.058728,2
96108,0.058723,2
188930,0.058687,3
306458,0.058686,1
79549,0.058673,1
368063,0.058662,1
88167,0.058657,1
240970,0.058656,1
254432,0.058652,4
219427,0.058643,1
72994,0.058624,2
54600,0.058615,1
378850,0.058591,1
60655,0.058583,1
3941,0.058574,1
355670,0.058573,2
305250,0.058564,1
130040,0.058545,1
160349,0.058541,1
230892,0.058532,1
128443,0.05852,2
66974,0.058502,4
183815,0.058491,1
254132,0.058482,1
239547,0.058456,1
338208,0.058452,1
6399,0.058449,1
447012,0.058444,2
48777,0.058432,1
342364,0.058426,2
330530,0.058417,1
393510,0.058414,1
408640,0.05841,3
287739,0.058389,1
13916,0.058389,1
36497,0.058383,1
388853,0.058382,2
215916,0.05838,1
280142,0.05837,1
16,0.058367,1
41925,0.058366,1
247436,0.058365,1
169260,0.058362,1
365299,0.05836,1
144015,0.058348,1
146327,0.058332,1
63372,0.058331,1
406776,0.058329,1
401469,0.058299,1
103520,0.058299,1
290760,0.058298,1
207088,0.058294,1
437730,0.058292,3
6248,0.058291,1
327707,0.05829,1
160785,0.058287,1
356498,0.058282,1
263768,0.05828,2
314820,0.058276,3
381023,0.058276,1
144783,0.058268,1
444841,0.058264,1
187992,0.058259,1
156540,0.058259,1
431443,0.058249,1
344312,0.058249,1
111101,0.058233,1
41824,0.058233,1
449280,0.058231,3
423657,0.05823,1
106151,0.058224,1
60166,0.058223,1
312959,0.058214,4
30345,0.058212,1
369150,0.058205,1
381919,0.058192,1
110818,0.058192,1
306840,0.058187,1
370281,0.058168,1
187413,0.058155,1
273480,0.058149,1
370180,0.058124,1
443190,0.058118,1
291152,0.058117,1
364199,0.058112,1
48291,0.0581,1
268373,0.058098,1
11622,0.058087,1
192534,0.058074,1
220931,0.058074,1
208961,0.058072,1
47352,0.058072,2
51352,0.058071,1
90556,0.058068,1
268169,0.058063,1
275703,0.058054,1
439595,0.058051,1
448623,0.058048,1
209048,0.058042,1
379272,0.05803,1
396619,0.058014,1
71926,0.058014,2
135445,0.058008,3
291699,0.057997,2
99501,0.05798,2
318746,0.057978,1
335112,0.057974,1
428103,0.057972,1
394226,0.05797,1
1622,0.05796,1
234072,0.057956,1
50277,0.057955,1
440747,0.057953,2
324429,0.05794,2
428015,0.057939,2
228248,0.057934,1
356407,0.057931,1
231277,0.057928,3
86844,0.057927,2
261210,0.057892,1
73758,0.05788,2
64235,0.057871,1
333089,0.057865,2
54588,0.05786,1
87012,0.057859,1
406651,0.057857,1
216527,0.057855,1
53090,0.057838,1
253658,0.057833,1
346126,0.057823,2
120262,0.057811,2
91723,0.057809,2
233480,0.057783,2
314058,0.057742,2
451882,0.05774,2
318908,0.057736,1
410206,0.057733,2
187745,0.057708,2
152844,0.0577,2
432925,0.057689,2
178554,0.057686,2
226300,0.0576,3
128864,0.057585,2
296256,0.057529,2
35548,0.057483,2
167817,0.057354,4
375249,0.057273,5
140837,0.057255,1
243470,0.057225,2
431921,0.057221,3
314124,0.057205,4
214441,0.057198,1
402443,0.057193,2
200507,0.057177,4
119030,0.057175,1
321944,0.057175,1
408797,0.057172,1
80513,0.057124,1
437908,0.057115,1
79099,0.057092,1
67125,0.057044,3
152687,0.056874,2
53887,0.056869,1
153421,0.056859,1
164160,0.056846,1
37364,0.056835,2
7402,0.056822,1
85822,0.056817,1
336544,0.05678,1
436732,0.056774,1
338675,0.056767,1
138966,0.056765,1
273770,0.056719,2
190916,0.056715,1
394003,0.056714,1
248118,0.056682,1
5895,0.056677,1
372767,0.056666,1
189988,0.05666,1
206042,0.056649,1
229902,0.056617,1
163479,0.056617,1
199861,0.056616,1
126555,0.056616,2
450505,0.056609,1
33371,0.056608,1
320326,0.056597,1
418709,0.056596,1
86513,0.056596,1
352841,0.056593,1
225491,0.05659,1
102048,0.056587,1
222332,0.056583,1
43573,0.056581,1
366497,0.05658,1
70689,0.056578,1
63513,0.056578,1
291178,0.056577,1
59526,0.056577,1
220527,0.056575,1
326702,0.056572,1
342858,0.056571,1
144888,0.056571,1
216058,0.056571,1
196404,0.05657,1
190339,0.056568,1
252669,0.056567,1
86209,0.056566,1
316576,0.056565,1
253561,0.056563,1
384193,0.056563,1
234747,0.05656,1
417792,0.05656,1
6108,0.056559,1
15910,0.056551,1
292469,0.05655,1
461175,0.056549,1
22554,0.056549,1
167448,0.056546,1
392798,0.056545,1
380121,0.056543,1
192418,0.056542,1
59628,0.056536,1
447741,0.056535,1
337308,0.056531,1
293375,0.05653,1
183639,0.05653,1
347595,0.056529,1
276304,0.056526,1
310432,0.056525,1
415524,0.056525,1
338616,0.056521,1
395434,0.05652,1
93828,0.05652,1
407370,0.056518,1
164842,0.056517,1
415249,0.056517,5
439532,0.056516,1
231788,0.056515,1
276141,0.056515,1
214124,0.056514,1
180942,0.056511,1
103621,0.056509,1
137542,0.056508,1
68136,0.056505,1
259304,0.056505,1
445643,0.056503,1
31976,0.056503,1
8690,0.056502,1
396764,0.056501,1
57638,0.056501,1
435869,0.056497,1
101808,0.056497,1
128133,0.056492,1
239772,0.056491,1
291060,0.056491,1
350459,0.056491,1
375243,0.056488,1
296353,0.056488,1
253709,0.056466,1
68902,0.056465,1
349886,0.05645,1
151974,0.056446,1
312735,0.056429,2
165876,0.056426,1
61529,0.05642,1
107037,0.056411,1
362171,0.056409,1
395994,0.056409,1
373251,0.056403,1
402572,0.056403,1
416068,0.056401,1
282128,0.056398,1
50131,0.056397,1
180897,0.056385,1
71858,0.056385,1
348527,0.056383,1
190618,0.056383,1
376854,0.056383,1
331147,0.056382,1
4115,0.05638,1
229585,0.056379,1
219022,0.056378,1
359660,0.056373,1
38830,0.056373,1
14191,0.056372,1
63151,0.056371,1
466442,0.056371,1
455143,0.05637,1
358803,0.056369,1
157574,0.056369,1
148344,0.056367,1
142469,0.056361,1
276907,0.05636,1
363074,0.056357,1
7832,0.056356,1
226824,0.056356,1
212184,0.056355,1
412259,0.056353,1
294610,0.056349,1
48794,0.056347,1
142668,0.056342,1
67230,0.056336,1
134164,0.056336,1
357620,0.056332,1
186848,0.056332,1
158456,0.056331,1
423185,0.056325,1
193560,0.056321,1
204868,0.056319,1
9629,0.056315,1
348032,0.056312,1
235905,0.056309,1
80908,0.056296,1
146371,0.056285,1
455887,0.056283,3
59704,0.05627,1
360345,0.056265,1
83730,0.056262,1
201537,0.056254,1
141390,0.056249,1
211673,0.056243,1
198930,0.056242,1
38463,0.05624,1
224995,0.056236,1
404010,0.056235,1
430858,0.05622,3
147087,0.056211,1
339569,0.056208,1
29023,0.056207,1
239073,0.056202,3
393537,0.056202,1
135609,0.056196,1
82125,0.056195,1
168135,0.056194,1
131909,0.056193,1
450514,0.056191,1
334429,0.05619,1
6157,0.056183,1
429369,0.056182,1
230586,0.056181,1
213186,0.056181,1
341317,0.056179,1
266263,0.056177,1
131735,0.056175,1
21457,0.056173,1
253412,0.056164,1
311293,0.056162,1
68411,0.056158,1
465216,0.056146,3
310791,0.05614,5
144543,0.056125,1
84810,0.056121,1
427906,0.05612,1
370040,0.056112,1
11137,0.056107,1
110177,0.056107,1
461368,0.056089,2
227279,0.056089,1
438825,0.056088,2
89591,0.056085,1
339443,0.056085,2
250932,0.056084,1
160463,0.056078,1
194600,0.056077,1
371265,0.056076,1
74602,0.05607,1
365296,0.056066,1
376588,0.056061,1
212557,0.056061,1
243592,0.056055,1
49947,0.05605,1
134309,0.056041,2
141849,0.056041,1
92401,0.056039,2
136044,0.056039,1
349440,0.056034,1
416289,0.056031,2
209113,0.056022,1
294850,0.056021,2
273342,0.056021,1
183088,0.056012,1
87823,0.056009,1
133485,0.055998,2
176383,0.055987,2
105471,0.055983,1
25027,0.055979,2
94053,0.055979,1
85156,0.055976,1
458882,0.055968,1
193040,0.055965,1
401415,0.055965,1
205112,0.05596,2
201642,0.055956,2
108523,0.055945,1
175238,0.055943,2
291689,0.055922,2
31691,0.055885,2
206234,0.055884,2
125762,0.055862,1
357371,0.055813,2
462556,0.055808,2
76422,0.055799,3
113419,0.055787,2
43485,0.055785,2
109701,0.055763,4
400899,0.055756,2
411527,0.055703,2
274610,0.055637,2
387393,0.05561,4
306886,0.055563,2
458692,0.055507,2
446446,0.055419,3
7236,0.055415,2
35156,0.0554,3
465551,0.055362,1
231416,0.055353,2
277638,0.05532,2
375964,0.055296,1
364103,0.055292,1
360650,0.05528,3
369396,0.055217,1
347657,0.055162,1
382276,0.055154,1
122862,0.055152,1
454879,0.05514,1
414644,0.055128,2
434273,0.055119,2
379675,0.055104,1
350862,0.055094,1
3016,0.055087,1
344574,0.055065,2
266959,0.05505,2
326743,0.055041,2
183754,0.05503,2
376613,0.055022,1
332270,0.055016,1
136558,0.055013,1
444074,0.055013,1
335323,0.055011,1
157843,0.055009,1
426042,0.055009,1
182413,0.055006,1
232549,0.054998,1
189444,0.054998,2
71730,0.054994,1
174650,0.054993,1
97811,0.054993,2
296217,0.054992,1
251394,0.054969,2
395265,0.054968,2
330929,0.054919,1
137454,0.054892,2
173365,0.054889,2
371556,0.054885,4
391451,0.054877,1
261148,0.054861,1
452003,0.054855,1
449285,0.054843,1
337511,0.054842,2
17753,0.054838,1
421520,0.054836,1
413492,0.054835,1
52778,0.054832,1
408832,0.054827,1
168338,0.054825,1
239505,0.054823,1
77374,0.054822,1
16105,0.054816,1
213263,0.054814,1
135764,0.054808,3
425654,0.054807,1
123861,0.054797,1
403745,0.054797,1
60848,0.054795,1
60023,0.054792,1
335820,0.054787,1
243780,0.054786,1
396118,0.054785,1
340668,0.054784,1
148984,0.054782,1
382466,0.054781,1
44297,0.054771,1
108279,0.05477,1
280970,0.054764,2
199899,0.054763,1
244528,0.054763,1
267531,0.054761,1
414072,0.05476,1
358349,0.054759,1
261618,0.054759,1
346042,0.054757,1
400621,0.054756,1
460490,0.054753,1
165140,0.05475,1
376371,0.054749,1
353456,0.054748,1
199399,0.054748,1
162572,0.054742,1
319080,0.05474,1
248320,0.054739,1
357090,0.054734,1
22809,0.054733,1
316009,0.054731,1
458158,0.05473,1
111402,0.05473,1
6023,0.054729,1
396094,0.054729,2
272701,0.054727,1
405789,0.054724,1
297965,0.054723,2
436702,0.054722,1
17537,0.054713,1
435893,0.054695,1
362958,0.054695,1
8818,0.054692,1
115698,0.054689,1
244360,0.054684,1
309232,0.054676,1
399430,0.054674,1
63931,0.05467,1
1659,0.05467,1
250640,0.054669,1
103916,0.054668,1
386527,0.054662,1
455842,0.054654,1
202983,0.05465,1
59373,0.05465,1
387869,0.054649,1
238085,0.054634,2
289668,0.054621,1
63067,0.054615,1
323318,0.05461,1
375981,0.054598,1
169050,0.054597,1
373877,0.054576,1
88757,0.054569,1
130797,0.054569,1
270938,0.054563,1
14853,0.054546,2
418690,0.054545,1
288552,0.05453,4
301701,0.054525,2
433284,0.054522,1
111405,0.054521,2
369119,0.05452,1
464329,0.054506,1
151687,0.054506,1
170195,0.054504,1
101554,0.054501,1
363599,0.054492,1
347833,0.054472,2
76782,0.05446,1
228040,0.054457,1
354517,0.054455,1
54247,0.054454,1
151045,0.054453,1
356654,0.054453,1
332053,0.054451,1
413584,0.05445,1
103755,0.054447,1
215371,0.054446,3
384361,0.054445,1
413536,0.054425,1
237753,0.054425,2
74758,0.054424,2
441818,0.054422,2
420509,0.054418,1
231599,0.054415,1
422581,0.054413,1
397447,0.054409,1
198762,0.054406,3
128843,0.054373,1
435460,0.054372,1
118504,0.054366,1
354550,0.054365,1
135890,0.054358,1
335356,0.054342,1
410745,0.054339,1
276540,0.054328,1
292512,0.0543,1
184419,0.054299,1
110054,0.054296,1
180142,0.054289,2
94669,0.054286,1
137633,0.054282,2
41978,0.05428,1
315756,0.054268,1
272237,0.054265,1
62266,0.054232,1
185179,0.054229,2
309372,0.054227,1
178837,0.05421,1
147972,0.054193,1
426563,0.05419,1
230985,0.054187,2
149588,0.054187,2
330786,0.05418,1
19057,0.054173,1
198242,0.054168,1
60640,0.054167,1
174529,0.054165,1
356315,0.054159,1
52399,0.054159,1
140381,0.054151,1
95914,0.05415,1
289984,0.054147,1
5607,0.054144,1
206564,0.054142,1
14726,0.054124,2
196356,0.05405,2
445695,0.054035,2
456589,0.054024,2
244525,0.053968,2
306695,0.05394,3
102573,0.053926,2
122465,0.053885,2
369586,0.053881,3
416758,0.053852,1
8853,0.053829,3
40195,0.053804,2
252040,0.053645,2
70875,0.053562,1
129725,0.053558,1
85614,0.053556,2
346890,0.053552,1
24907,0.053537,2
86289,0.053504,1
187348,0.05349,1
454298,0.05349,1
47589,0.053483,1
309568,0.053479,1
356186,0.053477,1
323425,0.053476,1
123027,0.053455,2
197207,0.053454,1
160863,0.053397,3
126170,0.053383,2
214892,0.053372,1
273071,0.053362,1
256150,0.053358,1
205774,0.053352,1
421063,0.053351,2
53223,0.053341,2
58093,0.053311,3
439517,0.053276,3
198934,0.053267,2
268881,0.053244,2
231111,0.053235,1
285148,0.053227,3
307279,0.053204,1
164538,0.053204,1
230455,0.05317,1
409604,0.053166,1
106358,0.053137,2
196587,0.053095,1
72627,0.053075,1
85842,0.053032,1
438663,0.053021,1
233935,0.053008,1
125281,0.052997,1
427736,0.052995,1
359030,0.052992,1
440441,0.05297,2
337016,0.052956,1
255575,0.052954,1
47457,0.052942,2
77405,0.05292,2
160376,0.052915,1
451657,0.052903,1
31089,0.052886,1
96127,0.052864,3
214180,0.052858,1
353771,0.052857,1
334607,0.052821,1
122870,0.052821,1
465906,0.052819,2
226243,0.052805,1
4229,0.052801,1
466336,0.0528,1
319605,0.0528,4
267250,0.052795,1
298461,0.052794,1
389264,0.052793,1
342063,0.05279,1
189149,0.052781,1
222150,0.052779,1
447260,0.052769,2
228668,0.052753,1
107036,0.052752,1
107140,0.052747,2
322888,0.052732,4
320836,0.052729,1
288174,0.052723,1
243626,0.052717,2
280492,0.052706,1
192659,0.052701,1
318798,0.0527,1
334967,0.0527,1
358882,0.052674,1
308006,0.052664,2
232205,0.052662,1
392361,0.05265,1
37521,0.052645,2
181038,0.052644,1
41205,0.052644,1
466634,0.052639,1
207832,0.052638,2
160793,0.052611,2
260426,0.052609,1
444955,0.052609,2
373013,0.052597,3
354709,0.052586,3
302884,0.052584,2
48057,0.052539,2
192990,0.052519,2
278350,0.052514,1
451678,0.052497,1
235489,0.052473,2
173877,0.052472,1
162662,0.052437,1
383249,0.05243,1
224877,0.052427,1
314132,0.052425,2
47092,0.052421,1
139740,0.052398,2
345249,0.052377,1
414150,0.052369,2
26745,0.052349,4
134831,0.052327,1
205754,0.052325,1
89943,0.052323,1
64873,0.052322,1
322737,0.052316,2
78059,0.052313,1
212330,0.05229,2
306242,0.052289,1
293254,0.052255,2
214125,0.052225,2
296995,0.052224,2
129361,0.052217,2
449566,0.052152,1
407669,0.052107,3
235000,0.052034,2
309787,0.051989,4
463577,0.051984,3
103287,0.051884,2
81976,0.051815,1
135423,0.051814,1
179271,0.051802,1
278473,0.051801,1
346776,0.051797,1
258591,0.05179,1
51755,0.051788,2
204369,0.05176,1
115818,0.051753,3
138394,0.051751,1
311213,0.051744,1
123550,0.051735,1
314881,0.051725,1
39449,0.051708,4
184990,0.051685,3
289405,0.051636,1
137705,0.051613,1
87702,0.051608,3
113335,0.051598,1
204777,0.051591,2
175659,0.051556,1
46960,0.051496,3
95977,0.051472,1
24593,0.051467,1
136556,0.051456,3
466614,0.051419,1
99681,0.051394,1
261061,0.051388,1
120410,0.051375,1
22351,0.051366,1
33864,0.05136,1
406620,0.05136,1
106720,0.051359,1
87218,0.051359,1
191842,0.051358,1
200239,0.05134,1
429510,0.05134,1
169306,0.051333,1
103603,0.051313,1
111112,0.051291,1
267519,0.051286,2
311114,0.051268,1
460267,0.051259,1
91566,0.051239,1
77010,0.051226,1
49881,0.051224,1
424287,0.051209,1
267774,0.051202,2
368089,0.0512,2
125232,0.051149,1
153978,0.051144,1
216522,0.051134,1
318007,0.051132,1
14482,0.051118,1
10948,0.051111,1
383001,0.051099,1
161660,0.051069,1
326884,0.051055,1
166982,0.051035,1
172108,0.05103,1
379945,0.05102,1
126396,0.051006,2
302689,0.051005,1
388935,0.050996,1
198188,0.050981,1
156110,0.050981,1
14795,0.050977,1
101226,0.050954,2
165582,0.050941,1
192406,0.05094,1
335235,0.050932,1
317679,0.050919,2
363285,0.050914,1
217673,0.0509,2
442946,0.050879,1
2526,0.050874,1
13125,0.050841,3
240398,0.050839,1
192399,0.050835,1
277018,0.050831,1
273517,0.05083,1
435090,0.050826,2
361354,0.050821,1
49339,0.050773,2
219300,0.05076,1
251782,0.050749,1
392997,0.050742,1
444179,0.05074,1
262650,0.050739,1
188022,0.050736,1
377978,0.050735,1
390741,0.050731,1
326861,0.050729,1
340425,0.050728,1
12357,0.050726,1
368766,0.050726,1
298214,0.050716,1
302132,0.050714,2
392945,0.050695,2
239730,0.050693,2
444785,0.050692,1
99684,0.050689,1
378287,0.050673,1
191042,0.050642,1
28161,0.050642,1
189397,0.050641,1
50508,0.05064,1
90894,0.050632,1
166138,0.050631,1
177010,0.05063,1
10094,0.050587,1
12351,0.050577,2
366403,0.05055,3
437362,0.050529,2
145410,0.050516,2
159380,0.050417,2
460520,0.050383,2
304445,0.050309,2
23567,0.050286,3
151855,0.050238,3
402145,0.050199,3
329989,0.050062,1
131294,0.050008,4
109589,0.049986,4
200623,0.049978,3
184905,0.049977,2
426298,0.04997,2
271951,0.049916,1
39768,0.049893,1
257076,0.049893,1
262968,0.049892,1
203217,0.049862,1
448020,0.049853,1
420731,0.049849,1
416979,0.049797,2
433305,0.049778,1
43934,0.049727,1
372772,0.049721,1
123386,0.049672,2
294910,0.049664,1
271407,0.049654,1
61272,0.049651,1
455981,0.04962,1
68647,0.04962,2
24755,0.049612,2
366290,0.049607,1
151444,0.049604,1
256117,0.049591,2
205210,0.049587,1
439455,0.049582,1
316334,0.049546,1
149979,0.049536,1
105347,0.049534,1
455684,0.049522,1
278590,0.049508,1
416757,0.049508,1
455601,0.049488,1
204056,0.049481,2
204902,0.049475,1
85331,0.04947,2
285023,0.049466,1
305007,0.049458,1
96173,0.049456,1
179033,0.049454,2
183861,0.049449,1
334947,0.049447,1
99013,0.049435,2
170904,0.049434,1
450982,0.049433,1
45025,0.04943,1
82501,0.049429,2
112538,0.049429,1
40401,0.049429,1
104666,0.049423,1
366525,0.049422,1
306100,0.04942,1
247671,0.04942,1
130973,0.049419,1
418644,0.049418,1
305243,0.049413,1
275091,0.049412,1
43142,0.049411,1
214559,0.049411,1
92599,0.049411,1
364492,0.04941,1
150576,0.049398,1
462966,0.049387,1
423612,0.049387,1
66928,0.049387,1
49238,0.049382,1
416697,0.049381,1
41370,0.049373,1
339638,0.049372,1
85062,0.049368,1
390946,0.049364,1
113209,0.049363,1
403346,0.04936,1
52367,0.049357,1
84651,0.049356,1
246107,0.049354,1
336441,0.049353,1
65240,0.049352,1
280676,0.049352,1
359778,0.049341,1
325554,0.04934,1
38841,0.04934,1
193446,0.04934,1
3187,0.049339,3
383521,0.049338,2
364594,0.049338,1
375120,0.049332,1
34395,0.049325,1
332821,0.049324,1
61209,0.049324,1
104041,0.049323,1
131949,0.04932,1
56633,0.049317,2
270711,0.049316,1
382127,0.049316,1
270309,0.049315,1
441676,0.049309,1
142449,0.049305,1
442512,0.049301,1
142592,0.0493,1
394433,0.049299,1
295329,0.049299,1
285483,0.049298,1
150063,0.049297,1
347687,0.049296,1
27894,0.049273,2
390648,0.049263,2
331054,0.049262,1
328692,0.049253,1
98308,0.049252,3
342890,0.049249,1
130569,0.04924,1
449472,0.04924,1
15943,0.049226,1
383176,0.049223,1
402614,0.049223,1
448972,0.049222,2
175863,0.04922,1
460582,0.049201,2
214293,0.049197,1
174538,0.049195,3
459883,0.049187,1
16199,0.049184,1
227040,0.049184,1
97808,0.049179,1
437748,0.049176,1
54455,0.049176,1
303959,0.049172,2
23385,0.049147,1
346204,0.049146,1
222360,0.04914,1
294337,0.049139,1
404250,0.049134,1
377359,0.049133,1
331196,0.049123,3
288924,0.049123,1
320,0.049122,1
56463,0.049121,1
176982,0.049121,1
386631,0.049113,1
462872,0.049112,1
437634,0.049094,1
77439,0.049093,1
252672,0.049092,2
347863,0.049092,1
298789,0.049092,1
2035,0.049089,1
350730,0.049072,1
352577,0.049068,1
394168,0.049064,1
202469,0.049061,1
321860,0.049057,1
86611,0.049053,3
197291,0.049046,1
462440,0.04903,1
27340,0.049029,1
308572,0.049022,1
339610,0.04902,1
462633,0.049019,1
330395,0.049018,1
454497,0.049018,1
432592,0.049014,1
14003,0.049009,2
172370,0.049008,2
386849,0.049006,1
52776,0.049003,2
209610,0.048988,2
290317,0.048981,1
155664,0.04895,1
14148,0.048948,2
1852,0.048938,2
407467,0.04892,1
281203,0.048913,1
376455,0.048912,1
443510,0.048857,1
317107,0.048837,1
445430,0.048829,1
84088,0.048824,3
382860,0.048726,2
450061,0.048703,3
235081,0.048648,2
346152,0.048616,2
193579,0.048511,1
318708,0.048507,1
238288,0.048505,3
388985,0.048505,3
367702,0.048504,1
156468,0.048478,2
397964,0.048466,2
18993,0.048441,1
198991,0.04844,2
48264,0.048404,2
15948,0.048389,2
286835,0.048361,2
28893,0.048314,2
13951,0.048299,1
280008,0.048296,1
36138,0.048295,3
337917,0.048291,2
126305,0.04825,2
172501,0.048249,1
24007,0.048249,2
284929,0.048216,1
111494,0.048202,1
295245,0.048199,1
312094,0.048157,1
127762,0.048156,1
334123,0.048144,1
377134,0.048123,3
221462,0.048116,4
168097,0.0481,1
16469,0.0481,1
55549,0.048077,1
156403,0.048065,1
324179,0.048051,1
296862,0.048041,2
206365,0.048035,1
459364,0.048023,1
367497,0.048016,1
463872,0.048009,1
98870,0.048005,1
432930,0.047988,1
167353,0.04798,1
162243,0.047979,1
133991,0.047979,1
400588,0.047974,1
137582,0.047972,1
92423,0.047971,1
412917,0.047965,2
348431,0.047962,1
83204,0.047959,1
286239,0.047954,1
176431,0.047938,1
27606,0.047927,1
378513,0.047898,1
381934,0.047897,1
54184,0.047892,1
266476,0.04789,1
240708,0.04789,1
48352,0.047887,1
198699,0.047886,1
157717,0.047864,1
70239,0.047846,1
273406,0.047838,1
286762,0.04782,1
453389,0.047817,1
76022,0.047809,1
336252,0.047804,1
204844,0.047802,1
190545,0.04779,1
364640,0.047789,1
428910,0.047775,1
299450,0.047774,1
238465,0.04777,1
366163,0.047768,1
6946,0.047753,1
95650,0.04775,1
5883,0.047749,1
417276,0.047732,1
365037,0.047731,1
73552,0.04773,1
1455,0.047717,1
394753,0.047716,1
141320,0.047715,1
162972,0.047715,1
362506,0.047712,1
463105,0.047712,1
463767,0.047701,2
305,0.047699,1
117563,0.047696,1
325869,0.047685,1
1278,0.047682,1
77631,0.047671,1
151671,0.047666,1
164784,0.047663,1
312257,0.047658,1
169677,0.047638,1
233,0.047635,1
419635,0.047632,1
140583,0.047629,1
19976,0.047619,2
71296,0.047603,3
218580,0.047602,1
159221,0.047601,1
424017,0.04758,1
12770,0.047563,1
250383,0.047556,1
13118,0.047552,1
25042,0.047549,1
46997,0.047546,1
315058,0.047545,1
294253,0.047538,2
277900,0.047536,1
130857,0.047535,1
9763,0.047533,1
228180,0.047531,1
104544,0.047531,2
204362,0.047531,1
61244,0.047529,1
458560,0.047528,2
300823,0.047526,1
29081,0.047499,2
88283,0.047482,1
182676,0.047481,1
363578,0.047465,1
446154,0.047462,1
246300,0.047458,1
257767,0.047448,2
306951,0.047445,1
168258,0.047437,1
315557,0.04742,1
382256,0.047417,2
225021,0.047398,3
205502,0.047395,1
175491,0.047365,1
293526,0.047364,2
290475,0.047364,2
52498,0.047344,2
71602,0.047303,1
148034,0.047298,2
400978,0.047271,2
344921,0.047235,2
337278,0.047197,2
67422,0.04715,3
2616,0.047131,2
310076,0.047113,2
409138,0.047097,2
347850,0.047096,2
31641,0.047089,2
373330,0.047085,2
166612,0.047063,2
431206,0.046973,1
44609,0.04693,2
255434,0.046924,2
120681,0.046917,2
34574,0.046875,1
193718,0.046831,2
412756,0.046806,1
365784,0.046769,2
5900,0.046764,1
104699,0.046751,1
372382,0.04675,3
355688,0.046724,2
392768,0.04669,1
224725,0.046684,1
281752,0.046682,2
90132,0.046645,2
36901,0.046642,3
149859,0.046585,1
340057,0.046574,2
59296,0.046561,3
27832,0.046554,2
138843,0.046544,1
438756,0.04653,2
24851,0.046516,2
97181,0.046468,1
433684,0.046467,1
11296,0.046456,1
441177,0.046441,1
15698,0.046429,1
390611,0.046422,2
364588,0.046419,2
304645,0.046417,2
125868,0.046411,2
442330,0.046386,1
316778,0.046378,1
62023,0.046366,1
181376,0.046365,1
459894,0.04636,1
416122,0.046358,1
430016,0.046338,1
356748,0.046334,1
303189,0.046333,1
250724,0.046312,1
282103,0.046311,1
244263,0.046311,1
389478,0.046306,1
391414,0.046304,1
189566,0.046296,1
295120,0.04629,1
60083,0.046284,1
227010,0.046283,1
432742,0.046279,2
58938,0.046274,1
42457,0.046271,1
76850,0.046271,1
399493,0.046264,1
436485,0.046263,1
444419,0.046255,1
94325,0.046253,1
301123,0.046249,1
191719,0.046249,1
269860,0.046248,1
245591,0.046238,1
356379,0.046233,1
281912,0.04623,1
371914,0.046211,1
72536,0.046202,1
200153,0.046185,1
233735,0.046174,3
346929,0.04617,1
256023,0.046164,1
75691,0.04616,1
404369,0.046159,2
101192,0.046156,1
88749,0.046153,1
25228,0.046143,2
218553,0.046127,1
422669,0.046118,1
117379,0.046109,1
459340,0.046107,1
61818,0.046104,1
352275,0.046103,1
422491,0.046083,1
154631,0.04608,1
242372,0.046069,1
213807,0.046045,3
290749,0.046038,1
179991,0.046036,1
403615,0.046028,1
58421,0.046025,1
155427,0.046018,1
24024,0.046016,1
218539,0.046007,1
301563,0.046004,1
110709,0.046004,1
302914,0.046002,1
113513,0.045999,1
259074,0.045999,1
384556,0.045998,1
250618,0.045998,1
357012,0.045997,1
212583,0.045996,1
403423,0.045993,1
289768,0.045993,1
87810,0.045988,1
359136,0.045983,1
25071,0.045981,1
267601,0.045979,2
387083,0.045973,1
63662,0.045971,1
398765,0.045969,1
110319,0.045968,1
7576,0.045967,1
99241,0.045963,1
418600,0.045962,1
23606,0.04596,1
108009,0.045959,1
121528,0.045951,1
29391,0.045951,1
8185,0.04595,2
300252,0.045949,1
9376,0.045947,1
91808,0.045928,1
155934,0.045917,2
436314,0.045917,1
30990,0.045914,1
297513,0.045913,1
451181,0.045913,1
333532,0.045913,2
387146,0.045908,1
86712,0.045907,1
236236,0.045907,1
430433,0.045904,1
371309,0.045901,1
29873,0.0459,1
162467,0.045894,1
18287,0.045887,3
109288,0.045876,1
142182,0.045876,2
412409,0.045871,2
228898,0.04587,1
269466,0.04587,1
27010,0.045867,2
319230,0.045862,1
214316,0.045859,1
193450,0.045858,1
30691,0.045855,1
155913,0.045853,1
445912,0.045853,1
281743,0.045828,1
162287,0.045821,1
465150,0.045819,1
234371,0.045818,2
235352,0.045804,1
209116,0.045772,2
260715,0.045758,1
196539,0.045746,1
200214,0.045689,2
249268,0.045683,2
92302,0.045673,1
285372,0.045671,1
455849,0.045648,1
348146,0.045626,2
358753,0.045612,3
34784,0.045603,3
427460,0.045579,1
459220,0.045571,1
432719,0.045563,1
372337,0.045499,1
281662,0.045497,1
4849,0.045496,1
170038,0.045493,1
437562,0.045473,2
298135,0.04547,2
435676,0.045411,3
58729,0.045298,4
56139,0.045296,2
155574,0.045276,2
50781,0.045265,2
167895,0.045265,1
143698,0.045245,1
240393,0.045204,2
158905,0.045187,1
391769,0.045177,1
171947,0.04516,1
5061,0.045149,1
346606,0.045134,2
366291,0.045128,3
267627,0.045125,1
284884,0.045086,3
326614,0.04506,3
399945,0.045047,2
139219,0.045028,1
234237,0.045025,1
379397,0.045003,2
396053,0.044988,1
182753,0.044988,1
192463,0.04495,1
342661,0.04493,1
255145,0.044927,3
444425,0.044919,1
39128,0.044893,2
169811,0.044886,1
400868,0.044883,1
249698,0.044876,2
283981,0.044867,1
462963,0.044864,1
8233,0.044863,1
204864,0.044862,1
16673,0.04486,1
419461,0.04486,2
168744,0.044845,1
287802,0.044842,1
458479,0.04484,1
270901,0.044839,1
304081,0.044835,1
34303,0.044816,1
160120,0.04481,1
308770,0.044808,2
93245,0.044808,1
324319,0.044808,1
310206,0.044807,1
354520,0.044802,2
292192,0.044796,2
53420,0.044794,1
152320,0.044794,1
80224,0.044791,1
49963,0.04479,1
333858,0.044789,1
412457,0.044787,1
24832,0.044783,1
341835,0.04478,1
311370,0.04478,1
119096,0.04478,1
403343,0.04478,1
43672,0.044778,2
69312,0.044775,3
243928,0.044772,2
295196,0.044771,2
109513,0.044767,2
313301,0.044766,2
73377,0.044763,1
117709,0.044762,2
255067,0.044758,1
40384,0.044756,1
348715,0.044755,1
44674,0.044753,2
54566,0.044753,1
29325,0.044752,2
102562,0.044751,2
50329,0.04475,1
161166,0.044747,1
97006,0.044747,1
262799,0.044745,1
36035,0.044745,1
237028,0.044744,1
225148,0.044743,2
387120,0.04474,1
39918,0.044735,1
24800,0.044721,1
83937,0.04472,1
160941,0.044717,1
313889,0.044715,1
319208,0.044714,1
438562,0.044713,1
305365,0.044712,1
388487,0.04471,1
95615,0.044707,1
283958,0.044704,1
434491,0.044704,1
419910,0.044704,1
188900,0.044703,1
83430,0.044703,1
105812,0.044702,1
72788,0.044698,1
318285,0.044697,1
166761,0.044697,1
405542,0.044697,1
273871,0.044696,1
50453,0.044695,1
319764,0.044692,1
181363,0.044691,1
216117,0.04469,1
205814,0.044686,1
5730,0.044684,1
404367,0.044682,1
124364,0.044681,1
139876,0.044675,1
323147,0.044673,1
96826,0.044665,1
231461,0.044652,1
157142,0.044652,1
87094,0.044648,1
228941,0.044645,4
251672,0.044642,1
134793,0.044641,3
178785,0.044634,1
272772,0.044624,1
442902,0.044621,1
267198,0.044615,1
12752,0.044613,1
151677,0.044612,1
451336,0.04461,1
350555,0.044609,1
357938,0.044581,1
367449,0.044576,1
434747,0.044566,1
61001,0.044559,1
315004,0.044554,1
72093,0.044548,1
108735,0.044548,1
153052,0.044534,1
302208,0.044532,1
219389,0.044531,1
152183,0.044513,2
277059,0.044511,2
304629,0.044509,1
146012,0.044492,1
222901,0.044492,1
230230,0.044491,1
193675,0.044491,1
460904,0.044481,1
321017,0.044481,1
127948,0.044478,1
67854,0.044478,1
464968,0.044477,1
107481,0.044476,1
118384,0.044474,1
48360,0.044464,1
3270,0.044459,1
122841,0.044451,1
165470,0.044418,1
211663,0.044409,1
402225,0.044395,1
76731,0.04439,1
100238,0.044388,1
161942,0.044375,1
376630,0.044372,3
42927,0.044365,1
366697,0.04436,1
127119,0.044359,1
152835,0.044354,3
262138,0.044351,1
18171,0.044349,1
383535,0.044344,1
63219,0.044343,1
404525,0.044342,1
265792,0.044342,1
98282,0.044327,1
144218,0.044317,1
27221,0.044315,1
140544,0.044307,3
399006,0.044304,1
390444,0.044289,1
321985,0.044285,1
241693,0.044277,1
61435,0.044244,2
401101,0.044214,3
182351,0.044155,2
67336,0.044145,2
30877,0.044134,3
5328,0.044129,2
343903,0.044109,2
300386,0.044102,4
68600,0.044005,2
70035,0.043973,3
14803,0.0439,2
56485,0.043848,2
353782,0.043821,1
27216,0.043732,3
323057,0.043705,1
278391,0.043667,2
120641,0.043633,2
321496,0.043628,1
43428,0.043594,1
380259,0.043593,2
11366,0.043557,2
214440,0.043552,1
23287,0.043544,1
152900,0.043537,1
459126,0.043533,2
420536,0.043532,1
42091,0.043529,1
315635,0.043527,2
209046,0.043521,2
36156,0.043512,1
229725,0.043508,1
360886,0.043502,1
193776,0.043497,1
411267,0.043495,3
374852,0.043492,1
35255,0.043491,1
183331,0.043488,1
356828,0.043486,3
400968,0.043484,1
175854,0.043482,1
236861,0.043478,1
165589,0.043453,2
197909,0.043449,1
338001,0.043434,1
408444,0.043433,1
421912,0.043433,1
413048,0.043432,1
199910,0.043423,1
234142,0.043416,2
218909,0.043413,1
371551,0.043412,1
67468,0.04341,1
268302,0.043402,1
219997,0.0434,1
388743,0.043392,1
423382,0.043386,1
312271,0.043385,1
229577,0.043381,2
434765,0.043376,1
242493,0.043376,1
361337,0.043364,1
131575,0.043362,1
356414,0.043355,1
140673,0.043353,1
2660,0.043352,1
275356,0.043349,1
452497,0.043338,1
235650,0.043337,1
187449,0.043334,1
169285,0.043332,1
457859,0.043319,1
379458,0.043304,1
74025,0.043303,1
456776,0.043303,1
58715,0.043283,1
337194,0.043276,1
409106,0.043269,1
169890,0.043264,1
361855,0.043261,1
160407,0.043259,1
267051,0.043256,1
364648,0.043248,2
235945,0.043244,1
378211,0.043238,1
403254,0.043236,1
284349,0.043236,1
267194,0.043235,1
283426,0.043232,1
7856,0.043229,1
60393,0.043225,1
232178,0.043222,1
4314,0.043222,1
368601,0.043208,1
339232,0.043207,1
440079,0.043204,1
316624,0.0432,1
112146,0.043185,1
277590,0.043182,1
286331,0.043181,1
13016,0.043179,1
15677,0.043179,1
223543,0.043178,1
418382,0.043178,1
463703,0.043178,1
441443,0.043178,1
385498,0.043169,2
148616,0.043168,1
243455,0.043163,2
51467,0.043161,1
102383,0.043156,1
136682,0.043146,2
453347,0.043141,2
362858,0.043131,1
23356,0.04312,3
185847,0.043117,1
442033,0.043107,1
376151,0.043107,1
131028,0.043102,2
212171,0.0431,1
110415,0.043092,1
409983,0.043088,1
231205,0.043087,1
228195,0.043081,1
88947,0.04308,1
265124,0.043076,2
130320,0.043066,1
264693,0.043054,1
247043,0.043053,1
415655,0.043046,1
109408,0.043044,1
363887,0.043044,1
201821,0.043042,1
359765,0.043034,1
4527,0.043028,2
65286,0.043009,3
213172,0.043004,3
386359,0.043001,1
91065,0.042997,1
299346,0.042995,1
364488,0.042991,2
66302,0.04297,1
29363,0.042962,2
266051,0.042957,1
373405,0.042956,1
349417,0.042953,1
285346,0.04295,1
594,0.042945,1
370162,0.042943,2
279527,0.042943,1
312920,0.042942,2
287007,0.042918,1
191264,0.042909,1
274696,0.042909,1
172393,0.042884,1
39539,0.042884,1
171050,0.04288,1
354995,0.04287,3
241488,0.042867,1
424095,0.042865,1
333120,0.042846,1
59204,0.042843,1
446148,0.042808,2
412574,0.042797,1
266752,0.042771,2
461749,0.042747,1
67182,0.042711,2
232312,0.042703,3
31838,0.042685,2
95255,0.042667,1
349205,0.042629,2
84160,0.04262,4
441620,0.04254,2
191274,0.042533,2
139580,0.042413,2
239482,0.042405,1
176397,0.042403,2
215486,0.042402,1
281511,0.04238,1
375908,0.042376,1
84886,0.042372,1
293009,0.042341,1
71640,0.042333,2
17812,0.042218,2
265025,0.042163,1
5433,0.042151,1
323450,0.042148,1
348014,0.042131,1
209306,0.042127,1
85382,0.0421,1
374262,0.042097,1
239166,0.042095,1
135074,0.042093,1
216695,0.042086,1
127798,0.042084,1
35713,0.042074,1
294291,0.042073,1
319842,0.042072,1
345807,0.04207,1
33425,0.04205,1
88690,0.042044,2
138142,0.042042,1
56070,0.04204,1
431319,0.042036,1
114256,0.04202,1
67177,0.041962,1
253264,0.041958,2
59399,0.041931,1
245474,0.041917,2
220587,0.041917,1
293283,0.041895,1
359375,0.041893,1
162084,0.041883,1
389197,0.041876,3
313342,0.041866,1
227857,0.041866,1
111897,0.041848,1
385878,0.041846,2
218965,0.041843,1
138797,0.041805,1
1981,0.041799,1
159174,0.041795,1
221038,0.041784,1
251509,0.041772,1
446167,0.041767,3
37379,0.041763,1
58942,0.041753,3
446061,0.041739,3
108993,0.041738,1
335378,0.041737,1
109480,0.041735,1
392960,0.041731,1
442236,0.041724,4
217792,0.041708,1
123945,0.041706,2
396186,0.041679,1
284260,0.041678,2
14239,0.041676,1
281345,0.041663,2
434047,0.041656,2
415324,0.04165,1
400960,0.041649,1
277797,0.041606,1
190068,0.041584,1
329472,0.041584,1
466783,0.041584,1
443926,0.041584,1
406693,0.041577,2
332072,0.041577,1
203043,0.041568,1
233171,0.041545,1
389879,0.041541,1
298527,0.04151,1
69263,0.041503,4
26169,0.0415,1
458526,0.041497,1
452283,0.041474,1
225942,0.04147,1
308634,0.041349,1
330894,0.041341,2
56902,0.041307,2
369661,0.041306,2
49521,0.0413,2
286461,0.04127,4
386209,0.041265,2
265802,0.041236,3
90199,0.041206,2
219484,0.041168,2
419471,0.041103,3
210416,0.0411,2
332689,0.041096,2
74773,0.041087,1
141584,0.041082,1
21146,0.041058,2
358649,0.041056,1
139085,0.041004,2
174451,0.040993,2
9918,0.040973,1
116223,0.040932,3
426273,0.040927,1
63975,0.040905,2
361754,0.040881,1
317435,0.040871,2
313383,0.040863,1
321077,0.040855,2
376,0.040851,1
442037,0.040835,2
424062,0.040821,2
305072,0.040791,2
369418,0.040788,2
302560,0.040786,1
161959,0.040777,1
123623,0.040763,2
414008,0.040758,1
291208,0.04075,1
389037,0.040712,2
94198,0.04069,2
458561,0.040689,1
448683,0.040663,1
130552,0.040652,1
15773,0.040644,3
264732,0.040611,1
228656,0.040572,2
196172,0.040566,3
72235,0.04056,1
147534,0.040549,1
103375,0.04047,3
48827,0.040458,1
390881,0.040446,1
281083,0.040407,3
256317,0.040406,2
188084,0.040404,1
71843,0.040394,1
228601,0.040385,1
20305,0.040376,2
101184,0.040338,1
138557,0.040326,2
328488,0.040316,1
90447,0.040301,3
136918,0.040292,2
219168,0.040287,1
173806,0.040287,1
437243,0.040281,1
196133,0.040277,1
434282,0.040273,2
2665,0.040265,2
301359,0.040238,2
332187,0.040235,1
195462,0.040231,1
420981,0.040217,1
63312,0.04017,2
63439,0.040149,1
50019,0.040148,1
207652,0.040118,1
190503,0.040097,1
392713,0.040081,1
233938,0.040061,2
452319,0.040015,2
88032,0.039976,2
446140,0.039836,2
64202,0.039791,2
400255,0.039739,2
121149,0.039702,2
31373,0.039683,1
138656,0.039677,1
178080,0.039665,2
371985,0.039616,2
78515,0.039608,2
192910,0.039562,3
19542,0.03955,1
200486,0.03955,1
371573,0.039495,2
223377,0.039482,2
162345,0.039459,2
117288,0.039457,1
291232,0.039457,1
375863,0.039444,1
379701,0.039444,1
345955,0.039382,1
248023,0.039355,1
406042,0.039348,1
371968,0.039326,2
434807,0.039278,1
187196,0.039275,1
372195,0.039267,1
430808,0.039239,1
14308,0.039224,1
115556,0.03922,1
415764,0.039218,1
139593,0.03921,2
356048,0.03919,1
178506,0.039181,1
255875,0.039163,1
236756,0.039153,1
393777,0.039152,1
330934,0.039143,1
118843,0.039137,1
11428,0.039134,1
147559,0.039118,2
465949,0.039107,1
412740,0.039106,1
338233,0.039088,1
49553,0.039081,1
336756,0.039081,1
220011,0.039079,1
209907,0.039065,1
359327,0.039063,1
68804,0.039063,1
23214,0.039063,1
318008,0.039063,1
352942,0.039061,1
422768,0.039061,1
160473,0.039061,1
156100,0.03906,1
393992,0.039058,1
46039,0.039058,1
376700,0.039057,1
246838,0.039045,1
26710,0.039034,1
313360,0.039023,1
136854,0.03902,1
18032,0.039002,1
438982,0.039002,1
396586,0.039002,1
161848,0.038995,1
195650,0.038993,1
447347,0.038988,1
237544,0.038984,2
36776,0.038982,1
109890,0.038982,1
322503,0.038966,1
204049,0.038951,2
247300,0.038944,1
128069,0.038944,1
21832,0.038928,2
458457,0.038926,1
409561,0.038925,1
51822,0.038922,1
154460,0.038916,1
98990,0.038914,1
138517,0.038914,1
458219,0.038911,2
320620,0.0389,1
139999,0.038895,2
20513,0.038882,2
211115,0.038856,1
424432,0.038854,2
101960,0.038844,1
214700,0.038843,2
29037,0.038843,1
385769,0.038833,1
237017,0.038829,1
49418,0.038825,1
48560,0.038824,1
168513,0.038821,2
275541,0.038821,1
81751,0.038816,2
369100,0.038798,1
73906,0.038798,1
347842,0.038795,1
26644,0.038782,1
40808,0.038774,1
137174,0.038769,2
454031,0.038756,2
395002,0.038683,2
343256,0.038636,2
110302,0.038608,2
91245,0.038559,2
155759,0.03851,2
158637,0.038406,2
41827,0.038375,1
201838,0.038374,1
210846,0.038348,1
76568,0.038318,1
56662,0.038298,1
63873,0.038287,1
402764,0.038285,1
64783,0.038279,1
161680,0.038277,1
130689,0.038273,1
263767,0.038272,1
413816,0.038271,2
442932,0.038271,1
231596,0.038266,1
86238,0.038253,1
389018,0.03825,3
70846,0.038238,1
34406,0.038203,1
392240,0.038202,1
31833,0.038178,1
176757,0.038171,1
44690,0.038134,2
87063,0.038133,2
318292,0.038131,2
101526,0.038131,2
19306,0.03813,2
244204,0.038129,2
192584,0.038128,1
191034,0.038084,1
271954,0.038075,1
359203,0.038057,1
160737,0.038057,1
99526,0.038012,2
202321,0.038008,2
464196,0.038003,1
384562,0.038002,2
196537,0.037999,1
297925,0.037995,2
224480,0.037992,1
268002,0.037978,1
332086,0.037967,1
372781,0.037962,1
394745,0.037958,1
374906,0.037956,1
381726,0.037954,1
241547,0.037951,1
336314,0.037945,1
31893,0.037941,1
287599,0.037934,1
291546,0.037927,1
210823,0.037925,1
328383,0.037924,1
401939,0.037923,1
83915,0.03792,1
399302,0.03791,3
175342,0.037905,1
106688,0.037905,1
314715,0.0379,1
241060,0.037888,1
106341,0.037888,1
402272,0.037886,1
64730,0.037882,1
207333,0.037882,1
39878,0.037878,1
296889,0.037875,1
142843,0.037874,1
384616,0.037856,1
339394,0.037855,1
208423,0.037855,1
292550,0.037854,1
116179,0.037854,1
80451,0.037853,1
464960,0.037853,2
461100,0.037849,1
85571,0.037845,1
252135,0.037842,1
431889,0.037842,1
367352,0.037841,1
335578,0.03784,1
377246,0.03784,1
176169,0.03784,1
339399,0.037839,1
239500,0.037833,1
251829,0.037831,1
158386,0.037827,1
92883,0.037826,1
303769,0.037825,2
234543,0.037823,1
24201,0.037822,1
1175,0.037814,1
447714,0.037811,1
62388,0.037807,1
363649,0.037806,1
404296,0.037806,1
364789,0.037804,2
317930,0.037795,1
268863,0.037794,1
180239,0.037791,1
180405,0.037791,1
115713,0.037789,1
105365,0.037788,1
433957,0.037786,1
175285,0.037786,1
110655,0.037785,1
452341,0.037784,1
440783,0.03778,1
111208,0.037778,1
337881,0.037776,1
329198,0.037775,1
188823,0.037774,1
272988,0.037772,1
398968,0.037771,1
207611,0.037771,1
350061,0.037769,1
446306,0.037763,1
292641,0.037762,1
220402,0.037761,1
207815,0.03776,1
372087,0.037752,1
450986,0.037752,2
149811,0.037751,1
18303,0.037748,1
212650,0.037746,1
63314,0.037741,1
411751,0.037713,1
280647,0.037711,1
118932,0.037695,1
267451,0.037691,1
54427,0.03769,1
353129,0.037686,1
104276,0.037685,1
282988,0.037685,1
166109,0.037685,1
345867,0.037674,2
152820,0.037659,1
197621,0.037657,2
145677,0.037653,1
102311,0.037651,1
294768,0.037644,1
115871,0.037643,1
340994,0.037642,1
246499,0.037642,1
28121,0.037641,1
195437,0.03764,1
455326,0.037639,1
115449,0.037628,1
239861,0.037627,2
70004,0.037626,1
435250,0.037626,1
1696,0.037615,1
288861,0.037614,2
268075,0.037612,1
241022,0.037611,1
442087,0.03761,2
142760,0.037602,1
443391,0.037602,1
212029,0.037601,1
460184,0.037599,1
374053,0.037599,2
263053,0.037597,1
223465,0.037596,1
355478,0.037585,1
88325,0.03757,1
417737,0.037569,1
17733,0.037562,1
322836,0.037559,1
319942,0.037559,1
259096,0.037558,1
419134,0.037555,1
10337,0.037553,2
363030,0.037542,1
108859,0.037539,1
203425,0.037538,1
231726,0.037527,1
177410,0.037526,1
342550,0.037516,1
259477,0.03751,1
34154,0.037482,2
13387,0.037451,2
249130,0.03743,2
390425,0.037417,2
131787,0.037416,2
387027,0.037395,1
268061,0.037368,2
197685,0.037368,2
379111,0.037343,3
299046,0.037312,2
307770,0.037268,2
462376,0.037161,3
92899,0.037041,1
56400,0.03703,1
106906,0.037019,1
303529,0.036997,2
373278,0.036987,2
349202,0.036939,1
298447,0.036896,2
195170,0.036894,1
368866,0.036881,2
322746,0.036828,1
115732,0.036826,1
327897,0.036824,1
461339,0.036823,2
279687,0.036823,1
320901,0.036813,1
394786,0.036786,1
439777,0.036786,1
421016,0.036782,1
352824,0.036773,1
33605,0.036771,1
2765,0.036771,1
128863,0.036756,1
189863,0.036742,1
170542,0.036737,1
47645,0.036737,1
259103,0.036736,1
248524,0.036736,1
354247,0.036736,1
161092,0.036735,1
92775,0.036735,1
415681,0.036734,1
89101,0.036734,1
53214,0.036733,1
24735,0.036733,1
459334,0.036732,1
294215,0.036731,1
68724,0.03673,1
3690,0.036729,1
103854,0.036724,2
442175,0.036723,1
79795,0.036723,1
298419,0.036723,1
390853,0.036722,1
80045,0.03672,1
31360,0.03672,1
349871,0.036719,1
150277,0.036719,1
312904,0.036717,1
200890,0.036716,1
198413,0.036713,1
184594,0.036712,2
148414,0.036708,1
11849,0.0367,1
405372,0.036698,1
114698,0.036689,2
180154,0.036684,1
51020,0.036674,1
204504,0.036667,1
245847,0.036658,1
80813,0.036641,1
460728,0.036626,2
290369,0.036623,1
177536,0.036617,1
146610,0.036616,1
412082,0.036605,1
88523,0.036603,1
394536,0.036602,1
431396,0.036596,1
464767,0.036589,1
392333,0.036583,2
187812,0.036574,1
340918,0.036545,1
19422,0.036545,1
15786,0.036541,1
392554,0.036535,1
88372,0.036534,1
140510,0.036532,1
321770,0.036528,1
460378,0.036528,1
174436,0.036525,1
272732,0.036521,1
290250,0.036512,1
358417,0.036499,1
300477,0.036491,2
245965,0.036489,1
213670,0.036482,1
397118,0.036482,1
5043,0.036479,1
370905,0.036477,2
433009,0.036474,2
162546,0.036472,1
89212,0.036472,2
380200,0.036472,1
425601,0.036469,1
34320,0.036462,1
217068,0.036458,2
385338,0.036457,1
19518,0.036443,1
231362,0.03644,1
163856,0.036433,1
119367,0.03643,1
443311,0.036428,1
336271,0.036428,1
260142,0.03642,1
56309,0.036414,1
121064,0.036413,1
134383,0.036406,1
388567,0.036399,2
141027,0.036389,2
69916,0.036353,1
12436,0.036336,1
307996,0.03633,1
381144,0.03633,1
442368,0.036322,1
92362,0.03632,2
390817,0.036315,1
57962,0.036308,1
124351,0.036304,1
28999,0.036301,2
167772,0.036296,1
251565,0.036292,1
221736,0.036291,1
261351,0.036289,1
373014,0.036268,1
206035,0.036249,2
205451,0.036213,1
234087,0.036185,3
447503,0.036166,1
392774,0.03613,1
7991,0.036129,1
199854,0.036127,2
465311,0.036125,2
216207,0.036117,2
37156,0.03611,2
288952,0.036009,2
225141,0.03592,1
43557,0.035878,3
219517,0.035835,1
400700,0.035797,1
67056,0.035794,1
243136,0.035757,1
3563,0.035718,2
66840,0.035694,3
30588,0.035668,2
184000,0.035656,1
256164,0.035654,1
316373,0.035636,1
182079,0.035635,1
22493,0.035629,1
421548,0.035605,1
289173,0.035597,3
393689,0.035591,1
106350,0.035589,2
268446,0.035588,1
292835,0.035585,1
265020,0.035585,1
283853,0.03558,1
189381,0.03558,1
28459,0.035567,1
286435,0.03556,1
422483,0.035554,1
96069,0.035541,1
91873,0.035533,1
144031,0.035522,1
122609,0.035521,1
44878,0.035506,1
191670,0.035504,1
257328,0.035498,1
143319,0.035492,1
252172,0.035491,1
240985,0.03549,2
445128,0.035489,1
229263,0.035488,1
218188,0.035488,1
40587,0.035486,1
150730,0.035482,1
36230,0.035481,1
201804,0.035478,2
140248,0.035476,2
117170,0.035469,2
107123,0.035461,1
301124,0.035461,1
205061,0.035461,1
20195,0.035461,1
445989,0.035451,1
60086,0.035451,1
61901,0.03545,1
37356,0.035446,1
213547,0.035445,1
59082,0.035445,1
45281,0.035442,1
443785,0.035441,1
291630,0.035433,1
83253,0.035425,1
460991,0.03541,1
86497,0.035402,1
88132,0.035394,1
62613,0.035392,1
79565,0.035385,3
414640,0.03537,1
167335,0.035365,1
80450,0.035365,1
179578,0.035363,2
69941,0.035354,1
247570,0.03535,1
132593,0.035348,1
237817,0.035344,1
258326,0.035342,1
429455,0.035342,1
355599,0.035334,1
246408,0.035333,1
207437,0.03533,1
32431,0.03532,1
364270,0.035314,1
140530,0.035312,2
437055,0.035311,2
16151,0.035311,1
270224,0.0353,1
197455,0.035299,1
273492,0.035292,1
176161,0.035292,1
318626,0.03529,1
85945,0.035282,1
71691,0.035276,1
368600,0.035274,1
214881,0.035271,1
408846,0.03527,1
19730,0.035268,2
453764,0.035268,2
395632,0.035258,1
207303,0.035249,2
430930,0.035243,1
287871,0.035241,1
274358,0.035238,2
134556,0.035231,1
426007,0.035228,1
123636,0.035222,1
437571,0.035222,2
28106,0.035219,1
57017,0.035211,1
439324,0.03521,1
176981,0.035208,2
247180,0.035207,1
417516,0.035205,1
381478,0.035204,1
257532,0.035204,1
258030,0.0352,1
101907,0.035198,1
206289,0.035192,2
257113,0.035186,1
159095,0.035184,2
322946,0.035177,1
253256,0.035177,1
41427,0.035177,1
99556,0.035176,1
255947,0.035175,2
112550,0.035175,1
139439,0.035175,1
173289,0.035174,1
150814,0.035174,1
337817,0.035174,1
256618,0.035174,2
10384,0.035173,1
33506,0.035173,1
127434,0.035173,1
229092,0.035173,1
85284,0.03517,1
335732,0.03517,1
284536,0.03517,1
64572,0.035169,1
24286,0.035169,1
188773,0.035167,1
282764,0.035167,1
159091,0.035167,1
163680,0.035167,1
164515,0.035165,1
321882,0.035164,1
77197,0.035164,1
154565,0.035163,1
280332,0.03516,1
157687,0.035159,1
58812,0.035158,1
1134,0.035157,1
47475,0.035157,1
297298,0.035157,1
289524,0.035157,1
3621,0.035156,1
435225,0.035156,1
327294,0.035156,1
439170,0.035155,1
340771,0.035154,1
404817,0.035153,1
163958,0.035153,1
196704,0.035153,1
418484,0.035153,1
221138,0.035152,1
445170,0.035152,1
44053,0.035151,1
352073,0.035151,1
422252,0.03515,1
229555,0.035147,1
375105,0.035141,2
76870,0.035139,2
335330,0.035132,1
151008,0.035113,1
131006,0.03511,1
347479,0.035109,2
353517,0.035109,1
335974,0.035101,1
366959,0.0351,1
415300,0.035095,1
225261,0.035084,1
137970,0.035052,2
280467,0.035018,2
27620,0.035006,2
373379,0.034998,1
279110,0.034994,2
395115,0.034987,1
95424,0.034977,1
100135,0.034972,2
154851,0.034944,2
399452,0.034917,2
413895,0.034892,2
271932,0.034883,1
295908,0.034879,1
382525,0.034877,2
286189,0.034809,1
195548,0.034809,1
49117,0.034796,2
374804,0.034769,2
78911,0.034741,1
116589,0.034703,2
149415,0.03469,2
182986,0.034635,2
110991,0.034634,1
179317,0.034633,3
221008,0.034626,1
178947,0.034614,1
339890,0.034613,1
191309,0.034611,1
335306,0.034608,1
323326,0.034602,2
186060,0.0346,1
170241,0.034597,1
210841,0.034579,2
465836,0.034562,2
249234,0.03456,1
362214,0.034544,2
347264,0.034542,1
438779,0.034542,1
323161,0.034537,1
20374,0.03453,2
12057,0.034517,2
390253,0.034501,1
28312,0.034501,1
224976,0.034494,1
104476,0.034493,2
294717,0.034458,1
70964,0.034445,2
124140,0.03443,1
333780,0.034424,1
64137,0.034424,1
210240,0.034423,1
240453,0.034399,1
217864,0.034387,1
342650,0.034386,1
142338,0.034384,1
126390,0.034382,1
217225,0.034374,1
82050,0.034373,1
66807,0.034373,1
400985,0.034372,1
343993,0.03437,1
152763,0.03437,1
275813,0.034369,1
308622,0.034369,1
313441,0.034369,1
305263,0.034368,1
84163,0.034367,1
177295,0.034367,1
379963,0.034367,1
404643,0.034366,1
306910,0.034355,1
304418,0.034349,1
48689,0.034343,1
55121,0.034337,1
178999,0.034335,2
214847,0.034322,1
247695,0.034315,1
191475,0.034312,1
215765,0.034307,1
164892,0.034304,1
61796,0.034293,1
119254,0.034291,1
54771,0.034286,1
316705,0.034281,2
90186,0.034277,1
231084,0.034269,1
277993,0.034267,1
453643,0.034267,3
235265,0.034266,1
378740,0.034264,1
123676,0.03426,1
145432,0.034255,1
184748,0.034252,2
106198,0.034247,1
457849,0.034242,2
75971,0.034234,1
59599,0.034233,1
110379,0.034231,1
432873,0.034228,1
244526,0.034226,1
199115,0.034226,1
284048,0.034224,3
96249,0.034223,1
60107,0.03422,1
227770,0.03422,1
102859,0.03422,1
371819,0.034213,1
36037,0.034213,1
96446,0.034213,1
250745,0.034209,2
147969,0.034208,1
216248,0.034208,1
126459,0.034207,1
417621,0.034196,1
380730,0.034184,1
238182,0.03418,1
218468,0.03417,1
80062,0.03417,1
322675,0.034167,1
296627,0.03416,1
358925,0.034155,1
216842,0.034151,2
110960,0.034147,2
57462,0.034146,1
36372,0.034144,1
216465,0.034132,1
465189,0.034131,2
218087,0.034116,2
289938,0.034113,1
264445,0.0341,1
198514,0.034093,1
215222,0.034092,1
138054,0.034087,1
189304,0.034082,2
23251,0.034077,2
213829,0.034074,1
379935,0.034072,3
251589,0.034068,1
72118,0.034065,2
364972,0.034061,2
206141,0.034056,1
18320,0.034054,1
91369,0.034053,2
287254,0.034046,1
62394,0.034038,2
264044,0.034021,3
380394,0.034019,1
155307,0.034016,1
428005,0.034009,1
72062,0.034005,1
384668,0.033999,2
348183,0.033999,2
389748,0.033998,1
292007,0.033987,1
348221,0.033984,1
163868,0.033979,1
80242,0.033969,1
192630,0.03396,1
188718,0.033947,1
379273,0.033946,1
123980,0.033924,2
432994,0.033902,1
292244,0.033897,2
442159,0.03389,2
463144,0.03387,2
115867,0.033868,2
184458,0.033844,2
107517,0.033834,1
156061,0.033775,2
114910,0.033731,1
327807,0.03373,1
2364,0.033696,1
279493,0.033694,1
107895,0.033693,1
273041,0.033665,3
410730,0.033617,1
383305,0.033596,2
173633,0.033564,1
443588,0.033495,2
214517,0.033458,1
34020,0.033456,1
188289,0.033443,2
447823,0.033431,1
270392,0.033315,1
243269,0.033312,1
281749,0.033291,1
209099,0.033283,1
293576,0.033282,2
169864,0.033268,2
280848,0.03324,1
341273,0.033199,2
211023,0.033198,3
129327,0.033187,1
46016,0.033187,1
105060,0.033165,1
204157,0.033163,1
105864,0.033163,1
449702,0.033145,1
246594,0.033139,1
271330,0.033135,1
118411,0.03312,1
448021,0.03312,1
342492,0.033111,1
402024,0.033111,1
129391,0.033109,1
272532,0.033109,1
342511,0.033105,1
69212,0.033097,1
17086,0.033097,1
227945,0.033095,1
286619,0.033095,1
193753,0.033094,1
457164,0.033092,1
218299,0.033092,1
290357,0.033092,1
273841,0.033091,1
342471,0.033091,1
266992,0.03309,1
299509,0.03309,1
453645,0.033089,1
119594,0.033089,1
455091,0.033088,1
357483,0.033087,1
300092,0.033086,1
330234,0.033084,1
139603,0.033084,2
22308,0.033084,1
348672,0.033083,1
101992,0.033083,1
354416,0.033083,1
253312,0.033083,1
278252,0.033082,1
192900,0.033082,2
142774,0.033081,1
39249,0.033079,1
279237,0.033078,1
95376,0.033077,1
350040,0.033077,1
286862,0.033077,1
17731,0.033053,1
160913,0.033053,2
284397,0.033052,1
466444,0.033042,1
189751,0.033017,1
32019,0.033013,2
37902,0.033009,1
461710,0.033004,1
409746,0.032992,1
336668,0.032985,1
266838,0.032939,2
92199,0.032936,1
39373,0.032925,1
78144,0.032919,1
292516,0.032916,1
398577,0.032916,1
333766,0.032912,2
117099,0.032911,2
44712,0.032906,2
144972,0.032905,1
345095,0.032904,1
8833,0.032893,2
94154,0.03289,1
155233,0.032889,1
362875,0.032887,2
373725,0.032882,1
307148,0.032876,1
459278,0.032871,3
238229,0.032847,1
261559,0.032842,2
336166,0.032841,1
385828,0.032808,2
289486,0.032801,1
336377,0.032798,2
189563,0.03279,2
348056,0.032766,2
366042,0.032757,2
282803,0.032749,2
239596,0.032739,3
179939,0.032736,2
370295,0.032697,1
16832,0.032676,2
396873,0.032675,2
179349,0.032646,2
374799,0.032634,3
39857,0.032545,1
410693,0.03253,1
267711,0.03253,2
224941,0.032476,2
183844,0.032438,2
34742,0.032407,1
77267,0.032402,1
327761,0.0324,2
201366,0.032378,2
200024,0.032354,1
74425,0.032354,1
279551,0.032347,1
191180,0.032325,2
155601,0.032244,1
10628,0.032244,1
153301,0.032242,1
36967,0.032213,1
340724,0.032153,1
348760,0.032136,1
32369,0.032132,1
237562,0.03213,1
241441,0.032123,1
30917,0.03212,1
105371,0.032099,1
25518,0.032095,1
221139,0.032089,1
119965,0.032085,2
31084,0.03208,1
326803,0.032078,1
221852,0.032075,1
50918,0.032063,1
308111,0.032058,1
284359,0.032057,1
13570,0.032047,1
108471,0.032046,1
335998,0.032036,1
61046,0.032032,2
106296,0.032031,1
5382,0.032028,1
244775,0.032026,1
237025,0.032025,1
280393,0.032024,2
69443,0.032015,1
194550,0.032012,1
93931,0.032012,1
416888,0.032012,1
427227,0.032011,1
388292,0.03201,1
459548,0.03201,1
187715,0.032007,1
445916,0.032005,1
170243,0.032005,1
174423,0.031992,1
284389,0.031992,1
281547,0.031991,1
161779,0.031989,1
263943,0.031977,1
42226,0.031974,1
297024,0.031964,1
281081,0.031955,1
459292,0.031952,1
388426,0.031947,2
285836,0.031942,1
70581,0.031934,2
304492,0.031932,2
63353,0.03193,1
58863,0.03193,1
430208,0.031921,1
253870,0.031919,1
462470,0.031916,1
308924,0.031914,1
380796,0.031911,1
183258,0.031909,1
391688,0.031879,1
200483,0.031879,1
462617,0.031873,1
437549,0.031869,2
420079,0.031869,1
256368,0.031867,1
422582,0.031865,2
429761,0.031861,1
202386,0.031857,1
159175,0.031856,2
107913,0.031855,1
414822,0.031848,1
194075,0.031844,1
182951,0.031837,1
433940,0.031821,1
350171,0.031804,1
114834,0.031804,1
410887,0.031802,1
409087,0.031799,1
108075,0.031799,1
293005,0.031795,1
82465,0.031792,2
416556,0.03179,3
200505,0.031764,3
220060,0.031697,2
302519,0.031635,2
151152,0.031595,3
93050,0.031567,2
274710,0.031534,3
210455,0.031511,2
185477,0.031499,2
114413,0.031489,2
380312,0.031486,2
126556,0.03148,1
110875,0.031318,1
281657,0.031315,1
405657,0.031294,1
313877,0.03128,1
286947,0.031277,1
383255,0.031277,1
113948,0.03127,1
104540,0.031269,1
408707,0.031256,1
30123,0.031256,1
227013,0.031254,1
292680,0.031249,1
26711,0.031245,1
419241,0.031245,1
291182,0.031239,1
357044,0.031226,1
316592,0.031226,1
309919,0.031226,1
149797,0.03122,1
288602,0.031198,1
23961,0.03118,1
302101,0.031155,1
46810,0.031153,1
58429,0.031149,1
442684,0.031146,1
416847,0.031142,1
315359,0.031115,1
456504,0.031102,1
401974,0.03109,1
324824,0.03109,1
316730,0.03109,1
228318,0.03109,1
160928,0.031081,1
13043,0.031077,1
322606,0.031074,1
421781,0.031072,1
368366,0.031057,2
382718,0.031052,1
311164,0.031051,1
230653,0.031051,1
279637,0.031047,1
106785,0.031031,2
266165,0.031022,1
258757,0.031016,1
339325,0.030998,1
409296,0.030993,1
239065,0.03099,1
390898,0.030989,1
309748,0.030987,3
329496,0.030981,1
150569,0.030981,1
119107,0.030981,1
277979,0.030968,1
466064,0.030964,1
302126,0.03096,1
25325,0.030959,1
328901,0.030959,1
42720,0.030958,1
379765,0.030957,3
286423,0.030948,3
413869,0.030946,2
284892,0.030943,1
762,0.030939,1
101010,0.030939,1
447084,0.030938,1
444264,0.030938,1
51276,0.030938,1
416796,0.030938,1
451139,0.030938,1
112657,0.030938,1
162118,0.030938,1
176707,0.030937,1
42427,0.030937,1
259007,0.030937,1
120270,0.030936,1
297952,0.030936,1
253279,0.030936,1
111379,0.030936,1
65906,0.030934,1
53395,0.030934,1
485,0.030929,1
178311,0.03092,1
308867,0.030907,1
326257,0.030897,1
168276,0.030895,1
125029,0.030893,1
82537,0.030883,1
457749,0.030872,2
100902,0.03087,1
218917,0.030869,1
114484,0.030869,2
462917,0.03086,1
440954,0.030852,1
148438,0.030851,1
191060,0.030835,1
343033,0.030834,1
180231,0.030834,2
325170,0.030823,2
235231,0.030822,2
303645,0.030816,1
29208,0.030815,2
402696,0.030814,1
417321,0.030813,1
387762,0.030811,1
160975,0.030791,1
187542,0.030791,1
228069,0.030789,1
157848,0.030775,1
73643,0.030774,1
385418,0.030761,1
194010,0.030759,1
300833,0.030758,1
250405,0.030758,1
114514,0.030758,1
128519,0.030747,1
351978,0.030733,1
355300,0.030731,2
168748,0.030731,2
265211,0.030726,1
234112,0.030715,1
306809,0.030712,1
409490,0.03071,2
101406,0.030679,1
184769,0.030637,2
54354,0.030632,2
112026,0.030577,2
155026,0.030562,2
91600,0.030528,2
155636,0.030487,3
71285,0.030463,1
192284,0.030422,2
289138,0.030351,2
163279,0.030308,2
46152,0.030308,2
72379,0.030294,1
230834,0.030258,2
11249,0.030225,1
43939,0.030194,2
370019,0.030172,1
432992,0.030165,1
46458,0.030164,1
129795,0.030157,1
46369,0.030125,1
287504,0.030103,1
395405,0.030101,1
83257,0.030088,1
168875,0.030087,1
28977,0.03006,2
270235,0.030045,1
381603,0.030045,1
93439,0.030034,1
340514,0.03003,1
277436,0.030025,1
199617,0.030025,1
45044,0.030024,1
411254,0.030013,1
92548,0.030008,2
240408,0.030008,1
60541,0.030008,1
156096,0.030006,1
205541,0.030004,1
168962,0.030002,1
446669,0.029999,1
45053,0.029998,1
103711,0.029987,1
298516,0.029986,1
389191,0.029981,1
36928,0.029976,1
255998,0.029974,1
168277,0.029969,1
263661,0.029966,1
185910,0.029964,2
328935,0.029952,1
290195,0.02995,1
216701,0.029949,1
369824,0.029949,1
410905,0.029949,1
301223,0.029946,1
59734,0.029946,1
378577,0.029945,1
195976,0.029944,1
13730,0.029942,1
408214,0.029941,1
253403,0.029938,1
128185,0.029933,1
241498,0.029933,1
156049,0.029933,1
204728,0.029932,1
157365,0.029932,1
247370,0.029932,1
244558,0.029926,1
218048,0.029925,1
220377,0.029923,1
76534,0.029916,1
210585,0.029915,1
444707,0.0299,2
343637,0.029899,1
219072,0.029895,1
206476,0.029895,2
124173,0.029895,2
384110,0.029892,1
48833,0.029891,1
224464,0.02989,1
377683,0.029885,1
70773,0.029883,1
351559,0.02988,1
372052,0.029873,1
410215,0.029868,1
8296,0.029866,1
307025,0.029865,1
367483,0.029858,2
447960,0.02985,1
199737,0.029845,1
37313,0.029843,1
311897,0.029843,1
336979,0.029842,2
32434,0.029842,1
280422,0.029842,1
214309,0.029842,2
214916,0.02984,1
301531,0.029838,1
136560,0.029835,1
351124,0.029835,1
338960,0.029828,2
265674,0.029823,1
402566,0.029819,1
64618,0.029817,2
314335,0.029813,1
372090,0.029805,1
275047,0.029805,1
163971,0.0298,1
185957,0.029795,1
94041,0.029785,1
401205,0.029784,2
413344,0.029776,1
461593,0.029773,1
455319,0.029771,1
244218,0.029769,2
343463,0.029768,1
331237,0.029765,1
291217,0.029763,1
433839,0.029758,2
91676,0.029758,1
332648,0.029757,1
14159,0.029756,1
88401,0.029756,1
332786,0.029754,1
237852,0.02975,1
177555,0.02975,2
239086,0.02975,1
344428,0.029748,1
91126,0.029742,1
36972,0.029741,1
166572,0.02974,1
424820,0.029738,1
371766,0.029735,1
387390,0.029735,1
368739,0.029735,1
48949,0.029735,1
230058,0.029735,1
179413,0.029733,2
347178,0.029731,1
195758,0.02973,1
358392,0.029729,1
41053,0.029729,1
418027,0.029729,1
105997,0.029729,1
233099,0.029728,1
153489,0.029726,1
415174,0.029726,1
180570,0.029724,1
87306,0.029723,1
401139,0.029723,1
233254,0.029721,1
85188,0.029718,1
445627,0.029718,2
190139,0.029718,1
125517,0.029717,1
289052,0.029713,1
191678,0.029711,2
329049,0.02971,2
36945,0.02971,1
341344,0.02971,1
46915,0.0297,2
398951,0.029679,1
338535,0.029671,2
156314,0.029639,2
48224,0.029601,2
360359,0.029549,2
1619,0.02954,2
174172,0.02954,2
229115,0.029514,2
217423,0.029494,2
374390,0.029476,2
232089,0.029368,1
85722,0.029361,2
261256,0.029351,1
196051,0.029349,1
13475,0.029344,1
90748,0.029335,1
226847,0.029324,2
144980,0.029279,2
17352,0.029269,1
337543,0.029237,2
118880,0.029212,2
171335,0.029178,2
95834,0.029176,2
162474,0.029164,1
449822,0.029163,1
310510,0.029133,1
363451,0.029131,1
255331,0.02913,1
55099,0.029125,1
34488,0.029105,1
298465,0.029093,1
94981,0.029091,1
318339,0.029091,1
12196,0.029088,1
217763,0.029083,1
82994,0.029076,1
363716,0.029071,1
179538,0.02907,2
76569,0.029059,1
90897,0.029058,1
201316,0.029042,1
13537,0.029039,1
156280,0.029032,1
5813,0.029027,2
97750,0.029025,1
324276,0.029023,1
316760,0.029016,1
61206,0.029009,1
101754,0.029009,1
136636,0.029009,1
62690,0.029006,1
393686,0.029006,1
362740,0.029004,1
200660,0.029003,2
217342,0.028997,2
129220,0.028994,2
342552,0.028987,1
465485,0.028984,1
251531,0.02898,1
132594,0.028967,1
182865,0.028962,1
277514,0.028961,1
336923,0.028957,1
292966,0.028955,1
149469,0.02895,1
342749,0.028949,1
304400,0.028948,1
392399,0.02894,1
445728,0.028927,1
289042,0.028908,2
215877,0.0289,1
286612,0.028893,1
183376,0.028891,1
140065,0.028891,1
274145,0.028888,1
225909,0.028888,1
416023,0.028887,2
197619,0.028886,1
249731,0.028885,1
377684,0.028882,1
421154,0.028882,1
15337,0.028881,1
10647,0.02888,1
373360,0.028878,1
432485,0.028876,1
421931,0.028871,1
302797,0.028867,1
454713,0.028863,1
279531,0.028861,1
401542,0.028857,1
114786,0.028857,1
269716,0.028856,1
279069,0.028847,1
364139,0.028845,1
199527,0.028845,1
101468,0.028843,1
108660,0.028843,1
250556,0.02884,1
317745,0.028833,1
55264,0.028833,1
254874,0.028833,1
134045,0.028833,2
27265,0.028832,1
240445,0.028832,1
358391,0.02883,1
239080,0.02883,1
345928,0.02883,1
168046,0.028826,1
393936,0.028825,1
406148,0.028823,2
53338,0.028822,1
405090,0.028821,1
273263,0.028818,1
84680,0.028815,1
367614,0.028815,1
465943,0.028811,1
292325,0.02881,1
449403,0.028807,2
427111,0.028804,1
360639,0.028801,2
156575,0.0288,2
166779,0.028795,1
464107,0.028793,1
10749,0.028791,1
292782,0.028791,1
2270,0.028783,1
391605,0.028781,1
230946,0.028778,1
107352,0.028777,1
419857,0.028775,1
412128,0.028766,1
365536,0.028766,2
339305,0.028765,1
173021,0.028762,2
254678,0.02876,2
214319,0.02876,1
335474,0.028757,1
425700,0.02875,1
249161,0.028748,1
291449,0.028736,1
367188,0.028734,2
143045,0.028733,1
135570,0.028717,2
355852,0.028696,2
147828,0.028684,2
311802,0.028675,2
183107,0.028671,2
302423,0.028662,2
125522,0.028645,2
106982,0.028619,2
124804,0.028616,1
378570,0.028571,2
286555,0.028566,2
368180,0.028551,2
322226,0.028547,2
207626,0.02853,2
40168,0.028478,2
213576,0.028431,2
418899,0.028407,1
8501,0.028406,1
340190,0.028406,1
393567,0.028404,1
372656,0.0284,1
280760,0.028383,1
365585,0.028371,1
182246,0.02837,1
447632,0.02837,1
434432,0.028364,1
116888,0.028364,1
19393,0.028331,1
234007,0.028329,1
272327,0.028323,2
154040,0.028277,2
418809,0.028266,2
105920,0.028234,2
69160,0.028233,1
17944,0.028182,1
23593,0.028179,2
434056,0.02817,1
89929,0.028163,2
420228,0.028163,2
379466,0.028143,1
325046,0.028139,1
346225,0.028138,1
192674,0.028137,1
154486,0.028136,1
298283,0.028136,1
394520,0.028125,1
302504,0.028124,1
279399,0.028118,1
57932,0.028115,1
9454,0.028106,1
34915,0.028099,1
320168,0.028092,1
398686,0.028089,2
52539,0.02808,1
222417,0.02808,1
43593,0.028076,1
178446,0.028076,1
465058,0.028073,1
217003,0.028069,1
458481,0.028069,1
95844,0.028068,1
417884,0.028068,1
445861,0.028067,1
106295,0.028066,1
290628,0.028062,1
98101,0.028058,1
428430,0.028056,1
266344,0.028056,1
424484,0.028054,1
105954,0.028049,1
466142,0.028044,1
233510,0.028039,1
383650,0.028034,1
67496,0.028032,1
3382,0.028016,1
232184,0.028016,1
328281,0.028016,1
100121,0.028015,1
251508,0.028011,1
285815,0.028011,1
327335,0.02801,1
98576,0.028008,1
110676,0.028005,1
395074,0.028005,1
91827,0.027999,1
414798,0.027998,1
343342,0.027998,1
103295,0.027997,1
156706,0.027997,1
72016,0.027997,1
72735,0.027995,1
248343,0.027994,1
83381,0.027993,1
235539,0.02799,1
148930,0.027988,2
448959,0.027988,1
14265,0.027987,1
305773,0.027987,1
82063,0.027983,1
10388,0.027983,1
174727,0.027982,1
406179,0.027982,1
428748,0.027981,1
363237,0.027981,1
191218,0.027981,2
153851,0.027977,1
88630,0.027975,1
73252,0.027975,1
201415,0.027974,1
290991,0.027974,1
345489,0.027973,1
370586,0.027971,1
45972,0.027971,1
182066,0.02797,1
312129,0.027968,1
250362,0.027967,1
192005,0.027966,1
378533,0.027966,1
345816,0.027966,1
429755,0.027963,1
377385,0.027963,1
168404,0.027963,1
108980,0.027961,1
342354,0.027961,1
349832,0.027934,1
240822,0.027933,1
267745,0.027926,1
463930,0.027925,1
47901,0.027925,1
42071,0.027922,1
245449,0.027917,1
436938,0.027917,1
162644,0.027914,1
116631,0.027912,1
198062,0.027906,1
69440,0.027905,1
399999,0.027904,2
368025,0.027903,1
171080,0.027896,1
71556,0.027895,1
188663,0.027895,1
280223,0.027895,1
356877,0.027891,1
315322,0.027891,1
272040,0.02789,1
62983,0.027888,1
322078,0.027887,1
100505,0.027887,1
444747,0.027886,1
319358,0.027876,1
414004,0.027874,1
417008,0.02787,1
8611,0.02787,1
209256,0.027869,1
162239,0.027868,1
406137,0.027865,1
3434,0.02786,1
377474,0.027848,2
68315,0.027844,1
50678,0.027843,1
137401,0.027838,1
239245,0.027837,2
446088,0.027832,1
347064,0.027826,2
83981,0.027826,1
402822,0.027826,2
119960,0.027824,1
368015,0.027818,1
110671,0.027817,1
395615,0.027816,1
50227,0.027815,1
325209,0.027812,1
94422,0.027807,1
289027,0.027803,1
384627,0.027799,2
173680,0.027795,2
374295,0.027792,1
224534,0.02779,2
390167,0.027788,1
249554,0.027788,2
242988,0.027779,1
84657,0.027777,1
317513,0.027777,2
445770,0.027777,2
181261,0.027775,1
146069,0.027767,1
381386,0.027765,1
435545,0.027761,1
390548,0.027758,1
88052,0.027758,1
36093,0.027758,1
171091,0.027758,1
170315,0.027757,1
420036,0.027757,1
100674,0.02775,1
332932,0.027749,1
411835,0.027749,1
327727,0.027748,1
216173,0.027739,1
10483,0.027739,1
289817,0.027732,1
414501,0.027732,1
376686,0.027731,1
320441,0.027731,1
177019,0.027729,1
100263,0.027723,1
459647,0.027719,1
11467,0.027718,1
121565,0.027717,1
367660,0.027717,2
245021,0.027701,1
326813,0.0277,1
364568,0.0277,1
195503,0.0277,1
179411,0.027691,1
324049,0.027689,1
204274,0.027675,1
410914,0.027672,1
197775,0.02767,2
122600,0.02766,1
385550,0.02766,2
399378,0.027658,2
40058,0.027651,1
208856,0.027651,1
49608,0.027607,2
99502,0.027589,2
191807,0.027581,1
457940,0.027537,1
278704,0.027537,1
294952,0.027533,1
85737,0.027533,1
300118,0.027532,1
138671,0.027532,1
65221,0.02753,1
258866,0.027529,1
251401,0.027529,1
106807,0.027524,1
230594,0.027514,1
360683,0.027514,1
453047,0.027512,1
28666,0.027511,1
385422,0.027509,1
417071,0.027498,1
382802,0.027493,1
459282,0.02749,1
379093,0.02749,1
60192,0.027489,1
212389,0.027484,1
219143,0.027484,1
242346,0.027483,1
142511,0.027483,1
191226,0.027467,2
122644,0.027447,2
149686,0.027444,1
324543,0.027428,1
193864,0.027421,2
118971,0.027407,2
118557,0.02735,2
294399,0.027301,1
17435,0.027271,1
62529,0.02727,1
374324,0.027247,1
41770,0.027247,1
163294,0.027247,1
168904,0.027225,2
144632,0.027225,2
116943,0.027213,1
398546,0.027207,2
310673,0.027207,1
115530,0.027198,1
370933,0.027196,1
79167,0.027195,1
397884,0.027189,1
226598,0.027183,1
57346,0.027176,1
385295,0.027172,2
420470,0.027164,1
88305,0.027159,2
364153,0.027156,1
285698,0.027156,1
301540,0.027154,1
277201,0.027154,1
228172,0.027149,1
161346,0.027146,1
147070,0.027145,1
306551,0.027145,1
229796,0.027145,1
105009,0.027142,1
296515,0.027141,1
166860,0.02714,1
145238,0.027133,1
444979,0.027129,1
122834,0.027124,1
120822,0.027116,1
23438,0.027109,1
26938,0.027109,2
180480,0.027109,1
367549,0.027099,1
84670,0.027083,1
458140,0.027081,1
184719,0.02708,1
404482,0.027073,1
193584,0.027066,1
291225,0.027065,1
280079,0.027064,1
231140,0.027061,1
59192,0.027059,1
59798,0.027052,1
115183,0.027052,1
821,0.027051,1
167220,0.027049,1
259926,0.027049,1
360258,0.027044,1
24304,0.027044,1
206809,0.027041,1
19771,0.027036,2
444930,0.02703,1
280946,0.027027,2
135703,0.027026,1
22872,0.027019,1
282388,0.027018,1
140208,0.027017,1
288173,0.027017,1
70039,0.027013,1
396110,0.027012,1
43915,0.027005,1
416769,0.027004,1
68814,0.027003,1
440370,0.027001,1
269523,0.026993,1
93181,0.02699,1
188089,0.026986,2
185654,0.026984,2
196180,0.026984,1
399578,0.026982,1
12604,0.026982,1
382657,0.02698,1
226695,0.026975,1
452098,0.026972,1
43309,0.026971,1
330475,0.026964,1
400064,0.026962,1
239476,0.026961,1
226820,0.026958,1
222783,0.026957,1
375196,0.026956,2
245822,0.026955,1
448747,0.026953,1
311774,0.026952,1
29519,0.026952,1
343104,0.026949,1
139027,0.026948,1
48240,0.026941,1
210948,0.026941,1
147847,0.026935,1
385691,0.026934,1
239050,0.026929,1
220174,0.026929,2
352897,0.026925,1
201840,0.026922,1
203571,0.026922,1
70172,0.02692,2
106288,0.026918,2
2661,0.026907,1
16824,0.026903,1
161736,0.026898,1
70816,0.026894,1
228525,0.026893,1
391718,0.026893,1
430491,0.026887,1
105373,0.026871,1
389662,0.026871,1
346223,0.02686,1
147406,0.026854,1
137391,0.026849,1
425779,0.026831,1
4636,0.026831,1
293167,0.026825,1
191973,0.026819,2
50500,0.026809,1
129111,0.026809,2
366899,0.026808,1
151631,0.0268,1
415331,0.026724,2
166798,0.026644,1
460648,0.026612,2
437488,0.026588,2
40148,0.026575,2
35477,0.026548,2
12523,0.02653,2
26205,0.026454,1
242145,0.026427,1
85628,0.026414,2
263700,0.026413,2
290087,0.026412,1
466501,0.026407,2
375158,0.026395,1
257537,0.026391,1
300356,0.026386,1
275257,0.026381,1
148954,0.026377,1
221712,0.026375,1
248547,0.026367,1
273579,0.026353,1
110972,0.026352,1
104464,0.026351,2
13844,0.026339,1
186360,0.02633,1
109150,0.026324,1
262813,0.02629,1
128301,0.026269,1
48680,0.026266,1
110200,0.02626,1
77987,0.026254,1
410699,0.026238,1
194391,0.026227,2
416426,0.026212,1
207796,0.02621,1
48800,0.026202,1
43472,0.026197,1
314076,0.026184,1
433702,0.026152,1
201489,0.026142,1
318269,0.026136,1
34670,0.026125,1
85189,0.026118,1
360540,0.026104,1
105277,0.026092,1
146274,0.026042,1
415242,0.026036,1
102403,0.026018,2
226111,0.026013,1
3550,0.026006,2
264967,0.025976,2
217089,0.025975,2
301814,0.025975,2
301972,0.025969,2
12163,0.025948,2
374101,0.025822,2
15830,0.025821,1
302248,0.02582,1
183933,0.025749,2
464087,0.025748,2
274113,0.025714,2
309819,0.025681,1
276863,0.025669,1
259901,0.025652,1
381310,0.025557,1
379324,0.025521,1
155178,0.025515,1
313404,0.025504,1
186783,0.025488,1
50855,0.025479,1
453612,0.025479,1
370312,0.025478,1
235498,0.025477,1
129496,0.025477,1
226867,0.025477,1
211569,0.025476,1
259614,0.025442,1
47027,0.025441,1
59305,0.025421,1
176824,0.025405,1
52941,0.025401,1
355880,0.025377,1
151776,0.025374,1
86000,0.025369,2
283891,0.025343,1
108908,0.025341,2
119191,0.025338,1
308859,0.025324,1
177354,0.025318,1
186591,0.025297,1
157984,0.025267,2
266325,0.025259,2
178073,0.025256,1
206968,0.025213,1
356602,0.025212,1
72303,0.025211,1
92022,0.025192,1
190243,0.025181,1
174491,0.025177,1
207575,0.025174,1
361834,0.025171,1
125116,0.025168,1
421071,0.025164,1
348881,0.025032,2
237932,0.025026,2
212274,0.025012,2
217352,0.024939,2
361253,0.02488,2
28642,0.024847,1
93711,0.024835,1
396938,0.024835,1
282912,0.024827,1
52713,0.024813,1
175495,0.024796,1
365164,0.024779,2
59811,0.024776,1
90587,0.024773,1
191800,0.024732,1
345455,0.024725,1
212391,0.024706,1
146676,0.024682,1
167033,0.024668,1
258758,0.024659,1
443867,0.024659,1
361281,0.024657,1
68906,0.024657,1
450940,0.024656,1
345621,0.024654,1
19360,0.02463,1
308467,0.024623,1
401387,0.024618,1
202801,0.024615,1
207162,0.024613,1
260611,0.024603,1
115072,0.024585,1
150173,0.024584,1
393055,0.02457,1
456326,0.024564,1
286006,0.024538,1
96314,0.024537,1
322926,0.024536,1
135706,0.024536,1
367734,0.024533,1
81406,0.024524,1
75062,0.024517,1
277105,0.024509,1
390627,0.024508,1
369956,0.024504,2
358752,0.024504,1
80913,0.024503,1
208485,0.024498,1
123919,0.024497,1
196750,0.024492,1
362428,0.02449,1
322412,0.02449,1
388297,0.02449,1
425963,0.024487,1
115526,0.024481,1
274753,0.024477,1
310705,0.024469,1
18274,0.024468,1
66439,0.024468,1
235869,0.024468,1
12043,0.024466,1
228784,0.024465,1
53921,0.024464,1
385113,0.024461,1
150698,0.024459,1
151849,0.02445,1
382539,0.024446,1
39474,0.02444,1
238312,0.024437,1
392147,0.024436,1
9894,0.024427,1
381063,0.024427,1
391518,0.024426,2
285032,0.024409,1
127036,0.024408,1
8136,0.024403,2
205575,0.024396,1
347698,0.024396,1
34676,0.024384,1
262722,0.024383,1
44753,0.024378,1
223711,0.024363,2
246324,0.024363,1
91210,0.024358,1
347132,0.024351,2
343488,0.024351,2
320539,0.024346,1
223060,0.024345,1
332082,0.024345,1
309366,0.024339,1
123416,0.02433,1
164425,0.024329,1
449930,0.024329,1
13205,0.02432,1
188536,0.024318,2
19366,0.024311,2
178232,0.024308,2
326324,0.024306,2
117762,0.02429,1
309365,0.024286,1
431232,0.024261,1
113451,0.024249,2
127784,0.024217,2
307715,0.024217,2
250077,0.024194,2
422779,0.024177,2
368918,0.024081,2
335096,0.02401,2
325611,0.024003,2
246305,0.023947,1
89772,0.023938,2
275079,0.023905,1
87848,0.023869,1
88113,0.023868,1
11915,0.023864,1
352932,0.023863,1
430511,0.023855,1
275900,0.023852,1
209887,0.023851,1
282302,0.023839,1
383698,0.023839,1
412315,0.023837,1
151890,0.023836,1
341313,0.023835,1
97265,0.023835,1
44931,0.023833,1
218718,0.023829,1
397757,0.023826,1
269969,0.023819,1
180766,0.023816,1
393184,0.023816,1
361347,0.02381,1
451553,0.023806,1
9468,0.023771,1
430640,0.023764,1
236654,0.023761,1
45714,0.023759,1
438394,0.023755,1
119179,0.023754,1
404348,0.023754,1
188165,0.023752,1
351701,0.02375,1
85646,0.02375,1
383715,0.023741,1
69408,0.023727,1
256619,0.023723,1
18949,0.023721,1
72324,0.02372,1
455749,0.023714,1
41988,0.023711,1
413250,0.02371,1
221822,0.023706,1
46041,0.023705,1
433536,0.023703,1
105779,0.023689,1
69699,0.023688,1
135871,0.023688,1
92682,0.02368,1
356273,0.023673,1
426831,0.023673,1
35087,0.02367,1
409466,0.023664,2
166591,0.023663,2
165397,0.02366,1
370081,0.023656,1
178525,0.023655,1
363145,0.023652,1
174368,0.023651,1
457213,0.02365,1
175243,0.023649,1
96837,0.023647,1
2946,0.023645,2
381201,0.023637,1
203458,0.023636,1
222049,0.023636,1
299022,0.023636,1
278703,0.023634,1
82812,0.023633,1
67640,0.023628,2
16109,0.023625,1
378519,0.023625,2
198749,0.023621,2
86516,0.023618,1
308936,0.023615,1
449369,0.023614,1
27628,0.023613,1
209017,0.023612,1
77517,0.023609,2
308741,0.023608,2
107472,0.023596,1
101062,0.023596,1
339293,0.023596,1
101464,0.023595,1
3222,0.023594,1
118672,0.023592,1
124343,0.023591,1
346398,0.023591,1
446942,0.023591,1
466382,0.02359,1
453974,0.02359,1
437918,0.023589,1
213642,0.023589,1
37093,0.023589,1
339338,0.023588,1
176613,0.023587,1
250439,0.023582,1
353866,0.023579,1
246261,0.023578,1
254456,0.023576,1
430826,0.023573,1
176712,0.023567,1
336641,0.023565,1
35232,0.023557,1
197179,0.023554,1
72400,0.023554,2
286590,0.023553,1
158819,0.023553,1
330187,0.023552,1
13204,0.023552,1
156373,0.023551,1
319746,0.023549,1
299946,0.023549,1
161103,0.023548,1
233363,0.023547,1
5544,0.023547,1
414322,0.023545,1
33598,0.023542,1
261007,0.02354,1
326715,0.02354,1
398809,0.023538,1
299965,0.023537,1
395624,0.023537,1
251536,0.02353,2
110252,0.023517,2
55933,0.023511,2
97154,0.023467,2
74117,0.023465,2
415107,0.023421,2
37543,0.0234,2
461665,0.023386,2
45037,0.023374,2
78967,0.023373,2
187139,0.023276,1
368112,0.023197,1
463236,0.023176,1
158221,0.023165,1
407179,0.023163,2
382355,0.023153,1
137680,0.023152,1
37813,0.023138,1
418111,0.023138,1
15123,0.023138,1
260616,0.02312,2
380444,0.023098,1
22047,0.023094,2
171653,0.023086,2
168771,0.023084,1
434154,0.023081,1
461171,0.023081,1
44835,0.023081,1
441240,0.023076,1
443407,0.023059,1
97234,0.023055,2
140491,0.023052,1
336054,0.023048,1
391145,0.023033,1
325567,0.02303,1
70044,0.023027,1
2942,0.023013,1
443709,0.022995,1
188320,0.022995,1
153827,0.022975,1
302252,0.022957,1
451726,0.022951,1
156677,0.022947,1
86484,0.022939,1
366698,0.022939,1
325721,0.022934,1
102653,0.022932,1
425581,0.022931,1
310894,0.02293,1
163165,0.022925,1
383019,0.02292,1
257115,0.022916,1
15983,0.022915,1
28842,0.022914,1
44411,0.022903,1
285156,0.022899,1
105835,0.022893,1
80329,0.022893,1
227422,0.022888,1
337897,0.022886,1
9838,0.022886,1
298100,0.022883,1
255786,0.022882,1
217,0.022882,1
453410,0.022879,1
16441,0.022876,1
256951,0.022872,1
407046,0.022868,2
351809,0.022866,1
120373,0.022861,2
158834,0.022858,2
380991,0.022858,1
170929,0.022851,1
13717,0.022848,1
274397,0.022848,1
257929,0.022845,2
390728,0.022844,1
22347,0.022843,1
377603,0.022843,1
89054,0.022838,1
309927,0.022838,1
38872,0.022837,1
121904,0.022837,1
259179,0.022835,1
233820,0.022832,1
247999,0.022829,1
438513,0.022828,1
48455,0.022827,1
202605,0.022827,1
447659,0.022825,1
107637,0.022825,2
309997,0.022823,1
132792,0.022817,1
135621,0.02281,1
385748,0.02281,1
69404,0.022805,2
223243,0.022803,1
186562,0.022796,1
56660,0.022796,1
171952,0.022795,2
443408,0.022794,1
93092,0.022794,1
168846,0.022792,1
300281,0.02279,1
95707,0.022787,1
247755,0.022786,1
135897,0.022785,1
240587,0.022782,1
34853,0.022781,2
201781,0.022779,1
291629,0.022779,1
1874,0.022774,2
231108,0.022772,1
84038,0.022771,2
99238,0.022771,1
268872,0.022769,2
124264,0.022768,1
166885,0.022768,1
246019,0.02276,2
393769,0.02276,1
288505,0.022758,1
438759,0.02275,1
379647,0.022746,2
12315,0.022742,1
181242,0.022727,1
296968,0.022697,2
369045,0.022679,2
228964,0.022649,2
261288,0.022624,2
328349,0.022598,2
395451,0.022582,1
354840,0.022538,1
119914,0.022525,1
13123,0.022491,1
370014,0.022488,1
255499,0.022485,1
336759,0.022483,2
198841,0.022475,1
272722,0.022471,1
92055,0.02247,1
378489,0.022458,1
71343,0.022457,1
459269,0.022451,1
404679,0.02245,1
354745,0.022442,1
368226,0.022439,1
152502,0.022434,1
5492,0.022431,1
33272,0.022431,1
312573,0.022419,1
434757,0.022417,1
391759,0.022388,1
99263,0.022367,1
95095,0.022365,1
463331,0.022357,2
280335,0.022354,2
296114,0.022349,1
249893,0.022333,1
172619,0.022333,1
401807,0.022321,1
465135,0.022321,1
360128,0.022304,1
139191,0.022293,2
377748,0.022293,1
437077,0.022289,1
324239,0.022281,1
71076,0.022281,1
453097,0.022276,1
119711,0.022276,1
289960,0.022276,1
22623,0.022276,1
102277,0.02227,1
352058,0.022258,1
234198,0.022254,1
129186,0.022249,1
5138,0.022248,1
92150,0.022246,1
416212,0.022244,1
291279,0.022243,1
3500,0.022242,1
207276,0.022242,1
361955,0.02224,1
218284,0.02224,1
268586,0.022235,1
315455,0.022232,1
250838,0.022231,1
441782,0.022223,1
420847,0.022219,1
144991,0.022218,1
170996,0.022216,1
30813,0.022215,1
397595,0.022215,1
142162,0.022214,1
186491,0.022214,1
288795,0.022202,1
281283,0.022201,1
146528,0.022191,1
262525,0.02219,1
155277,0.022185,1
338833,0.022184,1
241630,0.022182,1
296383,0.02218,1
24450,0.022179,1
275331,0.022178,1
65319,0.022176,1
134953,0.022176,1
309434,0.022172,1
411920,0.022171,1
310419,0.022165,1
396809,0.022163,1
308628,0.022162,1
109427,0.022161,1
49725,0.022161,1
14063,0.02216,1
262762,0.022158,1
411177,0.02215,1
247816,0.022134,1
412257,0.022133,1
301795,0.022132,1
112398,0.022125,1
94675,0.022107,1
159214,0.022103,1
146073,0.022102,1
458588,0.022101,1
364168,0.0221,1
378849,0.0221,1
20163,0.0221,1
293606,0.022098,1
43081,0.022096,1
429262,0.022095,1
35316,0.022095,1
34148,0.022089,1
319146,0.022081,2
33267,0.022072,1
244977,0.022071,1
237505,0.022057,1
201461,0.022053,1
98124,0.022049,1
430131,0.022045,1
300907,0.022035,1
110184,0.022035,1
138380,0.022033,1
66532,0.022033,1
2710,0.02203,1
67578,0.022028,1
278319,0.022026,1
242554,0.022026,1
421647,0.022024,1
136209,0.022017,1
244127,0.022017,1
247670,0.022016,1
11744,0.022015,1
263744,0.022013,1
20092,0.022007,1
218832,0.022003,2
371795,0.022,2
466486,0.021984,1
223536,0.021975,1
116423,0.021969,2
414588,0.021968,2
326306,0.021951,2
337167,0.021935,2
104247,0.021919,2
176338,0.021902,2
23033,0.021837,2
351044,0.021774,2
161818,0.021673,1
302864,0.021644,1
337975,0.021641,1
93883,0.021636,1
136953,0.021634,1
454149,0.021634,1
441330,0.021627,1
369663,0.021613,1
102410,0.0216,1
357671,0.021597,1
225903,0.021595,1
371227,0.021589,1
244926,0.021588,1
36463,0.021587,1
431896,0.021569,1
199458,0.021569,1
253550,0.021566,1
37484,0.021566,1
332492,0.021562,1
428531,0.021561,1
395292,0.021556,2
219257,0.021554,1
204705,0.021548,1
103766,0.021546,1
240495,0.021543,1
310780,0.021541,1
403707,0.021536,1
247343,0.021534,1
116252,0.021533,1
131109,0.02153,1
260200,0.02153,1
455350,0.021528,1
246605,0.021528,1
293230,0.021528,1
184593,0.021526,1
312555,0.021525,1
32589,0.021524,1
304403,0.021524,1
114930,0.021523,1
147437,0.021523,1
273807,0.021522,1
364465,0.021521,1
142846,0.02152,1
196465,0.02152,1
220704,0.021519,1
450744,0.021517,1
209112,0.021515,1
233313,0.021511,1
418545,0.021508,1
52638,0.021506,1
276788,0.021506,1
66287,0.021505,1
409709,0.021502,1
40409,0.021497,1
384647,0.021492,1
156591,0.021489,1
22327,0.021489,1
250662,0.021487,1
363007,0.021485,1
1305,0.021484,1
24659,0.021479,1
123894,0.021478,1
231852,0.021478,1
211158,0.021469,1
436219,0.021467,1
147250,0.021467,1
54292,0.02146,1
42299,0.021457,1
319795,0.021454,1
360188,0.021453,1
121506,0.021453,1
123966,0.021453,1
2832,0.021453,1
292457,0.021452,1
178469,0.02145,1
4558,0.02145,1
216782,0.021449,1
465575,0.021449,1
84853,0.021448,1
230918,0.021446,1
270774,0.021437,1
88642,0.021436,1
333317,0.021434,1
302168,0.021432,1
3989,0.021432,1
426717,0.021431,1
186008,0.02143,1
100589,0.02143,1
80582,0.021429,1
112099,0.021429,1
428033,0.021428,1
344721,0.021426,1
370359,0.021424,1
280616,0.021421,1
30573,0.021421,1
249649,0.021418,1
224979,0.021415,1
77756,0.021406,1
215975,0.021397,1
81185,0.021395,1
173110,0.021392,1
246903,0.021388,1
181672,0.021387,1
257281,0.021379,1
27102,0.021379,1
168100,0.021378,1
30171,0.021377,1
327773,0.021377,1
374493,0.021371,1
211230,0.021369,1
249735,0.021369,1
157105,0.021367,1
299703,0.021366,1
307746,0.02136,1
312722,0.02136,1
224182,0.02136,1
231432,0.021356,1
230568,0.021352,1
371400,0.021347,1
239974,0.021338,1
266743,0.021338,1
369399,0.021335,1
26914,0.021334,1
227182,0.021329,1
420034,0.021327,1
116199,0.021324,1
426961,0.021324,2
464725,0.021324,1
14735,0.021323,1
2817,0.021322,1
12569,0.02132,1
348882,0.02132,1
189571,0.021319,1
53071,0.02131,1
189156,0.02131,1
64353,0.021305,1
14043,0.021305,1
348196,0.021304,1
447995,0.021298,1
85337,0.021294,1
449757,0.021292,1
392895,0.021291,1
464541,0.021268,1
3880,0.021268,2
221855,0.021268,2
68868,0.021252,1
277767,0.021233,2
242603,0.021214,2
183445,0.021206,2
197919,0.021201,2
393979,0.021201,2
387414,0.021189,1
312612,0.021187,1
61716,0.021168,2
255741,0.021157,2
362184,0.021087,1
342026,0.02105,1
136175,0.021047,1
119429,0.021046,1
425885,0.02099,1
279261,0.020989,1
147026,0.020984,1
230023,0.020952,1
148596,0.020928,1
134436,0.020927,1
96243,0.020903,1
53445,0.020899,1
329880,0.020899,1
376017,0.020859,2
136072,0.020859,2
137514,0.020852,2
234045,0.020852,2
304540,0.020849,2
218614,0.020848,1
448422,0.02083,1
373092,0.020829,1
332371,0.020788,1
61903,0.020788,1
432664,0.020776,1
368980,0.020763,1
49803,0.020761,1
196386,0.020757,1
458156,0.020748,1
53171,0.020747,2
271989,0.020746,2
371647,0.020722,1
156813,0.020709,1
131584,0.020707,1
2421,0.020696,1
363542,0.020695,2
49075,0.020694,1
59508,0.020679,1
406529,0.020669,1
25680,0.020664,2
218663,0.020658,1
137840,0.020642,2
55731,0.020628,1
354151,0.020618,1
678,0.020618,1
351140,0.020617,1
1761,0.020617,1
306433,0.020615,1
225168,0.020604,1
50752,0.020601,1
43475,0.020601,1
214332,0.020596,1
27113,0.020588,1
29034,0.020586,1
70011,0.020581,1
392896,0.020576,2
371485,0.020575,2
446677,0.020561,1
357976,0.020556,1
406715,0.020543,1
81996,0.02054,1
49967,0.020538,1
85040,0.020405,2
309726,0.020405,2
104030,0.020356,1
280188,0.020356,1
33806,0.020281,1
451947,0.020272,1
293012,0.020254,1
182251,0.020231,1
72699,0.020231,1
27096,0.020231,1
453642,0.020231,1
403925,0.020231,1
95235,0.020231,1
379133,0.02023,1
335675,0.02023,1
336073,0.020225,1
77141,0.02022,1
222186,0.020208,1
387075,0.020207,1
394644,0.020198,1
64748,0.020198,1
345405,0.020195,1
140762,0.020173,1
204292,0.020172,1
118180,0.02017,1
231666,0.020167,1
275923,0.020159,1
9357,0.020159,1
272999,0.020156,1
396062,0.020155,1
86659,0.020155,1
428596,0.020154,1
359446,0.020153,1
176759,0.020151,1
296429,0.020149,1
364603,0.020148,1
360986,0.020146,1
135142,0.020146,1
341409,0.020146,1
30175,0.020139,1
459703,0.020134,1
294554,0.020132,1
55616,0.020131,1
223241,0.02012,1
418807,0.020097,1
272624,0.020097,1
109083,0.020097,1
351483,0.020096,1
283716,0.020096,1
459367,0.020095,1
193348,0.020094,1
83790,0.02009,1
175566,0.020087,1
9126,0.020078,1
270589,0.020072,1
352814,0.020059,1
428949,0.020056,1
356764,0.020056,1
426512,0.020039,1
390395,0.020027,1
103918,0.020007,1
189236,0.020007,1
462743,0.020007,1
299819,0.020007,1
47118,0.019993,1
444096,0.019991,1
396634,0.019991,1
273104,0.019968,1
306921,0.019956,1
30298,0.019954,1
250898,0.019939,1
351332,0.019936,1
150641,0.019933,1
392352,0.019932,1
380127,0.019931,1
433049,0.019918,1
319624,0.019917,1
419513,0.019756,1
247449,0.019705,1
44147,0.019674,1
110769,0.019672,1
200642,0.019665,1
245188,0.019661,1
47906,0.019627,1
70805,0.019625,1
28384,0.019619,1
17253,0.019619,1
300638,0.019618,1
75082,0.019617,1
38801,0.019612,1
232897,0.019611,1
53959,0.01961,1
440222,0.01961,1
20249,0.019606,1
453697,0.01956,1
112505,0.019522,1
85347,0.019514,1
26307,0.019512,1
389986,0.019506,1
264392,0.019488,1
264579,0.019483,1
21563,0.019482,1
285818,0.019462,1
335743,0.019459,1
350383,0.019457,1
49298,0.019446,1
677,0.019446,1
377875,0.019443,1
20633,0.019443,1
247465,0.01944,1
237590,0.019437,1
440706,0.019437,1
312023,0.019436,1
111734,0.019436,1
177846,0.019432,1
351530,0.01943,1
65258,0.019429,1
364703,0.019427,1
186585,0.019425,1
241036,0.019423,1
302322,0.019423,1
70631,0.019422,1
296046,0.01942,1
51234,0.019418,1
155973,0.019415,1
441064,0.019412,1
258598,0.019411,1
330209,0.019409,1
131099,0.019406,1
8847,0.019406,1
457041,0.019405,1
229225,0.019404,1
23644,0.019401,1
403495,0.019401,1
348647,0.0194,1
314616,0.0194,1
370372,0.019396,1
194180,0.019395,1
360675,0.019394,1
241738,0.019388,1
58060,0.019386,1
283201,0.019384,1
314697,0.019384,1
343554,0.019383,1
63871,0.019375,1
259970,0.019373,1
443809,0.01937,1
73544,0.01937,1
429081,0.019368,1
308823,0.019365,1
180366,0.019362,1
410321,0.019358,1
73173,0.019357,1
196985,0.019357,1
188019,0.019345,1
13850,0.019344,1
112315,0.019343,1
283264,0.019334,1
152490,0.019327,1
399619,0.019323,1
99067,0.019323,1
73598,0.019315,1
465427,0.019308,1
129732,0.019307,1
278389,0.019307,1
239210,0.019304,1
336664,0.019299,1
448757,0.019297,1
33307,0.019296,1
204007,0.019293,1
383409,0.019292,1
171588,0.019287,1
327361,0.019286,1
206274,0.01928,1
258018,0.019279,1
335020,0.019276,1
187839,0.019276,1
29806,0.019276,1
295918,0.019273,1
363353,0.019273,1
11664,0.019272,1
428749,0.019272,1
216809,0.019271,1
173276,0.019259,1
461209,0.019253,1
245365,0.019252,1
316217,0.019008,1
130305,0.019008,1
284464,0.019005,1
200404,0.019004,1
326645,0.019004,1
266648,0.019,1
189284,0.018998,1
362461,0.018998,1
70987,0.018997,1
402955,0.018996,1
78977,0.018994,1
94401,0.018993,1
103922,0.018991,1
318002,0.018948,1
369532,0.018929,1
394819,0.018912,1
171632,0.01888,1
369313,0.018874,1
141025,0.018873,1
229306,0.018873,1
120131,0.018869,1
450975,0.018869,1
45768,0.018867,1
161121,0.018867,1
148853,0.018862,1
261367,0.018862,1
316929,0.018861,1
21335,0.018861,1
59057,0.018861,1
273967,0.01886,1
307283,0.01886,1
349262,0.018859,1
258426,0.018857,1
138768,0.018856,1
298549,0.018854,1
238369,0.018854,1
388104,0.018853,1
323347,0.018851,1
338222,0.018849,1
100188,0.018838,1
385978,0.018837,1
381553,0.018834,1
113017,0.018828,1
321492,0.018824,1
125401,0.018824,1
47783,0.01882,1
168527,0.018812,1
333256,0.018808,1
79939,0.018803,1
295015,0.018802,1
297620,0.018798,1
240807,0.018798,1
436552,0.018797,1
9863,0.018795,1
64854,0.018794,1
418842,0.018791,1
332647,0.01879,1
20399,0.018786,1
333019,0.018786,1
390357,0.018785,1
434033,0.018779,1
380769,0.018778,1
19838,0.018776,1
259876,0.018772,1
31993,0.018772,1
462638,0.018765,1
232217,0.01876,1
286592,0.01876,1
410520,0.01876,1
330533,0.018742,1
215162,0.018741,1
274274,0.018741,1
30199,0.018739,1
145854,0.01873,1
289933,0.01873,1
184202,0.01873,1
208900,0.018729,1
295504,0.018727,1
428931,0.018725,1
79060,0.018725,1
151208,0.018723,1
344168,0.018722,1
279565,0.018721,1
49423,0.018705,1
411516,0.018701,1
111390,0.0187,1
293860,0.018696,1
121540,0.018692,1
14924,0.018685,1
4360,0.018683,1
64457,0.018682,1
360380,0.018682,1
326593,0.018681,1
187323,0.018679,1
112962,0.018676,1
164940,0.018674,1
163248,0.01867,1
142172,0.018669,1
431266,0.018669,1
343945,0.018668,1
360710,0.018667,1
119,0.018663,1
215146,0.018661,1
23465,0.01866,1
50668,0.018656,1
403359,0.018655,1
266260,0.018654,1
46178,0.018653,1
110388,0.018653,1
53066,0.018652,1
174206,0.01865,1
291171,0.018649,1
168616,0.018647,1
365447,0.018646,1
269222,0.018643,1
81344,0.018637,1
198087,0.018637,1
444424,0.018612,1
55941,0.018578,1
165904,0.018568,1
320724,0.018507,1
271255,0.018505,1
51609,0.018505,1
264369,0.018497,1
100829,0.018495,1
390634,0.018435,1
452143,0.018417,1
294340,0.018409,1
232951,0.018384,1
245679,0.01836,1
119054,0.018359,1
329687,0.018336,1
226073,0.018322,1
368743,0.01832,1
422934,0.018318,1
234692,0.018318,1
172598,0.018315,1
140239,0.018314,1
294287,0.018313,1
307305,0.018306,1
98600,0.018302,1
307274,0.018301,1
273901,0.018299,1
266883,0.018298,1
30269,0.018294,1
130150,0.018294,1
89596,0.018291,1
193931,0.018288,1
267999,0.018283,1
395935,0.018282,1
315583,0.01828,1
356220,0.01828,1
212339,0.018279,1
53317,0.018279,1
90848,0.018278,1
48166,0.018276,1
342278,0.018275,1
17256,0.018273,1
377588,0.018273,1
94935,0.018272,1
406455,0.018272,1
460141,0.018272,1
204231,0.018271,1
177344,0.018271,1
144145,0.018271,1
132186,0.018271,1
341603,0.018268,1
82960,0.018266,1
443212,0.018265,1
154536,0.018263,1
400859,0.01826,1
68794,0.018251,1
169109,0.018244,1
27141,0.018238,1
53009,0.018237,1
349648,0.018234,1
401440,0.018232,1
276090,0.018232,1
174358,0.018231,1
129031,0.01823,1
442061,0.018229,1
167238,0.018229,1
38715,0.018223,1
459840,0.01822,1
348814,0.018213,1
461651,0.018208,1
268263,0.018207,1
443350,0.018205,1
103350,0.018205,1
156108,0.018204,1
218412,0.018204,1
328005,0.018201,1
88019,0.018198,1
372189,0.018198,1
105336,0.018197,1
276388,0.018193,1
117283,0.018191,1
191565,0.01818,1
171127,0.018175,1
80747,0.018168,1
383033,0.018167,1
455816,0.01816,1
290246,0.018154,1
13046,0.018153,1
200529,0.018151,1
323061,0.018145,1
62697,0.018144,1
121059,0.018143,1
453632,0.018143,1
47647,0.018138,1
227420,0.018136,1
429715,0.018132,1
39246,0.018132,1
321498,0.018132,1
465634,0.018126,1
374051,0.018124,1
332879,0.018121,1
407116,0.018121,1
295756,0.018119,1
370377,0.018119,1
424631,0.018116,1
332619,0.018116,1
248543,0.018115,1
129891,0.018115,1
157083,0.018115,1
291874,0.018115,1
199323,0.018115,1
72030,0.018115,1
302533,0.018114,1
412527,0.018113,1
94162,0.018113,1
36335,0.018112,1
87307,0.018109,1
52301,0.018103,1
251716,0.018103,1
286552,0.018102,1
226197,0.018097,1
320685,0.018094,1
332870,0.018091,1
356485,0.018088,1
123532,0.018079,1
60189,0.018078,1
310725,0.018075,1
447930,0.018068,1
96551,0.018049,1
343028,0.018047,1
259123,0.018042,1
126851,0.018042,1
99656,0.01804,1
414237,0.018035,1
340573,0.01803,1
395948,0.018029,1
398433,0.018029,1
288046,0.018028,1
100944,0.018025,1
335454,0.018024,1
457622,0.018023,1
179395,0.018018,1
436125,0.018005,1
92741,0.017997,1
139487,0.017986,1
281408,0.017984,1
217224,0.017983,1
236873,0.017977,1
429023,0.017871,1
127038,0.017776,1
300435,0.017776,1
301609,0.017776,1
224954,0.017775,1
396322,0.017753,1
334199,0.017752,1
430522,0.017751,1
150997,0.01775,1
25648,0.017738,1
317556,0.017738,1
10404,0.017736,1
330264,0.017734,1
207098,0.017734,1
431469,0.017717,1
318442,0.017716,1
135165,0.017713,1
268563,0.017698,1
188238,0.017694,1
115180,0.017681,1
329653,0.017665,1
235274,0.017662,1
121474,0.017648,1
270981,0.017638,1
428000,0.017637,1
55742,0.017636,1
73687,0.017636,1
115293,0.017635,1
433161,0.017621,1
348332,0.017621,1
287017,0.017619,1
307196,0.017616,1
295887,0.017614,1
121377,0.017613,1
279624,0.017613,1
80386,0.017612,1
35322,0.017611,1
292651,0.01761,1
168697,0.017609,1
146033,0.017608,1
324542,0.017601,1
282258,0.017598,1
384439,0.017598,1
250984,0.017593,1
73026,0.017592,1
269479,0.01759,1
66176,0.017589,1
139367,0.017588,1
267700,0.017587,1
173588,0.017584,1
353151,0.017584,1
240116,0.017582,1
83957,0.017578,1
96217,0.017576,1
424904,0.017576,1
117889,0.017575,1
80335,0.017575,1
139462,0.017574,1
240641,0.017573,1
168449,0.017571,1
283214,0.017569,1
120955,0.017559,1
284073,0.017558,1
312562,0.017555,1
17059,0.01755,1
435677,0.01755,1
75924,0.01755,1
112435,0.017546,1
402211,0.017544,1
209783,0.017536,1
210531,0.017534,1
50785,0.017533,1
153720,0.017531,1
296350,0.017528,1
456499,0.017527,1
202140,0.017526,1
316244,0.017526,1
146799,0.017521,1
234941,0.01752,1
318423,0.017516,1
441807,0.017512,1
183967,0.017509,1
307939,0.017509,1
314912,0.017508,1
28212,0.017507,1
88701,0.017506,1
91117,0.017505,1
250486,0.017504,1
328933,0.017496,1
5758,0.017493,1
409060,0.017493,1
295191,0.017493,1
154450,0.017492,1
75683,0.017492,1
377500,0.017492,1
361742,0.01749,1
35181,0.01749,1
345084,0.017487,1
426588,0.017485,1
275308,0.017485,1
143608,0.017485,1
56153,0.017484,1
382538,0.017482,1
174896,0.017479,1
298678,0.017479,1
314310,0.017479,1
367215,0.017479,1
135938,0.017479,1
453148,0.017479,1
106962,0.017479,1
141368,0.017479,1
248496,0.017479,1
408188,0.017478,1
25769,0.017476,1
87006,0.017472,1
58042,0.017468,1
183246,0.017468,1
207763,0.017468,1
136325,0.017461,1
56498,0.017461,1
429439,0.01746,1
192193,0.017459,1
450225,0.017459,1
43688,0.017456,1
344906,0.017456,1
65420,0.017455,1
372816,0.017455,1
200426,0.017454,1
280358,0.017454,1
424459,0.017452,1
331712,0.017451,1
251606,0.01745,1
127906,0.017447,1
342112,0.017445,1
300142,0.017442,1
111637,0.01744,1
142466,0.017439,1
142215,0.017437,1
318284,0.017437,1
236630,0.017437,1
229544,0.017435,1
415669,0.017405,1
99281,0.017403,1
264502,0.017297,1
266502,0.017268,1
57847,0.017268,1
125547,0.017267,1
61466,0.017267,1
218059,0.017267,1
306583,0.017266,1
296367,0.017264,1
251076,0.017263,1
105092,0.017263,1
10680,0.01726,1
98832,0.01726,1
150007,0.017259,1
434524,0.017258,1
148730,0.017258,1
177608,0.017257,1
180890,0.017257,1
143871,0.017256,1
389092,0.017256,1
55183,0.017256,1
268587,0.017256,1
315076,0.017256,1
184609,0.017256,1
172444,0.017254,1
231009,0.017173,1
43597,0.017173,1
436641,0.017172,1
129982,0.017169,1
84555,0.017165,1
399706,0.017165,1
148798,0.017162,1
25549,0.017161,1
16732,0.017161,1
242051,0.01716,1
293043,0.01716,1
353606,0.017158,1
69177,0.017147,1
48292,0.017118,1
458621,0.017111,1
136521,0.017111,1
47105,0.01711,1
89106,0.01711,1
44027,0.017108,1
145640,0.017102,1
454648,0.017097,1
154262,0.017089,1
357802,0.017089,1
129844,0.017088,1
463686,0.017088,1
35196,0.017088,1
457635,0.017086,1
414347,0.017086,1
361674,0.017086,1
100997,0.017085,1
109295,0.017085,1
404653,0.017083,1
138731,0.017079,1
464382,0.017071,1
2825,0.017067,1
173601,0.017065,1
338809,0.017064,1
93734,0.01706,1
165922,0.01706,1
346670,0.017057,1
8549,0.017053,1
51334,0.017048,1
320728,0.017048,1
100430,0.017047,1
251534,0.017046,1
80832,0.017044,1
243845,0.01704,1
60806,0.017037,1
277025,0.017035,1
242001,0.017029,1
127483,0.017027,1
292676,0.017016,1
388527,0.017014,1
195735,0.017014,1
339854,0.017013,1
276181,0.017012,1
272703,0.017012,1
392719,0.017011,1
340170,0.017009,1
197093,0.017003,1
423990,0.017,1
154209,0.016999,1
282200,0.016999,1
32500,0.016996,1
58615,0.016996,1
297715,0.016996,1
1211,0.016992,1
377217,0.016992,1
236277,0.016991,1
126099,0.016991,1
302055,0.016989,1
410514,0.016989,1
20949,0.016983,1
3406,0.016983,1
112065,0.016978,1
94788,0.016976,1
256431,0.016973,1
153106,0.016969,1
46418,0.016968,1
240328,0.016966,1
176620,0.016966,1
212669,0.016963,1
103075,0.016956,1
39371,0.016955,1
427391,0.016953,1
203964,0.016946,1
333181,0.016944,1
220086,0.016942,1
111321,0.016939,1
71530,0.016939,1
372313,0.016938,1
421640,0.016938,1
116581,0.016937,1
72050,0.016937,1
73604,0.016937,1
458087,0.016937,1
189132,0.016936,1
305285,0.016936,1
394129,0.016932,1
94337,0.016932,1
30374,0.016928,1
23109,0.016924,1
37074,0.016924,1
391198,0.016923,1
204158,0.016922,1
23584,0.016922,1
205379,0.016922,1
129762,0.016909,1
324167,0.016909,1
228819,0.016903,1
113523,0.016902,1
313269,0.016902,1
131858,0.016901,1
458483,0.0169,1
118998,0.016898,1
192409,0.016897,1
415413,0.016896,1
369924,0.016896,1
386583,0.016895,1
44357,0.016895,1
286939,0.016894,1
21853,0.016893,1
127608,0.01689,1
450493,0.016888,1
163907,0.016884,1
460217,0.016881,1
153818,0.016879,1
461967,0.016878,1
101219,0.016871,1
279745,0.016871,1
440109,0.016869,1
248870,0.016861,1
70859,0.016822,1
201881,0.016689,1
434672,0.01664,1
153451,0.016637,1
78290,0.016636,1
308866,0.016621,1
100567,0.016621,1
271373,0.016614,1
90825,0.016613,1
327907,0.016605,1
342553,0.016576,1
326873,0.016575,1
168520,0.016567,1
382856,0.016561,1
388707,0.016551,1
180726,0.01655,1
10325,0.016548,1
100118,0.016546,1
397649,0.016541,1
235823,0.016525,1
162340,0.016524,1
233494,0.01652,1
228360,0.016519,1
48948,0.016519,1
79709,0.016513,1
48860,0.016509,1
260018,0.016505,1
373212,0.016503,1
298150,0.016491,1
293279,0.016489,1
125555,0.016486,1
9710,0.016483,1
384574,0.01648,1
44805,0.016479,1
32614,0.016479,1
208850,0.016473,1
298649,0.016473,1
189667,0.016473,1
3548,0.016473,1
460240,0.016473,1
37807,0.016473,1
122026,0.016469,1
242897,0.016468,1
22830,0.016465,1
77977,0.016465,1
130647,0.016455,1
387266,0.016455,1
397087,0.01645,1
29340,0.016445,1
56519,0.016445,1
367797,0.016442,1
74288,0.016434,1
318753,0.01643,1
284734,0.016421,1
66830,0.016421,1
112581,0.016414,1
333229,0.016402,1
70324,0.016395,1
173730,0.016382,1
172295,0.016379,1
298714,0.016379,1
210871,0.016377,1
372762,0.016376,1
5350,0.016374,1
301357,0.016345,1
189041,0.016343,1
88723,0.016338,1
330397,0.016323,1
137043,0.016321,1
237034,0.01632,1
432479,0.01632,1
248657,0.016317,1
345988,0.016317,1
272924,0.016309,1
58825,0.016306,1
383046,0.016303,1
325390,0.016293,1
418269,0.016254,1
459697,0.01623,1
245721,0.016169,1
235475,0.016133,1
292077,0.016098,1
304162,0.016096,1
79015,0.016091,1
28119,0.016091,1
362317,0.016082,1
140384,0.01608,1
47306,0.01608,1
211788,0.016075,1
421963,0.016054,1
88200,0.016048,1
38403,0.016046,1
154139,0.016046,1
57171,0.016041,1
272446,0.016037,1
346182,0.016031,1
329712,0.016029,1
101740,0.016024,1
71634,0.016023,1
338482,0.015999,1
428420,0.015997,1
18790,0.015997,1
128473,0.015994,1
407727,0.015979,1
231372,0.015968,1
46031,0.015966,1
358187,0.01596,1
413462,0.015957,1
292741,0.015955,1
4446,0.015951,1
362634,0.015949,1
267692,0.015934,1
52897,0.015932,1
277644,0.015908,1
146863,0.015906,1
187792,0.015891,1
241284,0.015883,1
169101,0.015873,1
334714,0.015871,1
152257,0.01587,1
324538,0.015869,1
194050,0.015867,1
183539,0.015856,1
378605,0.015855,1
91623,0.015845,1
250171,0.015821,1
339812,0.015818,1
199489,0.015803,1
418619,0.0158,1
181807,0.015798,1
15705,0.015795,1
164380,0.015795,1
298113,0.015791,1
125097,0.015788,1
108535,0.015778,1
187569,0.015775,1
108478,0.015774,1
99946,0.015771,1
227688,0.015769,1
204433,0.015766,1
359747,0.015764,1
440650,0.01576,1
95146,0.015758,1
143082,0.015754,1
206742,0.015745,1
406319,0.015738,1
388073,0.015737,1
73395,0.015624,1
214563,0.015622,1
90836,0.015597,1
429101,0.015474,1
383818,0.015461,1
15164,0.015455,1
219611,0.015455,1
322566,0.015454,1
197709,0.015452,1
374938,0.015452,1
204752,0.015451,1
331526,0.015451,1
338867,0.015451,1
220248,0.01545,1
270290,0.015447,1
191267,0.015443,1
96138,0.015435,1
203270,0.015434,1
243665,0.015426,1
34944,0.015426,1
135926,0.015425,1
63568,0.015425,1
456907,0.015425,1
319674,0.015414,1
346216,0.015414,1
354953,0.015409,1
407006,0.015408,1
353281,0.015404,1
188944,0.015403,1
326006,0.015401,1
159331,0.0154,1
13985,0.0154,1
448722,0.0154,1
296300,0.015399,1
82682,0.015399,1
465507,0.015397,1
111484,0.015397,1
162491,0.015395,1
448041,0.015389,1
291564,0.015388,1
164702,0.015384,1
300073,0.015384,1
377826,0.01538,1
414053,0.015373,1
430537,0.015371,1
147636,0.015371,1
408967,0.01537,1
309100,0.015369,1
460486,0.015369,1
40815,0.015368,1
316601,0.015361,1
29542,0.01536,1
201282,0.015348,1
94605,0.015345,1
34011,0.015344,1
237553,0.01534,1
210946,0.015338,1
288305,0.015336,1
116867,0.015335,1
315265,0.015334,1
286093,0.015333,1
211084,0.015332,1
142827,0.015331,1
243629,0.015331,1
246560,0.01533,1
345484,0.015326,1
352209,0.015325,1
145460,0.015324,1
164850,0.015316,1
299053,0.015314,1
194316,0.015314,1
190473,0.015313,1
23657,0.015312,1
367379,0.015312,1
299052,0.015308,1
136977,0.015307,1
222454,0.015307,1
145089,0.015305,1
42192,0.0153,1
431384,0.015298,1
378931,0.015295,1
17614,0.015291,1
114493,0.015288,1
399966,0.015287,1
265482,0.015285,1
357506,0.015283,1
403647,0.015283,1
458804,0.015283,1
434771,0.015283,1
256846,0.015282,1
191243,0.015282,1
383912,0.015281,1
362011,0.015281,1
117129,0.01528,1
261265,0.015278,1
139030,0.015277,1
107762,0.015272,1
161441,0.015271,1
411936,0.01527,1
410679,0.015265,1
277176,0.015261,1
261238,0.015261,1
170911,0.01526,1
432525,0.015259,1
305991,0.015259,1
275609,0.015258,1
25046,0.015248,1
389807,0.015248,1
74517,0.015242,1
25787,0.015229,1
71438,0.015227,1
170046,0.015215,1
210516,0.015211,1
167587,0.015054,1
195353,0.015025,1
426949,0.014998,1
375937,0.014989,1
407485,0.014988,1
462702,0.014977,1
281325,0.014977,1
360684,0.014976,1
295008,0.014974,1
101652,0.01497,1
146975,0.01496,1
155965,0.014941,1
264662,0.014935,1
454964,0.014922,1
432622,0.014921,1
91357,0.014919,1
455792,0.014919,1
336579,0.014918,1
460873,0.014916,1
220072,0.014914,1
175504,0.01491,1
415154,0.014909,1
138219,0.014909,1
428615,0.014905,1
293322,0.014902,1
346876,0.0149,1
261273,0.0149,1
75905,0.014899,1
78904,0.014896,1
217600,0.014896,1
328786,0.014896,1
394663,0.014895,1
315006,0.014895,1
455269,0.014894,1
355297,0.014891,1
10035,0.01489,1
46017,0.014888,1
55067,0.014885,1
439646,0.014885,1
322577,0.014884,1
228909,0.014884,1
9492,0.014877,1
278375,0.014876,1
127164,0.014875,1
436307,0.014873,1
283283,0.014873,1
41620,0.014873,1
437573,0.014872,1
444451,0.01487,1
371817,0.014869,1
7029,0.014869,1
346171,0.014866,1
107080,0.014863,1
54869,0.014862,1
416549,0.01486,1
192772,0.01486,1
25828,0.014859,1
259669,0.014859,1
277054,0.014858,1
51987,0.014858,1
161563,0.014856,1
266100,0.014856,1
274182,0.014856,1
283403,0.014856,1
65231,0.014855,1
176865,0.014855,1
366443,0.014854,1
256305,0.014853,1
234469,0.014851,1
77777,0.014849,1
11056,0.014848,1
346623,0.014848,1
4824,0.014847,1
82608,0.014845,1
148904,0.014842,1
157813,0.01484,1
423363,0.014834,1
102929,0.014832,1
422679,0.014832,1
165298,0.014829,1
165387,0.014827,1
441822,0.014827,1
261541,0.014827,1
332937,0.014826,1
41923,0.014825,1
75262,0.014821,1
268350,0.014817,1
105181,0.014814,1
36677,0.014814,1
44141,0.014813,1
454488,0.014812,1
455798,0.014809,1
369063,0.014809,1
270082,0.014808,1
52415,0.014806,1
411357,0.014804,1
445017,0.014801,1
1489,0.0148,1
302310,0.0148,1
395111,0.014797,1
367318,0.014792,1
249293,0.014792,1
15032,0.014789,1
114177,0.014787,1
138723,0.014787,1
253271,0.014786,1
204639,0.014783,1
113952,0.014783,1
285749,0.014777,1
336739,0.014773,1
391436,0.014772,1
332715,0.014771,1
235944,0.014771,1
419724,0.014771,1
76295,0.014763,1
159847,0.014753,1
69947,0.014752,1
362678,0.01475,1
400665,0.014749,1
457928,0.014747,1
142614,0.014747,1
244197,0.014746,1
175109,0.014743,1
406854,0.01474,1
231565,0.014738,1
419067,0.014556,1
303546,0.014556,1
378703,0.014543,1
104446,0.014539,1
206265,0.014521,1
444749,0.014509,1
189522,0.014507,1
211236,0.014507,1
272261,0.014495,1
454371,0.014482,1
371823,0.014479,1
331133,0.014476,1
24477,0.014476,1
329077,0.014476,1
70430,0.014467,1
363676,0.014465,1
347585,0.014464,1
174993,0.01446,1
446371,0.01446,1
235741,0.01446,1
157066,0.014459,1
190500,0.014459,1
251991,0.014458,1
279852,0.014454,1
29486,0.014453,1
1494,0.014453,1
294914,0.014452,1
40426,0.014452,1
228704,0.014452,1
431468,0.014452,1
337910,0.01444,1
10925,0.01444,1
382702,0.014435,1
76372,0.014435,1
119025,0.014433,1
164923,0.014433,1
239377,0.014433,1
331327,0.01443,1
312316,0.014429,1
106615,0.014423,1
246634,0.014422,1
393813,0.014422,1
127415,0.014422,1
38568,0.014419,1
346439,0.014419,1
461843,0.014412,1
344926,0.014412,1
320651,0.014411,1
344874,0.014411,1
101443,0.01441,1
455960,0.01441,1
296561,0.014409,1
156858,0.014409,1
443124,0.014407,1
221443,0.014407,1
163943,0.014404,1
153685,0.014402,1
224753,0.014402,1
78169,0.014402,1
141735,0.014401,1
221580,0.014401,1
382799,0.014401,1
202238,0.014401,1
61357,0.014401,1
324659,0.0144,1
297533,0.014399,1
168720,0.014399,1
85159,0.014399,1
313797,0.014399,1
300532,0.014399,1
222844,0.014397,1
391344,0.014393,1
394608,0.014393,1
150586,0.014392,1
286267,0.014391,1
253382,0.014391,1
16460,0.014388,1
216957,0.014383,1
316181,0.01438,1
438683,0.014378,1
396043,0.014378,1
464210,0.014376,1
53091,0.014374,1
464845,0.014374,1
205281,0.014373,1
287125,0.014372,1
375386,0.014371,1
126795,0.014367,1
33057,0.014365,1
145482,0.014364,1
256222,0.014362,1
100759,0.014359,1
236393,0.014359,1
217519,0.014358,1
135538,0.014358,1
310847,0.014358,1
437773,0.014358,1
88307,0.014356,1
337893,0.014352,1
292508,0.014346,1
93260,0.014338,1
39914,0.014337,1
101146,0.014336,1
226245,0.014332,1
101845,0.014331,1
418220,0.014331,1
349109,0.014325,1
388937,0.014325,1
95590,0.014325,1
171348,0.014324,1
303870,0.014322,1
404258,0.014321,1
95237,0.014319,1
92214,0.014317,1
393805,0.014313,1
328370,0.014311,1
28537,0.014308,1
118771,0.014307,1
285006,0.014303,1
76491,0.014298,1
77739,0.014294,1
79444,0.014293,1
247748,0.014292,1
52888,0.01429,1
107522,0.014289,1
273661,0.014289,1
364821,0.014289,1
443542,0.014285,1
466032,0.014285,1
182374,0.014284,1
416199,0.014284,1
148915,0.014284,1
24087,0.014284,1
460824,0.014284,1
388914,0.014284,1
179383,0.014283,1
374006,0.014281,1
198364,0.014281,1
438927,0.014279,1
395224,0.014276,1
128043,0.014276,1
408393,0.014276,1
94616,0.014276,1
62731,0.014276,1
271494,0.014275,1
333945,0.014272,1
286608,0.01427,1
221467,0.014258,1
412771,0.014257,1
43358,0.014249,1
249137,0.014249,1
34336,0.014249,1
300629,0.014245,1
68263,0.014239,1
213590,0.014047,1
189000,0.014045,1
415176,0.014044,1
405407,0.014043,1
178323,0.014043,1
256599,0.01404,1
196358,0.014034,1
380467,0.01403,1
17545,0.014027,1
153499,0.014026,1
169506,0.014007,1
199697,0.014002,1
32625,0.013995,1
107164,0.013988,1
356768,0.013987,1
198348,0.013979,1
2373,0.013972,1
48460,0.013972,1
250988,0.013967,1
226366,0.013966,1
175682,0.013964,1
323902,0.013961,1
14654,0.013959,1
403760,0.013957,1
424013,0.013956,1
200527,0.013955,1
310158,0.013953,1
378349,0.013952,1
152602,0.013951,1
348777,0.013949,1
408857,0.013948,1
59401,0.013945,1
36870,0.013943,1
123437,0.013941,1
134289,0.01394,1
320835,0.013937,1
393653,0.013937,1
152369,0.013937,1
91785,0.013934,1
109888,0.013933,1
10982,0.013932,1
122473,0.013931,1
132970,0.013929,1
12185,0.013928,1
194593,0.013925,1
326063,0.013925,1
286647,0.013924,1
157771,0.013922,1
266359,0.013922,1
432987,0.013922,1
254297,0.01392,1
148917,0.013913,1
170705,0.013913,1
238374,0.013913,1
214220,0.013913,1
451239,0.013913,1
259147,0.013913,1
412769,0.013913,1
447818,0.013913,1
341706,0.013911,1
138732,0.013908,1
388004,0.013906,1
154160,0.013905,1
400644,0.013905,1
176403,0.013905,1
327770,0.013904,1
397056,0.013904,1
303218,0.013903,1
236581,0.013903,1
353684,0.013902,1
110151,0.013901,1
351908,0.0139,1
135770,0.013899,1
39067,0.013899,1
264233,0.013897,1
139943,0.013895,1
425534,0.013895,1
455159,0.013894,1
455123,0.013894,1
124523,0.013893,1
215069,0.013892,1
422912,0.013892,1
277124,0.013892,1
421150,0.013892,1
133678,0.013891,1
224169,0.01389,1
396160,0.013889,1
411520,0.013888,1
346178,0.013888,1
352644,0.013888,1
175688,0.013888,1
54548,0.013888,1
216405,0.013888,1
327180,0.013886,1
436229,0.013886,1
295751,0.013884,1
267882,0.013884,1
63029,0.013883,1
210237,0.013883,1
274242,0.013883,1
31788,0.01388,1
156636,0.013878,1
246627,0.01387,1
332913,0.013869,1
126066,0.013867,1
5518,0.013867,1
86413,0.013863,1
207921,0.013863,1
455115,0.013863,1
404161,0.01386,1
396447,0.013859,1
115543,0.013859,1
148203,0.013858,1
343265,0.013858,1
425533,0.013857,1
178123,0.013857,1
167590,0.013856,1
138519,0.013855,1
39759,0.013855,1
284259,0.013855,1
135709,0.013853,1
279568,0.013853,1
188636,0.013852,1
79447,0.01385,1
317948,0.013847,1
393910,0.013847,1
355908,0.013847,1
336405,0.013846,1
264645,0.013844,1
123366,0.01384,1
87446,0.013836,1
376934,0.013832,1
145386,0.013831,1
191472,0.013831,1
217286,0.013831,1
85429,0.013828,1
170403,0.013828,1
339323,0.013828,1
123113,0.013824,1
167659,0.013823,1
157400,0.013822,1
443474,0.013821,1
77673,0.013819,1
92400,0.013816,1
250173,0.013815,1
282590,0.013814,1
429775,0.013812,1
258949,0.01381,1
90823,0.01381,1
200931,0.013809,1
6914,0.013805,1
178294,0.013805,1
404096,0.013804,1
30870,0.013801,1
254935,0.013801,1
93361,0.0138,1
327219,0.013799,1
375574,0.013789,1
440251,0.013788,1
108230,0.013787,1
292328,0.01378,1
40105,0.013779,1
257118,0.013716,1
462758,0.01371,1
421531,0.013654,1
19583,0.01365,1
147003,0.013621,1
241044,0.013614,1
291359,0.013613,1
432195,0.013613,1
285687,0.013605,1
99093,0.013604,1
273473,0.013594,1
416615,0.013589,1
216471,0.013583,1
378879,0.013583,1
461272,0.013579,1
245275,0.013578,1
202614,0.013574,1
413005,0.013574,1
2958,0.013574,1
349273,0.013572,1
401076,0.013571,1
412137,0.01357,1
404471,0.013565,1
343651,0.013563,1
219877,0.013561,1
195397,0.013558,1
192228,0.013557,1
204508,0.013554,1
442533,0.013548,1
146700,0.013545,1
443202,0.013543,1
288278,0.013535,1
258649,0.013529,1
112674,0.013528,1
38854,0.013513,1
54868,0.01351,1
465661,0.01351,1
399930,0.01351,1
155449,0.01351,1
25490,0.01351,1
336103,0.01351,1
453700,0.01351,1
235386,0.013505,1
133326,0.013502,1
457126,0.013499,1
143774,0.013497,1
27024,0.013496,1
405322,0.013495,1
417800,0.013495,1
304343,0.013491,1
210639,0.013484,1
179761,0.013484,1
383488,0.013474,1
76410,0.013473,1
360403,0.013468,1
58321,0.013464,1
147632,0.013458,1
205155,0.013454,1
80831,0.013439,1
180505,0.01343,1
365202,0.013425,1
323393,0.013423,1
257090,0.013421,1
403614,0.013421,1
16885,0.01342,1
127613,0.013414,1
272019,0.013409,1
415219,0.013402,1
271879,0.013402,1
417039,0.013393,1
120832,0.013383,1
290105,0.013382,1
159668,0.013373,1
124093,0.013365,1
106110,0.013365,1
279789,0.013362,1
198376,0.01336,1
44663,0.013209,1
443965,0.013207,1
419144,0.013207,1
33101,0.013206,1
251657,0.013206,1
461795,0.01319,1
369460,0.013178,1
27109,0.013143,1
416022,0.013139,1
384424,0.013137,1
269321,0.013136,1
18507,0.013108,1
313481,0.013105,1
437739,0.013094,1
333869,0.013073,1
21573,0.013064,1
219212,0.013059,1
382057,0.013055,1
424089,0.013051,1
451769,0.013048,1
310692,0.013048,1
465977,0.013047,1
18985,0.013046,1
31199,0.01304,1
341975,0.013034,1
337722,0.013028,1
93860,0.013013,1
465017,0.013013,1
171354,0.013012,1
466641,0.013005,1
185093,0.012996,1
253358,0.012995,1
455181,0.012995,1
214205,0.012994,1
185260,0.012992,1
357318,0.012982,1
66811,0.012973,1
280130,0.012946,1
447187,0.012944,1
324679,0.012919,1
46220,0.012913,1
185390,0.012908,1
231148,0.012908,1
418692,0.012908,1
121409,0.012855,1
380142,0.01285,1
58120,0.012734,1
274454,0.012692,1
462984,0.012682,1
338541,0.01268,1
325774,0.012653,1
14004,0.012645,1
103310,0.01264,1
252732,0.012635,1
288333,0.012635,1
205493,0.012632,1
304064,0.012631,1
344762,0.012628,1
58245,0.012628,1
355889,0.012596,1
215332,0.012592,1
276848,0.012585,1
60916,0.012569,1
118519,0.012541,1
115426,0.012525,1
404033,0.012519,1
313891,0.012518,1
128624,0.012509,1
103477,0.012508,1
17419,0.012493,1
371336,0.01249,1
185256,0.012449,1
127256,0.012436,1
465075,0.012413,1
195004,0.012394,1
91415,0.012393,1
448079,0.012381,1
391534,0.012379,1
358288,0.012379,1
58099,0.012378,1
134254,0.012378,1
424591,0.012364,1
219687,0.012361,1
249727,0.0123,1
406577,0.012294,1
78908,0.012279,1
181662,0.012254,1
47801,0.012254,1
415313,0.012248,1
294695,0.012236,1
240013,0.012225,1
119966,0.012219,1
51186,0.012213,1
303342,0.012213,1
42441,0.012213,1
86476,0.012212,1
135289,0.012211,1
196856,0.01221,1
145685,0.012205,1
95241,0.012201,1
185994,0.012201,1
424392,0.012201,1
173712,0.012201,1
133239,0.0122,1
151982,0.0122,1
317205,0.012198,1
17,0.012195,1
314225,0.012194,1
61237,0.012193,1
368485,0.012192,1
187794,0.012191,1
246475,0.012188,1
216141,0.012181,1
270934,0.01218,1
160615,0.01218,1
228325,0.01218,1
418125,0.012179,1
231620,0.012179,1
264876,0.012178,1
280120,0.012177,1
107109,0.012176,1
291933,0.012176,1
198518,0.012168,1
291429,0.012167,1
370562,0.012166,1
250252,0.012166,1
111056,0.012166,1
6288,0.012163,1
295235,0.012159,1
338238,0.012159,1
250382,0.012159,1
322476,0.012159,1
147491,0.012158,1
457613,0.012158,1
396097,0.012158,1
201424,0.012157,1
191992,0.012157,1
328236,0.012155,1
368613,0.012155,1
345887,0.012155,1
212804,0.012154,1
11028,0.012153,1
348022,0.012153,1
48662,0.01215,1
267466,0.01215,1
101128,0.012149,1
462515,0.012149,1
344527,0.012148,1
321741,0.012148,1
362840,0.012147,1
178645,0.012147,1
312046,0.012145,1
173974,0.012143,1
339468,0.012142,1
360043,0.012141,1
288290,0.01214,1
56349,0.012139,1
343468,0.012138,1
99220,0.012138,1
446231,0.012137,1
443185,0.012136,1
95163,0.012135,1
393115,0.012133,1
325416,0.01213,1
143805,0.01213,1
438605,0.012128,1
40121,0.012128,1
117085,0.012127,1
286141,0.012125,1
399903,0.012124,1
348949,0.012122,1
382715,0.012119,1
464779,0.012119,1
244323,0.012118,1
195305,0.012117,1
43449,0.012116,1
67071,0.012112,1
33049,0.01211,1
363058,0.012107,1
140142,0.012106,1
194225,0.012104,1
423787,0.012104,1
438644,0.012103,1
465497,0.0121,1
293640,0.01209,1
150874,0.012089,1
130121,0.012086,1
51289,0.012085,1
55799,0.012082,1
312237,0.012082,1
80119,0.012072,1
402730,0.012071,1
407460,0.01207,1
239752,0.012066,1
358439,0.012065,1
319698,0.012062,1
243358,0.012056,1
299268,0.012054,1
379471,0.012053,1
466685,0.01205,1
27486,0.01205,1
275040,0.012044,1
377232,0.012039,1
319099,0.012038,1
219442,0.012034,1
221353,0.01202,1
273434,0.012017,1
288901,0.011936,1
269840,0.011932,1
341533,0.011932,1
447924,0.011931,1
389615,0.011931,1
461547,0.01193,1
328678,0.011929,1
92039,0.011929,1
228690,0.011923,1
288300,0.011918,1
359529,0.011917,1
36210,0.011917,1
96307,0.011916,1
403782,0.011915,1
95602,0.011915,1
277137,0.011913,1
178914,0.011897,1
173386,0.01189,1
226258,0.011877,1
214054,0.011874,1
110080,0.011869,1
301104,0.011869,1
339454,0.011868,1
212108,0.011868,1
222733,0.011867,1
186162,0.01186,1
24436,0.011859,1
357113,0.011858,1
134815,0.011858,1
12944,0.011857,1
186593,0.011843,1
322247,0.011839,1
45121,0.011838,1
149576,0.011838,1
209683,0.011838,1
256096,0.011838,1
229059,0.011838,1
220957,0.011832,1
322513,0.011832,1
291907,0.011831,1
498,0.01183,1
82696,0.011829,1
121660,0.011829,1
298837,0.011829,1
107832,0.011829,1
323525,0.011828,1
377908,0.011827,1
161368,0.011826,1
450767,0.011826,1
311143,0.011825,1
66526,0.011823,1
411355,0.011822,1
452711,0.011822,1
177553,0.011822,1
389391,0.01182,1
245745,0.01182,1
399305,0.011819,1
18752,0.011819,1
32298,0.011818,1
349436,0.011816,1
277656,0.011816,1
137767,0.011815,1
230427,0.011814,1
153935,0.011814,1
335780,0.011811,1
408253,0.011811,1
115387,0.01181,1
4390,0.01181,1
262169,0.011809,1
303729,0.011807,1
440177,0.011804,1
381080,0.011802,1
398588,0.011801,1
341751,0.011801,1
86867,0.0118,1
264039,0.011798,1
438234,0.011795,1
350684,0.011794,1
450763,0.011792,1
122214,0.011792,1
298968,0.011791,1
242884,0.01179,1
161529,0.011786,1
355928,0.011781,1
425537,0.011781,1
326305,0.011776,1
22389,0.011775,1
212034,0.011775,1
292352,0.011774,1
400735,0.011772,1
405923,0.011771,1
123650,0.01177,1
118792,0.011766,1
238051,0.011766,1
452868,0.011766,1
138837,0.011765,1
112831,0.011764,1
463851,0.011763,1
40256,0.011763,1
184734,0.011763,1
13542,0.011763,1
359985,0.011763,1
385922,0.01176,1
23284,0.01176,1
206995,0.01176,1
375545,0.01176,1
246286,0.011759,1
133404,0.011757,1
259180,0.011756,1
99733,0.011752,1
415228,0.011752,1
233452,0.01175,1
268287,0.011749,1
251535,0.011748,1
87616,0.011748,1
29078,0.011746,1
219956,0.011746,1
105105,0.011745,1
314903,0.011745,1
208959,0.011742,1
71120,0.011742,1
118151,0.011742,1
383943,0.011742,1
442093,0.011741,1
78512,0.011741,1
55689,0.011741,1
440389,0.011741,1
127506,0.011741,1
165677,0.011741,1
5024,0.01174,1
225214,0.01174,1
385321,0.01174,1
348483,0.01174,1
275640,0.01174,1
449567,0.011739,1
212431,0.011739,1
176702,0.011739,1
295087,0.011739,1
269260,0.011739,1
160048,0.011735,1
293433,0.011728,1
56952,0.011728,1
329272,0.011725,1
191031,0.011724,1
421718,0.011723,1
343700,0.01172,1
465811,0.011717,1
297398,0.011715,1
84558,0.011715,1
370758,0.011711,1
232390,0.01171,1
428469,0.01171,1
108374,0.011707,1
166583,0.011707,1
333067,0.011707,1
264861,0.011707,1
307470,0.011707,1
382945,0.011705,1
62198,0.011704,1
367083,0.011704,1
357559,0.011702,1
297780,0.011702,1
256310,0.011702,1
80014,0.011701,1
114377,0.011701,1
193585,0.011701,1
64305,0.011693,1
279866,0.011688,1
388417,0.011688,1
236982,0.011685,1
328881,0.011683,1
350055,0.011682,1
463596,0.011663,1
26172,0.011657,1
326656,0.011649,1
406375,0.011648,1
443315,0.01158,1
465357,0.011558,1
18521,0.011532,1
376172,0.01153,1
93941,0.011528,1
399569,0.011516,1
92221,0.011512,1
435960,0.011504,1
202417,0.011491,1
276944,0.011484,1
106591,0.011471,1
155125,0.011467,1
18855,0.011467,1
451024,0.011464,1
80951,0.011461,1
448670,0.011457,1
367437,0.011454,1
47682,0.011452,1
360048,0.011451,1
78649,0.011445,1
427930,0.011444,1
269454,0.011444,1
254697,0.011444,1
381230,0.011439,1
414817,0.011435,1
386114,0.011434,1
338848,0.011434,1
172468,0.011432,1
23439,0.011431,1
68563,0.011428,1
371904,0.011428,1
394932,0.011427,1
76433,0.011425,1
376680,0.011424,1
280561,0.011423,1
228050,0.011421,1
74455,0.01142,1
1896,0.01142,1
311960,0.011419,1
49307,0.011416,1
186935,0.011412,1
172789,0.011411,1
442504,0.01141,1
268313,0.01141,1
120364,0.01141,1
1118,0.011409,1
200182,0.011408,1
393598,0.011407,1
294738,0.011406,1
137530,0.011405,1
75110,0.011402,1
372941,0.011402,1
237099,0.011401,1
108450,0.011401,1
153625,0.011398,1
259395,0.011398,1
326060,0.011398,1
429188,0.011396,1
174364,0.011394,1
153619,0.011393,1
382595,0.011389,1
103548,0.011388,1
211873,0.011388,1
213162,0.011388,1
69414,0.011387,1
403040,0.011383,1
382397,0.011381,1
46346,0.011379,1
330273,0.011376,1
50562,0.011375,1
231684,0.011375,1
2783,0.011374,1
17157,0.011373,1
187716,0.011367,1
351068,0.011367,1
416070,0.011364,1
82444,0.011361,1
271515,0.011361,1
91432,0.011355,1
241412,0.011354,1
133989,0.011351,1
366021,0.011351,1
112677,0.011348,1
40770,0.011343,1
24561,0.011343,1
120191,0.011342,1
112202,0.011342,1
376158,0.01134,1
234988,0.011337,1
61265,0.011335,1
215811,0.011334,1
360124,0.011331,1
378929,0.011328,1
425793,0.011326,1
315903,0.011325,1
341954,0.011324,1
50136,0.011323,1
308486,0.011322,1
152524,0.011319,1
105193,0.011319,1
443015,0.011318,1
208673,0.011317,1
148963,0.011317,1
83659,0.011317,1
309921,0.011316,1
268993,0.011315,1
460966,0.011315,1
271450,0.011314,1
238892,0.011314,1
28620,0.011313,1
126890,0.011311,1
243420,0.011309,1
77991,0.011309,1
440917,0.011309,1
367895,0.011308,1
188817,0.011307,1
10076,0.0113,1
248140,0.011249,1
289579,0.011173,1
329902,0.011155,1
61755,0.011136,1
370277,0.011136,1
99512,0.011111,1
225802,0.011103,1
336783,0.011099,1
35311,0.011097,1
221732,0.011094,1
274811,0.011093,1
292308,0.011091,1
443667,0.011083,1
362867,0.011076,1
260907,0.011074,1
457651,0.011074,1
266468,0.011073,1
357262,0.011073,1
69522,0.011071,1
105530,0.011064,1
179705,0.011063,1
100141,0.011062,1
91636,0.011061,1
108305,0.011058,1
153611,0.011054,1
183001,0.011049,1
376481,0.011047,1
307786,0.011045,1
300857,0.011039,1
59419,0.011038,1
154759,0.011038,1
275942,0.011037,1
138,0.011037,1
21095,0.011037,1
455105,0.011037,1
7215,0.011036,1
207941,0.011035,1
446817,0.011034,1
5476,0.011034,1
317428,0.011033,1
94098,0.011031,1
438731,0.011027,1
202425,0.011027,1
416580,0.011017,1
122741,0.011016,1
267663,0.011011,1
179494,0.011009,1
370320,0.011008,1
129895,0.011006,1
442143,0.011004,1
345683,0.011004,1
380180,0.011004,1
140838,0.011004,1
110310,0.011004,1
255094,0.011003,1
221399,0.011003,1
30221,0.011003,1
330559,0.011003,1
123984,0.011003,1
217982,0.011002,1
5510,0.011002,1
236448,0.011002,1
364427,0.011002,1
298793,0.011002,1
238158,0.011001,1
219815,0.011001,1
365823,0.011001,1
69617,0.011001,1
135461,0.011001,1
156099,0.011,1
199166,0.010999,1
76615,0.010995,1
401971,0.010993,1
29398,0.010993,1
37742,0.010992,1
303,0.010992,1
226086,0.010991,1
283185,0.010991,1
218044,0.01099,1
339481,0.010989,1
331948,0.010983,1
216342,0.010978,1
15844,0.010976,1
213021,0.010975,1
63055,0.010975,1
387736,0.010974,1
259755,0.010974,1
118872,0.010972,1
214187,0.010972,1
34356,0.010972,1
163897,0.010972,1
208216,0.01097,1
458012,0.010967,1
454771,0.010966,1
236109,0.010963,1
190749,0.010959,1
33650,0.010959,1
82384,0.010952,1
99323,0.010952,1
79277,0.010952,1
295236,0.010951,1
202797,0.01095,1
122734,0.010949,1
18332,0.010948,1
147993,0.010945,1
244116,0.010942,1
153936,0.010942,1
352959,0.010942,1
143011,0.010941,1
318077,0.01094,1
380366,0.010939,1
145219,0.010937,1
293126,0.010934,1
303467,0.010932,1
168491,0.010931,1
271612,0.010931,1
463490,0.010931,1
89860,0.010927,1
356479,0.010902,1
213661,0.010898,1
359682,0.010719,1
301595,0.010719,1
79299,0.010709,1
359313,0.0107,1
129652,0.0107,1
361225,0.010699,1
215567,0.010699,1
107236,0.010693,1
117752,0.010687,1
49196,0.010683,1
62133,0.010678,1
422583,0.010675,1
94570,0.010672,1
98374,0.010668,1
16352,0.010664,1
292312,0.010664,1
187482,0.010661,1
427439,0.01066,1
129206,0.01066,1
189338,0.010655,1
441661,0.010654,1
358959,0.010653,1
380514,0.010653,1
67918,0.010652,1
397770,0.01064,1
444585,0.010639,1
261977,0.010639,1
195314,0.010639,1
367906,0.010638,1
299212,0.010638,1
42098,0.010635,1
197497,0.010634,1
274884,0.010634,1
47484,0.010634,1
293865,0.010634,1
74148,0.010631,1
37767,0.010626,1
293100,0.010625,1
417631,0.010622,1
320451,0.010622,1
299672,0.010621,1
423718,0.010619,1
193786,0.010618,1
267852,0.010616,1
362072,0.010613,1
37688,0.010609,1
77097,0.010607,1
440953,0.010606,1
316140,0.010598,1
94105,0.010597,1
255198,0.010595,1
23617,0.010594,1
212840,0.010588,1
321356,0.010588,1
179436,0.010581,1
357772,0.010579,1
360344,0.010557,1
190304,0.010547,1
450347,0.01045,1
461279,0.010435,1
319279,0.010435,1
325295,0.010431,1
372997,0.010431,1
390517,0.010428,1
384734,0.010428,1
266717,0.010426,1
450248,0.010422,1
100081,0.01042,1
434566,0.010418,1
41514,0.010416,1
461535,0.010414,1
272389,0.010412,1
309300,0.010411,1
446392,0.01039,1
260530,0.010381,1
395163,0.010374,1
186243,0.01037,1
108211,0.010368,1
99568,0.010366,1
66960,0.010365,1
196961,0.010364,1
42400,0.010362,1
197852,0.010362,1
197901,0.010362,1
19961,0.01036,1
284433,0.010358,1
55562,0.010357,1
239316,0.010356,1
223955,0.010355,1
192036,0.010354,1
148425,0.010353,1
199906,0.010353,1
453016,0.010352,1
262874,0.010346,1
81395,0.010346,1
433602,0.010343,1
224309,0.010342,1
300590,0.010342,1
445679,0.010342,1
170267,0.010323,1
393724,0.010322,1
287207,0.010322,1
79386,0.010322,1
161453,0.01032,1
181405,0.01032,1
45759,0.01032,1
202843,0.010318,1
417303,0.010317,1
341223,0.010316,1
393709,0.010316,1
183361,0.010316,1
371327,0.010312,1
142723,0.010312,1
376772,0.010312,1
450421,0.010306,1
264352,0.0103,1
336945,0.010299,1
389524,0.010296,1
254446,0.010291,1
223242,0.010289,1
112615,0.010288,1
294157,0.010285,1
410140,0.010284,1
157178,0.010284,1
231395,0.010284,1
326779,0.010284,1
19574,0.010282,1
377767,0.010282,1
130965,0.010278,1
400100,0.010278,1
20947,0.010275,1
93645,0.010265,1
171201,0.010265,1
157585,0.010257,1
306425,0.01025,1
252841,0.010248,1
246683,0.010245,1
391772,0.010244,1
417358,0.01024,1
187029,0.010236,1
358281,0.010235,1
180097,0.010234,1
396453,0.010229,1
405371,0.010227,1
412420,0.010222,1
33311,0.01022,1
178369,0.010219,1
316629,0.010215,1
140811,0.010211,1
436456,0.010209,1
391648,0.010208,1
373993,0.010198,1
55578,0.010093,1
113347,0.010093,1
122617,0.010092,1
163161,0.010092,1
204559,0.010087,1
262093,0.01008,1
392435,0.010079,1
220767,0.010077,1
261464,0.010077,1
79544,0.010076,1
296707,0.010075,1
251315,0.010061,1
