antecedent,consequent,support,confidence,lift,support_count
37441,79323LP,0.009479,1.0,105.5,2
79323LP,37441,0.009479,1.0,105.5,2
21638,21645,0.009479,1.0,105.5,2
21645,21638,0.009479,1.0,105.5,2
85186A,85186C,0.009479,1.0,105.5,2
85186C,85186A,0.009479,1.0,105.5,2
85186A,85188A,0.009479,1.0,105.5,2
85188A,85186A,0.009479,1.0,105.5,2
85186C,85188A,0.009479,1.0,105.5,2
85188A,85186C,0.009479,1.0,105.5,2
22564,22565,0.009479,1.0,105.5,2
22565,22564,0.009479,1.0,105.5,2
22564,22566,0.009479,1.0,105.5,2
22566,22564,0.009479,1.0,105.5,2
22564,22586,0.009479,1.0,105.5,2
22586,22564,0.009479,1.0,105.5,2
22565,22566,0.009479,1.0,105.5,2
22566,22565,0.009479,1.0,105.5,2
22565,22586,0.009479,1.0,105.5,2
22586,22565,0.009479,1.0,105.5,2
22566,22586,0.009479,1.0,105.5,2
22586,22566,0.009479,1.0,105.5,2
21249,21251,0.009479,1.0,105.5,2
21251,21249,0.009479,1.0,105.5,2
22433,22526,0.009479,1.0,105.5,2
22526,22433,0.009479,1.0,105.5,2
62096A,62096B,0.009479,1.0,105.5,2
62096B,62096A,0.009479,1.0,105.5,2
21204,21205,0.009479,1.0,105.5,2
21205,21204,0.009479,1.0,105.5,2
22522,22523,0.009479,1.0,105.5,2
22523,22522,0.009479,1.0,105.5,2
22522,22525,0.009479,1.0,105.5,2
22525,22522,0.009479,1.0,105.5,2
22523,22525,0.009479,1.0,105.5,2
22525,22523,0.009479,1.0,105.5,2
21992,85226A,0.009479,1.0,105.5,2
85226A,21992,0.009479,1.0,105.5,2
21967,85232B,0.009479,1.0,105.5,2
85232B,21967,0.009479,1.0,105.5,2
20770,21126,0.009479,1.0,105.5,2
21126,20770,0.009479,1.0,105.5,2
21207,21507,0.009479,1.0,105.5,2
21507,21207,0.009479,1.0,105.5,2
21421,21422,0.009479,1.0,105.5,2
21422,21421,0.009479,1.0,105.5,2
21534,21845,0.009479,1.0,105.5,2
21845,21534,0.009479,1.0,105.5,2
16169P,16218,0.009479,1.0,105.5,2
16218,16169P,0.009479,1.0,105.5,2
21619,21716,0.009479,1.0,105.5,2
21716,21619,0.009479,1.0,105.5,2
21619,22123,0.009479,1.0,105.5,2
22123,21619,0.009479,1.0,105.5,2
21716,22123,0.009479,1.0,105.5,2
22123,21716,0.009479,1.0,105.5,2
72800E,84950,0.009479,1.0,105.5,2
84950,72800E,0.009479,1.0,105.5,2
22312,22573,0.009479,1.0,105.5,2
22573,22312,0.009479,1.0,105.5,2
22312,85088,0.009479,1.0,105.5,2
85088,22312,0.009479,1.0,105.5,2
22573,85088,0.009479,1.0,105.5,2
85088,22573,0.009479,1.0,105.5,2
22745,22746,0.009479,1.0,105.5,2
22746,22745,0.009479,1.0,105.5,2
22745,22747,0.009479,1.0,105.5,2
22747,22745,0.009479,1.0,105.5,2
22745,85227,0.009479,1.0,105.5,2
85227,22745,0.009479,1.0,105.5,2
22746,22747,0.009479,1.0,105.5,2
22747,22746,0.009479,1.0,105.5,2
22746,85227,0.009479,1.0,105.5,2
85227,22746,0.009479,1.0,105.5,2
22747,85227,0.009479,1.0,105.5,2
85227,22747,0.009479,1.0,105.5,2
21987,21988,0.009479,1.0,105.5,2
21988,21987,0.009479,1.0,105.5,2
21705,22465,0.009479,1.0,105.5,2
22465,21705,0.009479,1.0,105.5,2
22807,22955,0.009479,1.0,105.5,2
22955,22807,0.009479,1.0,105.5,2
22473,22968,0.009479,1.0,105.5,2
22968,22473,0.009479,1.0,105.5,2
22701,22702,0.009479,1.0,105.5,2
22702,22701,0.009479,1.0,105.5,2
22344,22345,0.009479,1.0,105.5,2
22345,22344,0.009479,1.0,105.5,2
85159A,85180A,0.009479,1.0,105.5,2
85180A,85159A,0.009479,1.0,105.5,2
90125A,90125D,0.009479,1.0,105.5,2
90125D,90125A,0.009479,1.0,105.5,2
22895,22937,0.009479,1.0,105.5,2
22937,22895,0.009479,1.0,105.5,2
22967,22971,0.009479,1.0,105.5,2
22971,22967,0.009479,1.0,105.5,2
22967,22988,0.009479,1.0,105.5,2
22988,22967,0.009479,1.0,105.5,2
22971,22988,0.009479,1.0,105.5,2
22988,22971,0.009479,1.0,105.5,2
22676,22677,0.009479,1.0,105.5,2
22677,22676,0.009479,1.0,105.5,2
22676,22683,0.009479,1.0,105.5,2
22683,22676,0.009479,1.0,105.5,2
22677,22683,0.009479,1.0,105.5,2
22683,22677,0.009479,1.0,105.5,2
21713,21714,0.009479,1.0,105.5,2
21714,21713,0.009479,1.0,105.5,2
23089,23168,0.009479,1.0,105.5,2
23168,23089,0.009479,1.0,105.5,2
23089,23300,0.009479,1.0,105.5,2
23300,23089,0.009479,1.0,105.5,2
23168,23300,0.009479,1.0,105.5,2
23300,23168,0.009479,1.0,105.5,2
23321,23322,0.009479,1.0,105.5,2
23322,23321,0.009479,1.0,105.5,2
23119,23121,0.009479,1.0,105.5,2
23121,23119,0.009479,1.0,105.5,2
22898,22979,0.009479,1.0,105.5,2
22979,22898,0.009479,1.0,105.5,2
23295,84031B,0.009479,1.0,105.5,2
84031B,23295,0.009479,1.0,105.5,2
22685,22686,0.009479,1.0,105.5,2
22686,22685,0.009479,1.0,105.5,2
21263,23497,0.009479,1.0,105.5,2
23497,21263,0.009479,1.0,105.5,2
21263,23498,0.009479,1.0,105.5,2
23498,21263,0.009479,1.0,105.5,2
21263,23535,0.009479,1.0,105.5,2
23535,21263,0.009479,1.0,105.5,2
23497,23498,0.009479,1.0,105.5,2
23498,23497,0.009479,1.0,105.5,2
23497,23535,0.009479,1.0,105.5,2
23535,23497,0.009479,1.0,105.5,2
23498,23535,0.009479,1.0,105.5,2
23535,23498,0.009479,1.0,105.5,2
21499,21500,0.014218,1.0,70.333333,3
21500,21499,0.014218,1.0,70.333333,3
22841,22843,0.014218,1.0,70.333333,3
22843,22841,0.014218,1.0,70.333333,3
22639,22643,0.014218,1.0,70.333333,3
22643,22639,0.014218,1.0,70.333333,3
23254,23256,0.014218,1.0,70.333333,3
23256,23254,0.014218,1.0,70.333333,3
23294,23296,0.014218,1.0,70.333333,3
23296,23294,0.014218,1.0,70.333333,3
20668,75049L,0.009479,1.0,70.333333,2
22071,21985,0.009479,1.0,70.333333,2
37441,79323W,0.009479,1.0,70.333333,2
79323LP,79323W,0.009479,1.0,70.333333,2
84659A,84859A,0.009479,1.0,70.333333,2
84859B,84859A,0.009479,1.0,70.333333,2
84670,17003,0.009479,1.0,70.333333,2
85034B,21494,0.009479,1.0,70.333333,2
21609,21614,0.009479,1.0,70.333333,2
22531,22530,0.009479,1.0,70.333333,2
22564,22562,0.009479,1.0,70.333333,2
22565,22562,0.009479,1.0,70.333333,2
22566,22562,0.009479,1.0,70.333333,2
22586,22562,0.009479,1.0,70.333333,2
22564,22587,0.009479,1.0,70.333333,2
22565,22587,0.009479,1.0,70.333333,2
22566,22587,0.009479,1.0,70.333333,2
22586,22587,0.009479,1.0,70.333333,2
22272,20972,0.009479,1.0,70.333333,2
21122,21124,0.009479,1.0,70.333333,2
21122,22435,0.009479,1.0,70.333333,2
21827,22131,0.009479,1.0,70.333333,2
22433,22435,0.009479,1.0,70.333333,2
22526,22435,0.009479,1.0,70.333333,2
21204,21203,0.009479,1.0,70.333333,2
21205,21203,0.009479,1.0,70.333333,2
22208,22562,0.009479,1.0,70.333333,2
22522,22524,0.009479,1.0,70.333333,2
22523,22524,0.009479,1.0,70.333333,2
22525,22524,0.009479,1.0,70.333333,2
22081,21203,0.009479,1.0,70.333333,2
21749,84077,0.009479,1.0,70.333333,2
22302,22501,0.009479,1.0,70.333333,2
47599A,47599B,0.009479,1.0,70.333333,2
22421,22420,0.009479,1.0,70.333333,2
20686,20684,0.009479,1.0,70.333333,2
21179,20984,0.009479,1.0,70.333333,2
82597,21870,0.009479,1.0,70.333333,2
21421,20828,0.009479,1.0,70.333333,2
21422,20828,0.009479,1.0,70.333333,2
21059,21061,0.009479,1.0,70.333333,2
85031C,21061,0.009479,1.0,70.333333,2
22438,21124,0.009479,1.0,70.333333,2
21584,85049C,0.009479,1.0,70.333333,2
22076,35471D,0.009479,1.0,70.333333,2
21534,21528,0.009479,1.0,70.333333,2
21845,21528,0.009479,1.0,70.333333,2
21888,22030,0.009479,1.0,70.333333,2
84988,21912,0.009479,1.0,70.333333,2
84988,22549,0.009479,1.0,70.333333,2
82605,22668,0.009479,1.0,70.333333,2
82605,47590B,0.009479,1.0,70.333333,2
85040B,84596B,0.009479,1.0,70.333333,2
84596G,84596F,0.009479,1.0,70.333333,2
15034,22422,0.009479,1.0,70.333333,2
22672,22670,0.009479,1.0,70.333333,2
22672,22674,0.009479,1.0,70.333333,2
22152,22422,0.009479,1.0,70.333333,2
85018D,22495,0.009479,1.0,70.333333,2
85049G,85049C,0.009479,1.0,70.333333,2
20655,21989,0.009479,1.0,70.333333,2
22059,22804,0.009479,1.0,70.333333,2
21187,22587,0.009479,1.0,70.333333,2
21187,22600,0.009479,1.0,70.333333,2
21187,22734,0.009479,1.0,70.333333,2
21777,22734,0.009479,1.0,70.333333,2
22024,22028,0.009479,1.0,70.333333,2
22312,22311,0.009479,1.0,70.333333,2
22573,22311,0.009479,1.0,70.333333,2
85088,22311,0.009479,1.0,70.333333,2
22312,22409,0.009479,1.0,70.333333,2
22312,85199S,0.009479,1.0,70.333333,2
22573,22409,0.009479,1.0,70.333333,2
85088,22409,0.009479,1.0,70.333333,2
22813,22553,0.009479,1.0,70.333333,2
22573,85199S,0.009479,1.0,70.333333,2
22739,22736,0.009479,1.0,70.333333,2
22813,22736,0.009479,1.0,70.333333,2
22745,85199L,0.009479,1.0,70.333333,2
22746,85199L,0.009479,1.0,70.333333,2
22747,85199L,0.009479,1.0,70.333333,2
85088,85199S,0.009479,1.0,70.333333,2
85227,85199L,0.009479,1.0,70.333333,2
22757,22753,0.009479,1.0,70.333333,2
22773,22771,0.009479,1.0,70.333333,2
22079,22080,0.009479,1.0,70.333333,2
22604,22639,0.009479,1.0,70.333333,2
22604,22643,0.009479,1.0,70.333333,2
22642,22639,0.009479,1.0,70.333333,2
22642,22643,0.009479,1.0,70.333333,2
21833,22311,0.009479,1.0,70.333333,2
70007,22834,0.009479,1.0,70.333333,2
22142,22144,0.009479,1.0,70.333333,2
22729,21174,0.009479,1.0,70.333333,2
22701,22700,0.009479,1.0,70.333333,2
22702,22700,0.009479,1.0,70.333333,2
22751,22150,0.009479,1.0,70.333333,2
22766,84375,0.009479,1.0,70.333333,2
72802B,72802C,0.009479,1.0,70.333333,2
84596E,20674,0.009479,1.0,70.333333,2
84596E,20675,0.009479,1.0,70.333333,2
22754,22753,0.009479,1.0,70.333333,2
22754,22755,0.009479,1.0,70.333333,2
22931,22932,0.009479,1.0,70.333333,2
22608,22609,0.009479,1.0,70.333333,2
22608,47504K,0.009479,1.0,70.333333,2
85159B,84356,0.009479,1.0,70.333333,2
15044B,15044D,0.009479,1.0,70.333333,2
22474,22494,0.009479,1.0,70.333333,2
15044A,15044D,0.009479,1.0,70.333333,2
47310M,16236,0.009479,1.0,70.333333,2
23076,23077,0.009479,1.0,70.333333,2
22698,22699,0.009479,1.0,70.333333,2
23170,23171,0.009479,1.0,70.333333,2
84507C,21715,0.009479,1.0,70.333333,2
23321,23208,0.009479,1.0,70.333333,2
23322,23208,0.009479,1.0,70.333333,2
22982,22932,0.009479,1.0,70.333333,2
23297,85132C,0.009479,1.0,70.333333,2
23295,22113,0.009479,1.0,70.333333,2
84031B,22113,0.009479,1.0,70.333333,2
22094,23294,0.009479,1.0,70.333333,2
22094,23296,0.009479,1.0,70.333333,2
22673,23182,0.009479,1.0,70.333333,2
23356,21810,0.009479,1.0,70.333333,2
23569,23480,0.009479,1.0,70.333333,2
22942,23489,0.009479,1.0,70.333333,2
23313,23489,0.009479,1.0,70.333333,2
21263,23489,0.009479,1.0,70.333333,2
21263,23552,0.009479,1.0,70.333333,2
23497,23489,0.009479,1.0,70.333333,2
23498,23489,0.009479,1.0,70.333333,2
23535,23489,0.009479,1.0,70.333333,2
23497,23552,0.009479,1.0,70.333333,2
23498,23552,0.009479,1.0,70.333333,2
23535,23552,0.009479,1.0,70.333333,2
23241,23169,0.009479,1.0,70.333333,2
23241,23182,0.009479,1.0,70.333333,2
23241,23552,0.009479,1.0,70.333333,2
75049L,20668,0.009479,0.666667,70.333333,2
21985,22071,0.009479,0.666667,70.333333,2
79323W,37441,0.009479,0.666667,70.333333,2
79323W,79323LP,0.009479,0.666667,70.333333,2
84859A,84659A,0.009479,0.666667,70.333333,2
84859A,84859B,0.009479,0.666667,70.333333,2
17003,84670,0.009479,0.666667,70.333333,2
21494,85034B,0.009479,0.666667,70.333333,2
21614,21609,0.009479,0.666667,70.333333,2
22530,22531,0.009479,0.666667,70.333333,2
22562,22564,0.009479,0.666667,70.333333,2
22562,22565,0.009479,0.666667,70.333333,2
22562,22566,0.009479,0.666667,70.333333,2
22562,22586,0.009479,0.666667,70.333333,2
22587,22564,0.009479,0.666667,70.333333,2
22587,22565,0.009479,0.666667,70.333333,2
22587,22566,0.009479,0.666667,70.333333,2
22587,22586,0.009479,0.666667,70.333333,2
20972,22272,0.009479,0.666667,70.333333,2
21124,21122,0.009479,0.666667,70.333333,2
22435,21122,0.009479,0.666667,70.333333,2
22131,21827,0.009479,0.666667,70.333333,2
22435,22433,0.009479,0.666667,70.333333,2
22435,22526,0.009479,0.666667,70.333333,2
21203,21204,0.009479,0.666667,70.333333,2
21203,21205,0.009479,0.666667,70.333333,2
22562,22208,0.009479,0.666667,70.333333,2
22524,22522,0.009479,0.666667,70.333333,2
22524,22523,0.009479,0.666667,70.333333,2
22524,22525,0.009479,0.666667,70.333333,2
21203,22081,0.009479,0.666667,70.333333,2
84077,21749,0.009479,0.666667,70.333333,2
22501,22302,0.009479,0.666667,70.333333,2
47599B,47599A,0.009479,0.666667,70.333333,2
22420,22421,0.009479,0.666667,70.333333,2
20684,20686,0.009479,0.666667,70.333333,2
20984,21179,0.009479,0.666667,70.333333,2
21870,82597,0.009479,0.666667,70.333333,2
20828,21421,0.009479,0.666667,70.333333,2
20828,21422,0.009479,0.666667,70.333333,2
21061,21059,0.009479,0.666667,70.333333,2
21061,85031C,0.009479,0.666667,70.333333,2
21124,22438,0.009479,0.666667,70.333333,2
85049C,21584,0.009479,0.666667,70.333333,2
35471D,22076,0.009479,0.666667,70.333333,2
21528,21534,0.009479,0.666667,70.333333,2
21528,21845,0.009479,0.666667,70.333333,2
22030,21888,0.009479,0.666667,70.333333,2
21912,84988,0.009479,0.666667,70.333333,2
22549,84988,0.009479,0.666667,70.333333,2
22668,82605,0.009479,0.666667,70.333333,2
47590B,82605,0.009479,0.666667,70.333333,2
84596B,85040B,0.009479,0.666667,70.333333,2
84596F,84596G,0.009479,0.666667,70.333333,2
22422,15034,0.009479,0.666667,70.333333,2
22670,22672,0.009479,0.666667,70.333333,2
22674,22672,0.009479,0.666667,70.333333,2
22422,22152,0.009479,0.666667,70.333333,2
22495,85018D,0.009479,0.666667,70.333333,2
85049C,85049G,0.009479,0.666667,70.333333,2
21989,20655,0.009479,0.666667,70.333333,2
22804,22059,0.009479,0.666667,70.333333,2
22587,21187,0.009479,0.666667,70.333333,2
22600,21187,0.009479,0.666667,70.333333,2
22734,21187,0.009479,0.666667,70.333333,2
22734,21777,0.009479,0.666667,70.333333,2
22028,22024,0.009479,0.666667,70.333333,2
22311,22312,0.009479,0.666667,70.333333,2
22311,22573,0.009479,0.666667,70.333333,2
22311,85088,0.009479,0.666667,70.333333,2
22409,22312,0.009479,0.666667,70.333333,2
85199S,22312,0.009479,0.666667,70.333333,2
22409,22573,0.009479,0.666667,70.333333,2
22409,85088,0.009479,0.666667,70.333333,2
22553,22813,0.009479,0.666667,70.333333,2
85199S,22573,0.009479,0.666667,70.333333,2
22736,22739,0.009479,0.666667,70.333333,2
22736,22813,0.009479,0.666667,70.333333,2
85199L,22745,0.009479,0.666667,70.333333,2
85199L,22746,0.009479,0.666667,70.333333,2
85199L,22747,0.009479,0.666667,70.333333,2
85199S,85088,0.009479,0.666667,70.333333,2
85199L,85227,0.009479,0.666667,70.333333,2
22753,22757,0.009479,0.666667,70.333333,2
22771,22773,0.009479,0.666667,70.333333,2
22080,22079,0.009479,0.666667,70.333333,2
22639,22604,0.009479,0.666667,70.333333,2
22643,22604,0.009479,0.666667,70.333333,2
22639,22642,0.009479,0.666667,70.333333,2
22643,22642,0.009479,0.666667,70.333333,2
22311,21833,0.009479,0.666667,70.333333,2
22834,70007,0.009479,0.666667,70.333333,2
22144,22142,0.009479,0.666667,70.333333,2
21174,22729,0.009479,0.666667,70.333333,2
22700,22701,0.009479,0.666667,70.333333,2
22700,22702,0.009479,0.666667,70.333333,2
22150,22751,0.009479,0.666667,70.333333,2
84375,22766,0.009479,0.666667,70.333333,2
72802C,72802B,0.009479,0.666667,70.333333,2
20674,84596E,0.009479,0.666667,70.333333,2
20675,84596E,0.009479,0.666667,70.333333,2
22753,22754,0.009479,0.666667,70.333333,2
22755,22754,0.009479,0.666667,70.333333,2
22932,22931,0.009479,0.666667,70.333333,2
22609,22608,0.009479,0.666667,70.333333,2
47504K,22608,0.009479,0.666667,70.333333,2
84356,85159B,0.009479,0.666667,70.333333,2
15044D,15044B,0.009479,0.666667,70.333333,2
22494,22474,0.009479,0.666667,70.333333,2
15044D,15044A,0.009479,0.666667,70.333333,2
16236,47310M,0.009479,0.666667,70.333333,2
23077,23076,0.009479,0.666667,70.333333,2
22699,22698,0.009479,0.666667,70.333333,2
23171,23170,0.009479,0.666667,70.333333,2
21715,84507C,0.009479,0.666667,70.333333,2
23208,23321,0.009479,0.666667,70.333333,2
23208,23322,0.009479,0.666667,70.333333,2
22932,22982,0.009479,0.666667,70.333333,2
85132C,23297,0.009479,0.666667,70.333333,2
22113,23295,0.009479,0.666667,70.333333,2
22113,84031B,0.009479,0.666667,70.333333,2
23294,22094,0.009479,0.666667,70.333333,2
23296,22094,0.009479,0.666667,70.333333,2
23182,22673,0.009479,0.666667,70.333333,2
21810,23356,0.009479,0.666667,70.333333,2
23480,23569,0.009479,0.666667,70.333333,2
23489,22942,0.009479,0.666667,70.333333,2
23489,23313,0.009479,0.666667,70.333333,2
23489,21263,0.009479,0.666667,70.333333,2
23552,21263,0.009479,0.666667,70.333333,2
23489,23497,0.009479,0.666667,70.333333,2
23489,23498,0.009479,0.666667,70.333333,2
23489,23535,0.009479,0.666667,70.333333,2
23552,23497,0.009479,0.666667,70.333333,2
23552,23498,0.009479,0.666667,70.333333,2
23552,23535,0.009479,0.666667,70.333333,2
23169,23241,0.009479,0.666667,70.333333,2
23182,23241,0.009479,0.666667,70.333333,2
23552,23241,0.009479,0.666667,70.333333,2
22520,22521,0.018957,1.0,52.75,4
22521,22520,0.018957,1.0,52.75,4
23389,23390,0.018957,1.0,52.75,4
23390,23389,0.018957,1.0,52.75,4
51014L,51014A,0.014218,1.0,52.75,3
22562,22563,0.014218,1.0,52.75,3
22524,22520,0.014218,1.0,52.75,3
22524,22521,0.014218,1.0,52.75,3
21061,21063,0.014218,1.0,52.75,3
85049C,85049F,0.014218,1.0,52.75,3
23145,23144,0.014218,1.0,52.75,3
23208,23207,0.014218,1.0,52.75,3
23294,23293,0.014218,1.0,52.75,3
23296,23293,0.014218,1.0,52.75,3
23388,23389,0.014218,1.0,52.75,3
23388,23390,0.014218,1.0,52.75,3
84875D,48173C,0.009479,1.0,52.75,2
85049B,22168,0.009479,1.0,52.75,2
85049B,85049F,0.009479,1.0,52.75,2
90214K,48173C,0.009479,1.0,52.75,2
84670,16235,0.009479,1.0,52.75,2
85034C,22207,0.009479,1.0,52.75,2
85172,51014A,0.009479,1.0,52.75,2
22564,22563,0.009479,1.0,52.75,2
22565,22563,0.009479,1.0,52.75,2
22566,22563,0.009479,1.0,52.75,2
22586,22563,0.009479,1.0,52.75,2
21827,21826,0.009479,1.0,52.75,2
22272,22271,0.009479,1.0,52.75,2
22272,22273,0.009479,1.0,52.75,2
22208,22563,0.009479,1.0,52.75,2
22623,22405,0.009479,1.0,52.75,2
22522,22520,0.009479,1.0,52.75,2
22523,22520,0.009479,1.0,52.75,2
22525,22520,0.009479,1.0,52.75,2
22522,22521,0.009479,1.0,52.75,2
22523,22521,0.009479,1.0,52.75,2
22525,22521,0.009479,1.0,52.75,2
22081,22078,0.009479,1.0,52.75,2
22302,22605,0.009479,1.0,52.75,2
20973,20974,0.009479,1.0,52.75,2
20973,20975,0.009479,1.0,52.75,2
21179,21385,0.009479,1.0,52.75,2
21059,21063,0.009479,1.0,52.75,2
85031C,21063,0.009479,1.0,52.75,2
21207,22029,0.009479,1.0,52.75,2
21207,22712,0.009479,1.0,52.75,2
21507,22029,0.009479,1.0,52.75,2
21507,22712,0.009479,1.0,52.75,2
21584,85049F,0.009479,1.0,52.75,2
85031C,22029,0.009479,1.0,52.75,2
22438,22712,0.009479,1.0,52.75,2
22583,22582,0.009479,1.0,52.75,2
22299,84279P,0.009479,1.0,52.75,2
84988,21592,0.009479,1.0,52.75,2
84992,22621,0.009479,1.0,52.75,2
84988,85178,0.009479,1.0,52.75,2
21703,21892,0.009479,1.0,52.75,2
84715,21704,0.009479,1.0,52.75,2
22357,22429,0.009479,1.0,52.75,2
16169P,22029,0.009479,1.0,52.75,2
16218,22029,0.009479,1.0,52.75,2
85131A,22227,0.009479,1.0,52.75,2
22152,22405,0.009479,1.0,52.75,2
85049G,85049F,0.009479,1.0,52.75,2
22024,21508,0.009479,1.0,52.75,2
21777,22635,0.009479,1.0,52.75,2
22739,21558,0.009479,1.0,52.75,2
22312,22582,0.009479,1.0,52.75,2
22573,22582,0.009479,1.0,52.75,2
22739,22579,0.009479,1.0,52.75,2
85088,22582,0.009479,1.0,52.75,2
22813,22812,0.009479,1.0,52.75,2
21818,21819,0.009479,1.0,52.75,2
82484,22800,0.009479,1.0,52.75,2
22473,22563,0.009479,1.0,52.75,2
22968,22563,0.009479,1.0,52.75,2
72802B,72802A,0.009479,1.0,52.75,2
21811,22579,0.009479,1.0,52.75,2
22895,22966,0.009479,1.0,52.75,2
22937,22966,0.009479,1.0,52.75,2
47310M,21430,0.009479,1.0,52.75,2
21713,21592,0.009479,1.0,52.75,2
21714,21592,0.009479,1.0,52.75,2
23089,23101,0.009479,1.0,52.75,2
23102,23101,0.009479,1.0,52.75,2
23168,23101,0.009479,1.0,52.75,2
23300,23101,0.009479,1.0,52.75,2
23321,23207,0.009479,1.0,52.75,2
23322,23207,0.009479,1.0,52.75,2
23308,22966,0.009479,1.0,52.75,2
23297,23293,0.009479,1.0,52.75,2
22094,23293,0.009479,1.0,52.75,2
23395,35970,0.009479,1.0,52.75,2
23395,84947,0.009479,1.0,52.75,2
22730,22728,0.009479,1.0,52.75,2
21070,22904,0.009479,1.0,52.75,2
23356,21819,0.009479,1.0,52.75,2
23356,35970,0.009479,1.0,52.75,2
23313,23343,0.009479,1.0,52.75,2
51014A,51014L,0.014218,0.75,52.75,3
22563,22562,0.014218,0.75,52.75,3
22520,22524,0.014218,0.75,52.75,3
22521,22524,0.014218,0.75,52.75,3
21063,21061,0.014218,0.75,52.75,3
85049F,85049C,0.014218,0.75,52.75,3
23144,23145,0.014218,0.75,52.75,3
23207,23208,0.014218,0.75,52.75,3
23293,23294,0.014218,0.75,52.75,3
23293,23296,0.014218,0.75,52.75,3
23389,23388,0.014218,0.75,52.75,3
23390,23388,0.014218,0.75,52.75,3
48173C,84875D,0.009479,0.5,52.75,2
22168,85049B,0.009479,0.5,52.75,2
85049F,85049B,0.009479,0.5,52.75,2
48173C,90214K,0.009479,0.5,52.75,2
16235,84670,0.009479,0.5,52.75,2
22207,85034C,0.009479,0.5,52.75,2
51014A,85172,0.009479,0.5,52.75,2
22563,22564,0.009479,0.5,52.75,2
22563,22565,0.009479,0.5,52.75,2
22563,22566,0.009479,0.5,52.75,2
22563,22586,0.009479,0.5,52.75,2
21826,21827,0.009479,0.5,52.75,2
22271,22272,0.009479,0.5,52.75,2
22273,22272,0.009479,0.5,52.75,2
22563,22208,0.009479,0.5,52.75,2
22405,22623,0.009479,0.5,52.75,2
22520,22522,0.009479,0.5,52.75,2
22520,22523,0.009479,0.5,52.75,2
22520,22525,0.009479,0.5,52.75,2
22521,22522,0.009479,0.5,52.75,2
22521,22523,0.009479,0.5,52.75,2
22521,22525,0.009479,0.5,52.75,2
22078,22081,0.009479,0.5,52.75,2
22605,22302,0.009479,0.5,52.75,2
20974,20973,0.009479,0.5,52.75,2
20975,20973,0.009479,0.5,52.75,2
21385,21179,0.009479,0.5,52.75,2
21063,21059,0.009479,0.5,52.75,2
21063,85031C,0.009479,0.5,52.75,2
22029,21207,0.009479,0.5,52.75,2
22712,21207,0.009479,0.5,52.75,2
22029,21507,0.009479,0.5,52.75,2
22712,21507,0.009479,0.5,52.75,2
85049F,21584,0.009479,0.5,52.75,2
22029,85031C,0.009479,0.5,52.75,2
22712,22438,0.009479,0.5,52.75,2
22582,22583,0.009479,0.5,52.75,2
84279P,22299,0.009479,0.5,52.75,2
21592,84988,0.009479,0.5,52.75,2
22621,84992,0.009479,0.5,52.75,2
85178,84988,0.009479,0.5,52.75,2
21892,21703,0.009479,0.5,52.75,2
21704,84715,0.009479,0.5,52.75,2
22429,22357,0.009479,0.5,52.75,2
22029,16169P,0.009479,0.5,52.75,2
22029,16218,0.009479,0.5,52.75,2
22227,85131A,0.009479,0.5,52.75,2
22405,22152,0.009479,0.5,52.75,2
85049F,85049G,0.009479,0.5,52.75,2
21508,22024,0.009479,0.5,52.75,2
22635,21777,0.009479,0.5,52.75,2
21558,22739,0.009479,0.5,52.75,2
22582,22312,0.009479,0.5,52.75,2
22582,22573,0.009479,0.5,52.75,2
22579,22739,0.009479,0.5,52.75,2
22582,85088,0.009479,0.5,52.75,2
22812,22813,0.009479,0.5,52.75,2
21819,21818,0.009479,0.5,52.75,2
22800,82484,0.009479,0.5,52.75,2
22563,22473,0.009479,0.5,52.75,2
22563,22968,0.009479,0.5,52.75,2
72802A,72802B,0.009479,0.5,52.75,2
22579,21811,0.009479,0.5,52.75,2
22966,22895,0.009479,0.5,52.75,2
22966,22937,0.009479,0.5,52.75,2
21430,47310M,0.009479,0.5,52.75,2
21592,21713,0.009479,0.5,52.75,2
21592,21714,0.009479,0.5,52.75,2
23101,23089,0.009479,0.5,52.75,2
23101,23102,0.009479,0.5,52.75,2
23101,23168,0.009479,0.5,52.75,2
23101,23300,0.009479,0.5,52.75,2
23207,23321,0.009479,0.5,52.75,2
23207,23322,0.009479,0.5,52.75,2
22966,23308,0.009479,0.5,52.75,2
23293,23297,0.009479,0.5,52.75,2
23293,22094,0.009479,0.5,52.75,2
35970,23395,0.009479,0.5,52.75,2
84947,23395,0.009479,0.5,52.75,2
22728,22730,0.009479,0.5,52.75,2
22904,21070,0.009479,0.5,52.75,2
21819,23356,0.009479,0.5,52.75,2
35970,23356,0.009479,0.5,52.75,2
23343,23313,0.009479,0.5,52.75,2
21239,21240,0.009479,0.666667,46.888889,2
21240,21239,0.009479,0.666667,46.888889,2
21985,22119,0.009479,0.666667,46.888889,2
22119,21985,0.009479,0.666667,46.888889,2
22562,22587,0.009479,0.666667,46.888889,2
22587,22562,0.009479,0.666667,46.888889,2
20972,21124,0.009479,0.666667,46.888889,2
21124,20972,0.009479,0.666667,46.888889,2
21124,22435,0.009479,0.666667,46.888889,2
22435,21124,0.009479,0.666667,46.888889,2
21982,21983,0.009479,0.666667,46.888889,2
21983,21982,0.009479,0.666667,46.888889,2
22088,22089,0.009479,0.666667,46.888889,2
22089,22088,0.009479,0.666667,46.888889,2
21937,22606,0.009479,0.666667,46.888889,2
22606,21937,0.009479,0.666667,46.888889,2
22530,22532,0.009479,0.666667,46.888889,2
22532,22530,0.009479,0.666667,46.888889,2
21937,47590B,0.009479,0.666667,46.888889,2
47590B,21937,0.009479,0.666667,46.888889,2
47590B,47599B,0.009479,0.666667,46.888889,2
47599B,47590B,0.009479,0.666667,46.888889,2
21042,84859A,0.009479,0.666667,46.888889,2
84859A,21042,0.009479,0.666667,46.888889,2
22435,22716,0.009479,0.666667,46.888889,2
22716,22435,0.009479,0.666667,46.888889,2
22553,22716,0.009479,0.666667,46.888889,2
22716,22553,0.009479,0.666667,46.888889,2
22366,22476,0.009479,0.666667,46.888889,2
22476,22366,0.009479,0.666667,46.888889,2
21912,22549,0.009479,0.666667,46.888889,2
22549,21912,0.009479,0.666667,46.888889,2
22030,22333,0.009479,0.666667,46.888889,2
22333,22030,0.009479,0.666667,46.888889,2
22030,22718,0.009479,0.666667,46.888889,2
22718,22030,0.009479,0.666667,46.888889,2
22333,22718,0.009479,0.666667,46.888889,2
22718,22333,0.009479,0.666667,46.888889,2
22668,47590B,0.009479,0.666667,46.888889,2
47590B,22668,0.009479,0.666667,46.888889,2
84596B,84596F,0.009479,0.666667,46.888889,2
84596F,84596B,0.009479,0.666667,46.888889,2
21873,22117,0.009479,0.666667,46.888889,2
22117,21873,0.009479,0.666667,46.888889,2
22670,22674,0.009479,0.666667,46.888889,2
22674,22670,0.009479,0.666667,46.888889,2
22117,47504K,0.009479,0.666667,46.888889,2
47504K,22117,0.009479,0.666667,46.888889,2
22659,22900,0.009479,0.666667,46.888889,2
22900,22659,0.009479,0.666667,46.888889,2
22804,22851,0.009479,0.666667,46.888889,2
22851,22804,0.009479,0.666667,46.888889,2
22587,22600,0.009479,0.666667,46.888889,2
22600,22587,0.009479,0.666667,46.888889,2
22587,22734,0.009479,0.666667,46.888889,2
22734,22587,0.009479,0.666667,46.888889,2
22600,22734,0.009479,0.666667,46.888889,2
22734,22600,0.009479,0.666667,46.888889,2
22734,22950,0.009479,0.666667,46.888889,2
22950,22734,0.009479,0.666667,46.888889,2
22119,22409,0.009479,0.666667,46.888889,2
22409,22119,0.009479,0.666667,46.888889,2
22297,22311,0.009479,0.666667,46.888889,2
22311,22297,0.009479,0.666667,46.888889,2
22311,22409,0.009479,0.666667,46.888889,2
22409,22311,0.009479,0.666667,46.888889,2
22311,85199S,0.009479,0.666667,46.888889,2
85199S,22311,0.009479,0.666667,46.888889,2
22409,85199S,0.009479,0.666667,46.888889,2
85199S,22409,0.009479,0.666667,46.888889,2
22553,22736,0.009479,0.666667,46.888889,2
22736,22553,0.009479,0.666667,46.888889,2
85014A,85014B,0.009479,0.666667,46.888889,2
85014B,85014A,0.009479,0.666667,46.888889,2
22329,22636,0.009479,0.666667,46.888889,2
22636,22329,0.009479,0.666667,46.888889,2
22196,22409,0.009479,0.666667,46.888889,2
22409,22196,0.009479,0.666667,46.888889,2
22196,22476,0.009479,0.666667,46.888889,2
22476,22196,0.009479,0.666667,46.888889,2
22196,22549,0.009479,0.666667,46.888889,2
22549,22196,0.009479,0.666667,46.888889,2
22366,22532,0.009479,0.666667,46.888889,2
22532,22366,0.009479,0.666667,46.888889,2
22409,22476,0.009479,0.666667,46.888889,2
22476,22409,0.009479,0.666667,46.888889,2
22409,22549,0.009479,0.666667,46.888889,2
22549,22409,0.009479,0.666667,46.888889,2
22476,22549,0.009479,0.666667,46.888889,2
22549,22476,0.009479,0.666667,46.888889,2
22535,22945,0.009479,0.666667,46.888889,2
22945,22535,0.009479,0.666667,46.888889,2
20674,20675,0.009479,0.666667,46.888889,2
20675,20674,0.009479,0.666667,46.888889,2
20992,84596F,0.009479,0.666667,46.888889,2
84596F,20992,0.009479,0.666667,46.888889,2
22753,22755,0.009479,0.666667,46.888889,2
22755,22753,0.009479,0.666667,46.888889,2
22609,47504K,0.009479,0.666667,46.888889,2
47504K,22609,0.009479,0.666667,46.888889,2
22992,84077,0.009479,0.666667,46.888889,2
84077,22992,0.009479,0.666667,46.888889,2
23208,23298,0.009479,0.666667,46.888889,2
23298,23208,0.009479,0.666667,46.888889,2
23345,23346,0.009479,0.666667,46.888889,2
23346,23345,0.009479,0.666667,46.888889,2
23345,85132C,0.009479,0.666667,46.888889,2
85132C,23345,0.009479,0.666667,46.888889,2
23346,85132C,0.009479,0.666667,46.888889,2
85132C,23346,0.009479,0.666667,46.888889,2
21912,35471D,0.009479,0.666667,46.888889,2
35471D,21912,0.009479,0.666667,46.888889,2
23108,23346,0.009479,0.666667,46.888889,2
23346,23108,0.009479,0.666667,46.888889,2
22946,23077,0.009479,0.666667,46.888889,2
23077,22946,0.009479,0.666667,46.888889,2
23108,23254,0.009479,0.666667,46.888889,2
23254,23108,0.009479,0.666667,46.888889,2
23108,23256,0.009479,0.666667,46.888889,2
23256,23108,0.009479,0.666667,46.888889,2
23108,23388,0.009479,0.666667,46.888889,2
23388,23108,0.009479,0.666667,46.888889,2
23254,23388,0.009479,0.666667,46.888889,2
23388,23254,0.009479,0.666667,46.888889,2
23256,23388,0.009479,0.666667,46.888889,2
23388,23256,0.009479,0.666667,46.888889,2
21770,23169,0.009479,0.666667,46.888889,2
23169,21770,0.009479,0.666667,46.888889,2
23192,23571,0.009479,0.666667,46.888889,2
23571,23192,0.009479,0.666667,46.888889,2
23570,23571,0.009479,0.666667,46.888889,2
23571,23570,0.009479,0.666667,46.888889,2
23489,23552,0.009479,0.666667,46.888889,2
23552,23489,0.009479,0.666667,46.888889,2
23169,23182,0.009479,0.666667,46.888889,2
23182,23169,0.009479,0.666667,46.888889,2
23169,23552,0.009479,0.666667,46.888889,2
23552,23169,0.009479,0.666667,46.888889,2
23182,23552,0.009479,0.666667,46.888889,2
23552,23182,0.009479,0.666667,46.888889,2
21899,21900,0.023697,1.0,42.2,5
21900,21899,0.023697,1.0,42.2,5
21899,21901,0.023697,1.0,42.2,5
21901,21899,0.023697,1.0,42.2,5
21900,21901,0.023697,1.0,42.2,5
21901,21900,0.023697,1.0,42.2,5
21932,21933,0.018957,1.0,42.2,4
21865,21867,0.018957,1.0,42.2,4
21902,21899,0.018957,1.0,42.2,4
21902,21900,0.018957,1.0,42.2,4
21902,21901,0.018957,1.0,42.2,4
84032A,84032B,0.014218,1.0,42.2,3
20674,20677,0.014218,1.0,42.2,3
21174,21169,0.014218,1.0,42.2,3
22699,22697,0.014218,1.0,42.2,3
23200,23199,0.014218,1.0,42.2,3
23182,23301,0.014218,1.0,42.2,3
20956,21238,0.009479,1.0,42.2,2
22459,22413,0.009479,1.0,42.2,2
22564,22560,0.009479,1.0,42.2,2
22565,22560,0.009479,1.0,42.2,2
22566,22560,0.009479,1.0,42.2,2
22586,22560,0.009479,1.0,42.2,2
20970,84997A,0.009479,1.0,42.2,2
21122,84997A,0.009479,1.0,42.2,2
21827,21918,0.009479,1.0,42.2,2
21827,84997A,0.009479,1.0,42.2,2
21217,84997A,0.009479,1.0,42.2,2
62096A,22087,0.009479,1.0,42.2,2
62096B,22087,0.009479,1.0,42.2,2
21875,21871,0.009479,1.0,42.2,2
22208,21186,0.009479,1.0,42.2,2
21189,22149,0.009479,1.0,42.2,2
22616,21166,0.009479,1.0,42.2,2
20770,21498,0.009479,1.0,42.2,2
22438,20979,0.009479,1.0,42.2,2
21207,21078,0.009479,1.0,42.2,2
21507,21078,0.009479,1.0,42.2,2
22438,21078,0.009479,1.0,42.2,2
21126,21498,0.009479,1.0,42.2,2
21161,21166,0.009479,1.0,42.2,2
21905,82582,0.009479,1.0,42.2,2
22644,22646,0.009479,1.0,42.2,2
82578,85150,0.009479,1.0,42.2,2
84596G,20677,0.009479,1.0,42.2,2
85040B,20677,0.009479,1.0,42.2,2
85040B,21078,0.009479,1.0,42.2,2
84596G,21867,0.009479,1.0,42.2,2
85040B,85040A,0.009479,1.0,42.2,2
21844,21980,0.009479,1.0,42.2,2
85018D,21980,0.009479,1.0,42.2,2
85018D,22151,0.009479,1.0,42.2,2
22739,21980,0.009479,1.0,42.2,2
22576,22151,0.009479,1.0,42.2,2
22739,22352,0.009479,1.0,42.2,2
22745,22748,0.009479,1.0,42.2,2
22746,22748,0.009479,1.0,42.2,2
22747,22748,0.009479,1.0,42.2,2
85227,22748,0.009479,1.0,42.2,2
22842,22866,0.009479,1.0,42.2,2
22153,22154,0.009479,1.0,42.2,2
82484,84949,0.009479,1.0,42.2,2
21833,84997A,0.009479,1.0,42.2,2
22729,21169,0.009479,1.0,42.2,2
84596E,20677,0.009479,1.0,42.2,2
21811,22810,0.009479,1.0,42.2,2
22967,22502,0.009479,1.0,42.2,2
22971,22502,0.009479,1.0,42.2,2
22988,22502,0.009479,1.0,42.2,2
22998,21166,0.009479,1.0,42.2,2
22998,21169,0.009479,1.0,42.2,2
22998,21175,0.009479,1.0,42.2,2
47310M,16237,0.009479,1.0,42.2,2
22698,22663,0.009479,1.0,42.2,2
22698,22697,0.009479,1.0,42.2,2
23089,23100,0.009479,1.0,42.2,2
23089,23301,0.009479,1.0,42.2,2
23102,23100,0.009479,1.0,42.2,2
23168,23100,0.009479,1.0,42.2,2
23300,23100,0.009479,1.0,42.2,2
23168,23301,0.009479,1.0,42.2,2
23300,23301,0.009479,1.0,42.2,2
23302,23301,0.009479,1.0,42.2,2
84507C,23301,0.009479,1.0,42.2,2
23196,23198,0.009479,1.0,42.2,2
23188,21918,0.009479,1.0,42.2,2
22898,23243,0.009479,1.0,42.2,2
23308,22941,0.009479,1.0,42.2,2
22979,23243,0.009479,1.0,42.2,2
23308,23198,0.009479,1.0,42.2,2
22673,23301,0.009479,1.0,42.2,2
22685,22663,0.009479,1.0,42.2,2
22686,22663,0.009479,1.0,42.2,2
23096,22909,0.009479,1.0,42.2,2
23426,21175,0.009479,1.0,42.2,2
21070,21871,0.009479,1.0,42.2,2
23494,23100,0.009479,1.0,42.2,2
23241,23301,0.009479,1.0,42.2,2
23241,23328,0.009479,1.0,42.2,2
21933,21932,0.018957,0.8,42.2,4
21867,21865,0.018957,0.8,42.2,4
21899,21902,0.018957,0.8,42.2,4
21900,21902,0.018957,0.8,42.2,4
21901,21902,0.018957,0.8,42.2,4
84032B,84032A,0.014218,0.6,42.2,3
20677,20674,0.014218,0.6,42.2,3
21169,21174,0.014218,0.6,42.2,3
22697,22699,0.014218,0.6,42.2,3
23199,23200,0.014218,0.6,42.2,3
23301,23182,0.014218,0.6,42.2,3
21238,20956,0.009479,0.4,42.2,2
22413,22459,0.009479,0.4,42.2,2
22560,22564,0.009479,0.4,42.2,2
22560,22565,0.009479,0.4,42.2,2
22560,22566,0.009479,0.4,42.2,2
22560,22586,0.009479,0.4,42.2,2
84997A,20970,0.009479,0.4,42.2,2
84997A,21122,0.009479,0.4,42.2,2
21918,21827,0.009479,0.4,42.2,2
84997A,21827,0.009479,0.4,42.2,2
84997A,21217,0.009479,0.4,42.2,2
22087,62096A,0.009479,0.4,42.2,2
22087,62096B,0.009479,0.4,42.2,2
21871,21875,0.009479,0.4,42.2,2
21186,22208,0.009479,0.4,42.2,2
22149,21189,0.009479,0.4,42.2,2
21166,22616,0.009479,0.4,42.2,2
21498,20770,0.009479,0.4,42.2,2
20979,22438,0.009479,0.4,42.2,2
21078,21207,0.009479,0.4,42.2,2
21078,21507,0.009479,0.4,42.2,2
21078,22438,0.009479,0.4,42.2,2
21498,21126,0.009479,0.4,42.2,2
21166,21161,0.009479,0.4,42.2,2
82582,21905,0.009479,0.4,42.2,2
22646,22644,0.009479,0.4,42.2,2
85150,82578,0.009479,0.4,42.2,2
20677,84596G,0.009479,0.4,42.2,2
20677,85040B,0.009479,0.4,42.2,2
21078,85040B,0.009479,0.4,42.2,2
21867,84596G,0.009479,0.4,42.2,2
85040A,85040B,0.009479,0.4,42.2,2
21980,21844,0.009479,0.4,42.2,2
21980,85018D,0.009479,0.4,42.2,2
22151,85018D,0.009479,0.4,42.2,2
21980,22739,0.009479,0.4,42.2,2
22151,22576,0.009479,0.4,42.2,2
22352,22739,0.009479,0.4,42.2,2
22748,22745,0.009479,0.4,42.2,2
22748,22746,0.009479,0.4,42.2,2
22748,22747,0.009479,0.4,42.2,2
22748,85227,0.009479,0.4,42.2,2
22866,22842,0.009479,0.4,42.2,2
22154,22153,0.009479,0.4,42.2,2
84949,82484,0.009479,0.4,42.2,2
84997A,21833,0.009479,0.4,42.2,2
21169,22729,0.009479,0.4,42.2,2
20677,84596E,0.009479,0.4,42.2,2
22810,21811,0.009479,0.4,42.2,2
22502,22967,0.009479,0.4,42.2,2
22502,22971,0.009479,0.4,42.2,2
22502,22988,0.009479,0.4,42.2,2
21166,22998,0.009479,0.4,42.2,2
21169,22998,0.009479,0.4,42.2,2
21175,22998,0.009479,0.4,42.2,2
16237,47310M,0.009479,0.4,42.2,2
22663,22698,0.009479,0.4,42.2,2
22697,22698,0.009479,0.4,42.2,2
23100,23089,0.009479,0.4,42.2,2
23301,23089,0.009479,0.4,42.2,2
23100,23102,0.009479,0.4,42.2,2
23100,23168,0.009479,0.4,42.2,2
23100,23300,0.009479,0.4,42.2,2
23301,23168,0.009479,0.4,42.2,2
23301,23300,0.009479,0.4,42.2,2
23301,23302,0.009479,0.4,42.2,2
23301,84507C,0.009479,0.4,42.2,2
23198,23196,0.009479,0.4,42.2,2
21918,23188,0.009479,0.4,42.2,2
23243,22898,0.009479,0.4,42.2,2
22941,23308,0.009479,0.4,42.2,2
23243,22979,0.009479,0.4,42.2,2
23198,23308,0.009479,0.4,42.2,2
23301,22673,0.009479,0.4,42.2,2
22663,22685,0.009479,0.4,42.2,2
22663,22686,0.009479,0.4,42.2,2
22909,23096,0.009479,0.4,42.2,2
21175,23426,0.009479,0.4,42.2,2
21871,21070,0.009479,0.4,42.2,2
23100,23494,0.009479,0.4,42.2,2
23301,23241,0.009479,0.4,42.2,2
23328,23241,0.009479,0.4,42.2,2
22605,22607,0.018957,1.0,35.166667,4
22582,22556,0.018957,1.0,35.166667,4
22582,22584,0.018957,1.0,35.166667,4
20967,20969,0.014218,1.0,35.166667,3
22606,22607,0.014218,1.0,35.166667,3
21544,20982,0.014218,1.0,35.166667,3
22476,22424,0.014218,1.0,35.166667,3
22659,22631,0.014218,1.0,35.166667,3
22409,22398,0.014218,1.0,35.166667,3
22409,22557,0.014218,1.0,35.166667,3
23200,23206,0.014218,1.0,35.166667,3
22125,20754,0.009479,1.0,35.166667,2
22564,22584,0.009479,1.0,35.166667,2
22565,22584,0.009479,1.0,35.166667,2
22566,22584,0.009479,1.0,35.166667,2
22586,22584,0.009479,1.0,35.166667,2
21827,84997C,0.009479,1.0,35.166667,2
21827,84997D,0.009479,1.0,35.166667,2
21217,84997C,0.009479,1.0,35.166667,2
21217,84997D,0.009479,1.0,35.166667,2
21189,22147,0.009479,1.0,35.166667,2
22081,22077,0.009479,1.0,35.166667,2
22302,22607,0.009479,1.0,35.166667,2
22354,22567,0.009479,1.0,35.166667,2
22421,21891,0.009479,1.0,35.166667,2
22421,22198,0.009479,1.0,35.166667,2
22421,22419,0.009479,1.0,35.166667,2
21207,16161P,0.009479,1.0,35.166667,2
21507,16161P,0.009479,1.0,35.166667,2
22039,22487,0.009479,1.0,35.166667,2
22438,22556,0.009479,1.0,35.166667,2
22583,22556,0.009479,1.0,35.166667,2
22583,22584,0.009479,1.0,35.166667,2
21162,21843,0.009479,1.0,35.166667,2
82578,82580,0.009479,1.0,35.166667,2
82578,82581,0.009479,1.0,35.166667,2
20766,22556,0.009479,1.0,35.166667,2
22357,22556,0.009479,1.0,35.166667,2
22357,22557,0.009479,1.0,35.166667,2
22403,22398,0.009479,1.0,35.166667,2
22403,22662,0.009479,1.0,35.166667,2
22672,82580,0.009479,1.0,35.166667,2
21619,22419,0.009479,1.0,35.166667,2
21716,22419,0.009479,1.0,35.166667,2
22123,22419,0.009479,1.0,35.166667,2
22152,22419,0.009479,1.0,35.166667,2
21026,22555,0.009479,1.0,35.166667,2
22312,22398,0.009479,1.0,35.166667,2
22312,22555,0.009479,1.0,35.166667,2
22312,22556,0.009479,1.0,35.166667,2
22312,22557,0.009479,1.0,35.166667,2
22312,22584,0.009479,1.0,35.166667,2
22573,22398,0.009479,1.0,35.166667,2
85088,22398,0.009479,1.0,35.166667,2
22573,22555,0.009479,1.0,35.166667,2
85088,22555,0.009479,1.0,35.166667,2
22573,22556,0.009479,1.0,35.166667,2
85088,22556,0.009479,1.0,35.166667,2
22573,22557,0.009479,1.0,35.166667,2
85088,22557,0.009479,1.0,35.166667,2
22573,22584,0.009479,1.0,35.166667,2
85088,22584,0.009479,1.0,35.166667,2
22745,22631,0.009479,1.0,35.166667,2
22746,22631,0.009479,1.0,35.166667,2
22747,22631,0.009479,1.0,35.166667,2
85227,22631,0.009479,1.0,35.166667,2
21705,22114,0.009479,1.0,35.166667,2
22465,22114,0.009479,1.0,35.166667,2
22795,22467,0.009479,1.0,35.166667,2
22842,22632,0.009479,1.0,35.166667,2
22093,22632,0.009479,1.0,35.166667,2
22729,82581,0.009479,1.0,35.166667,2
22729,82583,0.009479,1.0,35.166667,2
84596E,22667,0.009479,1.0,35.166667,2
21811,22809,0.009479,1.0,35.166667,2
22998,82583,0.009479,1.0,35.166667,2
21746,22631,0.009479,1.0,35.166667,2
23089,22419,0.009479,1.0,35.166667,2
23168,22419,0.009479,1.0,35.166667,2
23300,22419,0.009479,1.0,35.166667,2
23302,23206,0.009479,1.0,35.166667,2
84507C,23206,0.009479,1.0,35.166667,2
23321,23206,0.009479,1.0,35.166667,2
23322,23206,0.009479,1.0,35.166667,2
22898,22993,0.009479,1.0,35.166667,2
22979,22993,0.009479,1.0,35.166667,2
23426,82583,0.009479,1.0,35.166667,2
23271,22809,0.009479,1.0,35.166667,2
22607,22605,0.018957,0.666667,35.166667,4
22556,22582,0.018957,0.666667,35.166667,4
22584,22582,0.018957,0.666667,35.166667,4
22113,15056N,0.009479,0.666667,35.166667,2
20967,21877,0.009479,0.666667,35.166667,2
48185,21523,0.009479,0.666667,35.166667,2
17003,16235,0.009479,0.666667,35.166667,2
21165,84050,0.009479,0.666667,35.166667,2
22562,22544,0.009479,0.666667,35.166667,2
22587,22563,0.009479,0.666667,35.166667,2
20972,22271,0.009479,0.666667,35.166667,2
20972,22273,0.009479,0.666667,35.166667,2
22131,21826,0.009479,0.666667,35.166667,2
22606,21826,0.009479,0.666667,35.166667,2
22088,21932,0.009479,0.666667,35.166667,2
22089,21932,0.009479,0.666667,35.166667,2
21982,21936,0.009479,0.666667,35.166667,2
22088,22380,0.009479,0.666667,35.166667,2
22535,22405,0.009479,0.666667,35.166667,2
21937,22605,0.009479,0.666667,35.166667,2
22606,22605,0.009479,0.666667,35.166667,2
21203,22078,0.009479,0.666667,35.166667,2
22501,22605,0.009479,0.666667,35.166667,2
22427,22429,0.009479,0.666667,35.166667,2
20984,21385,0.009479,0.666667,35.166667,2
21061,22029,0.009479,0.666667,35.166667,2
21124,22712,0.009479,0.666667,35.166667,2
22027,21508,0.009479,0.666667,35.166667,2
22027,22029,0.009479,0.666667,35.166667,2
22027,22168,0.009479,0.666667,35.166667,2
22080,84279P,0.009479,0.666667,35.166667,2
22553,22582,0.009479,0.666667,35.166667,2
22350,22349,0.009479,0.666667,35.166667,2
15036,22712,0.009479,0.666667,35.166667,2
20717,21932,0.009479,0.666667,35.166667,2
21912,21592,0.009479,0.666667,35.166667,2
22549,21592,0.009479,0.666667,35.166667,2
22549,21865,0.009479,0.666667,35.166667,2
21912,22621,0.009479,0.666667,35.166667,2
21912,85178,0.009479,0.666667,35.166667,2
22549,85178,0.009479,0.666667,35.166667,2
22422,22380,0.009479,0.666667,35.166667,2
47599B,21558,0.009479,0.666667,35.166667,2
22329,22665,0.009479,0.666667,35.166667,2
22329,22867,0.009479,0.666667,35.166667,2
22865,22867,0.009479,0.666667,35.166667,2
22432,21832,0.009479,0.666667,35.166667,2
22422,22405,0.009479,0.666667,35.166667,2
22028,21508,0.009479,0.666667,35.166667,2
22734,22635,0.009479,0.666667,35.166667,2
20978,20975,0.009479,0.666667,35.166667,2
22736,21558,0.009479,0.666667,35.166667,2
22119,22406,0.009479,0.666667,35.166667,2
22297,22296,0.009479,0.666667,35.166667,2
22297,22579,0.009479,0.666667,35.166667,2
22311,22579,0.009479,0.666667,35.166667,2
22311,22582,0.009479,0.666667,35.166667,2
22409,22406,0.009479,0.666667,35.166667,2
22409,22582,0.009479,0.666667,35.166667,2
22553,22812,0.009479,0.666667,35.166667,2
22736,22579,0.009479,0.666667,35.166667,2
85199S,22582,0.009479,0.666667,35.166667,2
22736,22812,0.009479,0.666667,35.166667,2
22028,22712,0.009479,0.666667,35.166667,2
22626,22625,0.009479,0.666667,35.166667,2
22636,21704,0.009479,0.666667,35.166667,2
21817,22155,0.009479,0.666667,35.166667,2
22196,22665,0.009479,0.666667,35.166667,2
22535,22635,0.009479,0.666667,35.166667,2
22636,22635,0.009479,0.666667,35.166667,2
22945,22635,0.009479,0.666667,35.166667,2
72802C,72802A,0.009479,0.666667,35.166667,2
20675,21242,0.009479,0.666667,35.166667,2
22755,21242,0.009479,0.666667,35.166667,2
22716,21832,0.009479,0.666667,35.166667,2
22112,85038,0.009479,0.666667,35.166667,2
21672,21669,0.009479,0.666667,35.166667,2
22493,22621,0.009479,0.666667,35.166667,2
16236,21430,0.009479,0.666667,35.166667,2
23298,23207,0.009479,0.666667,35.166667,2
23298,21216,0.009479,0.666667,35.166667,2
22609,23207,0.009479,0.666667,35.166667,2
23200,23207,0.009479,0.666667,35.166667,2
21326,23144,0.009479,0.666667,35.166667,2
21912,23293,0.009479,0.666667,35.166667,2
23108,22635,0.009479,0.666667,35.166667,2
35471D,23293,0.009479,0.666667,35.166667,2
85132C,23293,0.009479,0.666667,35.166667,2
23200,21902,0.009479,0.666667,35.166667,2
23108,23389,0.009479,0.666667,35.166667,2
23108,23390,0.009479,0.666667,35.166667,2
23254,23389,0.009479,0.666667,35.166667,2
23254,23390,0.009479,0.666667,35.166667,2
23256,23389,0.009479,0.666667,35.166667,2
23256,23390,0.009479,0.666667,35.166667,2
84832,23101,0.009479,0.666667,35.166667,2
84832,35970,0.009479,0.666667,35.166667,2
23169,84947,0.009479,0.666667,35.166667,2
22144,22141,0.009479,0.666667,35.166667,2
21810,21819,0.009479,0.666667,35.166667,2
21810,35970,0.009479,0.666667,35.166667,2
21817,21819,0.009479,0.666667,35.166667,2
23489,23343,0.009479,0.666667,35.166667,2
21810,85061W,0.009479,0.666667,35.166667,2
20969,20967,0.014218,0.5,35.166667,3
22607,22606,0.014218,0.5,35.166667,3
20982,21544,0.014218,0.5,35.166667,3
22424,22476,0.014218,0.5,35.166667,3
22631,22659,0.014218,0.5,35.166667,3
22398,22409,0.014218,0.5,35.166667,3
22557,22409,0.014218,0.5,35.166667,3
23206,23200,0.014218,0.5,35.166667,3
15056N,22113,0.009479,0.5,35.166667,2
21877,20967,0.009479,0.5,35.166667,2
21523,48185,0.009479,0.5,35.166667,2
16235,17003,0.009479,0.5,35.166667,2
84050,21165,0.009479,0.5,35.166667,2
22544,22562,0.009479,0.5,35.166667,2
22563,22587,0.009479,0.5,35.166667,2
22271,20972,0.009479,0.5,35.166667,2
22273,20972,0.009479,0.5,35.166667,2
21826,22131,0.009479,0.5,35.166667,2
21826,22606,0.009479,0.5,35.166667,2
21932,22088,0.009479,0.5,35.166667,2
21932,22089,0.009479,0.5,35.166667,2
21936,21982,0.009479,0.5,35.166667,2
22380,22088,0.009479,0.5,35.166667,2
22405,22535,0.009479,0.5,35.166667,2
22605,21937,0.009479,0.5,35.166667,2
22605,22606,0.009479,0.5,35.166667,2
22078,21203,0.009479,0.5,35.166667,2
22605,22501,0.009479,0.5,35.166667,2
22429,22427,0.009479,0.5,35.166667,2
21385,20984,0.009479,0.5,35.166667,2
22029,21061,0.009479,0.5,35.166667,2
22712,21124,0.009479,0.5,35.166667,2
21508,22027,0.009479,0.5,35.166667,2
22029,22027,0.009479,0.5,35.166667,2
22168,22027,0.009479,0.5,35.166667,2
84279P,22080,0.009479,0.5,35.166667,2
22582,22553,0.009479,0.5,35.166667,2
22349,22350,0.009479,0.5,35.166667,2
22712,15036,0.009479,0.5,35.166667,2
21932,20717,0.009479,0.5,35.166667,2
21592,21912,0.009479,0.5,35.166667,2
21592,22549,0.009479,0.5,35.166667,2
21865,22549,0.009479,0.5,35.166667,2
22621,21912,0.009479,0.5,35.166667,2
85178,21912,0.009479,0.5,35.166667,2
85178,22549,0.009479,0.5,35.166667,2
22380,22422,0.009479,0.5,35.166667,2
21558,47599B,0.009479,0.5,35.166667,2
22665,22329,0.009479,0.5,35.166667,2
22867,22329,0.009479,0.5,35.166667,2
22867,22865,0.009479,0.5,35.166667,2
21832,22432,0.009479,0.5,35.166667,2
22405,22422,0.009479,0.5,35.166667,2
21508,22028,0.009479,0.5,35.166667,2
22635,22734,0.009479,0.5,35.166667,2
20975,20978,0.009479,0.5,35.166667,2
21558,22736,0.009479,0.5,35.166667,2
22406,22119,0.009479,0.5,35.166667,2
22296,22297,0.009479,0.5,35.166667,2
22579,22297,0.009479,0.5,35.166667,2
22579,22311,0.009479,0.5,35.166667,2
22582,22311,0.009479,0.5,35.166667,2
22406,22409,0.009479,0.5,35.166667,2
22582,22409,0.009479,0.5,35.166667,2
22812,22553,0.009479,0.5,35.166667,2
22579,22736,0.009479,0.5,35.166667,2
22582,85199S,0.009479,0.5,35.166667,2
22812,22736,0.009479,0.5,35.166667,2
22712,22028,0.009479,0.5,35.166667,2
22625,22626,0.009479,0.5,35.166667,2
21704,22636,0.009479,0.5,35.166667,2
22155,21817,0.009479,0.5,35.166667,2
22665,22196,0.009479,0.5,35.166667,2
22635,22535,0.009479,0.5,35.166667,2
22635,22636,0.009479,0.5,35.166667,2
22635,22945,0.009479,0.5,35.166667,2
72802A,72802C,0.009479,0.5,35.166667,2
21242,20675,0.009479,0.5,35.166667,2
21242,22755,0.009479,0.5,35.166667,2
21832,22716,0.009479,0.5,35.166667,2
85038,22112,0.009479,0.5,35.166667,2
21669,21672,0.009479,0.5,35.166667,2
22621,22493,0.009479,0.5,35.166667,2
21430,16236,0.009479,0.5,35.166667,2
23207,23298,0.009479,0.5,35.166667,2
21216,23298,0.009479,0.5,35.166667,2
23207,22609,0.009479,0.5,35.166667,2
23207,23200,0.009479,0.5,35.166667,2
23144,21326,0.009479,0.5,35.166667,2
23293,21912,0.009479,0.5,35.166667,2
22635,23108,0.009479,0.5,35.166667,2
23293,35471D,0.009479,0.5,35.166667,2
23293,85132C,0.009479,0.5,35.166667,2
21902,23200,0.009479,0.5,35.166667,2
23389,23108,0.009479,0.5,35.166667,2
23390,23108,0.009479,0.5,35.166667,2
23389,23254,0.009479,0.5,35.166667,2
23390,23254,0.009479,0.5,35.166667,2
23389,23256,0.009479,0.5,35.166667,2
23390,23256,0.009479,0.5,35.166667,2
23101,84832,0.009479,0.5,35.166667,2
35970,84832,0.009479,0.5,35.166667,2
84947,23169,0.009479,0.5,35.166667,2
22141,22144,0.009479,0.5,35.166667,2
21819,21810,0.009479,0.5,35.166667,2
35970,21810,0.009479,0.5,35.166667,2
21819,21817,0.009479,0.5,35.166667,2
23343,23489,0.009479,0.5,35.166667,2
85061W,21810,0.009479,0.5,35.166667,2
20754,22125,0.009479,0.333333,35.166667,2
22584,22564,0.009479,0.333333,35.166667,2
22584,22565,0.009479,0.333333,35.166667,2
22584,22566,0.009479,0.333333,35.166667,2
22584,22586,0.009479,0.333333,35.166667,2
84997C,21827,0.009479,0.333333,35.166667,2
84997D,21827,0.009479,0.333333,35.166667,2
84997C,21217,0.009479,0.333333,35.166667,2
84997D,21217,0.009479,0.333333,35.166667,2
22147,21189,0.009479,0.333333,35.166667,2
22077,22081,0.009479,0.333333,35.166667,2
22607,22302,0.009479,0.333333,35.166667,2
22567,22354,0.009479,0.333333,35.166667,2
21891,22421,0.009479,0.333333,35.166667,2
22198,22421,0.009479,0.333333,35.166667,2
22419,22421,0.009479,0.333333,35.166667,2
16161P,21207,0.009479,0.333333,35.166667,2
16161P,21507,0.009479,0.333333,35.166667,2
22487,22039,0.009479,0.333333,35.166667,2
22556,22438,0.009479,0.333333,35.166667,2
22556,22583,0.009479,0.333333,35.166667,2
22584,22583,0.009479,0.333333,35.166667,2
21843,21162,0.009479,0.333333,35.166667,2
82580,82578,0.009479,0.333333,35.166667,2
82581,82578,0.009479,0.333333,35.166667,2
22556,20766,0.009479,0.333333,35.166667,2
22556,22357,0.009479,0.333333,35.166667,2
22557,22357,0.009479,0.333333,35.166667,2
22398,22403,0.009479,0.333333,35.166667,2
22662,22403,0.009479,0.333333,35.166667,2
82580,22672,0.009479,0.333333,35.166667,2
22419,21619,0.009479,0.333333,35.166667,2
22419,21716,0.009479,0.333333,35.166667,2
22419,22123,0.009479,0.333333,35.166667,2
22419,22152,0.009479,0.333333,35.166667,2
22555,21026,0.009479,0.333333,35.166667,2
22398,22312,0.009479,0.333333,35.166667,2
22555,22312,0.009479,0.333333,35.166667,2
22556,22312,0.009479,0.333333,35.166667,2
22557,22312,0.009479,0.333333,35.166667,2
22584,22312,0.009479,0.333333,35.166667,2
22398,22573,0.009479,0.333333,35.166667,2
22398,85088,0.009479,0.333333,35.166667,2
22555,22573,0.009479,0.333333,35.166667,2
22555,85088,0.009479,0.333333,35.166667,2
22556,22573,0.009479,0.333333,35.166667,2
22556,85088,0.009479,0.333333,35.166667,2
22557,22573,0.009479,0.333333,35.166667,2
22557,85088,0.009479,0.333333,35.166667,2
22584,22573,0.009479,0.333333,35.166667,2
22584,85088,0.009479,0.333333,35.166667,2
22631,22745,0.009479,0.333333,35.166667,2
22631,22746,0.009479,0.333333,35.166667,2
22631,22747,0.009479,0.333333,35.166667,2
22631,85227,0.009479,0.333333,35.166667,2
22114,21705,0.009479,0.333333,35.166667,2
22114,22465,0.009479,0.333333,35.166667,2
22467,22795,0.009479,0.333333,35.166667,2
22632,22842,0.009479,0.333333,35.166667,2
22632,22093,0.009479,0.333333,35.166667,2
82581,22729,0.009479,0.333333,35.166667,2
82583,22729,0.009479,0.333333,35.166667,2
22667,84596E,0.009479,0.333333,35.166667,2
22809,21811,0.009479,0.333333,35.166667,2
82583,22998,0.009479,0.333333,35.166667,2
22631,21746,0.009479,0.333333,35.166667,2
22419,23089,0.009479,0.333333,35.166667,2
22419,23168,0.009479,0.333333,35.166667,2
22419,23300,0.009479,0.333333,35.166667,2
23206,23302,0.009479,0.333333,35.166667,2
23206,84507C,0.009479,0.333333,35.166667,2
23206,23321,0.009479,0.333333,35.166667,2
23206,23322,0.009479,0.333333,35.166667,2
22993,22898,0.009479,0.333333,35.166667,2
22993,22979,0.009479,0.333333,35.166667,2
82583,23426,0.009479,0.333333,35.166667,2
22809,23271,0.009479,0.333333,35.166667,2
84949,84970L,0.018957,0.8,33.76,4
84970L,84949,0.018957,0.8,33.76,4
21531,21535,0.014218,0.75,31.65,3
21866,21867,0.014218,0.75,31.65,3
22712,21078,0.014218,0.75,31.65,3
22078,22082,0.014218,0.75,31.65,3
22904,21137,0.014218,0.75,31.65,3
23101,23100,0.014218,0.75,31.65,3
23343,23344,0.014218,0.75,31.65,3
22728,22726,0.014218,0.75,31.65,3
21535,21531,0.014218,0.6,31.65,3
21867,21866,0.014218,0.6,31.65,3
21078,22712,0.014218,0.6,31.65,3
22082,22078,0.014218,0.6,31.65,3
21137,22904,0.014218,0.6,31.65,3
23100,23101,0.014218,0.6,31.65,3
23344,23343,0.014218,0.6,31.65,3
22726,22728,0.014218,0.6,31.65,3
23207,23209,0.018957,1.0,30.142857,4
22224,22219,0.014218,1.0,30.142857,3
20674,20676,0.014218,1.0,30.142857,3
22030,21509,0.014218,1.0,30.142857,3
22432,20750,0.014218,1.0,30.142857,3
23208,23209,0.014218,1.0,30.142857,3
22212,22294,0.009479,1.0,30.142857,2
22212,22295,0.009479,1.0,30.142857,2
84849A,22295,0.009479,1.0,30.142857,2
20956,21559,0.009479,1.0,30.142857,2
22041,21484,0.009479,1.0,30.142857,2
21693,48138,0.009479,1.0,30.142857,2
22564,22585,0.009479,1.0,30.142857,2
22565,22585,0.009479,1.0,30.142857,2
22566,22585,0.009479,1.0,30.142857,2
22586,22585,0.009479,1.0,30.142857,2
22354,21086,0.009479,1.0,30.142857,2
47599A,22585,0.009479,1.0,30.142857,2
47599A,84945,0.009479,1.0,30.142857,2
C2,84970S,0.009479,1.0,30.142857,2
82597,20713,0.009479,1.0,30.142857,2
20981,20983,0.009479,1.0,30.142857,2
21179,82552,0.009479,1.0,30.142857,2
22438,21509,0.009479,1.0,30.142857,2
21681,48138,0.009479,1.0,30.142857,2
15056P,15056BL,0.009479,1.0,30.142857,2
21161,82600,0.009479,1.0,30.142857,2
21246,20676,0.009479,1.0,30.142857,2
21888,21509,0.009479,1.0,30.142857,2
21703,22620,0.009479,1.0,30.142857,2
84715,22620,0.009479,1.0,30.142857,2
22652,21889,0.009479,1.0,30.142857,2
21472,22759,0.009479,1.0,30.142857,2
21907,82600,0.009479,1.0,30.142857,2
85049G,20676,0.009479,1.0,30.142857,2
22152,20750,0.009479,1.0,30.142857,2
21949,82552,0.009479,1.0,30.142857,2
20655,21035,0.009479,1.0,30.142857,2
21143,21916,0.009479,1.0,30.142857,2
22813,22219,0.009479,1.0,30.142857,2
22312,22585,0.009479,1.0,30.142857,2
22745,22570,0.009479,1.0,30.142857,2
22746,22570,0.009479,1.0,30.142857,2
22747,22570,0.009479,1.0,30.142857,2
85227,22570,0.009479,1.0,30.142857,2
22573,22585,0.009479,1.0,30.142857,2
85088,22585,0.009479,1.0,30.142857,2
22813,22620,0.009479,1.0,30.142857,2
21818,21916,0.009479,1.0,30.142857,2
82484,21916,0.009479,1.0,30.142857,2
70007,21484,0.009479,1.0,30.142857,2
70007,21485,0.009479,1.0,30.142857,2
22750,21086,0.009479,1.0,30.142857,2
22750,21094,0.009479,1.0,30.142857,2
84596E,20676,0.009479,1.0,30.142857,2
21328,21086,0.009479,1.0,30.142857,2
21328,21094,0.009479,1.0,30.142857,2
22972,79321,0.009479,1.0,30.142857,2
22895,22720,0.009479,1.0,30.142857,2
22937,22720,0.009479,1.0,30.142857,2
15044A,20676,0.009479,1.0,30.142857,2
21135,84970S,0.009479,1.0,30.142857,2
21533,21539,0.009479,1.0,30.142857,2
23089,23084,0.009479,1.0,30.142857,2
23168,23084,0.009479,1.0,30.142857,2
23300,23084,0.009479,1.0,30.142857,2
84507C,23209,0.009479,1.0,30.142857,2
23321,23209,0.009479,1.0,30.142857,2
23322,23209,0.009479,1.0,30.142857,2
23119,23209,0.009479,1.0,30.142857,2
23121,23209,0.009479,1.0,30.142857,2
23188,21916,0.009479,1.0,30.142857,2
23297,22720,0.009479,1.0,30.142857,2
22961,84945,0.009479,1.0,30.142857,2
22685,84347,0.009479,1.0,30.142857,2
22686,84347,0.009479,1.0,30.142857,2
22942,23084,0.009479,1.0,30.142857,2
23494,23084,0.009479,1.0,30.142857,2
23582,23202,0.009479,1.0,30.142857,2
23209,23207,0.018957,0.571429,30.142857,4
22219,22224,0.014218,0.428571,30.142857,3
20676,20674,0.014218,0.428571,30.142857,3
21509,22030,0.014218,0.428571,30.142857,3
20750,22432,0.014218,0.428571,30.142857,3
23209,23208,0.014218,0.428571,30.142857,3
22294,22212,0.009479,0.285714,30.142857,2
22295,22212,0.009479,0.285714,30.142857,2
22295,84849A,0.009479,0.285714,30.142857,2
21559,20956,0.009479,0.285714,30.142857,2
21484,22041,0.009479,0.285714,30.142857,2
48138,21693,0.009479,0.285714,30.142857,2
22585,22564,0.009479,0.285714,30.142857,2
22585,22565,0.009479,0.285714,30.142857,2
22585,22566,0.009479,0.285714,30.142857,2
22585,22586,0.009479,0.285714,30.142857,2
21086,22354,0.009479,0.285714,30.142857,2
22585,47599A,0.009479,0.285714,30.142857,2
84945,47599A,0.009479,0.285714,30.142857,2
84970S,C2,0.009479,0.285714,30.142857,2
20713,82597,0.009479,0.285714,30.142857,2
20983,20981,0.009479,0.285714,30.142857,2
82552,21179,0.009479,0.285714,30.142857,2
21509,22438,0.009479,0.285714,30.142857,2
48138,21681,0.009479,0.285714,30.142857,2
15056BL,15056P,0.009479,0.285714,30.142857,2
82600,21161,0.009479,0.285714,30.142857,2
20676,21246,0.009479,0.285714,30.142857,2
21509,21888,0.009479,0.285714,30.142857,2
22620,21703,0.009479,0.285714,30.142857,2
22620,84715,0.009479,0.285714,30.142857,2
21889,22652,0.009479,0.285714,30.142857,2
22759,21472,0.009479,0.285714,30.142857,2
82600,21907,0.009479,0.285714,30.142857,2
20676,85049G,0.009479,0.285714,30.142857,2
20750,22152,0.009479,0.285714,30.142857,2
82552,21949,0.009479,0.285714,30.142857,2
21035,20655,0.009479,0.285714,30.142857,2
21916,21143,0.009479,0.285714,30.142857,2
22219,22813,0.009479,0.285714,30.142857,2
22585,22312,0.009479,0.285714,30.142857,2
22570,22745,0.009479,0.285714,30.142857,2
22570,22746,0.009479,0.285714,30.142857,2
22570,22747,0.009479,0.285714,30.142857,2
22570,85227,0.009479,0.285714,30.142857,2
22585,22573,0.009479,0.285714,30.142857,2
22585,85088,0.009479,0.285714,30.142857,2
22620,22813,0.009479,0.285714,30.142857,2
21916,21818,0.009479,0.285714,30.142857,2
21916,82484,0.009479,0.285714,30.142857,2
21484,70007,0.009479,0.285714,30.142857,2
21485,70007,0.009479,0.285714,30.142857,2
21086,22750,0.009479,0.285714,30.142857,2
21094,22750,0.009479,0.285714,30.142857,2
20676,84596E,0.009479,0.285714,30.142857,2
21086,21328,0.009479,0.285714,30.142857,2
21094,21328,0.009479,0.285714,30.142857,2
79321,22972,0.009479,0.285714,30.142857,2
22720,22895,0.009479,0.285714,30.142857,2
22720,22937,0.009479,0.285714,30.142857,2
20676,15044A,0.009479,0.285714,30.142857,2
84970S,21135,0.009479,0.285714,30.142857,2
21539,21533,0.009479,0.285714,30.142857,2
23084,23089,0.009479,0.285714,30.142857,2
23084,23168,0.009479,0.285714,30.142857,2
23084,23300,0.009479,0.285714,30.142857,2
23209,84507C,0.009479,0.285714,30.142857,2
23209,23321,0.009479,0.285714,30.142857,2
23209,23322,0.009479,0.285714,30.142857,2
23209,23119,0.009479,0.285714,30.142857,2
23209,23121,0.009479,0.285714,30.142857,2
21916,23188,0.009479,0.285714,30.142857,2
22720,23297,0.009479,0.285714,30.142857,2
84945,22961,0.009479,0.285714,30.142857,2
84347,22685,0.009479,0.285714,30.142857,2
84347,22686,0.009479,0.285714,30.142857,2
23084,22942,0.009479,0.285714,30.142857,2
23084,23494,0.009479,0.285714,30.142857,2
23202,23582,0.009479,0.285714,30.142857,2
84997C,84997D,0.023697,0.833333,29.305556,5
84997D,84997C,0.023697,0.833333,29.305556,5
82580,82581,0.023697,0.833333,29.305556,5
82581,82580,0.023697,0.833333,29.305556,5
22810,22809,0.018957,0.8,28.133333,4
22809,22810,0.018957,0.666667,28.133333,4
20971,22149,0.009479,0.666667,28.133333,2
21239,21186,0.009479,0.666667,28.133333,2
21240,21186,0.009479,0.666667,28.133333,2
21655,21186,0.009479,0.666667,28.133333,2
22224,84949,0.009479,0.666667,28.133333,2
22224,84970L,0.009479,0.666667,28.133333,2
21071,21871,0.009479,0.666667,28.133333,2
21590,22352,0.009479,0.666667,28.133333,2
21165,21903,0.009479,0.666667,28.133333,2
22562,22560,0.009479,0.666667,28.133333,2
22587,22560,0.009479,0.666667,28.133333,2
20972,20677,0.009479,0.666667,28.133333,2
21124,20677,0.009479,0.666667,28.133333,2
21124,84997A,0.009479,0.666667,28.133333,2
22131,21918,0.009479,0.666667,28.133333,2
22131,84997A,0.009479,0.666667,28.133333,2
22435,84997A,0.009479,0.666667,28.133333,2
22136,21218,0.009479,0.666667,28.133333,2
22088,21933,0.009479,0.666667,28.133333,2
22089,21933,0.009479,0.666667,28.133333,2
21982,21980,0.009479,0.666667,28.133333,2
21983,21980,0.009479,0.666667,28.133333,2
22089,22087,0.009479,0.666667,28.133333,2
22215,22624,0.009479,0.666667,28.133333,2
22215,22627,0.009479,0.666667,28.133333,2
82551,85150,0.009479,0.666667,28.133333,2
21203,21186,0.009479,0.666667,28.133333,2
22562,21186,0.009479,0.666667,28.133333,2
22150,22149,0.009479,0.666667,28.133333,2
18097C,22561,0.009479,0.666667,28.133333,2
22427,22561,0.009479,0.666667,28.133333,2
21121,21498,0.009479,0.666667,28.133333,2
20978,20979,0.009479,0.666667,28.133333,2
21124,20979,0.009479,0.666667,28.133333,2
21124,21078,0.009479,0.666667,28.133333,2
85049C,21078,0.009479,0.666667,28.133333,2
22027,84946,0.009479,0.666667,28.133333,2
22080,22082,0.009479,0.666667,28.133333,2
22553,22418,0.009479,0.666667,28.133333,2
22716,22418,0.009479,0.666667,28.133333,2
35471D,22418,0.009479,0.666667,28.133333,2
22553,84946,0.009479,0.666667,28.133333,2
22366,22469,0.009479,0.666667,28.133333,2
21908,82582,0.009479,0.666667,28.133333,2
22645,22646,0.009479,0.666667,28.133333,2
84596B,20677,0.009479,0.666667,28.133333,2
84596F,20677,0.009479,0.666667,28.133333,2
20717,21933,0.009479,0.666667,28.133333,2
22333,20979,0.009479,0.666667,28.133333,2
84596B,21078,0.009479,0.666667,28.133333,2
22549,21867,0.009479,0.666667,28.133333,2
84596F,21867,0.009479,0.666667,28.133333,2
84596B,21933,0.009479,0.666667,28.133333,2
84596F,21933,0.009479,0.666667,28.133333,2
84596B,85040A,0.009479,0.666667,28.133333,2
22718,16237,0.009479,0.666667,28.133333,2
84880,21314,0.009479,0.666667,28.133333,2
21872,22413,0.009479,0.666667,28.133333,2
22495,21980,0.009479,0.666667,28.133333,2
22495,22151,0.009479,0.666667,28.133333,2
22659,22630,0.009479,0.666667,28.133333,2
22950,22909,0.009479,0.666667,28.133333,2
21985,21980,0.009479,0.666667,28.133333,2
22736,21980,0.009479,0.666667,28.133333,2
22736,22352,0.009479,0.666667,28.133333,2
85199L,22748,0.009479,0.666667,28.133333,2
16236,21078,0.009479,0.666667,28.133333,2
22192,22191,0.009479,0.666667,28.133333,2
22192,22193,0.009479,0.666667,28.133333,2
18097C,22810,0.009479,0.666667,28.133333,2
22311,84997A,0.009479,0.666667,28.133333,2
22535,22418,0.009479,0.666667,28.133333,2
22945,22418,0.009479,0.666667,28.133333,2
21174,21903,0.009479,0.666667,28.133333,2
22297,22810,0.009479,0.666667,28.133333,2
20675,20677,0.009479,0.666667,28.133333,2
85014A,22418,0.009479,0.666667,28.133333,2
84375,22964,0.009479,0.666667,28.133333,2
22501,22502,0.009479,0.666667,28.133333,2
22524,22502,0.009479,0.666667,28.133333,2
16236,16237,0.009479,0.666667,28.133333,2
22699,22663,0.009479,0.666667,28.133333,2
23145,22090,0.009479,0.666667,28.133333,2
21715,23301,0.009479,0.666667,28.133333,2
23171,22697,0.009479,0.666667,28.133333,2
22996,23243,0.009479,0.666667,28.133333,2
23298,23243,0.009479,0.666667,28.133333,2
23345,23199,0.009479,0.666667,28.133333,2
23346,23199,0.009479,0.666667,28.133333,2
85132C,23199,0.009479,0.666667,28.133333,2
21912,22964,0.009479,0.666667,28.133333,2
23108,22630,0.009479,0.666667,28.133333,2
23346,22630,0.009479,0.666667,28.133333,2
23108,22964,0.009479,0.666667,28.133333,2
23346,22964,0.009479,0.666667,28.133333,2
35471D,22964,0.009479,0.666667,28.133333,2
23182,21899,0.009479,0.666667,28.133333,2
23200,21899,0.009479,0.666667,28.133333,2
23182,21900,0.009479,0.666667,28.133333,2
23200,21900,0.009479,0.666667,28.133333,2
23182,21901,0.009479,0.666667,28.133333,2
23200,21901,0.009479,0.666667,28.133333,2
84832,23100,0.009479,0.666667,28.133333,2
84832,23328,0.009479,0.666667,28.133333,2
22992,22082,0.009479,0.666667,28.133333,2
23169,22960,0.009479,0.666667,28.133333,2
22694,21591,0.009479,0.666667,28.133333,2
22816,21591,0.009479,0.666667,28.133333,2
85048,23344,0.009479,0.666667,28.133333,2
23192,16237,0.009479,0.666667,28.133333,2
23571,16237,0.009479,0.666667,28.133333,2
23169,23301,0.009479,0.666667,28.133333,2
23169,23328,0.009479,0.666667,28.133333,2
23182,23328,0.009479,0.666667,28.133333,2
23552,23301,0.009479,0.666667,28.133333,2
23552,23328,0.009479,0.666667,28.133333,2
22149,20971,0.009479,0.4,28.133333,2
21186,21239,0.009479,0.4,28.133333,2
21186,21240,0.009479,0.4,28.133333,2
21186,21655,0.009479,0.4,28.133333,2
84949,22224,0.009479,0.4,28.133333,2
84970L,22224,0.009479,0.4,28.133333,2
21871,21071,0.009479,0.4,28.133333,2
22352,21590,0.009479,0.4,28.133333,2
21903,21165,0.009479,0.4,28.133333,2
22560,22562,0.009479,0.4,28.133333,2
22560,22587,0.009479,0.4,28.133333,2
20677,20972,0.009479,0.4,28.133333,2
20677,21124,0.009479,0.4,28.133333,2
84997A,21124,0.009479,0.4,28.133333,2
21918,22131,0.009479,0.4,28.133333,2
84997A,22131,0.009479,0.4,28.133333,2
84997A,22435,0.009479,0.4,28.133333,2
21218,22136,0.009479,0.4,28.133333,2
21933,22088,0.009479,0.4,28.133333,2
21933,22089,0.009479,0.4,28.133333,2
21980,21982,0.009479,0.4,28.133333,2
21980,21983,0.009479,0.4,28.133333,2
22087,22089,0.009479,0.4,28.133333,2
22624,22215,0.009479,0.4,28.133333,2
22627,22215,0.009479,0.4,28.133333,2
85150,82551,0.009479,0.4,28.133333,2
21186,21203,0.009479,0.4,28.133333,2
21186,22562,0.009479,0.4,28.133333,2
22149,22150,0.009479,0.4,28.133333,2
22561,18097C,0.009479,0.4,28.133333,2
22561,22427,0.009479,0.4,28.133333,2
21498,21121,0.009479,0.4,28.133333,2
20979,20978,0.009479,0.4,28.133333,2
20979,21124,0.009479,0.4,28.133333,2
21078,21124,0.009479,0.4,28.133333,2
21078,85049C,0.009479,0.4,28.133333,2
84946,22027,0.009479,0.4,28.133333,2
22082,22080,0.009479,0.4,28.133333,2
22418,22553,0.009479,0.4,28.133333,2
22418,22716,0.009479,0.4,28.133333,2
22418,35471D,0.009479,0.4,28.133333,2
84946,22553,0.009479,0.4,28.133333,2
22469,22366,0.009479,0.4,28.133333,2
82582,21908,0.009479,0.4,28.133333,2
22646,22645,0.009479,0.4,28.133333,2
20677,84596B,0.009479,0.4,28.133333,2
20677,84596F,0.009479,0.4,28.133333,2
21933,20717,0.009479,0.4,28.133333,2
20979,22333,0.009479,0.4,28.133333,2
21078,84596B,0.009479,0.4,28.133333,2
21867,22549,0.009479,0.4,28.133333,2
21867,84596F,0.009479,0.4,28.133333,2
21933,84596B,0.009479,0.4,28.133333,2
21933,84596F,0.009479,0.4,28.133333,2
85040A,84596B,0.009479,0.4,28.133333,2
16237,22718,0.009479,0.4,28.133333,2
21314,84880,0.009479,0.4,28.133333,2
22413,21872,0.009479,0.4,28.133333,2
21980,22495,0.009479,0.4,28.133333,2
22151,22495,0.009479,0.4,28.133333,2
22630,22659,0.009479,0.4,28.133333,2
22909,22950,0.009479,0.4,28.133333,2
21980,21985,0.009479,0.4,28.133333,2
21980,22736,0.009479,0.4,28.133333,2
22352,22736,0.009479,0.4,28.133333,2
22748,85199L,0.009479,0.4,28.133333,2
21078,16236,0.009479,0.4,28.133333,2
22191,22192,0.009479,0.4,28.133333,2
22193,22192,0.009479,0.4,28.133333,2
22810,18097C,0.009479,0.4,28.133333,2
84997A,22311,0.009479,0.4,28.133333,2
22418,22535,0.009479,0.4,28.133333,2
22418,22945,0.009479,0.4,28.133333,2
21903,21174,0.009479,0.4,28.133333,2
22810,22297,0.009479,0.4,28.133333,2
20677,20675,0.009479,0.4,28.133333,2
22418,85014A,0.009479,0.4,28.133333,2
22964,84375,0.009479,0.4,28.133333,2
22502,22501,0.009479,0.4,28.133333,2
22502,22524,0.009479,0.4,28.133333,2
16237,16236,0.009479,0.4,28.133333,2
22663,22699,0.009479,0.4,28.133333,2
22090,23145,0.009479,0.4,28.133333,2
23301,21715,0.009479,0.4,28.133333,2
22697,23171,0.009479,0.4,28.133333,2
23243,22996,0.009479,0.4,28.133333,2
23243,23298,0.009479,0.4,28.133333,2
23199,23345,0.009479,0.4,28.133333,2
23199,23346,0.009479,0.4,28.133333,2
23199,85132C,0.009479,0.4,28.133333,2
22964,21912,0.009479,0.4,28.133333,2
22630,23108,0.009479,0.4,28.133333,2
22630,23346,0.009479,0.4,28.133333,2
22964,23108,0.009479,0.4,28.133333,2
22964,23346,0.009479,0.4,28.133333,2
22964,35471D,0.009479,0.4,28.133333,2
21899,23182,0.009479,0.4,28.133333,2
21899,23200,0.009479,0.4,28.133333,2
21900,23182,0.009479,0.4,28.133333,2
21900,23200,0.009479,0.4,28.133333,2
21901,23182,0.009479,0.4,28.133333,2
21901,23200,0.009479,0.4,28.133333,2
23100,84832,0.009479,0.4,28.133333,2
23328,84832,0.009479,0.4,28.133333,2
22082,22992,0.009479,0.4,28.133333,2
22960,23169,0.009479,0.4,28.133333,2
21591,22694,0.009479,0.4,28.133333,2
21591,22816,0.009479,0.4,28.133333,2
23344,85048,0.009479,0.4,28.133333,2
16237,23192,0.009479,0.4,28.133333,2
16237,23571,0.009479,0.4,28.133333,2
23301,23169,0.009479,0.4,28.133333,2
23328,23169,0.009479,0.4,28.133333,2
23328,23182,0.009479,0.4,28.133333,2
23301,23552,0.009479,0.4,28.133333,2
23328,23552,0.009479,0.4,28.133333,2
84997A,84997B,0.023697,1.0,26.375,5
22635,22634,0.018957,1.0,26.375,4
22579,22578,0.018957,1.0,26.375,4
21982,22355,0.014218,1.0,26.375,3
22311,22578,0.014218,1.0,26.375,3
22311,22634,0.014218,1.0,26.375,3
22041,21481,0.009479,1.0,26.375,2
20970,84997B,0.009479,1.0,26.375,2
21122,84997B,0.009479,1.0,26.375,2
21827,84997B,0.009479,1.0,26.375,2
21217,84997B,0.009479,1.0,26.375,2
62096A,22381,0.009479,1.0,26.375,2
62096B,22381,0.009479,1.0,26.375,2
22208,22492,0.009479,1.0,26.375,2
79190D,84380,0.009479,1.0,26.375,2
22081,84520B,0.009479,1.0,26.375,2
20981,21731,0.009479,1.0,26.375,2
84199,21731,0.009479,1.0,26.375,2
22164,22381,0.009479,1.0,26.375,2
84536A,22381,0.009479,1.0,26.375,2
21207,84520B,0.009479,1.0,26.375,2
21507,84520B,0.009479,1.0,26.375,2
22438,84520B,0.009479,1.0,26.375,2
21519,21172,0.009479,1.0,26.375,2
21161,85152,0.009479,1.0,26.375,2
21905,85152,0.009479,1.0,26.375,2
20766,22634,0.009479,1.0,26.375,2
21888,22634,0.009479,1.0,26.375,2
22675,21172,0.009479,1.0,26.375,2
21187,22381,0.009479,1.0,26.375,2
21187,22952,0.009479,1.0,26.375,2
22075,22952,0.009479,1.0,26.375,2
21777,22634,0.009479,1.0,26.375,2
22312,22578,0.009479,1.0,26.375,2
22312,22629,0.009479,1.0,26.375,2
22312,22634,0.009479,1.0,26.375,2
22614,22554,0.009479,1.0,26.375,2
22739,22569,0.009479,1.0,26.375,2
22573,22578,0.009479,1.0,26.375,2
22573,22629,0.009479,1.0,26.375,2
22573,22634,0.009479,1.0,26.375,2
22739,22577,0.009479,1.0,26.375,2
22739,22578,0.009479,1.0,26.375,2
85088,22578,0.009479,1.0,26.375,2
85088,22629,0.009479,1.0,26.375,2
85088,22634,0.009479,1.0,26.375,2
21355,21481,0.009479,1.0,26.375,2
22807,22492,0.009479,1.0,26.375,2
22906,22492,0.009479,1.0,26.375,2
22955,22492,0.009479,1.0,26.375,2
21833,22578,0.009479,1.0,26.375,2
21833,22634,0.009479,1.0,26.375,2
21833,84997B,0.009479,1.0,26.375,2
22093,22578,0.009479,1.0,26.375,2
22473,22381,0.009479,1.0,26.375,2
22968,22381,0.009479,1.0,26.375,2
22729,85152,0.009479,1.0,26.375,2
22754,22383,0.009479,1.0,26.375,2
21811,22578,0.009479,1.0,26.375,2
85159B,21481,0.009479,1.0,26.375,2
22998,82494L,0.009479,1.0,26.375,2
22998,85152,0.009479,1.0,26.375,2
22475,22381,0.009479,1.0,26.375,2
21533,22629,0.009479,1.0,26.375,2
23308,21481,0.009479,1.0,26.375,2
21070,21172,0.009479,1.0,26.375,2
21015,22578,0.009479,1.0,26.375,2
21934,21935,0.014218,0.75,26.375,3
21313,84978,0.014218,0.75,26.375,3
16156S,16161P,0.014218,0.75,26.375,3
22665,22667,0.014218,0.75,26.375,3
22582,22557,0.014218,0.75,26.375,3
23207,23206,0.014218,0.75,26.375,3
84997B,84997A,0.023697,0.625,26.375,5
22634,22635,0.018957,0.5,26.375,4
22578,22579,0.018957,0.5,26.375,4
21935,21934,0.014218,0.5,26.375,3
84978,21313,0.014218,0.5,26.375,3
16161P,16156S,0.014218,0.5,26.375,3
22667,22665,0.014218,0.5,26.375,3
22557,22582,0.014218,0.5,26.375,3
23206,23207,0.014218,0.5,26.375,3
22168,85049F,0.009479,0.5,26.375,2
85049F,22168,0.009479,0.5,26.375,2
72351A,85038,0.009479,0.5,26.375,2
85038,72351A,0.009479,0.5,26.375,2
21531,37449,0.009479,0.5,26.375,2
37449,21531,0.009479,0.5,26.375,2
22544,22563,0.009479,0.5,26.375,2
22563,22544,0.009479,0.5,26.375,2
22271,22273,0.009479,0.5,26.375,2
22273,22271,0.009479,0.5,26.375,2
21865,21866,0.009479,0.5,26.375,2
21866,21865,0.009479,0.5,26.375,2
21826,22078,0.009479,0.5,26.375,2
22078,21826,0.009479,0.5,26.375,2
20974,20975,0.009479,0.5,26.375,2
20975,20974,0.009479,0.5,26.375,2
21063,22029,0.009479,0.5,26.375,2
22029,21063,0.009479,0.5,26.375,2
21508,22168,0.009479,0.5,26.375,2
22168,21508,0.009479,0.5,26.375,2
21508,22712,0.009479,0.5,26.375,2
22712,21508,0.009479,0.5,26.375,2
22029,22712,0.009479,0.5,26.375,2
22712,22029,0.009479,0.5,26.375,2
22078,22582,0.009479,0.5,26.375,2
22582,22078,0.009479,0.5,26.375,2
22078,51014A,0.009479,0.5,26.375,2
51014A,22078,0.009479,0.5,26.375,2
22582,51014A,0.009479,0.5,26.375,2
51014A,22582,0.009479,0.5,26.375,2
21385,21902,0.009479,0.5,26.375,2
21902,21385,0.009479,0.5,26.375,2
21592,72351B,0.009479,0.5,26.375,2
72351B,21592,0.009479,0.5,26.375,2
21592,85178,0.009479,0.5,26.375,2
85178,21592,0.009479,0.5,26.375,2
72351A,72351B,0.009479,0.5,26.375,2
72351B,72351A,0.009479,0.5,26.375,2
21558,22227,0.009479,0.5,26.375,2
22227,21558,0.009479,0.5,26.375,2
22665,22867,0.009479,0.5,26.375,2
22867,22665,0.009479,0.5,26.375,2
21587,22619,0.009479,0.5,26.375,2
22619,21587,0.009479,0.5,26.375,2
21558,22579,0.009479,0.5,26.375,2
22579,21558,0.009479,0.5,26.375,2
21877,22579,0.009479,0.5,26.375,2
22579,21877,0.009479,0.5,26.375,2
22582,22617,0.009479,0.5,26.375,2
22617,22582,0.009479,0.5,26.375,2
22582,22625,0.009479,0.5,26.375,2
22625,22582,0.009479,0.5,26.375,2
22155,22800,0.009479,0.5,26.375,2
22800,22155,0.009479,0.5,26.375,2
21819,22155,0.009479,0.5,26.375,2
22155,21819,0.009479,0.5,26.375,2
22752,72802A,0.009479,0.5,26.375,2
72802A,22752,0.009479,0.5,26.375,2
21041,21531,0.009479,0.5,26.375,2
21531,21041,0.009479,0.5,26.375,2
22406,22605,0.009479,0.5,26.375,2
22605,22406,0.009479,0.5,26.375,2
20679,85178,0.009479,0.5,26.375,2
85178,20679,0.009479,0.5,26.375,2
23101,35970,0.009479,0.5,26.375,2
35970,23101,0.009479,0.5,26.375,2
35970,84947,0.009479,0.5,26.375,2
84947,35970,0.009479,0.5,26.375,2
22904,84947,0.009479,0.5,26.375,2
84947,22904,0.009479,0.5,26.375,2
21819,35970,0.009479,0.5,26.375,2
35970,21819,0.009479,0.5,26.375,2
21819,23101,0.009479,0.5,26.375,2
23101,21819,0.009479,0.5,26.375,2
22355,21982,0.014218,0.375,26.375,3
22578,22311,0.014218,0.375,26.375,3
22634,22311,0.014218,0.375,26.375,3
21481,22041,0.009479,0.25,26.375,2
84997B,20970,0.009479,0.25,26.375,2
84997B,21122,0.009479,0.25,26.375,2
84997B,21827,0.009479,0.25,26.375,2
84997B,21217,0.009479,0.25,26.375,2
22381,62096A,0.009479,0.25,26.375,2
22381,62096B,0.009479,0.25,26.375,2
22492,22208,0.009479,0.25,26.375,2
84380,79190D,0.009479,0.25,26.375,2
84520B,22081,0.009479,0.25,26.375,2
21731,20981,0.009479,0.25,26.375,2
21731,84199,0.009479,0.25,26.375,2
22381,22164,0.009479,0.25,26.375,2
22381,84536A,0.009479,0.25,26.375,2
84520B,21207,0.009479,0.25,26.375,2
84520B,21507,0.009479,0.25,26.375,2
84520B,22438,0.009479,0.25,26.375,2
21172,21519,0.009479,0.25,26.375,2
85152,21161,0.009479,0.25,26.375,2
85152,21905,0.009479,0.25,26.375,2
22634,20766,0.009479,0.25,26.375,2
22634,21888,0.009479,0.25,26.375,2
21172,22675,0.009479,0.25,26.375,2
22381,21187,0.009479,0.25,26.375,2
22952,21187,0.009479,0.25,26.375,2
22952,22075,0.009479,0.25,26.375,2
22634,21777,0.009479,0.25,26.375,2
22578,22312,0.009479,0.25,26.375,2
22629,22312,0.009479,0.25,26.375,2
22634,22312,0.009479,0.25,26.375,2
22554,22614,0.009479,0.25,26.375,2
22569,22739,0.009479,0.25,26.375,2
22578,22573,0.009479,0.25,26.375,2
22629,22573,0.009479,0.25,26.375,2
22634,22573,0.009479,0.25,26.375,2
22577,22739,0.009479,0.25,26.375,2
22578,22739,0.009479,0.25,26.375,2
22578,85088,0.009479,0.25,26.375,2
22629,85088,0.009479,0.25,26.375,2
22634,85088,0.009479,0.25,26.375,2
21481,21355,0.009479,0.25,26.375,2
22492,22807,0.009479,0.25,26.375,2
22492,22906,0.009479,0.25,26.375,2
22492,22955,0.009479,0.25,26.375,2
22578,21833,0.009479,0.25,26.375,2
22634,21833,0.009479,0.25,26.375,2
84997B,21833,0.009479,0.25,26.375,2
22578,22093,0.009479,0.25,26.375,2
22381,22473,0.009479,0.25,26.375,2
22381,22968,0.009479,0.25,26.375,2
85152,22729,0.009479,0.25,26.375,2
22383,22754,0.009479,0.25,26.375,2
22578,21811,0.009479,0.25,26.375,2
21481,85159B,0.009479,0.25,26.375,2
82494L,22998,0.009479,0.25,26.375,2
85152,22998,0.009479,0.25,26.375,2
22381,22475,0.009479,0.25,26.375,2
22629,21533,0.009479,0.25,26.375,2
21481,23308,0.009479,0.25,26.375,2
21172,21070,0.009479,0.25,26.375,2
22578,21015,0.009479,0.25,26.375,2
21086,21094,0.028436,0.857143,25.836735,6
21094,21086,0.028436,0.857143,25.836735,6
22191,22193,0.014218,0.6,25.32,3
22193,22191,0.014218,0.6,25.32,3
21980,22352,0.014218,0.6,25.32,3
22352,21980,0.014218,0.6,25.32,3
22624,22627,0.014218,0.6,25.32,3
22627,22624,0.014218,0.6,25.32,3
21169,21175,0.014218,0.6,25.32,3
21175,21169,0.014218,0.6,25.32,3
23198,23243,0.014218,0.6,25.32,3
23243,23198,0.014218,0.6,25.32,3
22726,22727,0.014218,0.6,25.32,3
22727,22726,0.014218,0.6,25.32,3
20677,20676,0.018957,0.8,24.114286,4
20676,20677,0.018957,0.571429,24.114286,4
20717,20719,0.014218,1.0,23.444444,3
22734,22910,0.014218,1.0,23.444444,3
16046,22189,0.009479,1.0,23.444444,2
22522,20712,0.009479,1.0,23.444444,2
22523,20712,0.009479,1.0,23.444444,2
22525,20712,0.009479,1.0,23.444444,2
22616,20712,0.009479,1.0,23.444444,2
22081,22139,0.009479,1.0,23.444444,2
22421,21914,0.009479,1.0,23.444444,2
21584,22139,0.009479,1.0,23.444444,2
22070,21210,0.009479,1.0,23.444444,2
22348,21210,0.009479,1.0,23.444444,2
22299,21915,0.009479,1.0,23.444444,2
21880,20719,0.009479,1.0,23.444444,2
82605,20719,0.009479,1.0,23.444444,2
21703,21915,0.009479,1.0,23.444444,2
21929,21928,0.009479,1.0,23.444444,2
22152,22139,0.009479,1.0,23.444444,2
21187,22910,0.009479,1.0,23.444444,2
21777,22910,0.009479,1.0,23.444444,2
22175,21231,0.009479,1.0,23.444444,2
22312,22910,0.009479,1.0,23.444444,2
22573,22910,0.009479,1.0,23.444444,2
22739,22910,0.009479,1.0,23.444444,2
85088,22910,0.009479,1.0,23.444444,2
22814,21915,0.009479,1.0,23.444444,2
21452,21915,0.009479,1.0,23.444444,2
22083,22910,0.009479,1.0,23.444444,2
22068,21479,0.009479,1.0,23.444444,2
22474,21914,0.009479,1.0,23.444444,2
23204,20719,0.009479,1.0,23.444444,2
22982,22139,0.009479,1.0,23.444444,2
22556,22584,0.018957,0.666667,23.444444,4
22584,22556,0.018957,0.666667,23.444444,4
22556,22557,0.018957,0.666667,23.444444,4
22557,22556,0.018957,0.666667,23.444444,4
21239,20754,0.009479,0.666667,23.444444,2
21240,20754,0.009479,0.666667,23.444444,2
20971,20969,0.009479,0.666667,23.444444,2
20971,22147,0.009479,0.666667,23.444444,2
21239,84997C,0.009479,0.666667,23.444444,2
21239,84997D,0.009479,0.666667,23.444444,2
21240,84997C,0.009479,0.666667,23.444444,2
21240,84997D,0.009479,0.666667,23.444444,2
21655,71459,0.009479,0.666667,23.444444,2
21655,84978,0.009479,0.666667,23.444444,2
48185,21955,0.009479,0.666667,23.444444,2
22131,20754,0.009479,0.666667,23.444444,2
22131,22326,0.009479,0.666667,23.444444,2
22562,22584,0.009479,0.666667,23.444444,2
22587,22584,0.009479,0.666667,23.444444,2
22131,84997C,0.009479,0.666667,23.444444,2
22131,84997D,0.009479,0.666667,23.444444,2
22088,22379,0.009479,0.666667,23.444444,2
22215,82580,0.009479,0.666667,23.444444,2
22215,82581,0.009479,0.666667,23.444444,2
82551,82580,0.009479,0.666667,23.444444,2
82551,82581,0.009479,0.666667,23.444444,2
21937,22607,0.009479,0.666667,23.444444,2
22532,22398,0.009479,0.666667,23.444444,2
21203,22077,0.009479,0.666667,23.444444,2
84077,21977,0.009479,0.666667,23.444444,2
84077,22077,0.009479,0.666667,23.444444,2
22501,22607,0.009479,0.666667,23.444444,2
22420,21891,0.009479,0.666667,23.444444,2
22420,22198,0.009479,0.666667,23.444444,2
22420,22419,0.009479,0.666667,23.444444,2
21121,16161P,0.009479,0.666667,23.444444,2
20984,20982,0.009479,0.666667,23.444444,2
20978,22584,0.009479,0.666667,23.444444,2
21124,22556,0.009479,0.666667,23.444444,2
22080,22077,0.009479,0.666667,23.444444,2
85049C,22077,0.009479,0.666667,23.444444,2
22080,22488,0.009479,0.666667,23.444444,2
22553,22488,0.009479,0.666667,23.444444,2
22716,22488,0.009479,0.666667,23.444444,2
22553,22556,0.009479,0.666667,23.444444,2
22553,22584,0.009479,0.666667,23.444444,2
22366,22424,0.009479,0.666667,23.444444,2
21908,82580,0.009479,0.666667,23.444444,2
21908,82581,0.009479,0.666667,23.444444,2
21528,21891,0.009479,0.666667,23.444444,2
15036,22556,0.009479,0.666667,23.444444,2
22549,22556,0.009479,0.666667,23.444444,2
22495,22551,0.009479,0.666667,23.444444,2
22495,22556,0.009479,0.666667,23.444444,2
22495,22557,0.009479,0.666667,23.444444,2
22329,22398,0.009479,0.666667,23.444444,2
47599B,22398,0.009479,0.666667,23.444444,2
84880,22666,0.009479,0.666667,23.444444,2
22670,82580,0.009479,0.666667,23.444444,2
22674,82580,0.009479,0.666667,23.444444,2
21715,22419,0.009479,0.666667,23.444444,2
22422,22419,0.009479,0.666667,23.444444,2
22900,22631,0.009479,0.666667,23.444444,2
22297,20969,0.009479,0.666667,23.444444,2
22311,20969,0.009479,0.666667,23.444444,2
22119,22398,0.009479,0.666667,23.444444,2
22119,22557,0.009479,0.666667,23.444444,2
22311,22398,0.009479,0.666667,23.444444,2
22311,22555,0.009479,0.666667,23.444444,2
22311,22556,0.009479,0.666667,23.444444,2
22311,22557,0.009479,0.666667,23.444444,2
22311,22584,0.009479,0.666667,23.444444,2
85199S,22398,0.009479,0.666667,23.444444,2
22409,22555,0.009479,0.666667,23.444444,2
22409,22556,0.009479,0.666667,23.444444,2
22409,22584,0.009479,0.666667,23.444444,2
85199S,22555,0.009479,0.666667,23.444444,2
85199S,22556,0.009479,0.666667,23.444444,2
85199S,22557,0.009479,0.666667,23.444444,2
85199S,22584,0.009479,0.666667,23.444444,2
85199L,22631,0.009479,0.666667,23.444444,2
22493,21213,0.009479,0.666667,23.444444,2
22493,21975,0.009479,0.666667,23.444444,2
22329,22557,0.009479,0.666667,23.444444,2
22636,22557,0.009479,0.666667,23.444444,2
20752,22419,0.009479,0.666667,23.444444,2
22196,22398,0.009479,0.666667,23.444444,2
22196,22419,0.009479,0.666667,23.444444,2
22196,22424,0.009479,0.666667,23.444444,2
22196,22557,0.009479,0.666667,23.444444,2
22476,22398,0.009479,0.666667,23.444444,2
22549,22398,0.009479,0.666667,23.444444,2
22409,22419,0.009479,0.666667,23.444444,2
22409,22424,0.009479,0.666667,23.444444,2
22476,22419,0.009479,0.666667,23.444444,2
22549,22419,0.009479,0.666667,23.444444,2
22549,22424,0.009479,0.666667,23.444444,2
22476,22557,0.009479,0.666667,23.444444,2
22549,22557,0.009479,0.666667,23.444444,2
22945,22555,0.009479,0.666667,23.444444,2
21174,82581,0.009479,0.666667,23.444444,2
21174,82583,0.009479,0.666667,23.444444,2
22297,22809,0.009479,0.666667,23.444444,2
20674,22667,0.009479,0.666667,23.444444,2
20675,22667,0.009479,0.666667,23.444444,2
20992,22666,0.009479,0.666667,23.444444,2
20992,22667,0.009479,0.666667,23.444444,2
22841,22666,0.009479,0.666667,23.444444,2
22843,22666,0.009479,0.666667,23.444444,2
84596F,22666,0.009479,0.666667,23.444444,2
84596F,22667,0.009479,0.666667,23.444444,2
22865,22632,0.009479,0.666667,23.444444,2
22865,22633,0.009479,0.666667,23.444444,2
22432,20749,0.009479,0.666667,23.444444,2
22996,21891,0.009479,0.666667,23.444444,2
84596B,22667,0.009479,0.666667,23.444444,2
21715,23206,0.009479,0.666667,23.444444,2
22609,22662,0.009479,0.666667,23.444444,2
22609,23206,0.009479,0.666667,23.444444,2
23208,23206,0.009479,0.666667,23.444444,2
22400,22398,0.009479,0.666667,23.444444,2
22945,22993,0.009479,0.666667,23.444444,2
22367,47591D,0.009479,0.666667,23.444444,2
22992,22555,0.009479,0.666667,23.444444,2
21810,22809,0.009479,0.666667,23.444444,2
20719,20717,0.014218,0.333333,23.444444,3
22910,22734,0.014218,0.333333,23.444444,3
20754,21239,0.009479,0.333333,23.444444,2
20754,21240,0.009479,0.333333,23.444444,2
20969,20971,0.009479,0.333333,23.444444,2
22147,20971,0.009479,0.333333,23.444444,2
84997C,21239,0.009479,0.333333,23.444444,2
84997D,21239,0.009479,0.333333,23.444444,2
84997C,21240,0.009479,0.333333,23.444444,2
84997D,21240,0.009479,0.333333,23.444444,2
71459,21655,0.009479,0.333333,23.444444,2
84978,21655,0.009479,0.333333,23.444444,2
21955,48185,0.009479,0.333333,23.444444,2
20754,22131,0.009479,0.333333,23.444444,2
22326,22131,0.009479,0.333333,23.444444,2
22584,22562,0.009479,0.333333,23.444444,2
22584,22587,0.009479,0.333333,23.444444,2
84997C,22131,0.009479,0.333333,23.444444,2
84997D,22131,0.009479,0.333333,23.444444,2
22379,22088,0.009479,0.333333,23.444444,2
82580,22215,0.009479,0.333333,23.444444,2
82581,22215,0.009479,0.333333,23.444444,2
82580,82551,0.009479,0.333333,23.444444,2
82581,82551,0.009479,0.333333,23.444444,2
22607,21937,0.009479,0.333333,23.444444,2
22398,22532,0.009479,0.333333,23.444444,2
22077,21203,0.009479,0.333333,23.444444,2
21977,84077,0.009479,0.333333,23.444444,2
22077,84077,0.009479,0.333333,23.444444,2
22607,22501,0.009479,0.333333,23.444444,2
21891,22420,0.009479,0.333333,23.444444,2
22198,22420,0.009479,0.333333,23.444444,2
22419,22420,0.009479,0.333333,23.444444,2
16161P,21121,0.009479,0.333333,23.444444,2
20982,20984,0.009479,0.333333,23.444444,2
22584,20978,0.009479,0.333333,23.444444,2
22556,21124,0.009479,0.333333,23.444444,2
22077,22080,0.009479,0.333333,23.444444,2
22077,85049C,0.009479,0.333333,23.444444,2
22488,22080,0.009479,0.333333,23.444444,2
22488,22553,0.009479,0.333333,23.444444,2
22488,22716,0.009479,0.333333,23.444444,2
22556,22553,0.009479,0.333333,23.444444,2
22584,22553,0.009479,0.333333,23.444444,2
22424,22366,0.009479,0.333333,23.444444,2
82580,21908,0.009479,0.333333,23.444444,2
82581,21908,0.009479,0.333333,23.444444,2
21891,21528,0.009479,0.333333,23.444444,2
22556,15036,0.009479,0.333333,23.444444,2
22556,22549,0.009479,0.333333,23.444444,2
22551,22495,0.009479,0.333333,23.444444,2
22556,22495,0.009479,0.333333,23.444444,2
22557,22495,0.009479,0.333333,23.444444,2
22398,22329,0.009479,0.333333,23.444444,2
22398,47599B,0.009479,0.333333,23.444444,2
22666,84880,0.009479,0.333333,23.444444,2
82580,22670,0.009479,0.333333,23.444444,2
82580,22674,0.009479,0.333333,23.444444,2
22419,21715,0.009479,0.333333,23.444444,2
22419,22422,0.009479,0.333333,23.444444,2
22631,22900,0.009479,0.333333,23.444444,2
20969,22297,0.009479,0.333333,23.444444,2
20969,22311,0.009479,0.333333,23.444444,2
22398,22119,0.009479,0.333333,23.444444,2
22557,22119,0.009479,0.333333,23.444444,2
22398,22311,0.009479,0.333333,23.444444,2
22555,22311,0.009479,0.333333,23.444444,2
22556,22311,0.009479,0.333333,23.444444,2
22557,22311,0.009479,0.333333,23.444444,2
22584,22311,0.009479,0.333333,23.444444,2
22398,85199S,0.009479,0.333333,23.444444,2
22555,22409,0.009479,0.333333,23.444444,2
22556,22409,0.009479,0.333333,23.444444,2
22584,22409,0.009479,0.333333,23.444444,2
22555,85199S,0.009479,0.333333,23.444444,2
22556,85199S,0.009479,0.333333,23.444444,2
22557,85199S,0.009479,0.333333,23.444444,2
22584,85199S,0.009479,0.333333,23.444444,2
22631,85199L,0.009479,0.333333,23.444444,2
21213,22493,0.009479,0.333333,23.444444,2
21975,22493,0.009479,0.333333,23.444444,2
22557,22329,0.009479,0.333333,23.444444,2
22557,22636,0.009479,0.333333,23.444444,2
22419,20752,0.009479,0.333333,23.444444,2
22398,22196,0.009479,0.333333,23.444444,2
22419,22196,0.009479,0.333333,23.444444,2
22424,22196,0.009479,0.333333,23.444444,2
22557,22196,0.009479,0.333333,23.444444,2
22398,22476,0.009479,0.333333,23.444444,2
22398,22549,0.009479,0.333333,23.444444,2
22419,22409,0.009479,0.333333,23.444444,2
22424,22409,0.009479,0.333333,23.444444,2
22419,22476,0.009479,0.333333,23.444444,2
22419,22549,0.009479,0.333333,23.444444,2
22424,22549,0.009479,0.333333,23.444444,2
22557,22476,0.009479,0.333333,23.444444,2
22557,22549,0.009479,0.333333,23.444444,2
22555,22945,0.009479,0.333333,23.444444,2
82581,21174,0.009479,0.333333,23.444444,2
82583,21174,0.009479,0.333333,23.444444,2
22809,22297,0.009479,0.333333,23.444444,2
22667,20674,0.009479,0.333333,23.444444,2
22667,20675,0.009479,0.333333,23.444444,2
22666,20992,0.009479,0.333333,23.444444,2
22667,20992,0.009479,0.333333,23.444444,2
22666,22841,0.009479,0.333333,23.444444,2
22666,22843,0.009479,0.333333,23.444444,2
22666,84596F,0.009479,0.333333,23.444444,2
22667,84596F,0.009479,0.333333,23.444444,2
22632,22865,0.009479,0.333333,23.444444,2
22633,22865,0.009479,0.333333,23.444444,2
20749,22432,0.009479,0.333333,23.444444,2
21891,22996,0.009479,0.333333,23.444444,2
22667,84596B,0.009479,0.333333,23.444444,2
23206,21715,0.009479,0.333333,23.444444,2
22662,22609,0.009479,0.333333,23.444444,2
23206,22609,0.009479,0.333333,23.444444,2
23206,23208,0.009479,0.333333,23.444444,2
22398,22400,0.009479,0.333333,23.444444,2
22993,22945,0.009479,0.333333,23.444444,2
47591D,22367,0.009479,0.333333,23.444444,2
22555,22992,0.009479,0.333333,23.444444,2
22809,21810,0.009479,0.333333,23.444444,2
22189,16046,0.009479,0.222222,23.444444,2
20712,22522,0.009479,0.222222,23.444444,2
20712,22523,0.009479,0.222222,23.444444,2
20712,22525,0.009479,0.222222,23.444444,2
20712,22616,0.009479,0.222222,23.444444,2
22139,22081,0.009479,0.222222,23.444444,2
21914,22421,0.009479,0.222222,23.444444,2
22139,21584,0.009479,0.222222,23.444444,2
21210,22070,0.009479,0.222222,23.444444,2
21210,22348,0.009479,0.222222,23.444444,2
21915,22299,0.009479,0.222222,23.444444,2
20719,21880,0.009479,0.222222,23.444444,2
20719,82605,0.009479,0.222222,23.444444,2
21915,21703,0.009479,0.222222,23.444444,2
21928,21929,0.009479,0.222222,23.444444,2
22139,22152,0.009479,0.222222,23.444444,2
22910,21187,0.009479,0.222222,23.444444,2
22910,21777,0.009479,0.222222,23.444444,2
21231,22175,0.009479,0.222222,23.444444,2
22910,22312,0.009479,0.222222,23.444444,2
22910,22573,0.009479,0.222222,23.444444,2
22910,22739,0.009479,0.222222,23.444444,2
22910,85088,0.009479,0.222222,23.444444,2
21915,22814,0.009479,0.222222,23.444444,2
21915,21452,0.009479,0.222222,23.444444,2
22910,22083,0.009479,0.222222,23.444444,2
21479,22068,0.009479,0.222222,23.444444,2
21914,22474,0.009479,0.222222,23.444444,2
20719,23204,0.009479,0.222222,23.444444,2
22139,22982,0.009479,0.222222,23.444444,2
22570,22569,0.028436,0.857143,22.607143,6
22569,22570,0.028436,0.75,22.607143,6
22296,22294,0.014218,0.75,22.607143,3
22296,22295,0.014218,0.75,22.607143,3
48111,48194,0.014218,0.75,22.607143,3
22491,22489,0.014218,0.75,22.607143,3
21508,21509,0.014218,0.75,22.607143,3
21242,20676,0.014218,0.75,22.607143,3
21242,21559,0.014218,0.75,22.607143,3
21704,22620,0.014218,0.75,22.607143,3
22294,22296,0.014218,0.428571,22.607143,3
22295,22296,0.014218,0.428571,22.607143,3
48194,48111,0.014218,0.428571,22.607143,3
22489,22491,0.014218,0.428571,22.607143,3
21509,21508,0.014218,0.428571,22.607143,3
20676,21242,0.014218,0.428571,22.607143,3
21559,21242,0.014218,0.428571,22.607143,3
22620,21704,0.014218,0.428571,22.607143,3
22294,22295,0.023697,0.714286,21.530612,5
22295,22294,0.023697,0.714286,21.530612,5
23207,23203,0.018957,1.0,21.1,4
23208,23203,0.014218,1.0,21.1,3
16046,22197,0.009479,1.0,21.1,2
21122,21034,0.009479,1.0,21.1,2
21356,21034,0.009479,1.0,21.1,2
22299,20718,0.009479,1.0,21.1,2
21929,20728,0.009479,1.0,21.1,2
21159,22197,0.009479,1.0,21.1,2
22796,21034,0.009479,1.0,21.1,2
22079,20718,0.009479,1.0,21.1,2
22169,20718,0.009479,1.0,21.1,2
84596E,22197,0.009479,1.0,21.1,2
23302,20728,0.009479,1.0,21.1,2
23321,23203,0.009479,1.0,21.1,2
23322,23203,0.009479,1.0,21.1,2
23582,23203,0.009479,1.0,21.1,2
21166,85152,0.018957,0.8,21.1,4
21169,21181,0.018957,0.8,21.1,4
21169,85152,0.018957,0.8,21.1,4
22149,22147,0.014218,0.6,21.1,3
21524,21955,0.014218,0.6,21.1,3
84997A,84997C,0.014218,0.6,21.1,3
84997A,84997D,0.014218,0.6,21.1,3
85150,82580,0.014218,0.6,21.1,3
85150,82581,0.014218,0.6,21.1,3
21166,82583,0.014218,0.6,21.1,3
82582,82581,0.014218,0.6,21.1,3
22630,22631,0.014218,0.6,21.1,3
22866,22632,0.014218,0.6,21.1,3
22082,22555,0.014218,0.6,21.1,3
21169,82583,0.014218,0.6,21.1,3
21175,82583,0.014218,0.6,21.1,3
23301,23206,0.014218,0.6,21.1,3
23199,23206,0.014218,0.6,21.1,3
23198,22666,0.014218,0.6,21.1,3
22866,22633,0.014218,0.6,21.1,3
85152,21166,0.018957,0.5,21.1,4
21181,21169,0.018957,0.5,21.1,4
85152,21169,0.018957,0.5,21.1,4
22147,22149,0.014218,0.5,21.1,3
21955,21524,0.014218,0.5,21.1,3
84997C,84997A,0.014218,0.5,21.1,3
84997D,84997A,0.014218,0.5,21.1,3
82580,85150,0.014218,0.5,21.1,3
82581,85150,0.014218,0.5,21.1,3
82583,21166,0.014218,0.5,21.1,3
82581,82582,0.014218,0.5,21.1,3
22631,22630,0.014218,0.5,21.1,3
22632,22866,0.014218,0.5,21.1,3
22555,22082,0.014218,0.5,21.1,3
82583,21169,0.014218,0.5,21.1,3
82583,21175,0.014218,0.5,21.1,3
23206,23301,0.014218,0.5,21.1,3
23206,23199,0.014218,0.5,21.1,3
22666,23198,0.014218,0.5,21.1,3
22633,22866,0.014218,0.5,21.1,3
22155,22154,0.009479,0.5,21.1,2
22349,21238,0.009479,0.5,21.1,2
22349,21903,0.009479,0.5,21.1,2
85049F,21218,0.009479,0.5,21.1,2
48111,48129,0.009479,0.5,21.1,2
22544,22561,0.009479,0.5,21.1,2
22563,22560,0.009479,0.5,21.1,2
21826,21918,0.009479,0.5,21.1,2
21826,84997A,0.009479,0.5,21.1,2
22271,21918,0.009479,0.5,21.1,2
21936,21980,0.009479,0.5,21.1,2
22563,21186,0.009479,0.5,21.1,2
21826,21186,0.009479,0.5,21.1,2
22078,21186,0.009479,0.5,21.1,2
21826,22560,0.009479,0.5,21.1,2
22078,22560,0.009479,0.5,21.1,2
22429,22561,0.009479,0.5,21.1,2
21385,22087,0.009479,0.5,21.1,2
16156S,84946,0.009479,0.5,21.1,2
22712,20979,0.009479,0.5,21.1,2
22029,21078,0.009479,0.5,21.1,2
85049F,21078,0.009479,0.5,21.1,2
22029,84946,0.009479,0.5,21.1,2
22078,22418,0.009479,0.5,21.1,2
22078,84997A,0.009479,0.5,21.1,2
22582,22082,0.009479,0.5,21.1,2
51014A,22082,0.009479,0.5,21.1,2
84279P,22082,0.009479,0.5,21.1,2
22582,22418,0.009479,0.5,21.1,2
51014A,22418,0.009479,0.5,21.1,2
22582,84946,0.009479,0.5,21.1,2
22582,84997A,0.009479,0.5,21.1,2
51014A,84997A,0.009479,0.5,21.1,2
21385,21899,0.009479,0.5,21.1,2
21385,21900,0.009479,0.5,21.1,2
21385,21901,0.009479,0.5,21.1,2
21242,21238,0.009479,0.5,21.1,2
21592,85040A,0.009479,0.5,21.1,2
72351A,85040A,0.009479,0.5,21.1,2
72351B,85040A,0.009479,0.5,21.1,2
21523,21524,0.009479,0.5,21.1,2
85061W,21903,0.009479,0.5,21.1,2
22938,22630,0.009479,0.5,21.1,2
21041,21155,0.009479,0.5,21.1,2
22505,22909,0.009479,0.5,21.1,2
21558,21980,0.009479,0.5,21.1,2
21558,22352,0.009479,0.5,21.1,2
21877,21871,0.009479,0.5,21.1,2
22579,21871,0.009479,0.5,21.1,2
22579,21980,0.009479,0.5,21.1,2
22296,22469,0.009479,0.5,21.1,2
22579,22352,0.009479,0.5,21.1,2
22617,22748,0.009479,0.5,21.1,2
22625,22627,0.009479,0.5,21.1,2
47566B,22646,0.009479,0.5,21.1,2
21587,84949,0.009479,0.5,21.1,2
22800,84949,0.009479,0.5,21.1,2
22867,22154,0.009479,0.5,21.1,2
22635,22418,0.009479,0.5,21.1,2
22579,22810,0.009479,0.5,21.1,2
21832,16237,0.009479,0.5,21.1,2
22625,20979,0.009479,0.5,21.1,2
22141,22941,0.009479,0.5,21.1,2
22520,22502,0.009479,0.5,21.1,2
22521,22502,0.009479,0.5,21.1,2
21430,16237,0.009479,0.5,21.1,2
23144,22090,0.009479,0.5,21.1,2
23144,22960,0.009479,0.5,21.1,2
23101,23301,0.009479,0.5,21.1,2
21216,23243,0.009479,0.5,21.1,2
23207,23199,0.009479,0.5,21.1,2
22938,22941,0.009479,0.5,21.1,2
22966,22941,0.009479,0.5,21.1,2
23293,22964,0.009479,0.5,21.1,2
22966,23198,0.009479,0.5,21.1,2
21902,23199,0.009479,0.5,21.1,2
20679,84032B,0.009479,0.5,21.1,2
22728,22727,0.009479,0.5,21.1,2
85178,84032B,0.009479,0.5,21.1,2
35970,23100,0.009479,0.5,21.1,2
23101,23328,0.009479,0.5,21.1,2
35970,23328,0.009479,0.5,21.1,2
22904,21871,0.009479,0.5,21.1,2
84947,22960,0.009479,0.5,21.1,2
23343,22866,0.009479,0.5,21.1,2
23203,23207,0.018957,0.4,21.1,4
22154,22155,0.009479,0.4,21.1,2
21238,22349,0.009479,0.4,21.1,2
21903,22349,0.009479,0.4,21.1,2
21218,85049F,0.009479,0.4,21.1,2
48129,48111,0.009479,0.4,21.1,2
22561,22544,0.009479,0.4,21.1,2
22560,22563,0.009479,0.4,21.1,2
21918,21826,0.009479,0.4,21.1,2
84997A,21826,0.009479,0.4,21.1,2
21918,22271,0.009479,0.4,21.1,2
21980,21936,0.009479,0.4,21.1,2
21186,22563,0.009479,0.4,21.1,2
21186,21826,0.009479,0.4,21.1,2
21186,22078,0.009479,0.4,21.1,2
22560,21826,0.009479,0.4,21.1,2
22560,22078,0.009479,0.4,21.1,2
22561,22429,0.009479,0.4,21.1,2
22087,21385,0.009479,0.4,21.1,2
84946,16156S,0.009479,0.4,21.1,2
20979,22712,0.009479,0.4,21.1,2
21078,22029,0.009479,0.4,21.1,2
21078,85049F,0.009479,0.4,21.1,2
84946,22029,0.009479,0.4,21.1,2
22418,22078,0.009479,0.4,21.1,2
84997A,22078,0.009479,0.4,21.1,2
22082,22582,0.009479,0.4,21.1,2
22082,51014A,0.009479,0.4,21.1,2
22082,84279P,0.009479,0.4,21.1,2
22418,22582,0.009479,0.4,21.1,2
22418,51014A,0.009479,0.4,21.1,2
84946,22582,0.009479,0.4,21.1,2
84997A,22582,0.009479,0.4,21.1,2
84997A,51014A,0.009479,0.4,21.1,2
21899,21385,0.009479,0.4,21.1,2
21900,21385,0.009479,0.4,21.1,2
21901,21385,0.009479,0.4,21.1,2
21238,21242,0.009479,0.4,21.1,2
85040A,21592,0.009479,0.4,21.1,2
85040A,72351A,0.009479,0.4,21.1,2
85040A,72351B,0.009479,0.4,21.1,2
21524,21523,0.009479,0.4,21.1,2
21903,85061W,0.009479,0.4,21.1,2
22630,22938,0.009479,0.4,21.1,2
21155,21041,0.009479,0.4,21.1,2
22909,22505,0.009479,0.4,21.1,2
21980,21558,0.009479,0.4,21.1,2
22352,21558,0.009479,0.4,21.1,2
21871,21877,0.009479,0.4,21.1,2
21871,22579,0.009479,0.4,21.1,2
21980,22579,0.009479,0.4,21.1,2
22469,22296,0.009479,0.4,21.1,2
22352,22579,0.009479,0.4,21.1,2
22748,22617,0.009479,0.4,21.1,2
22627,22625,0.009479,0.4,21.1,2
22646,47566B,0.009479,0.4,21.1,2
84949,21587,0.009479,0.4,21.1,2
84949,22800,0.009479,0.4,21.1,2
22154,22867,0.009479,0.4,21.1,2
22418,22635,0.009479,0.4,21.1,2
22810,22579,0.009479,0.4,21.1,2
16237,21832,0.009479,0.4,21.1,2
20979,22625,0.009479,0.4,21.1,2
22941,22141,0.009479,0.4,21.1,2
22502,22520,0.009479,0.4,21.1,2
22502,22521,0.009479,0.4,21.1,2
16237,21430,0.009479,0.4,21.1,2
22090,23144,0.009479,0.4,21.1,2
22960,23144,0.009479,0.4,21.1,2
23301,23101,0.009479,0.4,21.1,2
23243,21216,0.009479,0.4,21.1,2
23199,23207,0.009479,0.4,21.1,2
22941,22938,0.009479,0.4,21.1,2
22941,22966,0.009479,0.4,21.1,2
22964,23293,0.009479,0.4,21.1,2
23198,22966,0.009479,0.4,21.1,2
23199,21902,0.009479,0.4,21.1,2
84032B,20679,0.009479,0.4,21.1,2
22727,22728,0.009479,0.4,21.1,2
84032B,85178,0.009479,0.4,21.1,2
23100,35970,0.009479,0.4,21.1,2
23328,23101,0.009479,0.4,21.1,2
23328,35970,0.009479,0.4,21.1,2
21871,22904,0.009479,0.4,21.1,2
22960,84947,0.009479,0.4,21.1,2
22866,23343,0.009479,0.4,21.1,2
23203,23208,0.014218,0.3,21.1,3
22197,16046,0.009479,0.2,21.1,2
21034,21122,0.009479,0.2,21.1,2
21034,21356,0.009479,0.2,21.1,2
20718,22299,0.009479,0.2,21.1,2
20728,21929,0.009479,0.2,21.1,2
22197,21159,0.009479,0.2,21.1,2
21034,22796,0.009479,0.2,21.1,2
20718,22079,0.009479,0.2,21.1,2
20718,22169,0.009479,0.2,21.1,2
22197,84596E,0.009479,0.2,21.1,2
20728,23302,0.009479,0.2,21.1,2
23203,23321,0.009479,0.2,21.1,2
23203,23322,0.009479,0.2,21.1,2
23203,23582,0.009479,0.2,21.1,2
48184,48194,0.018957,0.666667,20.095238,4
21154,21035,0.018957,0.666667,20.095238,4
23206,23209,0.018957,0.666667,20.095238,4
85065,21621,0.009479,0.666667,20.095238,2
21655,15056BL,0.009479,0.666667,20.095238,2
84849B,22294,0.009479,0.666667,20.095238,2
22110,21484,0.009479,0.666667,20.095238,2
85199L,22219,0.009479,0.666667,20.095238,2
85199L,22294,0.009479,0.666667,20.095238,2
84880,82600,0.009479,0.666667,20.095238,2
21429,20713,0.009479,0.666667,20.095238,2
48185,48194,0.009479,0.666667,20.095238,2
22131,21485,0.009479,0.666667,20.095238,2
22562,22568,0.009479,0.666667,20.095238,2
22562,22570,0.009479,0.666667,20.095238,2
22562,22585,0.009479,0.666667,20.095238,2
22587,22585,0.009479,0.666667,20.095238,2
21982,71053,0.009479,0.666667,20.095238,2
21983,71053,0.009479,0.666667,20.095238,2
22088,71053,0.009479,0.666667,20.095238,2
82551,82552,0.009479,0.666667,20.095238,2
22530,22489,0.009479,0.666667,20.095238,2
22532,22489,0.009479,0.666667,20.095238,2
22501,48187,0.009479,0.666667,20.095238,2
47599B,22585,0.009479,0.666667,20.095238,2
47599B,84945,0.009479,0.666667,20.095238,2
85065,48187,0.009479,0.666667,20.095238,2
84077,84945,0.009479,0.666667,20.095238,2
22427,84970S,0.009479,0.666667,20.095238,2
21870,20713,0.009479,0.666667,20.095238,2
20984,20983,0.009479,0.666667,20.095238,2
20984,82552,0.009479,0.666667,20.095238,2
21124,21509,0.009479,0.666667,20.095238,2
22027,21509,0.009479,0.666667,20.095238,2
22366,48187,0.009479,0.666667,20.095238,2
22088,21509,0.009479,0.666667,20.095238,2
22333,21509,0.009479,0.666667,20.095238,2
22718,21509,0.009479,0.666667,20.095238,2
22400,22570,0.009479,0.666667,20.095238,2
22412,20713,0.009479,0.666667,20.095238,2
79066K,21559,0.009479,0.666667,20.095238,2
47599B,22219,0.009479,0.666667,20.095238,2
47599B,22295,0.009479,0.666667,20.095238,2
21715,20676,0.009479,0.666667,20.095238,2
85049C,20676,0.009479,0.666667,20.095238,2
22422,20750,0.009479,0.666667,20.095238,2
21989,21035,0.009479,0.666667,20.095238,2
22119,21916,0.009479,0.666667,20.095238,2
22409,21916,0.009479,0.666667,20.095238,2
22553,22219,0.009479,0.666667,20.095238,2
22736,22219,0.009479,0.666667,20.095238,2
22297,22294,0.009479,0.666667,20.095238,2
85199S,22294,0.009479,0.666667,20.095238,2
22297,22295,0.009479,0.666667,20.095238,2
85199S,22295,0.009479,0.666667,20.095238,2
22311,22585,0.009479,0.666667,20.095238,2
22409,22585,0.009479,0.666667,20.095238,2
22553,22620,0.009479,0.666667,20.095238,2
85199L,22570,0.009479,0.666667,20.095238,2
85199S,22585,0.009479,0.666667,20.095238,2
22736,22620,0.009479,0.666667,20.095238,2
84832,22835,0.009479,0.666667,20.095238,2
85014A,22219,0.009479,0.666667,20.095238,2
85014B,22219,0.009479,0.666667,20.095238,2
22771,22464,0.009479,0.666667,20.095238,2
22636,20983,0.009479,0.666667,20.095238,2
22329,21484,0.009479,0.666667,20.095238,2
22636,21484,0.009479,0.666667,20.095238,2
22636,20750,0.009479,0.666667,20.095238,2
22834,21484,0.009479,0.666667,20.095238,2
22834,21485,0.009479,0.666667,20.095238,2
22366,22759,0.009479,0.666667,20.095238,2
22532,22759,0.009479,0.666667,20.095238,2
20675,20676,0.009479,0.666667,20.095238,2
20675,21086,0.009479,0.666667,20.095238,2
20675,21485,0.009479,0.666667,20.095238,2
22755,20676,0.009479,0.666667,20.095238,2
21989,21086,0.009479,0.666667,20.095238,2
21989,21094,0.009479,0.666667,20.095238,2
22755,21559,0.009479,0.666667,20.095238,2
22112,84029E,0.009479,0.666667,20.095238,2
22992,22385,0.009479,0.666667,20.095238,2
84077,22385,0.009479,0.666667,20.095238,2
22493,20983,0.009479,0.666667,20.095238,2
15044D,20676,0.009479,0.666667,20.095238,2
23298,21539,0.009479,0.666667,20.095238,2
23208,23202,0.009479,0.666667,20.095238,2
23298,23209,0.009479,0.666667,20.095238,2
21715,23209,0.009479,0.666667,20.095238,2
22609,23209,0.009479,0.666667,20.095238,2
23298,22720,0.009479,0.666667,20.095238,2
23200,23209,0.009479,0.666667,20.095238,2
85132C,23209,0.009479,0.666667,20.095238,2
85132C,22720,0.009479,0.666667,20.095238,2
23108,POST,0.009479,0.666667,20.095238,2
23346,POST,0.009479,0.666667,20.095238,2
23182,82552,0.009479,0.666667,20.095238,2
23200,82552,0.009479,0.666667,20.095238,2
21174,82600,0.009479,0.666667,20.095238,2
21770,82552,0.009479,0.666667,20.095238,2
23169,82552,0.009479,0.666667,20.095238,2
23480,23084,0.009479,0.666667,20.095238,2
23489,23084,0.009479,0.666667,20.095238,2
23570,23084,0.009479,0.666667,20.095238,2
23571,23084,0.009479,0.666667,20.095238,2
21810,22835,0.009479,0.666667,20.095238,2
21810,23084,0.009479,0.666667,20.095238,2
48194,48184,0.018957,0.571429,20.095238,4
21035,21154,0.018957,0.571429,20.095238,4
23209,23206,0.018957,0.571429,20.095238,4
21621,85065,0.009479,0.285714,20.095238,2
15056BL,21655,0.009479,0.285714,20.095238,2
22294,84849B,0.009479,0.285714,20.095238,2
21484,22110,0.009479,0.285714,20.095238,2
22219,85199L,0.009479,0.285714,20.095238,2
22294,85199L,0.009479,0.285714,20.095238,2
82600,84880,0.009479,0.285714,20.095238,2
20713,21429,0.009479,0.285714,20.095238,2
48194,48185,0.009479,0.285714,20.095238,2
21485,22131,0.009479,0.285714,20.095238,2
22568,22562,0.009479,0.285714,20.095238,2
22570,22562,0.009479,0.285714,20.095238,2
22585,22562,0.009479,0.285714,20.095238,2
22585,22587,0.009479,0.285714,20.095238,2
71053,21982,0.009479,0.285714,20.095238,2
71053,21983,0.009479,0.285714,20.095238,2
71053,22088,0.009479,0.285714,20.095238,2
82552,82551,0.009479,0.285714,20.095238,2
22489,22530,0.009479,0.285714,20.095238,2
22489,22532,0.009479,0.285714,20.095238,2
48187,22501,0.009479,0.285714,20.095238,2
22585,47599B,0.009479,0.285714,20.095238,2
84945,47599B,0.009479,0.285714,20.095238,2
48187,85065,0.009479,0.285714,20.095238,2
84945,84077,0.009479,0.285714,20.095238,2
84970S,22427,0.009479,0.285714,20.095238,2
20713,21870,0.009479,0.285714,20.095238,2
20983,20984,0.009479,0.285714,20.095238,2
82552,20984,0.009479,0.285714,20.095238,2
21509,21124,0.009479,0.285714,20.095238,2
21509,22027,0.009479,0.285714,20.095238,2
48187,22366,0.009479,0.285714,20.095238,2
21509,22088,0.009479,0.285714,20.095238,2
21509,22333,0.009479,0.285714,20.095238,2
21509,22718,0.009479,0.285714,20.095238,2
22570,22400,0.009479,0.285714,20.095238,2
20713,22412,0.009479,0.285714,20.095238,2
21559,79066K,0.009479,0.285714,20.095238,2
22219,47599B,0.009479,0.285714,20.095238,2
22295,47599B,0.009479,0.285714,20.095238,2
20676,21715,0.009479,0.285714,20.095238,2
20676,85049C,0.009479,0.285714,20.095238,2
20750,22422,0.009479,0.285714,20.095238,2
21035,21989,0.009479,0.285714,20.095238,2
21916,22119,0.009479,0.285714,20.095238,2
21916,22409,0.009479,0.285714,20.095238,2
22219,22553,0.009479,0.285714,20.095238,2
22219,22736,0.009479,0.285714,20.095238,2
22294,22297,0.009479,0.285714,20.095238,2
22294,85199S,0.009479,0.285714,20.095238,2
22295,22297,0.009479,0.285714,20.095238,2
22295,85199S,0.009479,0.285714,20.095238,2
22585,22311,0.009479,0.285714,20.095238,2
22585,22409,0.009479,0.285714,20.095238,2
22620,22553,0.009479,0.285714,20.095238,2
22570,85199L,0.009479,0.285714,20.095238,2
22585,85199S,0.009479,0.285714,20.095238,2
22620,22736,0.009479,0.285714,20.095238,2
22835,84832,0.009479,0.285714,20.095238,2
22219,85014A,0.009479,0.285714,20.095238,2
22219,85014B,0.009479,0.285714,20.095238,2
22464,22771,0.009479,0.285714,20.095238,2
20983,22636,0.009479,0.285714,20.095238,2
21484,22329,0.009479,0.285714,20.095238,2
21484,22636,0.009479,0.285714,20.095238,2
20750,22636,0.009479,0.285714,20.095238,2
21484,22834,0.009479,0.285714,20.095238,2
21485,22834,0.009479,0.285714,20.095238,2
22759,22366,0.009479,0.285714,20.095238,2
22759,22532,0.009479,0.285714,20.095238,2
20676,20675,0.009479,0.285714,20.095238,2
21086,20675,0.009479,0.285714,20.095238,2
21485,20675,0.009479,0.285714,20.095238,2
20676,22755,0.009479,0.285714,20.095238,2
21086,21989,0.009479,0.285714,20.095238,2
21094,21989,0.009479,0.285714,20.095238,2
21559,22755,0.009479,0.285714,20.095238,2
84029E,22112,0.009479,0.285714,20.095238,2
22385,22992,0.009479,0.285714,20.095238,2
22385,84077,0.009479,0.285714,20.095238,2
20983,22493,0.009479,0.285714,20.095238,2
20676,15044D,0.009479,0.285714,20.095238,2
21539,23298,0.009479,0.285714,20.095238,2
23202,23208,0.009479,0.285714,20.095238,2
23209,23298,0.009479,0.285714,20.095238,2
23209,21715,0.009479,0.285714,20.095238,2
23209,22609,0.009479,0.285714,20.095238,2
22720,23298,0.009479,0.285714,20.095238,2
23209,23200,0.009479,0.285714,20.095238,2
23209,85132C,0.009479,0.285714,20.095238,2
22720,85132C,0.009479,0.285714,20.095238,2
POST,23108,0.009479,0.285714,20.095238,2
POST,23346,0.009479,0.285714,20.095238,2
82552,23182,0.009479,0.285714,20.095238,2
82552,23200,0.009479,0.285714,20.095238,2
82600,21174,0.009479,0.285714,20.095238,2
82552,21770,0.009479,0.285714,20.095238,2
82552,23169,0.009479,0.285714,20.095238,2
23084,23480,0.009479,0.285714,20.095238,2
23084,23489,0.009479,0.285714,20.095238,2
23084,23570,0.009479,0.285714,20.095238,2
23084,23571,0.009479,0.285714,20.095238,2
22835,21810,0.009479,0.285714,20.095238,2
23084,21810,0.009479,0.285714,20.095238,2
22380,22381,0.014218,0.75,19.78125,3
21508,82494L,0.014218,0.75,19.78125,3
22712,84520B,0.014218,0.75,19.78125,3
22579,22577,0.014218,0.75,19.78125,3
22617,22634,0.014218,0.75,19.78125,3
22617,22138,0.014218,0.75,19.78125,3
23144,21172,0.014218,0.75,19.78125,3
22381,22380,0.014218,0.375,19.78125,3
82494L,21508,0.014218,0.375,19.78125,3
84520B,22712,0.014218,0.375,19.78125,3
22577,22579,0.014218,0.375,19.78125,3
22634,22617,0.014218,0.375,19.78125,3
22138,22617,0.014218,0.375,19.78125,3
21172,23144,0.014218,0.375,19.78125,3
22113,22111,0.014218,1.0,19.181818,3
15036,21790,0.014218,1.0,19.181818,3
21810,22111,0.014218,1.0,19.181818,3
20956,21931,0.009479,1.0,19.181818,2
22071,21755,0.009479,1.0,19.181818,2
21122,21232,0.009479,1.0,19.181818,2
22299,21790,0.009479,1.0,19.181818,2
22348,21790,0.009479,1.0,19.181818,2
20766,21790,0.009479,1.0,19.181818,2
20766,21791,0.009479,1.0,19.181818,2
84988,21790,0.009479,1.0,19.181818,2
22652,21791,0.009479,1.0,19.181818,2
22059,21232,0.009479,1.0,19.181818,2
22842,21790,0.009479,1.0,19.181818,2
22814,21790,0.009479,1.0,19.181818,2
21807,22111,0.009479,1.0,19.181818,2
85231B,22111,0.009479,1.0,19.181818,2
23295,22111,0.009479,1.0,19.181818,2
84031B,22111,0.009479,1.0,19.181818,2
23356,22111,0.009479,1.0,19.181818,2
22111,22113,0.014218,0.272727,19.181818,3
21790,15036,0.014218,0.272727,19.181818,3
22111,21810,0.014218,0.272727,19.181818,3
23202,23203,0.028436,0.857143,18.085714,6
23203,23202,0.028436,0.6,18.085714,6
21238,21559,0.014218,0.6,18.085714,3
84949,22219,0.014218,0.6,18.085714,3
84970L,22219,0.014218,0.6,18.085714,3
48129,48194,0.014218,0.6,18.085714,3
22560,22585,0.014218,0.6,18.085714,3
21918,21916,0.014218,0.6,18.085714,3
21166,82600,0.014218,0.6,18.085714,3
21238,20676,0.014218,0.6,18.085714,3
84029G,84029E,0.014218,0.6,18.085714,3
23100,23084,0.014218,0.6,18.085714,3
23243,22720,0.014218,0.6,18.085714,3
22964,POST,0.014218,0.6,18.085714,3
21899,82552,0.014218,0.6,18.085714,3
21900,82552,0.014218,0.6,18.085714,3
21901,82552,0.014218,0.6,18.085714,3
23344,23202,0.014218,0.6,18.085714,3
21559,21238,0.014218,0.428571,18.085714,3
22219,84949,0.014218,0.428571,18.085714,3
22219,84970L,0.014218,0.428571,18.085714,3
48194,48129,0.014218,0.428571,18.085714,3
22585,22560,0.014218,0.428571,18.085714,3
21916,21918,0.014218,0.428571,18.085714,3
82600,21166,0.014218,0.428571,18.085714,3
20676,21238,0.014218,0.428571,18.085714,3
84029E,84029G,0.014218,0.428571,18.085714,3
23084,23100,0.014218,0.428571,18.085714,3
22720,23243,0.014218,0.428571,18.085714,3
POST,22964,0.014218,0.428571,18.085714,3
82552,21899,0.014218,0.428571,18.085714,3
82552,21900,0.014218,0.428571,18.085714,3
82552,21901,0.014218,0.428571,18.085714,3
23202,23344,0.014218,0.428571,18.085714,3
84596F,22384,0.014218,1.0,17.583333,3
22616,20724,0.009479,1.0,17.583333,2
21642,85099F,0.009479,1.0,17.583333,2
82597,85099F,0.009479,1.0,17.583333,2
21681,22470,0.009479,1.0,17.583333,2
84596G,22384,0.009479,1.0,17.583333,2
82605,85099F,0.009479,1.0,17.583333,2
21929,20724,0.009479,1.0,17.583333,2
22403,85099F,0.009479,1.0,17.583333,2
22739,22470,0.009479,1.0,17.583333,2
23321,20724,0.009479,1.0,17.583333,2
23322,20724,0.009479,1.0,17.583333,2
23321,22384,0.009479,1.0,17.583333,2
23322,22384,0.009479,1.0,17.583333,2
21826,21914,0.014218,0.75,17.583333,3
22078,22139,0.014218,0.75,17.583333,3
16156S,21231,0.014218,0.75,17.583333,3
21892,21915,0.014218,0.75,17.583333,3
22812,22910,0.014218,0.75,17.583333,3
84997C,84997B,0.018957,0.666667,17.583333,4
84997D,84997B,0.018957,0.666667,17.583333,4
22551,22554,0.018957,0.666667,17.583333,4
22631,22629,0.018957,0.666667,17.583333,4
48185,20685,0.009479,0.666667,17.583333,2
21239,84997B,0.009479,0.666667,17.583333,2
21240,84997B,0.009479,0.666667,17.583333,2
21071,20685,0.009479,0.666667,17.583333,2
21071,21481,0.009479,0.666667,17.583333,2
21115,21481,0.009479,0.666667,17.583333,2
21870,21181,0.009479,0.666667,17.583333,2
22269,21181,0.009479,0.666667,17.583333,2
22562,22569,0.009479,0.666667,17.583333,2
21124,84997B,0.009479,0.666667,17.583333,2
22131,84997B,0.009479,0.666667,17.583333,2
22435,84997B,0.009479,0.666667,17.583333,2
21983,22355,0.009479,0.666667,17.583333,2
21203,22492,0.009479,0.666667,17.583333,2
22562,22492,0.009479,0.666667,17.583333,2
22530,22554,0.009479,0.666667,17.583333,2
22532,22554,0.009479,0.666667,17.583333,2
21203,84520B,0.009479,0.666667,17.583333,2
21937,84520B,0.009479,0.666667,17.583333,2
47590B,84520B,0.009479,0.666667,17.583333,2
21239,22381,0.009479,0.666667,17.583333,2
21121,22554,0.009479,0.666667,17.583333,2
21124,84520B,0.009479,0.666667,17.583333,2
22027,82494L,0.009479,0.666667,17.583333,2
22553,22554,0.009479,0.666667,17.583333,2
22553,84997B,0.009479,0.666667,17.583333,2
22716,84997B,0.009479,0.666667,17.583333,2
35471D,84380,0.009479,0.666667,17.583333,2
85049C,84380,0.009479,0.666667,17.583333,2
22366,20685,0.009479,0.666667,17.583333,2
21071,21172,0.009479,0.666667,17.583333,2
84665,21172,0.009479,0.666667,17.583333,2
20717,21731,0.009479,0.666667,17.583333,2
21912,21731,0.009479,0.666667,17.583333,2
22252,21731,0.009479,0.666667,17.583333,2
21912,22634,0.009479,0.666667,17.583333,2
22030,22634,0.009479,0.666667,17.583333,2
22549,22634,0.009479,0.666667,17.583333,2
22400,22569,0.009479,0.666667,17.583333,2
22495,22554,0.009479,0.666667,17.583333,2
22422,22381,0.009479,0.666667,17.583333,2
22412,21181,0.009479,0.666667,17.583333,2
22329,22629,0.009479,0.666667,17.583333,2
22412,85152,0.009479,0.666667,17.583333,2
47599B,22629,0.009479,0.666667,17.583333,2
84880,22629,0.009479,0.666667,17.583333,2
21715,22355,0.009479,0.666667,17.583333,2
22432,22355,0.009479,0.666667,17.583333,2
22587,22381,0.009479,0.666667,17.583333,2
22600,22381,0.009479,0.666667,17.583333,2
22734,22381,0.009479,0.666667,17.583333,2
22587,22952,0.009479,0.666667,17.583333,2
22600,22952,0.009479,0.666667,17.583333,2
22734,22952,0.009479,0.666667,17.583333,2
22950,22952,0.009479,0.666667,17.583333,2
22734,22634,0.009479,0.666667,17.583333,2
22297,22578,0.009479,0.666667,17.583333,2
22297,22634,0.009479,0.666667,17.583333,2
22311,22629,0.009479,0.666667,17.583333,2
22409,22578,0.009479,0.666667,17.583333,2
22409,22629,0.009479,0.666667,17.583333,2
22409,22634,0.009479,0.666667,17.583333,2
22736,22569,0.009479,0.666667,17.583333,2
22736,22577,0.009479,0.666667,17.583333,2
22736,22578,0.009479,0.666667,17.583333,2
85199S,22578,0.009479,0.666667,17.583333,2
85199S,22629,0.009479,0.666667,17.583333,2
85199S,22634,0.009479,0.666667,17.583333,2
22437,21731,0.009479,0.666667,17.583333,2
22196,22952,0.009479,0.666667,17.583333,2
22311,84997B,0.009479,0.666667,17.583333,2
22350,22492,0.009479,0.666667,17.583333,2
22409,22952,0.009479,0.666667,17.583333,2
22476,22952,0.009479,0.666667,17.583333,2
22535,22492,0.009479,0.666667,17.583333,2
22945,22492,0.009479,0.666667,17.583333,2
22535,22629,0.009479,0.666667,17.583333,2
22535,22634,0.009479,0.666667,17.583333,2
22549,22952,0.009479,0.666667,17.583333,2
22945,22629,0.009479,0.666667,17.583333,2
22636,22634,0.009479,0.666667,17.583333,2
22945,22634,0.009479,0.666667,17.583333,2
22945,22952,0.009479,0.666667,17.583333,2
21174,21181,0.009479,0.666667,17.583333,2
21174,85152,0.009479,0.666667,17.583333,2
22118,22952,0.009479,0.666667,17.583333,2
22753,22383,0.009479,0.666667,17.583333,2
22755,22383,0.009479,0.666667,17.583333,2
84356,21481,0.009479,0.666667,17.583333,2
22432,21731,0.009479,0.666667,17.583333,2
22996,22355,0.009479,0.666667,17.583333,2
23145,21172,0.009479,0.666667,17.583333,2
23254,22629,0.009479,0.666667,17.583333,2
23256,22629,0.009479,0.666667,17.583333,2
23245,22383,0.009479,0.666667,17.583333,2
21326,21172,0.009479,0.666667,17.583333,2
23108,21731,0.009479,0.666667,17.583333,2
23108,22629,0.009479,0.666667,17.583333,2
23346,22629,0.009479,0.666667,17.583333,2
23108,22634,0.009479,0.666667,17.583333,2
84832,22952,0.009479,0.666667,17.583333,2
23571,22138,0.009479,0.666667,17.583333,2
84997B,84997C,0.018957,0.5,17.583333,4
84997B,84997D,0.018957,0.5,17.583333,4
22554,22551,0.018957,0.5,17.583333,4
22629,22631,0.018957,0.5,17.583333,4
20751,20754,0.014218,0.5,17.583333,3
20754,20751,0.014218,0.5,17.583333,3
22551,22556,0.014218,0.5,17.583333,3
22556,22551,0.014218,0.5,17.583333,3
22551,22557,0.014218,0.5,17.583333,3
22557,22551,0.014218,0.5,17.583333,3
22666,22667,0.014218,0.5,17.583333,3
22667,22666,0.014218,0.5,17.583333,3
22398,22557,0.014218,0.5,17.583333,3
22557,22398,0.014218,0.5,17.583333,3
22557,22584,0.014218,0.5,17.583333,3
22584,22557,0.014218,0.5,17.583333,3
21977,22584,0.014218,0.5,17.583333,3
22584,21977,0.014218,0.5,17.583333,3
22424,22557,0.014218,0.5,17.583333,3
22557,22424,0.014218,0.5,17.583333,3
21592,21955,0.009479,0.5,17.583333,2
48173C,21955,0.009479,0.5,17.583333,2
21877,20969,0.009479,0.5,17.583333,2
21523,21955,0.009479,0.5,17.583333,2
84279P,20751,0.009479,0.5,17.583333,2
22563,22584,0.009479,0.5,17.583333,2
21826,22607,0.009479,0.5,17.583333,2
21826,84997C,0.009479,0.5,17.583333,2
21826,84997D,0.009479,0.5,17.583333,2
22273,22326,0.009479,0.5,17.583333,2
21216,21154,0.009479,0.5,17.583333,2
47559B,21154,0.009479,0.5,17.583333,2
21932,22379,0.009479,0.5,17.583333,2
22380,22379,0.009479,0.5,17.583333,2
22491,20982,0.009479,0.5,17.583333,2
21826,21977,0.009479,0.5,17.583333,2
22078,21977,0.009479,0.5,17.583333,2
22078,22077,0.009479,0.5,17.583333,2
22180,22508,0.009479,0.5,17.583333,2
21063,22198,0.009479,0.5,17.583333,2
21063,47591D,0.009479,0.5,17.583333,2
21826,22419,0.009479,0.5,17.583333,2
21892,21891,0.009479,0.5,17.583333,2
22429,22424,0.009479,0.5,17.583333,2
22029,16161P,0.009479,0.5,17.583333,2
22712,16161P,0.009479,0.5,17.583333,2
21508,22077,0.009479,0.5,17.583333,2
22712,22077,0.009479,0.5,17.583333,2
84279P,22077,0.009479,0.5,17.583333,2
85049F,22077,0.009479,0.5,17.583333,2
22078,22556,0.009479,0.5,17.583333,2
22078,22584,0.009479,0.5,17.583333,2
84279P,22488,0.009479,0.5,17.583333,2
22712,22556,0.009479,0.5,17.583333,2
51014A,22556,0.009479,0.5,17.583333,2
51014A,22584,0.009479,0.5,17.583333,2
21242,20751,0.009479,0.5,17.583333,2
21865,22556,0.009479,0.5,17.583333,2
20682,22551,0.009479,0.5,17.583333,2
22429,22556,0.009479,0.5,17.583333,2
22429,22557,0.009479,0.5,17.583333,2
22271,22147,0.009479,0.5,17.583333,2
22271,22567,0.009479,0.5,17.583333,2
85061W,22662,0.009479,0.5,17.583333,2
21558,22198,0.009479,0.5,17.583333,2
21558,22398,0.009479,0.5,17.583333,2
21558,22666,0.009479,0.5,17.583333,2
21558,22667,0.009479,0.5,17.583333,2
22665,22398,0.009479,0.5,17.583333,2
22867,22398,0.009479,0.5,17.583333,2
85061W,22398,0.009479,0.5,17.583333,2
21902,82580,0.009479,0.5,17.583333,2
22405,22419,0.009479,0.5,17.583333,2
22938,21213,0.009479,0.5,17.583333,2
22812,22555,0.009479,0.5,17.583333,2
22812,22631,0.009479,0.5,17.583333,2
22167,22649,0.009479,0.5,17.583333,2
22296,20969,0.009479,0.5,17.583333,2
22579,20969,0.009479,0.5,17.583333,2
22406,22398,0.009479,0.5,17.583333,2
22582,22398,0.009479,0.5,17.583333,2
22406,22557,0.009479,0.5,17.583333,2
22582,22551,0.009479,0.5,17.583333,2
22617,22551,0.009479,0.5,17.583333,2
22582,22555,0.009479,0.5,17.583333,2
22617,22556,0.009479,0.5,17.583333,2
22617,22557,0.009479,0.5,17.583333,2
22617,22584,0.009479,0.5,17.583333,2
22812,22584,0.009479,0.5,17.583333,2
22582,21977,0.009479,0.5,17.583333,2
22625,21977,0.009479,0.5,17.583333,2
22582,22424,0.009479,0.5,17.583333,2
22625,22424,0.009479,0.5,17.583333,2
22625,22467,0.009479,0.5,17.583333,2
22625,22556,0.009479,0.5,17.583333,2
22625,22557,0.009479,0.5,17.583333,2
22582,22632,0.009479,0.5,17.583333,2
22625,22584,0.009479,0.5,17.583333,2
22625,22632,0.009479,0.5,17.583333,2
21587,20982,0.009479,0.5,17.583333,2
21866,20754,0.009479,0.5,17.583333,2
22867,22632,0.009479,0.5,17.583333,2
21523,48184,0.009479,0.5,17.583333,2
22180,21843,0.009479,0.5,17.583333,2
20974,21977,0.009479,0.5,17.583333,2
22847,22633,0.009479,0.5,17.583333,2
22579,22809,0.009479,0.5,17.583333,2
21832,20982,0.009479,0.5,17.583333,2
16156S,22649,0.009479,0.5,17.583333,2
21041,21154,0.009479,0.5,17.583333,2
21531,21154,0.009479,0.5,17.583333,2
22406,22607,0.009479,0.5,17.583333,2
21669,22077,0.009479,0.5,17.583333,2
21934,22379,0.009479,0.5,17.583333,2
48111,48184,0.009479,0.5,17.583333,2
23101,22419,0.009479,0.5,17.583333,2
23207,22662,0.009479,0.5,17.583333,2
23293,22993,0.009479,0.5,17.583333,2
21902,23206,0.009479,0.5,17.583333,2
22141,22993,0.009479,0.5,17.583333,2
23343,22633,0.009479,0.5,17.583333,2
21914,21826,0.014218,0.333333,17.583333,3
22139,22078,0.014218,0.333333,17.583333,3
21231,16156S,0.014218,0.333333,17.583333,3
21915,21892,0.014218,0.333333,17.583333,3
22910,22812,0.014218,0.333333,17.583333,3
21955,21592,0.009479,0.333333,17.583333,2
21955,48173C,0.009479,0.333333,17.583333,2
20969,21877,0.009479,0.333333,17.583333,2
21955,21523,0.009479,0.333333,17.583333,2
20751,84279P,0.009479,0.333333,17.583333,2
22584,22563,0.009479,0.333333,17.583333,2
22607,21826,0.009479,0.333333,17.583333,2
84997C,21826,0.009479,0.333333,17.583333,2
84997D,21826,0.009479,0.333333,17.583333,2
22326,22273,0.009479,0.333333,17.583333,2
21154,21216,0.009479,0.333333,17.583333,2
21154,47559B,0.009479,0.333333,17.583333,2
22379,21932,0.009479,0.333333,17.583333,2
22379,22380,0.009479,0.333333,17.583333,2
20982,22491,0.009479,0.333333,17.583333,2
21977,21826,0.009479,0.333333,17.583333,2
21977,22078,0.009479,0.333333,17.583333,2
22077,22078,0.009479,0.333333,17.583333,2
22508,22180,0.009479,0.333333,17.583333,2
22198,21063,0.009479,0.333333,17.583333,2
47591D,21063,0.009479,0.333333,17.583333,2
22419,21826,0.009479,0.333333,17.583333,2
21891,21892,0.009479,0.333333,17.583333,2
22424,22429,0.009479,0.333333,17.583333,2
16161P,22029,0.009479,0.333333,17.583333,2
16161P,22712,0.009479,0.333333,17.583333,2
22077,21508,0.009479,0.333333,17.583333,2
22077,22712,0.009479,0.333333,17.583333,2
22077,84279P,0.009479,0.333333,17.583333,2
22077,85049F,0.009479,0.333333,17.583333,2
22556,22078,0.009479,0.333333,17.583333,2
22584,22078,0.009479,0.333333,17.583333,2
22488,84279P,0.009479,0.333333,17.583333,2
22556,22712,0.009479,0.333333,17.583333,2
22556,51014A,0.009479,0.333333,17.583333,2
22584,51014A,0.009479,0.333333,17.583333,2
20751,21242,0.009479,0.333333,17.583333,2
22556,21865,0.009479,0.333333,17.583333,2
22551,20682,0.009479,0.333333,17.583333,2
22556,22429,0.009479,0.333333,17.583333,2
22557,22429,0.009479,0.333333,17.583333,2
22147,22271,0.009479,0.333333,17.583333,2
22567,22271,0.009479,0.333333,17.583333,2
22662,85061W,0.009479,0.333333,17.583333,2
22198,21558,0.009479,0.333333,17.583333,2
22398,21558,0.009479,0.333333,17.583333,2
22666,21558,0.009479,0.333333,17.583333,2
22667,21558,0.009479,0.333333,17.583333,2
22398,22665,0.009479,0.333333,17.583333,2
22398,22867,0.009479,0.333333,17.583333,2
22398,85061W,0.009479,0.333333,17.583333,2
82580,21902,0.009479,0.333333,17.583333,2
22419,22405,0.009479,0.333333,17.583333,2
21213,22938,0.009479,0.333333,17.583333,2
22555,22812,0.009479,0.333333,17.583333,2
22631,22812,0.009479,0.333333,17.583333,2
22649,22167,0.009479,0.333333,17.583333,2
20969,22296,0.009479,0.333333,17.583333,2
20969,22579,0.009479,0.333333,17.583333,2
22398,22406,0.009479,0.333333,17.583333,2
22398,22582,0.009479,0.333333,17.583333,2
22557,22406,0.009479,0.333333,17.583333,2
22551,22582,0.009479,0.333333,17.583333,2
22551,22617,0.009479,0.333333,17.583333,2
22555,22582,0.009479,0.333333,17.583333,2
22556,22617,0.009479,0.333333,17.583333,2
22557,22617,0.009479,0.333333,17.583333,2
22584,22617,0.009479,0.333333,17.583333,2
22584,22812,0.009479,0.333333,17.583333,2
21977,22582,0.009479,0.333333,17.583333,2
21977,22625,0.009479,0.333333,17.583333,2
22424,22582,0.009479,0.333333,17.583333,2
22424,22625,0.009479,0.333333,17.583333,2
22467,22625,0.009479,0.333333,17.583333,2
22556,22625,0.009479,0.333333,17.583333,2
22557,22625,0.009479,0.333333,17.583333,2
22632,22582,0.009479,0.333333,17.583333,2
22584,22625,0.009479,0.333333,17.583333,2
22632,22625,0.009479,0.333333,17.583333,2
20982,21587,0.009479,0.333333,17.583333,2
20754,21866,0.009479,0.333333,17.583333,2
22632,22867,0.009479,0.333333,17.583333,2
48184,21523,0.009479,0.333333,17.583333,2
21843,22180,0.009479,0.333333,17.583333,2
21977,20974,0.009479,0.333333,17.583333,2
22633,22847,0.009479,0.333333,17.583333,2
22809,22579,0.009479,0.333333,17.583333,2
20982,21832,0.009479,0.333333,17.583333,2
22649,16156S,0.009479,0.333333,17.583333,2
21154,21041,0.009479,0.333333,17.583333,2
21154,21531,0.009479,0.333333,17.583333,2
22607,22406,0.009479,0.333333,17.583333,2
22077,21669,0.009479,0.333333,17.583333,2
22379,21934,0.009479,0.333333,17.583333,2
48184,48111,0.009479,0.333333,17.583333,2
22419,23101,0.009479,0.333333,17.583333,2
22662,23207,0.009479,0.333333,17.583333,2
22993,23293,0.009479,0.333333,17.583333,2
23206,21902,0.009479,0.333333,17.583333,2
22993,22141,0.009479,0.333333,17.583333,2
22633,23343,0.009479,0.333333,17.583333,2
22384,84596F,0.014218,0.25,17.583333,3
20685,48185,0.009479,0.25,17.583333,2
84997B,21239,0.009479,0.25,17.583333,2
84997B,21240,0.009479,0.25,17.583333,2
20685,21071,0.009479,0.25,17.583333,2
21481,21071,0.009479,0.25,17.583333,2
21481,21115,0.009479,0.25,17.583333,2
21181,21870,0.009479,0.25,17.583333,2
21181,22269,0.009479,0.25,17.583333,2
22569,22562,0.009479,0.25,17.583333,2
84997B,21124,0.009479,0.25,17.583333,2
84997B,22131,0.009479,0.25,17.583333,2
84997B,22435,0.009479,0.25,17.583333,2
22355,21983,0.009479,0.25,17.583333,2
22492,21203,0.009479,0.25,17.583333,2
22492,22562,0.009479,0.25,17.583333,2
22554,22530,0.009479,0.25,17.583333,2
22554,22532,0.009479,0.25,17.583333,2
84520B,21203,0.009479,0.25,17.583333,2
84520B,21937,0.009479,0.25,17.583333,2
84520B,47590B,0.009479,0.25,17.583333,2
22381,21239,0.009479,0.25,17.583333,2
22554,21121,0.009479,0.25,17.583333,2
84520B,21124,0.009479,0.25,17.583333,2
82494L,22027,0.009479,0.25,17.583333,2
22554,22553,0.009479,0.25,17.583333,2
84997B,22553,0.009479,0.25,17.583333,2
84997B,22716,0.009479,0.25,17.583333,2
84380,35471D,0.009479,0.25,17.583333,2
84380,85049C,0.009479,0.25,17.583333,2
20685,22366,0.009479,0.25,17.583333,2
21172,21071,0.009479,0.25,17.583333,2
21172,84665,0.009479,0.25,17.583333,2
21731,20717,0.009479,0.25,17.583333,2
21731,21912,0.009479,0.25,17.583333,2
21731,22252,0.009479,0.25,17.583333,2
22634,21912,0.009479,0.25,17.583333,2
22634,22030,0.009479,0.25,17.583333,2
22634,22549,0.009479,0.25,17.583333,2
22569,22400,0.009479,0.25,17.583333,2
22554,22495,0.009479,0.25,17.583333,2
22381,22422,0.009479,0.25,17.583333,2
21181,22412,0.009479,0.25,17.583333,2
22629,22329,0.009479,0.25,17.583333,2
85152,22412,0.009479,0.25,17.583333,2
22629,47599B,0.009479,0.25,17.583333,2
22629,84880,0.009479,0.25,17.583333,2
22355,21715,0.009479,0.25,17.583333,2
22355,22432,0.009479,0.25,17.583333,2
22381,22587,0.009479,0.25,17.583333,2
22381,22600,0.009479,0.25,17.583333,2
22381,22734,0.009479,0.25,17.583333,2
22952,22587,0.009479,0.25,17.583333,2
22952,22600,0.009479,0.25,17.583333,2
22952,22734,0.009479,0.25,17.583333,2
22952,22950,0.009479,0.25,17.583333,2
22634,22734,0.009479,0.25,17.583333,2
22578,22297,0.009479,0.25,17.583333,2
22634,22297,0.009479,0.25,17.583333,2
22629,22311,0.009479,0.25,17.583333,2
22578,22409,0.009479,0.25,17.583333,2
22629,22409,0.009479,0.25,17.583333,2
22634,22409,0.009479,0.25,17.583333,2
22569,22736,0.009479,0.25,17.583333,2
22577,22736,0.009479,0.25,17.583333,2
22578,22736,0.009479,0.25,17.583333,2
22578,85199S,0.009479,0.25,17.583333,2
22629,85199S,0.009479,0.25,17.583333,2
22634,85199S,0.009479,0.25,17.583333,2
21731,22437,0.009479,0.25,17.583333,2
22952,22196,0.009479,0.25,17.583333,2
84997B,22311,0.009479,0.25,17.583333,2
22492,22350,0.009479,0.25,17.583333,2
22952,22409,0.009479,0.25,17.583333,2
22952,22476,0.009479,0.25,17.583333,2
22492,22535,0.009479,0.25,17.583333,2
22492,22945,0.009479,0.25,17.583333,2
22629,22535,0.009479,0.25,17.583333,2
22634,22535,0.009479,0.25,17.583333,2
22952,22549,0.009479,0.25,17.583333,2
22629,22945,0.009479,0.25,17.583333,2
22634,22636,0.009479,0.25,17.583333,2
22634,22945,0.009479,0.25,17.583333,2
22952,22945,0.009479,0.25,17.583333,2
21181,21174,0.009479,0.25,17.583333,2
85152,21174,0.009479,0.25,17.583333,2
22952,22118,0.009479,0.25,17.583333,2
22383,22753,0.009479,0.25,17.583333,2
22383,22755,0.009479,0.25,17.583333,2
21481,84356,0.009479,0.25,17.583333,2
21731,22432,0.009479,0.25,17.583333,2
22355,22996,0.009479,0.25,17.583333,2
21172,23145,0.009479,0.25,17.583333,2
22629,23254,0.009479,0.25,17.583333,2
22629,23256,0.009479,0.25,17.583333,2
22383,23245,0.009479,0.25,17.583333,2
21172,21326,0.009479,0.25,17.583333,2
21731,23108,0.009479,0.25,17.583333,2
22629,23108,0.009479,0.25,17.583333,2
22629,23346,0.009479,0.25,17.583333,2
22634,23108,0.009479,0.25,17.583333,2
22952,84832,0.009479,0.25,17.583333,2
22138,23571,0.009479,0.25,17.583333,2
21186,22149,0.009479,0.4,16.88,2
22149,21186,0.009479,0.4,16.88,2
21918,84997A,0.009479,0.4,16.88,2
84997A,21918,0.009479,0.4,16.88,2
21155,21218,0.009479,0.4,16.88,2
21218,21155,0.009479,0.4,16.88,2
21314,85150,0.009479,0.4,16.88,2
85150,21314,0.009479,0.4,16.88,2
47556B,84692,0.009479,0.4,16.88,2
84692,47556B,0.009479,0.4,16.88,2
21186,22560,0.009479,0.4,16.88,2
22560,21186,0.009479,0.4,16.88,2
20979,21078,0.009479,0.4,16.88,2
21078,20979,0.009479,0.4,16.88,2
22082,22418,0.009479,0.4,16.88,2
22418,22082,0.009479,0.4,16.88,2
22082,84997A,0.009479,0.4,16.88,2
84997A,22082,0.009479,0.4,16.88,2
22418,84997A,0.009479,0.4,16.88,2
84997A,22418,0.009479,0.4,16.88,2
20677,21078,0.009479,0.4,16.88,2
21078,20677,0.009479,0.4,16.88,2
20677,21867,0.009479,0.4,16.88,2
21867,20677,0.009479,0.4,16.88,2
20677,85040A,0.009479,0.4,16.88,2
85040A,20677,0.009479,0.4,16.88,2
21078,85040A,0.009479,0.4,16.88,2
85040A,21078,0.009479,0.4,16.88,2
20723,21166,0.009479,0.4,16.88,2
21166,20723,0.009479,0.4,16.88,2
21166,85150,0.009479,0.4,16.88,2
85150,21166,0.009479,0.4,16.88,2
21980,22151,0.009479,0.4,16.88,2
22151,21980,0.009479,0.4,16.88,2
22469,84946,0.009479,0.4,16.88,2
84946,22469,0.009479,0.4,16.88,2
22191,22624,0.009479,0.4,16.88,2
22624,22191,0.009479,0.4,16.88,2
21169,21903,0.009479,0.4,16.88,2
21903,21169,0.009479,0.4,16.88,2
21169,82582,0.009479,0.4,16.88,2
82582,21169,0.009479,0.4,16.88,2
20677,21238,0.009479,0.4,16.88,2
21238,20677,0.009479,0.4,16.88,2
22418,22964,0.009479,0.4,16.88,2
22964,22418,0.009479,0.4,16.88,2
21166,21169,0.009479,0.4,16.88,2
21169,21166,0.009479,0.4,16.88,2
21166,21175,0.009479,0.4,16.88,2
21175,21166,0.009479,0.4,16.88,2
21175,22413,0.009479,0.4,16.88,2
22413,21175,0.009479,0.4,16.88,2
22630,22663,0.009479,0.4,16.88,2
22663,22630,0.009479,0.4,16.88,2
22663,22697,0.009479,0.4,16.88,2
22697,22663,0.009479,0.4,16.88,2
21918,23100,0.009479,0.4,16.88,2
23100,21918,0.009479,0.4,16.88,2
23100,23301,0.009479,0.4,16.88,2
23301,23100,0.009479,0.4,16.88,2
22630,22964,0.009479,0.4,16.88,2
22964,22630,0.009479,0.4,16.88,2
22630,23199,0.009479,0.4,16.88,2
23199,22630,0.009479,0.4,16.88,2
22941,23198,0.009479,0.4,16.88,2
23198,22941,0.009479,0.4,16.88,2
23198,23199,0.009479,0.4,16.88,2
23199,23198,0.009479,0.4,16.88,2
21899,23199,0.009479,0.4,16.88,2
23199,21899,0.009479,0.4,16.88,2
21899,23301,0.009479,0.4,16.88,2
23301,21899,0.009479,0.4,16.88,2
21900,23199,0.009479,0.4,16.88,2
23199,21900,0.009479,0.4,16.88,2
21900,23301,0.009479,0.4,16.88,2
23301,21900,0.009479,0.4,16.88,2
21901,23199,0.009479,0.4,16.88,2
23199,21901,0.009479,0.4,16.88,2
21901,23301,0.009479,0.4,16.88,2
23301,21901,0.009479,0.4,16.88,2
23100,23328,0.009479,0.4,16.88,2
23328,23100,0.009479,0.4,16.88,2
23581,82582,0.009479,0.4,16.88,2
82582,23581,0.009479,0.4,16.88,2
23344,23581,0.009479,0.4,16.88,2
23581,23344,0.009479,0.4,16.88,2
23301,23328,0.009479,0.4,16.88,2
23328,23301,0.009479,0.4,16.88,2
21181,85152,0.023697,0.625,16.484375,5
85152,21181,0.023697,0.625,16.484375,5
22577,22578,0.023697,0.625,16.484375,5
22578,22577,0.023697,0.625,16.484375,5
21519,82482,0.009479,1.0,16.230769,2
84944,22411,0.009479,1.0,16.230769,2
23119,22382,0.009479,1.0,16.230769,2
23121,22382,0.009479,1.0,16.230769,2
21932,20718,0.014218,0.75,15.825,3
85150,85152,0.014218,0.6,15.825,3
21186,22492,0.014218,0.6,15.825,3
21078,84520B,0.014218,0.6,15.825,3
22418,84997B,0.014218,0.6,15.825,3
82582,85152,0.014218,0.6,15.825,3
21903,21181,0.014218,0.6,15.825,3
22418,22492,0.014218,0.6,15.825,3
22418,22634,0.014218,0.6,15.825,3
21175,85152,0.014218,0.6,15.825,3
22630,22629,0.014218,0.6,15.825,3
85152,85150,0.014218,0.375,15.825,3
22492,21186,0.014218,0.375,15.825,3
84520B,21078,0.014218,0.375,15.825,3
84997B,22418,0.014218,0.375,15.825,3
85152,82582,0.014218,0.375,15.825,3
21181,21903,0.014218,0.375,15.825,3
22492,22418,0.014218,0.375,15.825,3
22634,22418,0.014218,0.375,15.825,3
85152,21175,0.014218,0.375,15.825,3
22629,22630,0.014218,0.375,15.825,3
20718,21932,0.014218,0.3,15.825,3
22419,21914,0.018957,0.666667,15.62963,4
21891,21915,0.018957,0.666667,15.62963,4
22113,21479,0.009479,0.666667,15.62963,2
21429,20712,0.009479,0.666667,15.62963,2
21429,20719,0.009479,0.666667,15.62963,2
21389,22189,0.009479,0.666667,15.62963,2
22524,20712,0.009479,0.666667,15.62963,2
21203,22139,0.009479,0.666667,15.62963,2
84077,21914,0.009479,0.666667,15.62963,2
22420,21914,0.009479,0.666667,15.62963,2
20978,21231,0.009479,0.666667,15.62963,2
35471D,22139,0.009479,0.666667,15.62963,2
85049C,22139,0.009479,0.666667,15.62963,2
22668,20719,0.009479,0.666667,15.62963,2
47590B,20719,0.009479,0.666667,15.62963,2
22412,20712,0.009479,0.666667,15.62963,2
22412,20719,0.009479,0.666667,15.62963,2
79066K,21928,0.009479,0.666667,15.62963,2
22422,22139,0.009479,0.666667,15.62963,2
22896,20712,0.009479,0.666667,15.62963,2
22587,22910,0.009479,0.666667,15.62963,2
22600,22910,0.009479,0.666667,15.62963,2
22950,22910,0.009479,0.666667,15.62963,2
22311,22910,0.009479,0.666667,15.62963,2
22409,22910,0.009479,0.666667,15.62963,2
22694,22910,0.009479,0.666667,15.62963,2
22736,22910,0.009479,0.666667,15.62963,2
85199S,22910,0.009479,0.666667,15.62963,2
22329,22139,0.009479,0.666667,15.62963,2
22636,22139,0.009479,0.666667,15.62963,2
18097C,21479,0.009479,0.666667,15.62963,2
20752,21914,0.009479,0.666667,15.62963,2
22196,21914,0.009479,0.666667,15.62963,2
22409,21914,0.009479,0.666667,15.62963,2
22476,21914,0.009479,0.666667,15.62963,2
22549,21914,0.009479,0.666667,15.62963,2
22636,21914,0.009479,0.666667,15.62963,2
22535,22139,0.009479,0.666667,15.62963,2
22945,22139,0.009479,0.666667,15.62963,2
22736,21479,0.009479,0.666667,15.62963,2
22841,21479,0.009479,0.666667,15.62963,2
22843,21479,0.009479,0.666667,15.62963,2
84375,21914,0.009479,0.666667,15.62963,2
22494,21914,0.009479,0.666667,15.62963,2
20752,20719,0.009479,0.666667,15.62963,2
22996,20719,0.009479,0.666667,15.62963,2
22932,22139,0.009479,0.666667,15.62963,2
23169,21914,0.009479,0.666667,15.62963,2
21914,22419,0.018957,0.444444,15.62963,4
21915,21891,0.018957,0.444444,15.62963,4
21479,22113,0.009479,0.222222,15.62963,2
20712,21429,0.009479,0.222222,15.62963,2
20719,21429,0.009479,0.222222,15.62963,2
22189,21389,0.009479,0.222222,15.62963,2
20712,22524,0.009479,0.222222,15.62963,2
22139,21203,0.009479,0.222222,15.62963,2
21914,84077,0.009479,0.222222,15.62963,2
21914,22420,0.009479,0.222222,15.62963,2
21231,20978,0.009479,0.222222,15.62963,2
22139,35471D,0.009479,0.222222,15.62963,2
22139,85049C,0.009479,0.222222,15.62963,2
20719,22668,0.009479,0.222222,15.62963,2
20719,47590B,0.009479,0.222222,15.62963,2
20712,22412,0.009479,0.222222,15.62963,2
20719,22412,0.009479,0.222222,15.62963,2
21928,79066K,0.009479,0.222222,15.62963,2
22139,22422,0.009479,0.222222,15.62963,2
20712,22896,0.009479,0.222222,15.62963,2
22910,22587,0.009479,0.222222,15.62963,2
22910,22600,0.009479,0.222222,15.62963,2
22910,22950,0.009479,0.222222,15.62963,2
22910,22311,0.009479,0.222222,15.62963,2
22910,22409,0.009479,0.222222,15.62963,2
22910,22694,0.009479,0.222222,15.62963,2
22910,22736,0.009479,0.222222,15.62963,2
22910,85199S,0.009479,0.222222,15.62963,2
22139,22329,0.009479,0.222222,15.62963,2
22139,22636,0.009479,0.222222,15.62963,2
21479,18097C,0.009479,0.222222,15.62963,2
21914,20752,0.009479,0.222222,15.62963,2
21914,22196,0.009479,0.222222,15.62963,2
21914,22409,0.009479,0.222222,15.62963,2
21914,22476,0.009479,0.222222,15.62963,2
21914,22549,0.009479,0.222222,15.62963,2
21914,22636,0.009479,0.222222,15.62963,2
22139,22535,0.009479,0.222222,15.62963,2
22139,22945,0.009479,0.222222,15.62963,2
21479,22736,0.009479,0.222222,15.62963,2
21479,22841,0.009479,0.222222,15.62963,2
21479,22843,0.009479,0.222222,15.62963,2
21914,84375,0.009479,0.222222,15.62963,2
21914,22494,0.009479,0.222222,15.62963,2
20719,20752,0.009479,0.222222,15.62963,2
20719,22996,0.009479,0.222222,15.62963,2
22139,22932,0.009479,0.222222,15.62963,2
21914,23169,0.009479,0.222222,15.62963,2
21086,21080,0.033175,1.0,15.071429,7
22734,22086,0.014218,1.0,15.071429,3
22311,22086,0.014218,1.0,15.071429,3
20675,21080,0.014218,1.0,15.071429,3
16046,21080,0.009479,1.0,15.071429,2
20711,85099C,0.009479,1.0,15.071429,2
62096A,22356,0.009479,1.0,15.071429,2
62096B,22356,0.009479,1.0,15.071429,2
22616,85099C,0.009479,1.0,15.071429,2
22354,21080,0.009479,1.0,15.071429,2
22354,21212,0.009479,1.0,15.071429,2
84792,21212,0.009479,1.0,15.071429,2
22164,22356,0.009479,1.0,15.071429,2
82597,22356,0.009479,1.0,15.071429,2
22070,21080,0.009479,1.0,15.071429,2
22070,21212,0.009479,1.0,15.071429,2
21246,21080,0.009479,1.0,15.071429,2
22299,21212,0.009479,1.0,15.071429,2
21880,21212,0.009479,1.0,15.071429,2
22371,21212,0.009479,1.0,15.071429,2
21472,21212,0.009479,1.0,15.071429,2
85049G,21080,0.009479,1.0,15.071429,2
21187,22086,0.009479,1.0,15.071429,2
21187,22356,0.009479,1.0,15.071429,2
21777,22086,0.009479,1.0,15.071429,2
22312,22086,0.009479,1.0,15.071429,2
22573,22086,0.009479,1.0,15.071429,2
85088,22086,0.009479,1.0,15.071429,2
22739,22457,0.009479,1.0,15.071429,2
21833,22086,0.009479,1.0,15.071429,2
22628,22086,0.009479,1.0,15.071429,2
22750,21080,0.009479,1.0,15.071429,2
22083,22086,0.009479,1.0,15.071429,2
21328,21080,0.009479,1.0,15.071429,2
84596E,21080,0.009479,1.0,15.071429,2
22998,22356,0.009479,1.0,15.071429,2
23204,85099C,0.009479,1.0,15.071429,2
23321,22356,0.009479,1.0,15.071429,2
23322,22356,0.009479,1.0,15.071429,2
22673,22457,0.009479,1.0,15.071429,2
23395,22457,0.009479,1.0,15.071429,2
23209,23203,0.023697,0.714286,15.071429,5
21484,21481,0.018957,0.571429,15.071429,4
21509,82494L,0.018957,0.571429,15.071429,4
48194,20685,0.018957,0.571429,15.071429,4
22568,22569,0.018957,0.571429,15.071429,4
23209,23201,0.018957,0.571429,15.071429,4
21080,21086,0.033175,0.5,15.071429,7
23203,23209,0.023697,0.5,15.071429,5
21481,21484,0.018957,0.5,15.071429,4
82494L,21509,0.018957,0.5,15.071429,4
20685,48194,0.018957,0.5,15.071429,4
22569,22568,0.018957,0.5,15.071429,4
23201,23209,0.018957,0.5,15.071429,4
20754,21485,0.014218,0.5,15.071429,3
22584,22585,0.014218,0.5,15.071429,3
20982,20983,0.014218,0.5,15.071429,3
22567,21086,0.014218,0.5,15.071429,3
22551,21889,0.014218,0.5,15.071429,3
20679,15056BL,0.009479,0.5,15.071429,2
84836,22294,0.009479,0.5,15.071429,2
21523,48194,0.009479,0.5,15.071429,2
48111,48138,0.009479,0.5,15.071429,2
22207,48138,0.009479,0.5,15.071429,2
22544,22568,0.009479,0.5,15.071429,2
22544,22570,0.009479,0.5,15.071429,2
22544,22585,0.009479,0.5,15.071429,2
22563,22568,0.009479,0.5,15.071429,2
22563,22570,0.009479,0.5,15.071429,2
22563,22585,0.009479,0.5,15.071429,2
22271,21916,0.009479,0.5,15.071429,2
22380,71053,0.009479,0.5,15.071429,2
21866,21035,0.009479,0.5,15.071429,2
21936,21086,0.009479,0.5,15.071429,2
22180,21086,0.009479,0.5,15.071429,2
21936,21094,0.009479,0.5,15.071429,2
22180,21094,0.009479,0.5,15.071429,2
21826,22585,0.009479,0.5,15.071429,2
22078,22585,0.009479,0.5,15.071429,2
22180,48187,0.009479,0.5,15.071429,2
21892,22489,0.009479,0.5,15.071429,2
20974,82552,0.009479,0.5,15.071429,2
20975,20983,0.009479,0.5,15.071429,2
21385,82552,0.009479,0.5,15.071429,2
22168,21509,0.009479,0.5,15.071429,2
22712,21509,0.009479,0.5,15.071429,2
15056N,15056BL,0.009479,0.5,15.071429,2
15056N,71053,0.009479,0.5,15.071429,2
84406B,71053,0.009479,0.5,15.071429,2
21385,22294,0.009479,0.5,15.071429,2
21385,22464,0.009479,0.5,15.071429,2
21385,84970S,0.009479,0.5,15.071429,2
21902,22294,0.009479,0.5,15.071429,2
21892,22620,0.009479,0.5,15.071429,2
20682,21889,0.009479,0.5,15.071429,2
22271,22620,0.009479,0.5,15.071429,2
21558,20713,0.009479,0.5,15.071429,2
22227,20713,0.009479,0.5,15.071429,2
21558,21559,0.009479,0.5,15.071429,2
21558,22219,0.009479,0.5,15.071429,2
21558,22295,0.009479,0.5,15.071429,2
85061W,82600,0.009479,0.5,15.071429,2
85049F,20676,0.009479,0.5,15.071429,2
21832,20750,0.009479,0.5,15.071429,2
21936,20750,0.009479,0.5,15.071429,2
22405,20750,0.009479,0.5,15.071429,2
21832,84347,0.009479,0.5,15.071429,2
21041,21035,0.009479,0.5,15.071429,2
22273,21889,0.009479,0.5,15.071429,2
22505,22759,0.009479,0.5,15.071429,2
21558,22620,0.009479,0.5,15.071429,2
22406,21916,0.009479,0.5,15.071429,2
22296,22219,0.009479,0.5,15.071429,2
22812,22219,0.009479,0.5,15.071429,2
22582,22585,0.009479,0.5,15.071429,2
22617,22620,0.009479,0.5,15.071429,2
22812,22620,0.009479,0.5,15.071429,2
21704,20983,0.009479,0.5,15.071429,2
21819,21916,0.009479,0.5,15.071429,2
22800,21916,0.009479,0.5,15.071429,2
22635,20750,0.009479,0.5,15.071429,2
21866,21485,0.009479,0.5,15.071429,2
22625,21485,0.009479,0.5,15.071429,2
21866,22759,0.009479,0.5,15.071429,2
21242,21086,0.009479,0.5,15.071429,2
21558,21094,0.009479,0.5,15.071429,2
21242,21485,0.009479,0.5,15.071429,2
21041,21539,0.009479,0.5,15.071429,2
21531,21539,0.009479,0.5,15.071429,2
22617,20750,0.009479,0.5,15.071429,2
22904,21889,0.009479,0.5,15.071429,2
22966,22720,0.009479,0.5,15.071429,2
22621,20983,0.009479,0.5,15.071429,2
23144,23202,0.009479,0.5,15.071429,2
23207,23202,0.009479,0.5,15.071429,2
23101,23084,0.009479,0.5,15.071429,2
21216,22720,0.009479,0.5,15.071429,2
23293,22720,0.009479,0.5,15.071429,2
21902,82552,0.009479,0.5,15.071429,2
23343,22385,0.009479,0.5,15.071429,2
23389,22385,0.009479,0.5,15.071429,2
23390,22385,0.009479,0.5,15.071429,2
23343,23202,0.009479,0.5,15.071429,2
23389,23202,0.009479,0.5,15.071429,2
23390,23202,0.009479,0.5,15.071429,2
22904,84347,0.009479,0.5,15.071429,2
85061W,22835,0.009479,0.5,15.071429,2
85061W,23084,0.009479,0.5,15.071429,2
21485,20754,0.014218,0.428571,15.071429,3
22585,22584,0.014218,0.428571,15.071429,3
20983,20982,0.014218,0.428571,15.071429,3
21086,22567,0.014218,0.428571,15.071429,3
21889,22551,0.014218,0.428571,15.071429,3
15056BL,20679,0.009479,0.285714,15.071429,2
22294,84836,0.009479,0.285714,15.071429,2
48194,21523,0.009479,0.285714,15.071429,2
48138,48111,0.009479,0.285714,15.071429,2
48138,22207,0.009479,0.285714,15.071429,2
22568,22544,0.009479,0.285714,15.071429,2
22570,22544,0.009479,0.285714,15.071429,2
22585,22544,0.009479,0.285714,15.071429,2
22568,22563,0.009479,0.285714,15.071429,2
22570,22563,0.009479,0.285714,15.071429,2
22585,22563,0.009479,0.285714,15.071429,2
21916,22271,0.009479,0.285714,15.071429,2
71053,22380,0.009479,0.285714,15.071429,2
21035,21866,0.009479,0.285714,15.071429,2
21086,21936,0.009479,0.285714,15.071429,2
21086,22180,0.009479,0.285714,15.071429,2
21094,21936,0.009479,0.285714,15.071429,2
21094,22180,0.009479,0.285714,15.071429,2
22585,21826,0.009479,0.285714,15.071429,2
22585,22078,0.009479,0.285714,15.071429,2
48187,22180,0.009479,0.285714,15.071429,2
22489,21892,0.009479,0.285714,15.071429,2
82552,20974,0.009479,0.285714,15.071429,2
20983,20975,0.009479,0.285714,15.071429,2
82552,21385,0.009479,0.285714,15.071429,2
21509,22168,0.009479,0.285714,15.071429,2
21509,22712,0.009479,0.285714,15.071429,2
15056BL,15056N,0.009479,0.285714,15.071429,2
71053,15056N,0.009479,0.285714,15.071429,2
71053,84406B,0.009479,0.285714,15.071429,2
22294,21385,0.009479,0.285714,15.071429,2
22464,21385,0.009479,0.285714,15.071429,2
84970S,21385,0.009479,0.285714,15.071429,2
22294,21902,0.009479,0.285714,15.071429,2
22620,21892,0.009479,0.285714,15.071429,2
21889,20682,0.009479,0.285714,15.071429,2
22620,22271,0.009479,0.285714,15.071429,2
20713,21558,0.009479,0.285714,15.071429,2
20713,22227,0.009479,0.285714,15.071429,2
21559,21558,0.009479,0.285714,15.071429,2
22219,21558,0.009479,0.285714,15.071429,2
22295,21558,0.009479,0.285714,15.071429,2
82600,85061W,0.009479,0.285714,15.071429,2
20676,85049F,0.009479,0.285714,15.071429,2
20750,21832,0.009479,0.285714,15.071429,2
20750,21936,0.009479,0.285714,15.071429,2
20750,22405,0.009479,0.285714,15.071429,2
84347,21832,0.009479,0.285714,15.071429,2
21035,21041,0.009479,0.285714,15.071429,2
21889,22273,0.009479,0.285714,15.071429,2
22759,22505,0.009479,0.285714,15.071429,2
22620,21558,0.009479,0.285714,15.071429,2
21916,22406,0.009479,0.285714,15.071429,2
22219,22296,0.009479,0.285714,15.071429,2
22219,22812,0.009479,0.285714,15.071429,2
22585,22582,0.009479,0.285714,15.071429,2
22620,22617,0.009479,0.285714,15.071429,2
22620,22812,0.009479,0.285714,15.071429,2
20983,21704,0.009479,0.285714,15.071429,2
21916,21819,0.009479,0.285714,15.071429,2
21916,22800,0.009479,0.285714,15.071429,2
20750,22635,0.009479,0.285714,15.071429,2
21485,21866,0.009479,0.285714,15.071429,2
21485,22625,0.009479,0.285714,15.071429,2
22759,21866,0.009479,0.285714,15.071429,2
21086,21242,0.009479,0.285714,15.071429,2
21094,21558,0.009479,0.285714,15.071429,2
21485,21242,0.009479,0.285714,15.071429,2
21539,21041,0.009479,0.285714,15.071429,2
21539,21531,0.009479,0.285714,15.071429,2
20750,22617,0.009479,0.285714,15.071429,2
21889,22904,0.009479,0.285714,15.071429,2
22720,22966,0.009479,0.285714,15.071429,2
20983,22621,0.009479,0.285714,15.071429,2
23202,23144,0.009479,0.285714,15.071429,2
23202,23207,0.009479,0.285714,15.071429,2
23084,23101,0.009479,0.285714,15.071429,2
22720,21216,0.009479,0.285714,15.071429,2
22720,23293,0.009479,0.285714,15.071429,2
82552,21902,0.009479,0.285714,15.071429,2
22385,23343,0.009479,0.285714,15.071429,2
22385,23389,0.009479,0.285714,15.071429,2
22385,23390,0.009479,0.285714,15.071429,2
23202,23343,0.009479,0.285714,15.071429,2
23202,23389,0.009479,0.285714,15.071429,2
23202,23390,0.009479,0.285714,15.071429,2
84347,22904,0.009479,0.285714,15.071429,2
22835,85061W,0.009479,0.285714,15.071429,2
23084,85061W,0.009479,0.285714,15.071429,2
22086,22734,0.014218,0.214286,15.071429,3
22086,22311,0.014218,0.214286,15.071429,3
21080,20675,0.014218,0.214286,15.071429,3
47566B,21232,0.014218,0.75,14.386364,3
22621,21791,0.014218,0.75,14.386364,3
21232,47566B,0.014218,0.272727,14.386364,3
21791,22621,0.014218,0.272727,14.386364,3
23207,20727,0.018957,1.0,14.066667,4
23208,20727,0.014218,1.0,14.066667,3
23298,47566,0.014218,1.0,14.066667,3
23200,20727,0.014218,1.0,14.066667,3
20956,20727,0.009479,1.0,14.066667,2
21096,20727,0.009479,1.0,14.066667,2
20956,20914,0.009479,1.0,14.066667,2
22071,20914,0.009479,1.0,14.066667,2
21827,20914,0.009479,1.0,14.066667,2
21249,47566,0.009479,1.0,14.066667,2
21251,47566,0.009479,1.0,14.066667,2
21246,20914,0.009479,1.0,14.066667,2
21922,20914,0.009479,1.0,14.066667,2
21844,20914,0.009479,1.0,14.066667,2
22152,20914,0.009479,1.0,14.066667,2
20655,20727,0.009479,1.0,14.066667,2
21135,47566,0.009479,1.0,14.066667,2
23302,20727,0.009479,1.0,14.066667,2
84507C,20727,0.009479,1.0,14.066667,2
23321,20727,0.009479,1.0,14.066667,2
23322,20727,0.009479,1.0,14.066667,2
22469,22470,0.018957,0.8,14.066667,4
21975,84991,0.018957,0.666667,14.066667,4
22198,22197,0.018957,0.666667,14.066667,4
23206,23203,0.018957,0.666667,14.066667,4
21429,20728,0.009479,0.666667,14.066667,2
21124,21034,0.009479,0.666667,14.066667,2
22435,21034,0.009479,0.666667,14.066667,2
20717,20718,0.009479,0.666667,14.066667,2
20972,20718,0.009479,0.666667,14.066667,2
79066K,20728,0.009479,0.666667,14.066667,2
22412,22197,0.009479,0.666667,14.066667,2
22493,84991,0.009479,0.666667,14.066667,2
22080,20718,0.009479,0.666667,14.066667,2
20674,22197,0.009479,0.666667,14.066667,2
20675,22197,0.009479,0.666667,14.066667,2
23298,23203,0.009479,0.666667,14.066667,2
22609,23203,0.009479,0.666667,14.066667,2
23200,23203,0.009479,0.666667,14.066667,2
23182,20728,0.009479,0.666667,14.066667,2
47556B,20712,0.014218,0.6,14.066667,3
22418,22139,0.014218,0.6,14.066667,3
20723,20719,0.014218,0.6,14.066667,3
22188,22189,0.014218,0.6,14.066667,3
84991,21975,0.018957,0.4,14.066667,4
22197,22198,0.018957,0.4,14.066667,4
23203,23206,0.018957,0.4,14.066667,4
21186,20754,0.009479,0.4,14.066667,2
21238,20754,0.009479,0.4,14.066667,2
22149,20969,0.009479,0.4,14.066667,2
21186,22147,0.009479,0.4,14.066667,2
21186,84978,0.009479,0.4,14.066667,2
21186,84997C,0.009479,0.4,14.066667,2
21186,84997D,0.009479,0.4,14.066667,2
21238,84997C,0.009479,0.4,14.066667,2
21238,84997D,0.009479,0.4,14.066667,2
22149,21843,0.009479,0.4,14.066667,2
21903,22147,0.009479,0.4,14.066667,2
84949,84755,0.009479,0.4,14.066667,2
84970L,84755,0.009479,0.4,14.066667,2
22191,21756,0.009479,0.4,14.066667,2
84032B,20754,0.009479,0.4,14.066667,2
21524,21756,0.009479,0.4,14.066667,2
21524,48184,0.009479,0.4,14.066667,2
22352,20751,0.009479,0.4,14.066667,2
22352,20754,0.009479,0.4,14.066667,2
22413,22487,0.009479,0.4,14.066667,2
22560,22584,0.009479,0.4,14.066667,2
20677,84997C,0.009479,0.4,14.066667,2
20677,84997D,0.009479,0.4,14.066667,2
21918,22326,0.009479,0.4,14.066667,2
21918,84997C,0.009479,0.4,14.066667,2
21918,84997D,0.009479,0.4,14.066667,2
47556B,21154,0.009479,0.4,14.066667,2
47556B,21213,0.009479,0.4,14.066667,2
21933,22379,0.009479,0.4,14.066667,2
22624,82580,0.009479,0.4,14.066667,2
22624,82581,0.009479,0.4,14.066667,2
22627,82580,0.009479,0.4,14.066667,2
22627,82581,0.009479,0.4,14.066667,2
22561,22551,0.009479,0.4,14.066667,2
21155,21213,0.009479,0.4,14.066667,2
48129,48184,0.009479,0.4,14.066667,2
21314,22398,0.009479,0.4,14.066667,2
21186,21977,0.009479,0.4,14.066667,2
22560,21977,0.009479,0.4,14.066667,2
21498,16161P,0.009479,0.4,14.066667,2
21078,16161P,0.009479,0.4,14.066667,2
20979,22556,0.009479,0.4,14.066667,2
20979,22584,0.009479,0.4,14.066667,2
21078,22077,0.009479,0.4,14.066667,2
21078,22556,0.009479,0.4,14.066667,2
22082,22077,0.009479,0.4,14.066667,2
22082,22488,0.009479,0.4,14.066667,2
22082,22556,0.009479,0.4,14.066667,2
22082,22584,0.009479,0.4,14.066667,2
22418,22488,0.009479,0.4,14.066667,2
22418,22556,0.009479,0.4,14.066667,2
22418,22584,0.009479,0.4,14.066667,2
84946,22556,0.009479,0.4,14.066667,2
84997A,22556,0.009479,0.4,14.066667,2
84946,22584,0.009479,0.4,14.066667,2
84997A,22584,0.009479,0.4,14.066667,2
22624,21975,0.009479,0.4,14.066667,2
21166,82580,0.009479,0.4,14.066667,2
21166,82581,0.009479,0.4,14.066667,2
82582,82580,0.009479,0.4,14.066667,2
20723,20751,0.009479,0.4,14.066667,2
20723,21891,0.009479,0.4,14.066667,2
21238,20751,0.009479,0.4,14.066667,2
21867,22556,0.009479,0.4,14.066667,2
20723,21935,0.009479,0.4,14.066667,2
20723,22198,0.009479,0.4,14.066667,2
21166,22198,0.009479,0.4,14.066667,2
21314,22666,0.009479,0.4,14.066667,2
21899,82580,0.009479,0.4,14.066667,2
21900,82580,0.009479,0.4,14.066667,2
21901,82580,0.009479,0.4,14.066667,2
22413,22419,0.009479,0.4,14.066667,2
84692,21213,0.009479,0.4,14.066667,2
22469,20969,0.009479,0.4,14.066667,2
21871,22551,0.009479,0.4,14.066667,2
21871,22555,0.009479,0.4,14.066667,2
22748,22631,0.009479,0.4,14.066667,2
22193,22114,0.009479,0.4,14.066667,2
22191,22467,0.009479,0.4,14.066667,2
22627,22467,0.009479,0.4,14.066667,2
21867,20754,0.009479,0.4,14.066667,2
21918,22419,0.009479,0.4,14.066667,2
22082,21977,0.009479,0.4,14.066667,2
22154,22632,0.009479,0.4,14.066667,2
21169,82581,0.009479,0.4,14.066667,2
20677,22667,0.009479,0.4,14.066667,2
22909,22633,0.009479,0.4,14.066667,2
16237,20982,0.009479,0.4,14.066667,2
21169,22993,0.009479,0.4,14.066667,2
21175,22993,0.009479,0.4,14.066667,2
22413,82583,0.009479,0.4,14.066667,2
22151,16161P,0.009479,0.4,14.066667,2
23100,22419,0.009479,0.4,14.066667,2
23301,22419,0.009479,0.4,14.066667,2
23199,22666,0.009479,0.4,14.066667,2
23243,22666,0.009479,0.4,14.066667,2
23243,22993,0.009479,0.4,14.066667,2
21899,23206,0.009479,0.4,14.066667,2
21900,23206,0.009479,0.4,14.066667,2
21901,23206,0.009479,0.4,14.066667,2
23198,22488,0.009479,0.4,14.066667,2
23100,22555,0.009479,0.4,14.066667,2
22470,22469,0.018957,0.333333,14.066667,4
20712,47556B,0.014218,0.333333,14.066667,3
22139,22418,0.014218,0.333333,14.066667,3
20719,20723,0.014218,0.333333,14.066667,3
22189,22188,0.014218,0.333333,14.066667,3
20754,21186,0.009479,0.333333,14.066667,2
20754,21238,0.009479,0.333333,14.066667,2
20969,22149,0.009479,0.333333,14.066667,2
22147,21186,0.009479,0.333333,14.066667,2
84978,21186,0.009479,0.333333,14.066667,2
84997C,21186,0.009479,0.333333,14.066667,2
84997D,21186,0.009479,0.333333,14.066667,2
84997C,21238,0.009479,0.333333,14.066667,2
84997D,21238,0.009479,0.333333,14.066667,2
21843,22149,0.009479,0.333333,14.066667,2
22147,21903,0.009479,0.333333,14.066667,2
84755,84949,0.009479,0.333333,14.066667,2
84755,84970L,0.009479,0.333333,14.066667,2
21756,22191,0.009479,0.333333,14.066667,2
20754,84032B,0.009479,0.333333,14.066667,2
21756,21524,0.009479,0.333333,14.066667,2
48184,21524,0.009479,0.333333,14.066667,2
20751,22352,0.009479,0.333333,14.066667,2
20754,22352,0.009479,0.333333,14.066667,2
22487,22413,0.009479,0.333333,14.066667,2
22584,22560,0.009479,0.333333,14.066667,2
84997C,20677,0.009479,0.333333,14.066667,2
84997D,20677,0.009479,0.333333,14.066667,2
22326,21918,0.009479,0.333333,14.066667,2
84997C,21918,0.009479,0.333333,14.066667,2
84997D,21918,0.009479,0.333333,14.066667,2
21154,47556B,0.009479,0.333333,14.066667,2
21213,47556B,0.009479,0.333333,14.066667,2
22379,21933,0.009479,0.333333,14.066667,2
82580,22624,0.009479,0.333333,14.066667,2
82581,22624,0.009479,0.333333,14.066667,2
82580,22627,0.009479,0.333333,14.066667,2
82581,22627,0.009479,0.333333,14.066667,2
22551,22561,0.009479,0.333333,14.066667,2
21213,21155,0.009479,0.333333,14.066667,2
48184,48129,0.009479,0.333333,14.066667,2
22398,21314,0.009479,0.333333,14.066667,2
21977,21186,0.009479,0.333333,14.066667,2
21977,22560,0.009479,0.333333,14.066667,2
16161P,21498,0.009479,0.333333,14.066667,2
16161P,21078,0.009479,0.333333,14.066667,2
22556,20979,0.009479,0.333333,14.066667,2
22584,20979,0.009479,0.333333,14.066667,2
22077,21078,0.009479,0.333333,14.066667,2
22556,21078,0.009479,0.333333,14.066667,2
22077,22082,0.009479,0.333333,14.066667,2
22488,22082,0.009479,0.333333,14.066667,2
22556,22082,0.009479,0.333333,14.066667,2
22584,22082,0.009479,0.333333,14.066667,2
22488,22418,0.009479,0.333333,14.066667,2
22556,22418,0.009479,0.333333,14.066667,2
22584,22418,0.009479,0.333333,14.066667,2
22556,84946,0.009479,0.333333,14.066667,2
22556,84997A,0.009479,0.333333,14.066667,2
22584,84946,0.009479,0.333333,14.066667,2
22584,84997A,0.009479,0.333333,14.066667,2
21975,22624,0.009479,0.333333,14.066667,2
82580,21166,0.009479,0.333333,14.066667,2
82581,21166,0.009479,0.333333,14.066667,2
82580,82582,0.009479,0.333333,14.066667,2
20751,20723,0.009479,0.333333,14.066667,2
21891,20723,0.009479,0.333333,14.066667,2
20751,21238,0.009479,0.333333,14.066667,2
22556,21867,0.009479,0.333333,14.066667,2
21935,20723,0.009479,0.333333,14.066667,2
22198,20723,0.009479,0.333333,14.066667,2
22198,21166,0.009479,0.333333,14.066667,2
22666,21314,0.009479,0.333333,14.066667,2
82580,21899,0.009479,0.333333,14.066667,2
82580,21900,0.009479,0.333333,14.066667,2
82580,21901,0.009479,0.333333,14.066667,2
22419,22413,0.009479,0.333333,14.066667,2
21213,84692,0.009479,0.333333,14.066667,2
20969,22469,0.009479,0.333333,14.066667,2
22551,21871,0.009479,0.333333,14.066667,2
22555,21871,0.009479,0.333333,14.066667,2
22631,22748,0.009479,0.333333,14.066667,2
22114,22193,0.009479,0.333333,14.066667,2
22467,22191,0.009479,0.333333,14.066667,2
22467,22627,0.009479,0.333333,14.066667,2
20754,21867,0.009479,0.333333,14.066667,2
22419,21918,0.009479,0.333333,14.066667,2
21977,22082,0.009479,0.333333,14.066667,2
22632,22154,0.009479,0.333333,14.066667,2
82581,21169,0.009479,0.333333,14.066667,2
22667,20677,0.009479,0.333333,14.066667,2
22633,22909,0.009479,0.333333,14.066667,2
20982,16237,0.009479,0.333333,14.066667,2
22993,21169,0.009479,0.333333,14.066667,2
22993,21175,0.009479,0.333333,14.066667,2
82583,22413,0.009479,0.333333,14.066667,2
16161P,22151,0.009479,0.333333,14.066667,2
22419,23100,0.009479,0.333333,14.066667,2
22419,23301,0.009479,0.333333,14.066667,2
22666,23199,0.009479,0.333333,14.066667,2
22666,23243,0.009479,0.333333,14.066667,2
22993,23243,0.009479,0.333333,14.066667,2
23206,21899,0.009479,0.333333,14.066667,2
23206,21900,0.009479,0.333333,14.066667,2
23206,21901,0.009479,0.333333,14.066667,2
22488,23198,0.009479,0.333333,14.066667,2
22555,23100,0.009479,0.333333,14.066667,2
20727,23207,0.018957,0.266667,14.066667,4
20727,23208,0.014218,0.2,14.066667,3
47566,23298,0.014218,0.2,14.066667,3
20727,23200,0.014218,0.2,14.066667,3
20728,21429,0.009479,0.2,14.066667,2
21034,21124,0.009479,0.2,14.066667,2
21034,22435,0.009479,0.2,14.066667,2
20718,20717,0.009479,0.2,14.066667,2
20718,20972,0.009479,0.2,14.066667,2
20728,79066K,0.009479,0.2,14.066667,2
22197,22412,0.009479,0.2,14.066667,2
84991,22493,0.009479,0.2,14.066667,2
20718,22080,0.009479,0.2,14.066667,2
22197,20674,0.009479,0.2,14.066667,2
22197,20675,0.009479,0.2,14.066667,2
23203,23298,0.009479,0.2,14.066667,2
23203,22609,0.009479,0.2,14.066667,2
23203,23200,0.009479,0.2,14.066667,2
20728,23182,0.009479,0.2,14.066667,2
20713,20712,0.018957,0.571429,13.396825,4
20712,20713,0.018957,0.444444,13.396825,4
21114,21754,0.009479,1.0,13.1875,2
22125,21754,0.009479,1.0,13.1875,2
21216,22384,0.014218,0.75,13.1875,3
21902,22384,0.014218,0.75,13.1875,3
22579,22470,0.014218,0.75,13.1875,3
22379,22381,0.014218,0.5,13.1875,3
22556,22554,0.014218,0.5,13.1875,3
82581,85152,0.014218,0.5,13.1875,3
22556,22634,0.014218,0.5,13.1875,3
22398,22629,0.014218,0.5,13.1875,3
82583,85152,0.014218,0.5,13.1875,3
22488,20685,0.014218,0.5,13.1875,3
15056N,82494L,0.009479,0.5,13.1875,2
48111,20685,0.009479,0.5,13.1875,2
22544,22569,0.009479,0.5,13.1875,2
22563,22569,0.009479,0.5,13.1875,2
21826,84997B,0.009479,0.5,13.1875,2
20726,85152,0.009479,0.5,13.1875,2
21936,22355,0.009479,0.5,13.1875,2
22563,22492,0.009479,0.5,13.1875,2
21826,22492,0.009479,0.5,13.1875,2
22078,22492,0.009479,0.5,13.1875,2
22078,84520B,0.009479,0.5,13.1875,2
22619,22492,0.009479,0.5,13.1875,2
22029,84520B,0.009479,0.5,13.1875,2
22078,84997B,0.009479,0.5,13.1875,2
22168,82494L,0.009479,0.5,13.1875,2
22582,22554,0.009479,0.5,13.1875,2
22582,84997B,0.009479,0.5,13.1875,2
51014A,84997B,0.009479,0.5,13.1875,2
85049F,84380,0.009479,0.5,13.1875,2
21902,85152,0.009479,0.5,13.1875,2
22621,21731,0.009479,0.5,13.1875,2
22712,21731,0.009479,0.5,13.1875,2
21865,22634,0.009479,0.5,13.1875,2
22621,22634,0.009479,0.5,13.1875,2
85061W,21181,0.009479,0.5,13.1875,2
21558,22629,0.009479,0.5,13.1875,2
22665,22629,0.009479,0.5,13.1875,2
22867,22629,0.009479,0.5,13.1875,2
22635,22138,0.009479,0.5,13.1875,2
21558,22569,0.009479,0.5,13.1875,2
21558,22577,0.009479,0.5,13.1875,2
21558,22578,0.009479,0.5,13.1875,2
21877,22577,0.009479,0.5,13.1875,2
21877,22578,0.009479,0.5,13.1875,2
21877,22629,0.009479,0.5,13.1875,2
22296,22554,0.009479,0.5,13.1875,2
22296,22577,0.009479,0.5,13.1875,2
22579,22569,0.009479,0.5,13.1875,2
22582,22578,0.009479,0.5,13.1875,2
22579,22634,0.009479,0.5,13.1875,2
22582,22629,0.009479,0.5,13.1875,2
22582,22634,0.009479,0.5,13.1875,2
21866,22578,0.009479,0.5,13.1875,2
21866,22952,0.009479,0.5,13.1875,2
22563,22381,0.009479,0.5,13.1875,2
22635,22492,0.009479,0.5,13.1875,2
22635,22629,0.009479,0.5,13.1875,2
22579,21930,0.009479,0.5,13.1875,2
22904,21481,0.009479,0.5,13.1875,2
22904,21731,0.009479,0.5,13.1875,2
21877,21172,0.009479,0.5,13.1875,2
23144,23201,0.009479,0.5,13.1875,2
23207,23201,0.009479,0.5,13.1875,2
22966,21481,0.009479,0.5,13.1875,2
22635,21731,0.009479,0.5,13.1875,2
23343,21930,0.009479,0.5,13.1875,2
23101,22952,0.009479,0.5,13.1875,2
35970,22952,0.009479,0.5,13.1875,2
20682,23201,0.009479,0.5,13.1875,2
22904,21172,0.009479,0.5,13.1875,2
22381,22379,0.014218,0.375,13.1875,3
22554,22556,0.014218,0.375,13.1875,3
85152,82581,0.014218,0.375,13.1875,3
22634,22556,0.014218,0.375,13.1875,3
22629,22398,0.014218,0.375,13.1875,3
85152,82583,0.014218,0.375,13.1875,3
20685,22488,0.014218,0.375,13.1875,3
22384,21216,0.014218,0.25,13.1875,3
22384,21902,0.014218,0.25,13.1875,3
22470,22579,0.014218,0.25,13.1875,3
82494L,15056N,0.009479,0.25,13.1875,2
20685,48111,0.009479,0.25,13.1875,2
22569,22544,0.009479,0.25,13.1875,2
22569,22563,0.009479,0.25,13.1875,2
84997B,21826,0.009479,0.25,13.1875,2
85152,20726,0.009479,0.25,13.1875,2
22355,21936,0.009479,0.25,13.1875,2
22492,22563,0.009479,0.25,13.1875,2
22492,21826,0.009479,0.25,13.1875,2
22492,22078,0.009479,0.25,13.1875,2
84520B,22078,0.009479,0.25,13.1875,2
22492,22619,0.009479,0.25,13.1875,2
84520B,22029,0.009479,0.25,13.1875,2
84997B,22078,0.009479,0.25,13.1875,2
82494L,22168,0.009479,0.25,13.1875,2
22554,22582,0.009479,0.25,13.1875,2
84997B,22582,0.009479,0.25,13.1875,2
84997B,51014A,0.009479,0.25,13.1875,2
84380,85049F,0.009479,0.25,13.1875,2
85152,21902,0.009479,0.25,13.1875,2
21731,22621,0.009479,0.25,13.1875,2
21731,22712,0.009479,0.25,13.1875,2
22634,21865,0.009479,0.25,13.1875,2
22634,22621,0.009479,0.25,13.1875,2
21181,85061W,0.009479,0.25,13.1875,2
22629,21558,0.009479,0.25,13.1875,2
22629,22665,0.009479,0.25,13.1875,2
22629,22867,0.009479,0.25,13.1875,2
22138,22635,0.009479,0.25,13.1875,2
22569,21558,0.009479,0.25,13.1875,2
22577,21558,0.009479,0.25,13.1875,2
22578,21558,0.009479,0.25,13.1875,2
22577,21877,0.009479,0.25,13.1875,2
22578,21877,0.009479,0.25,13.1875,2
22629,21877,0.009479,0.25,13.1875,2
22554,22296,0.009479,0.25,13.1875,2
22577,22296,0.009479,0.25,13.1875,2
22569,22579,0.009479,0.25,13.1875,2
22578,22582,0.009479,0.25,13.1875,2
22634,22579,0.009479,0.25,13.1875,2
22629,22582,0.009479,0.25,13.1875,2
22634,22582,0.009479,0.25,13.1875,2
22578,21866,0.009479,0.25,13.1875,2
22952,21866,0.009479,0.25,13.1875,2
22381,22563,0.009479,0.25,13.1875,2
22492,22635,0.009479,0.25,13.1875,2
22629,22635,0.009479,0.25,13.1875,2
21930,22579,0.009479,0.25,13.1875,2
21481,22904,0.009479,0.25,13.1875,2
21731,22904,0.009479,0.25,13.1875,2
21172,21877,0.009479,0.25,13.1875,2
23201,23144,0.009479,0.25,13.1875,2
23201,23207,0.009479,0.25,13.1875,2
21481,22966,0.009479,0.25,13.1875,2
21731,22635,0.009479,0.25,13.1875,2
21930,23343,0.009479,0.25,13.1875,2
22952,23101,0.009479,0.25,13.1875,2
22952,35970,0.009479,0.25,13.1875,2
23201,20682,0.009479,0.25,13.1875,2
21172,22904,0.009479,0.25,13.1875,2
21094,21080,0.028436,0.857143,12.918367,6
21080,21094,0.028436,0.428571,12.918367,6
21484,21485,0.014218,0.428571,12.918367,3
21485,21484,0.014218,0.428571,12.918367,3
48138,48194,0.014218,0.428571,12.918367,3
48194,48138,0.014218,0.428571,12.918367,3
22568,22570,0.014218,0.428571,12.918367,3
22570,22568,0.014218,0.428571,12.918367,3
22464,84970S,0.014218,0.428571,12.918367,3
84970S,22464,0.014218,0.428571,12.918367,3
20676,21559,0.014218,0.428571,12.918367,3
21559,20676,0.014218,0.428571,12.918367,3
22556,21790,0.018957,0.666667,12.787879,4
22551,21790,0.018957,0.666667,12.787879,4
22557,21790,0.018957,0.666667,12.787879,4
21588,21755,0.009479,0.666667,12.787879,2
21985,21755,0.009479,0.666667,12.787879,2
82551,21931,0.009479,0.666667,12.787879,2
22118,22111,0.009479,0.666667,12.787879,2
21494,22111,0.009479,0.666667,12.787879,2
21124,21232,0.009479,0.666667,12.787879,2
22060,21232,0.009479,0.666667,12.787879,2
22435,21232,0.009479,0.666667,12.787879,2
51014L,21232,0.009479,0.666667,12.787879,2
15036,21791,0.009479,0.666667,12.787879,2
20717,21791,0.009479,0.666667,12.787879,2
21912,21790,0.009479,0.666667,12.787879,2
22549,21790,0.009479,0.666667,12.787879,2
21912,21791,0.009479,0.666667,12.787879,2
22495,21790,0.009479,0.666667,12.787879,2
22495,21791,0.009479,0.666667,12.787879,2
22804,21232,0.009479,0.666667,12.787879,2
20967,21791,0.009479,0.666667,12.787879,2
22119,21790,0.009479,0.666667,12.787879,2
22409,21790,0.009479,0.666667,12.787879,2
84832,22111,0.009479,0.666667,12.787879,2
23108,21791,0.009479,0.666667,12.787879,2
23169,21790,0.009479,0.666667,12.787879,2
22992,21931,0.009479,0.666667,12.787879,2
23570,21791,0.009479,0.666667,12.787879,2
21790,22556,0.018957,0.363636,12.787879,4
21790,22551,0.018957,0.363636,12.787879,4
21790,22557,0.018957,0.363636,12.787879,4
21933,20718,0.014218,0.6,12.66,3
23301,20728,0.014218,0.6,12.66,3
23344,23203,0.014218,0.6,12.66,3
20718,21933,0.014218,0.3,12.66,3
20728,23301,0.014218,0.3,12.66,3
23203,23344,0.014218,0.3,12.66,3
23321,20725,0.009479,1.0,12.411765,2
23322,20725,0.009479,1.0,12.411765,2
82494L,82482,0.028436,0.75,12.173077,6
21932,22411,0.014218,0.75,12.173077,3
21865,22382,0.014218,0.75,12.173077,3
21508,82482,0.014218,0.75,12.173077,3
20726,22382,0.014218,0.75,12.173077,3
82482,82494L,0.028436,0.461538,12.173077,6
22411,21932,0.014218,0.230769,12.173077,3
22382,21865,0.014218,0.230769,12.173077,3
82482,21508,0.014218,0.230769,12.173077,3
22382,20726,0.014218,0.230769,12.173077,3
22469,22457,0.018957,0.8,12.057143,4
21218,21621,0.009479,0.4,12.057143,2
21186,15056BL,0.009479,0.4,12.057143,2
21524,48187,0.009479,0.4,12.057143,2
21218,21539,0.009479,0.4,12.057143,2
22352,21485,0.009479,0.4,12.057143,2
22413,22464,0.009479,0.4,12.057143,2
22560,22570,0.009479,0.4,12.057143,2
21918,20676,0.009479,0.4,12.057143,2
22087,71053,0.009479,0.4,12.057143,2
85150,82552,0.009479,0.4,12.057143,2
21155,21539,0.009479,0.4,12.057143,2
21535,21539,0.009479,0.4,12.057143,2
21867,21035,0.009479,0.4,12.057143,2
47556B,21035,0.009479,0.4,12.057143,2
84692,21035,0.009479,0.4,12.057143,2
21186,22585,0.009479,0.4,12.057143,2
21498,20983,0.009479,0.4,12.057143,2
20979,21509,0.009479,0.4,12.057143,2
21078,21509,0.009479,0.4,12.057143,2
22082,21509,0.009479,0.4,12.057143,2
84946,21509,0.009479,0.4,12.057143,2
22188,48138,0.009479,0.4,12.057143,2
22188,48194,0.009479,0.4,12.057143,2
22469,22295,0.009479,0.4,12.057143,2
22469,48187,0.009479,0.4,12.057143,2
22087,22464,0.009479,0.4,12.057143,2
21899,22294,0.009479,0.4,12.057143,2
21900,22294,0.009479,0.4,12.057143,2
21901,22294,0.009479,0.4,12.057143,2
20723,21559,0.009479,0.4,12.057143,2
21166,20713,0.009479,0.4,12.057143,2
85150,20713,0.009479,0.4,12.057143,2
21314,82600,0.009479,0.4,12.057143,2
21903,82600,0.009479,0.4,12.057143,2
85150,82600,0.009479,0.4,12.057143,2
21980,20676,0.009479,0.4,12.057143,2
22630,82552,0.009479,0.4,12.057143,2
21155,21035,0.009479,0.4,12.057143,2
22149,21889,0.009479,0.4,12.057143,2
21871,84945,0.009479,0.4,12.057143,2
22748,21916,0.009479,0.4,12.057143,2
22469,22219,0.009479,0.4,12.057143,2
22469,84945,0.009479,0.4,12.057143,2
22748,22570,0.009479,0.4,12.057143,2
22748,22585,0.009479,0.4,12.057143,2
22748,22620,0.009479,0.4,12.057143,2
84946,84945,0.009479,0.4,12.057143,2
84949,21916,0.009479,0.4,12.057143,2
22418,20750,0.009479,0.4,12.057143,2
21867,21485,0.009479,0.4,12.057143,2
21867,22759,0.009479,0.4,12.057143,2
21918,22585,0.009479,0.4,12.057143,2
22149,22759,0.009479,0.4,12.057143,2
22502,48187,0.009479,0.4,12.057143,2
22810,22385,0.009479,0.4,12.057143,2
84029G,22835,0.009479,0.4,12.057143,2
84029G,79321,0.009479,0.4,12.057143,2
22418,84347,0.009479,0.4,12.057143,2
22964,84347,0.009479,0.4,12.057143,2
21137,79321,0.009479,0.4,12.057143,2
22748,20750,0.009479,0.4,12.057143,2
22418,POST,0.009479,0.4,12.057143,2
22188,22720,0.009479,0.4,12.057143,2
22960,23202,0.009479,0.4,12.057143,2
23301,23084,0.009479,0.4,12.057143,2
23301,23209,0.009479,0.4,12.057143,2
23199,23209,0.009479,0.4,12.057143,2
22697,84945,0.009479,0.4,12.057143,2
22630,POST,0.009479,0.4,12.057143,2
23198,22720,0.009479,0.4,12.057143,2
23198,82552,0.009479,0.4,12.057143,2
23199,82552,0.009479,0.4,12.057143,2
23301,82552,0.009479,0.4,12.057143,2
23344,22385,0.009479,0.4,12.057143,2
22663,84347,0.009479,0.4,12.057143,2
22663,20713,0.009479,0.4,12.057143,2
21169,82600,0.009479,0.4,12.057143,2
22726,23202,0.009479,0.4,12.057143,2
22727,23202,0.009479,0.4,12.057143,2
22941,22385,0.009479,0.4,12.057143,2
22941,84945,0.009479,0.4,12.057143,2
21137,84347,0.009479,0.4,12.057143,2
23100,21916,0.009479,0.4,12.057143,2
22457,22469,0.018957,0.285714,12.057143,4
21621,21218,0.009479,0.285714,12.057143,2
15056BL,21186,0.009479,0.285714,12.057143,2
48187,21524,0.009479,0.285714,12.057143,2
21539,21218,0.009479,0.285714,12.057143,2
21485,22352,0.009479,0.285714,12.057143,2
22464,22413,0.009479,0.285714,12.057143,2
22570,22560,0.009479,0.285714,12.057143,2
20676,21918,0.009479,0.285714,12.057143,2
71053,22087,0.009479,0.285714,12.057143,2
82552,85150,0.009479,0.285714,12.057143,2
21539,21155,0.009479,0.285714,12.057143,2
21539,21535,0.009479,0.285714,12.057143,2
21035,21867,0.009479,0.285714,12.057143,2
21035,47556B,0.009479,0.285714,12.057143,2
21035,84692,0.009479,0.285714,12.057143,2
22585,21186,0.009479,0.285714,12.057143,2
20983,21498,0.009479,0.285714,12.057143,2
21509,20979,0.009479,0.285714,12.057143,2
21509,21078,0.009479,0.285714,12.057143,2
21509,22082,0.009479,0.285714,12.057143,2
21509,84946,0.009479,0.285714,12.057143,2
48138,22188,0.009479,0.285714,12.057143,2
48194,22188,0.009479,0.285714,12.057143,2
22295,22469,0.009479,0.285714,12.057143,2
48187,22469,0.009479,0.285714,12.057143,2
22464,22087,0.009479,0.285714,12.057143,2
22294,21899,0.009479,0.285714,12.057143,2
22294,21900,0.009479,0.285714,12.057143,2
22294,21901,0.009479,0.285714,12.057143,2
21559,20723,0.009479,0.285714,12.057143,2
20713,21166,0.009479,0.285714,12.057143,2
20713,85150,0.009479,0.285714,12.057143,2
82600,21314,0.009479,0.285714,12.057143,2
82600,21903,0.009479,0.285714,12.057143,2
82600,85150,0.009479,0.285714,12.057143,2
20676,21980,0.009479,0.285714,12.057143,2
82552,22630,0.009479,0.285714,12.057143,2
21035,21155,0.009479,0.285714,12.057143,2
21889,22149,0.009479,0.285714,12.057143,2
84945,21871,0.009479,0.285714,12.057143,2
21916,22748,0.009479,0.285714,12.057143,2
22219,22469,0.009479,0.285714,12.057143,2
84945,22469,0.009479,0.285714,12.057143,2
22570,22748,0.009479,0.285714,12.057143,2
22585,22748,0.009479,0.285714,12.057143,2
22620,22748,0.009479,0.285714,12.057143,2
84945,84946,0.009479,0.285714,12.057143,2
21916,84949,0.009479,0.285714,12.057143,2
20750,22418,0.009479,0.285714,12.057143,2
21485,21867,0.009479,0.285714,12.057143,2
22759,21867,0.009479,0.285714,12.057143,2
22585,21918,0.009479,0.285714,12.057143,2
22759,22149,0.009479,0.285714,12.057143,2
48187,22502,0.009479,0.285714,12.057143,2
22385,22810,0.009479,0.285714,12.057143,2
22835,84029G,0.009479,0.285714,12.057143,2
79321,84029G,0.009479,0.285714,12.057143,2
84347,22418,0.009479,0.285714,12.057143,2
84347,22964,0.009479,0.285714,12.057143,2
79321,21137,0.009479,0.285714,12.057143,2
20750,22748,0.009479,0.285714,12.057143,2
POST,22418,0.009479,0.285714,12.057143,2
22720,22188,0.009479,0.285714,12.057143,2
23202,22960,0.009479,0.285714,12.057143,2
23084,23301,0.009479,0.285714,12.057143,2
23209,23301,0.009479,0.285714,12.057143,2
23209,23199,0.009479,0.285714,12.057143,2
84945,22697,0.009479,0.285714,12.057143,2
POST,22630,0.009479,0.285714,12.057143,2
22720,23198,0.009479,0.285714,12.057143,2
82552,23198,0.009479,0.285714,12.057143,2
82552,23199,0.009479,0.285714,12.057143,2
82552,23301,0.009479,0.285714,12.057143,2
22385,23344,0.009479,0.285714,12.057143,2
84347,22663,0.009479,0.285714,12.057143,2
20713,22663,0.009479,0.285714,12.057143,2
82600,21169,0.009479,0.285714,12.057143,2
23202,22726,0.009479,0.285714,12.057143,2
23202,22727,0.009479,0.285714,12.057143,2
22385,22941,0.009479,0.285714,12.057143,2
84945,22941,0.009479,0.285714,12.057143,2
84347,21137,0.009479,0.285714,12.057143,2
21916,23100,0.009479,0.285714,12.057143,2
21873,21733,0.014218,1.0,11.722222,3
72741,21733,0.009479,1.0,11.722222,2
70007,21733,0.009479,1.0,11.722222,2
84944,21733,0.009479,1.0,11.722222,2
23206,20727,0.023697,0.833333,11.722222,5
22910,22086,0.033175,0.777778,11.722222,7
20972,85099F,0.009479,0.666667,11.722222,2
21124,85099F,0.009479,0.666667,11.722222,2
21982,20724,0.009479,0.666667,11.722222,2
21983,20724,0.009479,0.666667,11.722222,2
22088,22384,0.009479,0.666667,11.722222,2
22089,22384,0.009479,0.666667,11.722222,2
82551,22384,0.009479,0.666667,11.722222,2
82551,85099F,0.009479,0.666667,11.722222,2
21870,85099F,0.009479,0.666667,11.722222,2
22366,22470,0.009479,0.666667,11.722222,2
72760B,22470,0.009479,0.666667,11.722222,2
84596B,22384,0.009479,0.666667,11.722222,2
22668,85099F,0.009479,0.666667,11.722222,2
47590B,85099F,0.009479,0.666667,11.722222,2
21061,22470,0.009479,0.666667,11.722222,2
22156,22384,0.009479,0.666667,11.722222,2
22412,20724,0.009479,0.666667,11.722222,2
22865,85099F,0.009479,0.666667,11.722222,2
22670,22470,0.009479,0.666667,11.722222,2
22297,22470,0.009479,0.666667,11.722222,2
22311,22470,0.009479,0.666667,11.722222,2
22694,22470,0.009479,0.666667,11.722222,2
22736,22470,0.009479,0.666667,11.722222,2
20992,22384,0.009479,0.666667,11.722222,2
22841,22384,0.009479,0.666667,11.722222,2
22843,22384,0.009479,0.666667,11.722222,2
23208,20724,0.009479,0.666667,11.722222,2
23208,22384,0.009479,0.666667,11.722222,2
23298,22384,0.009479,0.666667,11.722222,2
23200,85099F,0.009479,0.666667,11.722222,2
23200,22384,0.009479,0.666667,11.722222,2
22086,22910,0.033175,0.5,11.722222,7
22952,22910,0.018957,0.5,11.722222,4
22578,22910,0.018957,0.5,11.722222,4
22355,20719,0.018957,0.5,11.722222,4
21977,21914,0.014218,0.5,11.722222,3
16161P,21231,0.014218,0.5,11.722222,3
21935,20719,0.014218,0.5,11.722222,3
22555,22910,0.014218,0.5,11.722222,3
22649,21231,0.014218,0.5,11.722222,3
22584,22910,0.014218,0.5,11.722222,3
22198,21479,0.014218,0.5,11.722222,3
22488,21915,0.014218,0.5,11.722222,3
20751,21479,0.014218,0.5,11.722222,3
21156,20712,0.009479,0.5,11.722222,2
47566B,21928,0.009479,0.5,11.722222,2
21932,21928,0.009479,0.5,11.722222,2
22520,20712,0.009479,0.5,11.722222,2
22521,20712,0.009479,0.5,11.722222,2
21826,22139,0.009479,0.5,11.722222,2
22078,21914,0.009479,0.5,11.722222,2
22605,21914,0.009479,0.5,11.722222,2
22619,21914,0.009479,0.5,11.722222,2
21936,22139,0.009479,0.5,11.722222,2
21892,21914,0.009479,0.5,11.722222,2
22582,22139,0.009479,0.5,11.722222,2
51014A,22139,0.009479,0.5,11.722222,2
85049F,22139,0.009479,0.5,11.722222,2
84050,21210,0.009479,0.5,11.722222,2
84279P,21915,0.009479,0.5,11.722222,2
21932,20719,0.009479,0.5,11.722222,2
72351A,20719,0.009479,0.5,11.722222,2
21934,20712,0.009479,0.5,11.722222,2
21934,20719,0.009479,0.5,11.722222,2
21934,21928,0.009479,0.5,11.722222,2
22405,22139,0.009479,0.5,11.722222,2
22505,22910,0.009479,0.5,11.722222,2
22635,22910,0.009479,0.5,11.722222,2
21558,22910,0.009479,0.5,11.722222,2
22579,22910,0.009479,0.5,11.722222,2
22582,22910,0.009479,0.5,11.722222,2
47559B,21231,0.009479,0.5,11.722222,2
21866,22910,0.009479,0.5,11.722222,2
22635,21914,0.009479,0.5,11.722222,2
22635,22139,0.009479,0.5,11.722222,2
22579,21479,0.009479,0.5,11.722222,2
22904,21914,0.009479,0.5,11.722222,2
22904,21915,0.009479,0.5,11.722222,2
23389,21914,0.009479,0.5,11.722222,2
23390,21914,0.009479,0.5,11.722222,2
84947,21914,0.009479,0.5,11.722222,2
22910,22952,0.018957,0.444444,11.722222,4
22910,22578,0.018957,0.444444,11.722222,4
20719,22355,0.018957,0.444444,11.722222,4
20727,23206,0.023697,0.333333,11.722222,5
21914,21977,0.014218,0.333333,11.722222,3
21231,16161P,0.014218,0.333333,11.722222,3
20719,21935,0.014218,0.333333,11.722222,3
22910,22555,0.014218,0.333333,11.722222,3
21231,22649,0.014218,0.333333,11.722222,3
22910,22584,0.014218,0.333333,11.722222,3
21479,22198,0.014218,0.333333,11.722222,3
21915,22488,0.014218,0.333333,11.722222,3
21479,20751,0.014218,0.333333,11.722222,3
20754,21756,0.009479,0.333333,11.722222,2
21756,20754,0.009479,0.333333,11.722222,2
20754,84997C,0.009479,0.333333,11.722222,2
84997C,20754,0.009479,0.333333,11.722222,2
20754,84997D,0.009479,0.333333,11.722222,2
84997D,20754,0.009479,0.333333,11.722222,2
20969,21843,0.009479,0.333333,11.722222,2
21843,20969,0.009479,0.333333,11.722222,2
21843,84997C,0.009479,0.333333,11.722222,2
84997C,21843,0.009479,0.333333,11.722222,2
71459,84755,0.009479,0.333333,11.722222,2
84755,71459,0.009479,0.333333,11.722222,2
21756,21955,0.009479,0.333333,11.722222,2
21955,21756,0.009479,0.333333,11.722222,2
21955,48184,0.009479,0.333333,11.722222,2
48184,21955,0.009479,0.333333,11.722222,2
22326,84997D,0.009479,0.333333,11.722222,2
84997D,22326,0.009479,0.333333,11.722222,2
21935,22379,0.009479,0.333333,11.722222,2
22379,21935,0.009479,0.333333,11.722222,2
22398,22551,0.009479,0.333333,11.722222,2
22551,22398,0.009479,0.333333,11.722222,2
21975,21977,0.009479,0.333333,11.722222,2
21977,21975,0.009479,0.333333,11.722222,2
21975,22567,0.009479,0.333333,11.722222,2
22567,21975,0.009479,0.333333,11.722222,2
21977,22077,0.009479,0.333333,11.722222,2
22077,21977,0.009479,0.333333,11.722222,2
21891,22198,0.009479,0.333333,11.722222,2
22198,21891,0.009479,0.333333,11.722222,2
21891,22419,0.009479,0.333333,11.722222,2
22419,21891,0.009479,0.333333,11.722222,2
22198,22419,0.009479,0.333333,11.722222,2
22419,22198,0.009479,0.333333,11.722222,2
22077,22488,0.009479,0.333333,11.722222,2
22488,22077,0.009479,0.333333,11.722222,2
22487,47591D,0.009479,0.333333,11.722222,2
47591D,22487,0.009479,0.333333,11.722222,2
20751,21891,0.009479,0.333333,11.722222,2
21891,20751,0.009479,0.333333,11.722222,2
22147,22567,0.009479,0.333333,11.722222,2
22567,22147,0.009479,0.333333,11.722222,2
22198,22666,0.009479,0.333333,11.722222,2
22666,22198,0.009479,0.333333,11.722222,2
22198,22667,0.009479,0.333333,11.722222,2
22667,22198,0.009479,0.333333,11.722222,2
22398,22662,0.009479,0.333333,11.722222,2
22662,22398,0.009479,0.333333,11.722222,2
22555,22631,0.009479,0.333333,11.722222,2
22631,22555,0.009479,0.333333,11.722222,2
20969,22398,0.009479,0.333333,11.722222,2
22398,20969,0.009479,0.333333,11.722222,2
22398,22555,0.009479,0.333333,11.722222,2
22555,22398,0.009479,0.333333,11.722222,2
22398,22556,0.009479,0.333333,11.722222,2
22556,22398,0.009479,0.333333,11.722222,2
22398,22584,0.009479,0.333333,11.722222,2
22584,22398,0.009479,0.333333,11.722222,2
22551,22555,0.009479,0.333333,11.722222,2
22555,22551,0.009479,0.333333,11.722222,2
22551,22584,0.009479,0.333333,11.722222,2
22584,22551,0.009479,0.333333,11.722222,2
22555,22556,0.009479,0.333333,11.722222,2
22556,22555,0.009479,0.333333,11.722222,2
22555,22557,0.009479,0.333333,11.722222,2
22557,22555,0.009479,0.333333,11.722222,2
22555,22584,0.009479,0.333333,11.722222,2
22584,22555,0.009479,0.333333,11.722222,2
21213,21975,0.009479,0.333333,11.722222,2
21975,21213,0.009479,0.333333,11.722222,2
21977,22424,0.009479,0.333333,11.722222,2
22424,21977,0.009479,0.333333,11.722222,2
21977,22551,0.009479,0.333333,11.722222,2
22551,21977,0.009479,0.333333,11.722222,2
21977,22556,0.009479,0.333333,11.722222,2
22556,21977,0.009479,0.333333,11.722222,2
21977,22557,0.009479,0.333333,11.722222,2
22557,21977,0.009479,0.333333,11.722222,2
21977,22632,0.009479,0.333333,11.722222,2
22632,21977,0.009479,0.333333,11.722222,2
22424,22556,0.009479,0.333333,11.722222,2
22556,22424,0.009479,0.333333,11.722222,2
22424,22584,0.009479,0.333333,11.722222,2
22584,22424,0.009479,0.333333,11.722222,2
22424,22632,0.009479,0.333333,11.722222,2
22632,22424,0.009479,0.333333,11.722222,2
22556,22632,0.009479,0.333333,11.722222,2
22632,22556,0.009479,0.333333,11.722222,2
22557,22632,0.009479,0.333333,11.722222,2
22632,22557,0.009479,0.333333,11.722222,2
22584,22632,0.009479,0.333333,11.722222,2
22632,22584,0.009479,0.333333,11.722222,2
21977,22555,0.009479,0.333333,11.722222,2
22555,21977,0.009479,0.333333,11.722222,2
22398,22419,0.009479,0.333333,11.722222,2
22419,22398,0.009479,0.333333,11.722222,2
22398,22424,0.009479,0.333333,11.722222,2
22424,22398,0.009479,0.333333,11.722222,2
22419,22424,0.009479,0.333333,11.722222,2
22424,22419,0.009479,0.333333,11.722222,2
22419,22557,0.009479,0.333333,11.722222,2
22557,22419,0.009479,0.333333,11.722222,2
82581,82583,0.009479,0.333333,11.722222,2
82583,82581,0.009479,0.333333,11.722222,2
20751,22198,0.009479,0.333333,11.722222,2
22198,20751,0.009479,0.333333,11.722222,2
22198,22633,0.009479,0.333333,11.722222,2
22633,22198,0.009479,0.333333,11.722222,2
20749,20969,0.009479,0.333333,11.722222,2
20969,20749,0.009479,0.333333,11.722222,2
16161P,22649,0.009479,0.333333,11.722222,2
22649,16161P,0.009479,0.333333,11.722222,2
22632,22633,0.009479,0.333333,11.722222,2
22633,22632,0.009479,0.333333,11.722222,2
22662,23206,0.009479,0.333333,11.722222,2
23206,22662,0.009479,0.333333,11.722222,2
20712,21156,0.009479,0.222222,11.722222,2
21928,47566B,0.009479,0.222222,11.722222,2
21928,21932,0.009479,0.222222,11.722222,2
20712,22520,0.009479,0.222222,11.722222,2
20712,22521,0.009479,0.222222,11.722222,2
22139,21826,0.009479,0.222222,11.722222,2
21914,22078,0.009479,0.222222,11.722222,2
21914,22605,0.009479,0.222222,11.722222,2
21914,22619,0.009479,0.222222,11.722222,2
22139,21936,0.009479,0.222222,11.722222,2
21914,21892,0.009479,0.222222,11.722222,2
22139,22582,0.009479,0.222222,11.722222,2
22139,51014A,0.009479,0.222222,11.722222,2
22139,85049F,0.009479,0.222222,11.722222,2
21210,84050,0.009479,0.222222,11.722222,2
21915,84279P,0.009479,0.222222,11.722222,2
20719,21932,0.009479,0.222222,11.722222,2
20719,72351A,0.009479,0.222222,11.722222,2
20712,21934,0.009479,0.222222,11.722222,2
20719,21934,0.009479,0.222222,11.722222,2
21928,21934,0.009479,0.222222,11.722222,2
22139,22405,0.009479,0.222222,11.722222,2
22910,22505,0.009479,0.222222,11.722222,2
22910,22635,0.009479,0.222222,11.722222,2
22910,21558,0.009479,0.222222,11.722222,2
22910,22579,0.009479,0.222222,11.722222,2
22910,22582,0.009479,0.222222,11.722222,2
21231,47559B,0.009479,0.222222,11.722222,2
22910,21866,0.009479,0.222222,11.722222,2
21914,22635,0.009479,0.222222,11.722222,2
22139,22635,0.009479,0.222222,11.722222,2
21479,22579,0.009479,0.222222,11.722222,2
21914,22904,0.009479,0.222222,11.722222,2
21915,22904,0.009479,0.222222,11.722222,2
21914,23389,0.009479,0.222222,11.722222,2
21914,23390,0.009479,0.222222,11.722222,2
21914,84947,0.009479,0.222222,11.722222,2
21936,21080,0.014218,0.75,11.303571,3
21242,21080,0.014218,0.75,11.303571,3
84947,22457,0.014218,0.75,11.303571,3
48187,20685,0.014218,0.428571,11.303571,3
21484,84520B,0.014218,0.428571,11.303571,3
21621,84520B,0.014218,0.428571,11.303571,3
48138,20685,0.014218,0.428571,11.303571,3
82600,85152,0.014218,0.428571,11.303571,3
20750,22634,0.014218,0.428571,11.303571,3
20750,21731,0.014218,0.428571,11.303571,3
22720,84380,0.014218,0.428571,11.303571,3
22385,23201,0.014218,0.428571,11.303571,3
20685,48187,0.014218,0.375,11.303571,3
84520B,21484,0.014218,0.375,11.303571,3
84520B,21621,0.014218,0.375,11.303571,3
20685,48138,0.014218,0.375,11.303571,3
85152,82600,0.014218,0.375,11.303571,3
22634,20750,0.014218,0.375,11.303571,3
21731,20750,0.014218,0.375,11.303571,3
84380,22720,0.014218,0.375,11.303571,3
23201,22385,0.014218,0.375,11.303571,3
21080,21936,0.014218,0.214286,11.303571,3
21080,21242,0.014218,0.214286,11.303571,3
22457,84947,0.014218,0.214286,11.303571,3
23243,47566,0.018957,0.8,11.253333,4
47566,23243,0.018957,0.266667,11.253333,4
84792,22423,0.009479,1.0,11.105263,2
21888,22423,0.009479,1.0,11.105263,2
22672,22423,0.009479,1.0,11.105263,2
22795,22423,0.009479,1.0,11.105263,2
22982,22423,0.009479,1.0,11.105263,2
21756,21754,0.023697,0.833333,10.989583,5
21754,21756,0.023697,0.3125,10.989583,5
22620,21791,0.018957,0.571429,10.961039,4
21791,22620,0.018957,0.363636,10.961039,4
22088,22411,0.009479,0.666667,10.820513,2
22089,22411,0.009479,0.666667,10.820513,2
22532,22411,0.009479,0.666667,10.820513,2
22328,22382,0.009479,0.666667,10.820513,2
21121,82482,0.009479,0.666667,10.820513,2
22027,82482,0.009479,0.666667,10.820513,2
22088,22382,0.009479,0.666667,10.820513,2
82486,82482,0.009479,0.666667,10.820513,2
20717,22411,0.009479,0.666667,10.820513,2
22030,22382,0.009479,0.666667,10.820513,2
22333,22382,0.009479,0.666667,10.820513,2
22549,22382,0.009479,0.666667,10.820513,2
22718,22382,0.009479,0.666667,10.820513,2
22549,22411,0.009479,0.666667,10.820513,2
22437,22382,0.009479,0.666667,10.820513,2
20752,22411,0.009479,0.666667,10.820513,2
21672,82482,0.009479,0.666667,10.820513,2
23145,22178,0.009479,0.666667,10.820513,2
22609,22382,0.009479,0.666667,10.820513,2
85132C,22382,0.009479,0.666667,10.820513,2
21755,21754,0.042654,0.818182,10.789773,9
21754,21755,0.042654,0.5625,10.789773,9
47566B,47566,0.014218,0.75,10.55,3
22665,20914,0.014218,0.75,10.55,3
22867,20914,0.014218,0.75,10.55,3
85150,22384,0.014218,0.6,10.55,3
21933,22384,0.014218,0.6,10.55,3
85150,85099F,0.014218,0.6,10.55,3
21166,20724,0.014218,0.6,10.55,3
22090,85099F,0.014218,0.6,10.55,3
21899,22384,0.014218,0.6,10.55,3
21900,22384,0.014218,0.6,10.55,3
21901,22384,0.014218,0.6,10.55,3
23199,85099F,0.014218,0.6,10.55,3
22667,20728,0.014218,0.5,10.55,3
22667,22197,0.014218,0.5,10.55,3
20751,22197,0.014218,0.5,10.55,3
22993,22197,0.014218,0.5,10.55,3
21156,20728,0.009479,0.5,10.55,2
22078,21034,0.009479,0.5,10.55,2
22168,21034,0.009479,0.5,10.55,2
84279P,20718,0.009479,0.5,10.55,2
21558,22197,0.009479,0.5,10.55,2
22665,22197,0.009479,0.5,10.55,2
22273,20718,0.009479,0.5,10.55,2
22141,22197,0.009479,0.5,10.55,2
23343,23203,0.009479,0.5,10.55,2
20723,82494L,0.009479,0.4,10.55,2
21186,84997B,0.009479,0.4,10.55,2
21535,22138,0.009479,0.4,10.55,2
21871,20685,0.009479,0.4,10.55,2
21871,21481,0.009479,0.4,10.55,2
22560,22569,0.009479,0.4,10.55,2
21918,84997B,0.009479,0.4,10.55,2
85150,21181,0.009479,0.4,10.55,2
84997A,21930,0.009479,0.4,10.55,2
85150,21930,0.009479,0.4,10.55,2
21980,22355,0.009479,0.4,10.55,2
22087,22381,0.009479,0.4,10.55,2
22561,22554,0.009479,0.4,10.55,2
21166,22355,0.009479,0.4,10.55,2
22560,22492,0.009479,0.4,10.55,2
21498,22381,0.009479,0.4,10.55,2
22090,21731,0.009479,0.4,10.55,2
20979,84520B,0.009479,0.4,10.55,2
21078,84380,0.009479,0.4,10.55,2
22082,84997B,0.009479,0.4,10.55,2
22418,84380,0.009479,0.4,10.55,2
84946,22554,0.009479,0.4,10.55,2
22188,20685,0.009479,0.4,10.55,2
22469,20685,0.009479,0.4,10.55,2
21899,85152,0.009479,0.4,10.55,2
21900,85152,0.009479,0.4,10.55,2
21901,85152,0.009479,0.4,10.55,2
22413,85152,0.009479,0.4,10.55,2
21078,21731,0.009479,0.4,10.55,2
21867,22634,0.009479,0.4,10.55,2
16237,22381,0.009479,0.4,10.55,2
20723,21181,0.009479,0.4,10.55,2
20723,85152,0.009479,0.4,10.55,2
21166,21181,0.009479,0.4,10.55,2
21314,22629,0.009479,0.4,10.55,2
21903,85152,0.009479,0.4,10.55,2
22413,22355,0.009479,0.4,10.55,2
22630,82494L,0.009479,0.4,10.55,2
22149,22381,0.009479,0.4,10.55,2
21871,22577,0.009479,0.4,10.55,2
21871,22578,0.009479,0.4,10.55,2
21980,22569,0.009479,0.4,10.55,2
21980,22577,0.009479,0.4,10.55,2
21980,22578,0.009479,0.4,10.55,2
22352,22569,0.009479,0.4,10.55,2
22352,22577,0.009479,0.4,10.55,2
22352,22578,0.009479,0.4,10.55,2
22469,22554,0.009479,0.4,10.55,2
22469,22577,0.009479,0.4,10.55,2
22748,22634,0.009479,0.4,10.55,2
22191,22138,0.009479,0.4,10.55,2
22158,22383,0.009479,0.4,10.55,2
21867,22578,0.009479,0.4,10.55,2
21867,22952,0.009479,0.4,10.55,2
22418,22629,0.009479,0.4,10.55,2
48129,22578,0.009479,0.4,10.55,2
84997A,22578,0.009479,0.4,10.55,2
84997A,22634,0.009479,0.4,10.55,2
82582,21181,0.009479,0.4,10.55,2
22909,21930,0.009479,0.4,10.55,2
22909,22952,0.009479,0.4,10.55,2
84032B,22952,0.009479,0.4,10.55,2
22810,22578,0.009479,0.4,10.55,2
22964,22492,0.009479,0.4,10.55,2
21137,21481,0.009479,0.4,10.55,2
21137,21731,0.009479,0.4,10.55,2
21166,82494L,0.009479,0.4,10.55,2
21169,22355,0.009479,0.4,10.55,2
21169,82494L,0.009479,0.4,10.55,2
21175,21181,0.009479,0.4,10.55,2
21175,22355,0.009479,0.4,10.55,2
21175,82494L,0.009479,0.4,10.55,2
22090,21172,0.009479,0.4,10.55,2
22960,21172,0.009479,0.4,10.55,2
22960,23201,0.009479,0.4,10.55,2
23199,23201,0.009479,0.4,10.55,2
22941,21481,0.009479,0.4,10.55,2
23198,21481,0.009479,0.4,10.55,2
22964,22629,0.009479,0.4,10.55,2
22964,84380,0.009479,0.4,10.55,2
23198,84380,0.009479,0.4,10.55,2
23243,84380,0.009479,0.4,10.55,2
23328,21930,0.009479,0.4,10.55,2
23344,21930,0.009479,0.4,10.55,2
23344,22577,0.009479,0.4,10.55,2
23100,22952,0.009479,0.4,10.55,2
23328,22952,0.009479,0.4,10.55,2
21899,21930,0.009479,0.4,10.55,2
21900,21930,0.009479,0.4,10.55,2
21901,21930,0.009479,0.4,10.55,2
21871,21172,0.009479,0.4,10.55,2
23581,22577,0.009479,0.4,10.55,2
23581,22578,0.009479,0.4,10.55,2
23581,21930,0.009479,0.4,10.55,2
20728,22667,0.014218,0.3,10.55,3
22197,22667,0.014218,0.3,10.55,3
22197,20751,0.014218,0.3,10.55,3
22197,22993,0.014218,0.3,10.55,3
22384,85150,0.014218,0.25,10.55,3
22384,21933,0.014218,0.25,10.55,3
85099F,85150,0.014218,0.25,10.55,3
20724,21166,0.014218,0.25,10.55,3
85099F,22090,0.014218,0.25,10.55,3
22384,21899,0.014218,0.25,10.55,3
22384,21900,0.014218,0.25,10.55,3
22384,21901,0.014218,0.25,10.55,3
85099F,23199,0.014218,0.25,10.55,3
82494L,20723,0.009479,0.25,10.55,2
84997B,21186,0.009479,0.25,10.55,2
22138,21535,0.009479,0.25,10.55,2
20685,21871,0.009479,0.25,10.55,2
21481,21871,0.009479,0.25,10.55,2
22569,22560,0.009479,0.25,10.55,2
84997B,21918,0.009479,0.25,10.55,2
21181,85150,0.009479,0.25,10.55,2
21930,84997A,0.009479,0.25,10.55,2
21930,85150,0.009479,0.25,10.55,2
22355,21980,0.009479,0.25,10.55,2
22381,22087,0.009479,0.25,10.55,2
22554,22561,0.009479,0.25,10.55,2
22355,21166,0.009479,0.25,10.55,2
22492,22560,0.009479,0.25,10.55,2
22381,21498,0.009479,0.25,10.55,2
21731,22090,0.009479,0.25,10.55,2
84520B,20979,0.009479,0.25,10.55,2
84380,21078,0.009479,0.25,10.55,2
84997B,22082,0.009479,0.25,10.55,2
84380,22418,0.009479,0.25,10.55,2
22554,84946,0.009479,0.25,10.55,2
20685,22188,0.009479,0.25,10.55,2
20685,22469,0.009479,0.25,10.55,2
85152,21899,0.009479,0.25,10.55,2
85152,21900,0.009479,0.25,10.55,2
85152,21901,0.009479,0.25,10.55,2
85152,22413,0.009479,0.25,10.55,2
21731,21078,0.009479,0.25,10.55,2
22634,21867,0.009479,0.25,10.55,2
22381,16237,0.009479,0.25,10.55,2
21181,20723,0.009479,0.25,10.55,2
85152,20723,0.009479,0.25,10.55,2
21181,21166,0.009479,0.25,10.55,2
22629,21314,0.009479,0.25,10.55,2
85152,21903,0.009479,0.25,10.55,2
22355,22413,0.009479,0.25,10.55,2
82494L,22630,0.009479,0.25,10.55,2
22381,22149,0.009479,0.25,10.55,2
22577,21871,0.009479,0.25,10.55,2
22578,21871,0.009479,0.25,10.55,2
22569,21980,0.009479,0.25,10.55,2
22577,21980,0.009479,0.25,10.55,2
22578,21980,0.009479,0.25,10.55,2
22569,22352,0.009479,0.25,10.55,2
22577,22352,0.009479,0.25,10.55,2
22578,22352,0.009479,0.25,10.55,2
22554,22469,0.009479,0.25,10.55,2
22577,22469,0.009479,0.25,10.55,2
22634,22748,0.009479,0.25,10.55,2
22138,22191,0.009479,0.25,10.55,2
22383,22158,0.009479,0.25,10.55,2
22578,21867,0.009479,0.25,10.55,2
22952,21867,0.009479,0.25,10.55,2
22629,22418,0.009479,0.25,10.55,2
22578,48129,0.009479,0.25,10.55,2
22578,84997A,0.009479,0.25,10.55,2
22634,84997A,0.009479,0.25,10.55,2
21181,82582,0.009479,0.25,10.55,2
21930,22909,0.009479,0.25,10.55,2
22952,22909,0.009479,0.25,10.55,2
22952,84032B,0.009479,0.25,10.55,2
22578,22810,0.009479,0.25,10.55,2
22492,22964,0.009479,0.25,10.55,2
21481,21137,0.009479,0.25,10.55,2
21731,21137,0.009479,0.25,10.55,2
82494L,21166,0.009479,0.25,10.55,2
22355,21169,0.009479,0.25,10.55,2
82494L,21169,0.009479,0.25,10.55,2
21181,21175,0.009479,0.25,10.55,2
22355,21175,0.009479,0.25,10.55,2
82494L,21175,0.009479,0.25,10.55,2
21172,22090,0.009479,0.25,10.55,2
21172,22960,0.009479,0.25,10.55,2
23201,22960,0.009479,0.25,10.55,2
23201,23199,0.009479,0.25,10.55,2
21481,22941,0.009479,0.25,10.55,2
21481,23198,0.009479,0.25,10.55,2
22629,22964,0.009479,0.25,10.55,2
84380,22964,0.009479,0.25,10.55,2
84380,23198,0.009479,0.25,10.55,2
84380,23243,0.009479,0.25,10.55,2
21930,23328,0.009479,0.25,10.55,2
21930,23344,0.009479,0.25,10.55,2
22577,23344,0.009479,0.25,10.55,2
22952,23100,0.009479,0.25,10.55,2
22952,23328,0.009479,0.25,10.55,2
21930,21899,0.009479,0.25,10.55,2
21930,21900,0.009479,0.25,10.55,2
21930,21901,0.009479,0.25,10.55,2
21172,21871,0.009479,0.25,10.55,2
22577,23581,0.009479,0.25,10.55,2
22578,23581,0.009479,0.25,10.55,2
21930,23581,0.009479,0.25,10.55,2
47566,47566B,0.014218,0.2,10.55,3
20914,22665,0.014218,0.2,10.55,3
20914,22867,0.014218,0.2,10.55,3
20728,21156,0.009479,0.2,10.55,2
21034,22078,0.009479,0.2,10.55,2
21034,22168,0.009479,0.2,10.55,2
20718,84279P,0.009479,0.2,10.55,2
22197,21558,0.009479,0.2,10.55,2
22197,22665,0.009479,0.2,10.55,2
20718,22273,0.009479,0.2,10.55,2
22197,22141,0.009479,0.2,10.55,2
23203,23343,0.009479,0.2,10.55,2
21790,21791,0.028436,0.545455,10.46281,6
21791,21790,0.028436,0.545455,10.46281,6
21914,21915,0.018957,0.444444,10.419753,4
21915,21914,0.018957,0.444444,10.419753,4
23209,20727,0.023697,0.714286,10.047619,5
20724,22356,0.037915,0.666667,10.047619,8
20969,22086,0.018957,0.666667,10.047619,4
22567,21212,0.018957,0.666667,10.047619,4
22488,22457,0.018957,0.666667,10.047619,4
22113,21080,0.009479,0.666667,10.047619,2
48185,85099C,0.009479,0.666667,10.047619,2
21590,22086,0.009479,0.666667,10.047619,2
20967,22086,0.009479,0.666667,10.047619,2
20971,22086,0.009479,0.666667,10.047619,2
21239,22086,0.009479,0.666667,10.047619,2
21240,22086,0.009479,0.666667,10.047619,2
21429,22356,0.009479,0.666667,10.047619,2
21982,85099C,0.009479,0.666667,10.047619,2
21983,85099C,0.009479,0.666667,10.047619,2
22558,21080,0.009479,0.666667,10.047619,2
21937,21212,0.009479,0.666667,10.047619,2
22558,21212,0.009479,0.666667,10.047619,2
47590B,21212,0.009479,0.666667,10.047619,2
84077,21212,0.009479,0.666667,10.047619,2
21042,22356,0.009479,0.666667,10.047619,2
21239,22356,0.009479,0.666667,10.047619,2
21870,22356,0.009479,0.666667,10.047619,2
84859A,22356,0.009479,0.666667,10.047619,2
22366,22457,0.009479,0.666667,10.047619,2
22476,22457,0.009479,0.666667,10.047619,2
22350,21212,0.009479,0.666667,10.047619,2
22333,21212,0.009479,0.666667,10.047619,2
22549,21212,0.009479,0.666667,10.047619,2
22329,22356,0.009479,0.666667,10.047619,2
22412,22356,0.009479,0.666667,10.047619,2
22412,85099C,0.009479,0.666667,10.047619,2
85049C,21080,0.009479,0.666667,10.047619,2
22896,85099C,0.009479,0.666667,10.047619,2
22587,22086,0.009479,0.666667,10.047619,2
22600,22086,0.009479,0.666667,10.047619,2
22950,22086,0.009479,0.666667,10.047619,2
22587,22356,0.009479,0.666667,10.047619,2
22600,22356,0.009479,0.666667,10.047619,2
22734,22356,0.009479,0.666667,10.047619,2
22297,22086,0.009479,0.666667,10.047619,2
22409,22086,0.009479,0.666667,10.047619,2
22694,22086,0.009479,0.666667,10.047619,2
85199S,22086,0.009479,0.666667,10.047619,2
22119,22457,0.009479,0.666667,10.047619,2
