antecedent,consequent,support,confidence,lift,support_count
22677,22683,0.004425,1.0,226.0,4
22683,22677,0.004425,1.0,226.0,4
23507,23510,0.004425,1.0,226.0,4
23510,23507,0.004425,1.0,226.0,4
22203,22199,0.004425,1.0,180.8,4
22680,22679,0.004425,1.0,180.8,4
22774,22775,0.004425,1.0,180.8,4
23265,23264,0.004425,1.0,180.8,4
23498,23497,0.004425,1.0,180.8,4
23498,23552,0.004425,1.0,180.8,4
22199,22203,0.004425,0.8,180.8,4
22679,22680,0.004425,0.8,180.8,4
22775,22774,0.004425,0.8,180.8,4
23264,23265,0.004425,0.8,180.8,4
23497,23498,0.004425,0.8,180.8,4
23552,23498,0.004425,0.8,180.8,4
22279,22280,0.006637,1.0,150.666667,6
22280,22279,0.006637,1.0,150.666667,6
22677,22676,0.004425,1.0,150.666667,4
22683,22676,0.004425,1.0,150.666667,4
22913,22914,0.004425,1.0,150.666667,4
23053,23050,0.004425,1.0,150.666667,4
23053,23052,0.004425,1.0,150.666667,4
23054,23052,0.004425,1.0,150.666667,4
22676,22677,0.004425,0.666667,150.666667,4
22676,22683,0.004425,0.666667,150.666667,4
22914,22913,0.004425,0.666667,150.666667,4
23050,23053,0.004425,0.666667,150.666667,4
23052,23053,0.004425,0.666667,150.666667,4
23052,23054,0.004425,0.666667,150.666667,4
72799E,72800E,0.004425,0.8,144.64,4
72800E,72799E,0.004425,0.8,144.64,4
22524,22525,0.004425,0.8,144.64,4
22525,22524,0.004425,0.8,144.64,4
22312,22314,0.004425,0.8,144.64,4
22314,22312,0.004425,0.8,144.64,4
22962,22963,0.004425,0.8,144.64,4
22963,22962,0.004425,0.8,144.64,4
23497,23552,0.004425,0.8,144.64,4
23552,23497,0.004425,0.8,144.64,4
51014L,51014A,0.004425,1.0,129.142857,4
23174,23175,0.004425,1.0,129.142857,4
23388,23389,0.004425,1.0,129.142857,4
23526,23535,0.004425,1.0,129.142857,4
51014A,51014L,0.004425,0.571429,129.142857,4
23175,23174,0.004425,0.571429,129.142857,4
23389,23388,0.004425,0.571429,129.142857,4
23535,23526,0.004425,0.571429,129.142857,4
22132,22133,0.005531,0.833333,125.555556,5
22133,22132,0.005531,0.833333,125.555556,5
23050,23052,0.005531,0.833333,125.555556,5
23052,23050,0.005531,0.833333,125.555556,5
22266,22268,0.004425,0.8,120.533333,4
22679,22676,0.004425,0.8,120.533333,4
85049G,85049F,0.004425,0.8,120.533333,4
23345,23346,0.004425,0.8,120.533333,4
22268,22266,0.004425,0.666667,120.533333,4
22676,22679,0.004425,0.666667,120.533333,4
85049F,85049G,0.004425,0.666667,120.533333,4
23346,23345,0.004425,0.666667,120.533333,4
22916,22917,0.00885,1.0,113.0,8
22917,22916,0.00885,1.0,113.0,8
22916,22918,0.00885,1.0,113.0,8
22918,22916,0.00885,1.0,113.0,8
22916,22919,0.00885,1.0,113.0,8
22919,22916,0.00885,1.0,113.0,8
22916,22920,0.00885,1.0,113.0,8
22920,22916,0.00885,1.0,113.0,8
22917,22918,0.00885,1.0,113.0,8
22918,22917,0.00885,1.0,113.0,8
22917,22919,0.00885,1.0,113.0,8
22919,22917,0.00885,1.0,113.0,8
22917,22920,0.00885,1.0,113.0,8
22920,22917,0.00885,1.0,113.0,8
22918,22919,0.00885,1.0,113.0,8
22919,22918,0.00885,1.0,113.0,8
22918,22920,0.00885,1.0,113.0,8
22920,22918,0.00885,1.0,113.0,8
22919,22920,0.00885,1.0,113.0,8
22920,22919,0.00885,1.0,113.0,8
22921,22916,0.007743,1.0,113.0,7
22921,22917,0.007743,1.0,113.0,7
22921,22918,0.007743,1.0,113.0,7
22921,22919,0.007743,1.0,113.0,7
22921,22920,0.007743,1.0,113.0,7
23050,23051,0.006637,1.0,113.0,6
23052,23051,0.006637,1.0,113.0,6
22768,22767,0.004425,1.0,113.0,4
23049,23051,0.004425,1.0,113.0,4
23053,23051,0.004425,1.0,113.0,4
23054,23051,0.004425,1.0,113.0,4
23174,23173,0.004425,1.0,113.0,4
22916,22921,0.007743,0.875,113.0,7
22917,22921,0.007743,0.875,113.0,7
22918,22921,0.007743,0.875,113.0,7
22919,22921,0.007743,0.875,113.0,7
22920,22921,0.007743,0.875,113.0,7
23051,23050,0.006637,0.75,113.0,6
23051,23052,0.006637,0.75,113.0,6
22767,22768,0.004425,0.5,113.0,4
23051,23049,0.004425,0.5,113.0,4
23051,23053,0.004425,0.5,113.0,4
23051,23054,0.004425,0.5,113.0,4
23173,23174,0.004425,0.5,113.0,4
23012,23013,0.006637,0.857143,110.693878,6
23013,23012,0.006637,0.857143,110.693878,6
22482,22480,0.005531,0.833333,107.619048,5
22675,22672,0.005531,0.833333,107.619048,5
23256,23254,0.005531,0.833333,107.619048,5
23390,23389,0.005531,0.833333,107.619048,5
22480,22482,0.005531,0.714286,107.619048,5
22672,22675,0.005531,0.714286,107.619048,5
23254,23256,0.005531,0.714286,107.619048,5
23389,23390,0.005531,0.714286,107.619048,5
21713,21714,0.004425,0.8,103.314286,4
22994,22999,0.004425,0.8,103.314286,4
23145,23144,0.004425,0.8,103.314286,4
21714,21713,0.004425,0.571429,103.314286,4
22999,22994,0.004425,0.571429,103.314286,4
23144,23145,0.004425,0.571429,103.314286,4
84279B,84279P,0.004425,1.0,100.444444,4
20686,20684,0.004425,1.0,100.444444,4
22358,22357,0.004425,1.0,100.444444,4
22774,22772,0.004425,1.0,100.444444,4
23102,23101,0.004425,1.0,100.444444,4
84279P,84279B,0.004425,0.444444,100.444444,4
20684,20686,0.004425,0.444444,100.444444,4
22357,22358,0.004425,0.444444,100.444444,4
22772,22774,0.004425,0.444444,100.444444,4
23101,23102,0.004425,0.444444,100.444444,4
22843,22841,0.006637,0.857143,96.857143,6
22841,22843,0.006637,0.75,96.857143,6
21528,21534,0.005531,0.714286,92.244898,5
21534,21528,0.005531,0.714286,92.244898,5
47599A,47599B,0.005531,0.714286,92.244898,5
47599B,47599A,0.005531,0.714286,92.244898,5
22524,22521,0.005531,1.0,90.4,5
23266,23263,0.005531,1.0,90.4,5
21864,21866,0.004425,1.0,90.4,4
22521,22524,0.005531,0.5,90.4,5
23263,23266,0.005531,0.5,90.4,5
21866,21864,0.004425,0.4,90.4,4
22522,22523,0.007743,0.875,87.888889,7
22523,22522,0.007743,0.777778,87.888889,7
22062,37447,0.004425,0.666667,86.095238,4
21282,21283,0.004425,0.666667,86.095238,4
22674,22672,0.004425,0.666667,86.095238,4
22643,22604,0.004425,0.666667,86.095238,4
22643,22639,0.004425,0.666667,86.095238,4
23156,23158,0.004425,0.666667,86.095238,4
23393,23396,0.004425,0.666667,86.095238,4
37447,22062,0.004425,0.571429,86.095238,4
21283,21282,0.004425,0.571429,86.095238,4
22672,22674,0.004425,0.571429,86.095238,4
22604,22643,0.004425,0.571429,86.095238,4
22639,22643,0.004425,0.571429,86.095238,4
23158,23156,0.004425,0.571429,86.095238,4
23396,23393,0.004425,0.571429,86.095238,4
22574,22573,0.005531,0.833333,83.703704,5
22573,22574,0.005531,0.555556,83.703704,5
22521,22520,0.011062,1.0,82.181818,10
22524,22520,0.005531,1.0,82.181818,5
22409,22398,0.004425,1.0,82.181818,4
22520,22521,0.011062,0.909091,82.181818,10
22520,22524,0.005531,0.454545,82.181818,5
22398,22409,0.004425,0.363636,82.181818,4
23294,23296,0.009956,0.9,81.36,9
23296,23294,0.009956,0.9,81.36,9
22593,22594,0.005531,0.714286,80.714286,5
22376,22372,0.005531,0.714286,80.714286,5
23175,23173,0.005531,0.714286,80.714286,5
23396,23395,0.005531,0.714286,80.714286,5
22594,22593,0.005531,0.625,80.714286,5
22372,22376,0.005531,0.625,80.714286,5
23173,23175,0.005531,0.625,80.714286,5
23395,23396,0.005531,0.625,80.714286,5
22523,22521,0.00885,0.888889,80.355556,8
22521,22523,0.00885,0.8,80.355556,8
22524,22523,0.004425,0.8,80.355556,4
22525,22523,0.004425,0.8,80.355556,4
22420,22421,0.004425,0.8,80.355556,4
22775,22772,0.004425,0.8,80.355556,4
23234,23247,0.004425,0.8,80.355556,4
22523,22524,0.004425,0.444444,80.355556,4
22523,22525,0.004425,0.444444,80.355556,4
22421,22420,0.004425,0.444444,80.355556,4
22772,22775,0.004425,0.444444,80.355556,4
23247,23234,0.004425,0.444444,80.355556,4
21865,21867,0.007743,0.875,79.1,7
22522,22521,0.007743,0.875,79.1,7
22753,22755,0.007743,0.875,79.1,7
21867,21865,0.007743,0.7,79.1,7
22521,22522,0.007743,0.7,79.1,7
22755,22753,0.007743,0.7,79.1,7
21500,21499,0.007743,1.0,75.333333,7
23172,23171,0.007743,1.0,75.333333,7
22085,22332,0.005531,1.0,75.333333,5
85049G,85049C,0.005531,1.0,75.333333,5
22302,22303,0.006637,0.75,75.333333,6
22303,22302,0.006637,0.666667,75.333333,6
20963,20961,0.004425,0.666667,75.333333,4
85040B,85040A,0.004425,0.666667,75.333333,4
22046,22045,0.004425,0.666667,75.333333,4
21818,21819,0.004425,0.666667,75.333333,4
23393,23395,0.004425,0.666667,75.333333,4
21499,21500,0.007743,0.583333,75.333333,7
23171,23172,0.007743,0.583333,75.333333,7
20961,20963,0.004425,0.5,75.333333,4
85040A,85040B,0.004425,0.5,75.333333,4
22045,22046,0.004425,0.5,75.333333,4
21819,21818,0.004425,0.5,75.333333,4
23395,23393,0.004425,0.5,75.333333,4
22332,22085,0.005531,0.416667,75.333333,5
85049C,85049G,0.005531,0.416667,75.333333,5
22736,22738,0.004425,0.571429,73.795918,4
22738,22736,0.004425,0.571429,73.795918,4
23172,23175,0.004425,0.571429,73.795918,4
23175,23172,0.004425,0.571429,73.795918,4
21990,21993,0.004425,0.571429,73.795918,4
21993,21990,0.004425,0.571429,73.795918,4
22523,22520,0.00885,0.888889,73.050505,8
22520,22523,0.00885,0.727273,73.050505,8
22525,22521,0.004425,0.8,72.32,4
23264,23263,0.004425,0.8,72.32,4
22521,22525,0.004425,0.4,72.32,4
23263,23264,0.004425,0.4,72.32,4
22522,22520,0.007743,0.875,71.909091,7
22520,22522,0.007743,0.636364,71.909091,7
22374,22375,0.005531,0.625,70.625,5
22375,22374,0.005531,0.625,70.625,5
23146,23147,0.005531,0.625,70.625,5
23147,23146,0.005531,0.625,70.625,5
23172,23170,0.006637,0.857143,70.441558,6
23170,23172,0.006637,0.545455,70.441558,6
22747,22746,0.012168,1.0,69.538462,11
22735,22739,0.004425,1.0,69.538462,4
23323,23322,0.004425,1.0,69.538462,4
22746,22747,0.012168,0.846154,69.538462,11
22739,22735,0.004425,0.307692,69.538462,4
23322,23323,0.004425,0.307692,69.538462,4
23005,22998,0.005531,0.833333,68.484848,5
22998,23005,0.005531,0.454545,68.484848,5
22176,22175,0.009956,0.9,67.8,9
22175,22176,0.009956,0.75,67.8,9
22021,85206A,0.006637,0.75,67.8,6
85206A,22021,0.006637,0.6,67.8,6
22745,22747,0.009956,0.818182,67.239669,9
22747,22745,0.009956,0.818182,67.239669,9
20674,20677,0.00885,0.888889,66.962963,8
20677,20674,0.00885,0.666667,66.962963,8
22085,21207,0.004425,0.8,65.745455,4
22525,22520,0.004425,0.8,65.745455,4
85049G,85049E,0.004425,0.8,65.745455,4
22994,22998,0.004425,0.8,65.745455,4
21207,22085,0.004425,0.363636,65.745455,4
22520,22525,0.004425,0.363636,65.745455,4
85049E,85049G,0.004425,0.363636,65.745455,4
22998,22994,0.004425,0.363636,65.745455,4
21123,21122,0.005531,1.0,64.571429,5
22736,22737,0.005531,0.714286,64.571429,5
22738,22737,0.005531,0.714286,64.571429,5
21224,21679,0.004425,0.571429,64.571429,4
22737,22736,0.005531,0.5,64.571429,5
22737,22738,0.005531,0.5,64.571429,5
21679,21224,0.004425,0.5,64.571429,4
21122,21123,0.005531,0.357143,64.571429,5
22421,22419,0.007743,0.777778,63.919192,7
22419,22421,0.007743,0.636364,63.919192,7
22745,22746,0.011062,0.909091,63.216783,10
22746,22745,0.011062,0.769231,63.216783,10
85049F,85049C,0.005531,0.833333,62.777778,5
22209,22208,0.005531,0.625,62.777778,5
22211,22208,0.005531,0.625,62.777778,5
22587,22566,0.005531,0.625,62.777778,5
22813,22812,0.005531,0.625,62.777778,5
22970,22971,0.005531,0.625,62.777778,5
23076,23077,0.005531,0.625,62.777778,5
22208,22209,0.005531,0.555556,62.777778,5
22208,22211,0.005531,0.555556,62.777778,5
22566,22587,0.005531,0.555556,62.777778,5
22812,22813,0.005531,0.555556,62.777778,5
22971,22970,0.005531,0.555556,62.777778,5
23077,23076,0.005531,0.555556,62.777778,5
85049C,85049F,0.005531,0.416667,62.777778,5
22755,22754,0.009956,0.9,62.584615,9
22754,22755,0.009956,0.692308,62.584615,9
23170,23171,0.009956,0.818182,61.636364,9
23171,23170,0.009956,0.75,61.636364,9
22753,22754,0.007743,0.875,60.846154,7
22754,22753,0.007743,0.538462,60.846154,7
22071,22070,0.004425,0.666667,60.266667,4
22186,22187,0.004425,0.666667,60.266667,4
22070,22071,0.004425,0.4,60.266667,4
22187,22186,0.004425,0.4,60.266667,4
22736,22739,0.006637,0.857143,59.604396,6
22739,22736,0.006637,0.461538,59.604396,6
22999,22998,0.005531,0.714286,58.701299,5
22998,22999,0.005531,0.454545,58.701299,5
23294,23295,0.007743,0.7,57.527273,7
23295,23294,0.007743,0.636364,57.527273,7
22713,22421,0.004425,0.571429,57.396825,4
22210,22208,0.004425,0.571429,57.396825,4
23382,23343,0.004425,0.571429,57.396825,4
22421,22713,0.004425,0.444444,57.396825,4
22208,22210,0.004425,0.444444,57.396825,4
23343,23382,0.004425,0.444444,57.396825,4
21988,21987,0.009956,0.818182,56.895105,9
21987,21988,0.009956,0.692308,56.895105,9
21679,22332,0.006637,0.75,56.5,6
21746,21749,0.005531,0.625,56.5,5
22841,22840,0.005531,0.625,56.5,5
84509A,84510A,0.005531,0.625,56.5,5
22332,21679,0.006637,0.5,56.5,6
21749,21746,0.005531,0.5,56.5,5
22840,22841,0.005531,0.5,56.5,5
84510A,84509A,0.005531,0.5,56.5,5
16235,21679,0.004425,0.5,56.5,4
21679,16235,0.004425,0.5,56.5,4
22565,22587,0.004425,0.5,56.5,4
22587,22565,0.004425,0.5,56.5,4
22737,22739,0.00885,0.8,55.630769,8
21241,21238,0.004425,0.8,55.630769,4
22085,21987,0.004425,0.8,55.630769,4
21244,20675,0.004425,0.8,55.630769,4
22081,22082,0.004425,0.8,55.630769,4
23369,22900,0.004425,0.8,55.630769,4
22739,22737,0.00885,0.615385,55.630769,8
21238,21241,0.004425,0.307692,55.630769,4
21987,22085,0.004425,0.307692,55.630769,4
20675,21244,0.004425,0.307692,55.630769,4
22082,22081,0.004425,0.307692,55.630769,4
22900,23369,0.004425,0.307692,55.630769,4
22816,22818,0.006637,0.666667,54.787879,6
23101,23100,0.006637,0.666667,54.787879,6
23000,22996,0.004425,0.666667,54.787879,4
23000,22998,0.004425,0.666667,54.787879,4
22818,22816,0.006637,0.545455,54.787879,6
23100,23101,0.006637,0.545455,54.787879,6
22996,23000,0.004425,0.363636,54.787879,4
22998,23000,0.004425,0.363636,54.787879,4
21124,21122,0.012168,0.846154,54.637363,11
21122,21124,0.012168,0.785714,54.637363,11
22745,22748,0.012168,1.0,53.176471,11
22748,22745,0.012168,0.647059,53.176471,11
84032A,84032B,0.009956,0.818182,52.831169,9
84032B,84032A,0.009956,0.642857,52.831169,9
21241,21240,0.004425,0.8,51.657143,4
37447,37450,0.004425,0.571429,51.657143,4
21224,22437,0.004425,0.571429,51.657143,4
23504,23503,0.004425,0.571429,51.657143,4
37450,37447,0.004425,0.4,51.657143,4
22437,21224,0.004425,0.4,51.657143,4
23503,23504,0.004425,0.4,51.657143,4
21240,21241,0.004425,0.285714,51.657143,4
22635,22634,0.009956,0.9,50.85,9
22634,22635,0.009956,0.5625,50.85,9
22579,22578,0.012168,1.0,50.222222,11
22593,22595,0.007743,1.0,50.222222,7
22664,22380,0.004425,1.0,50.222222,4
21328,21327,0.011062,0.833333,50.222222,10
21327,21328,0.011062,0.666667,50.222222,10
22772,22771,0.006637,0.666667,50.222222,6
22046,22716,0.004425,0.666667,50.222222,4
23163,23171,0.004425,0.666667,50.222222,4
22578,22579,0.012168,0.611111,50.222222,11
22771,22772,0.006637,0.5,50.222222,6
22565,22566,0.004425,0.5,50.222222,4
22535,22536,0.004425,0.5,50.222222,4
22566,22565,0.004425,0.444444,50.222222,4
22536,22535,0.004425,0.444444,50.222222,4
22595,22593,0.007743,0.388889,50.222222,7
22716,22046,0.004425,0.333333,50.222222,4
23171,23163,0.004425,0.333333,50.222222,4
22380,22664,0.004425,0.222222,50.222222,4
22583,22582,0.005531,0.714286,49.67033,5
22582,22583,0.005531,0.384615,49.67033,5
22142,22144,0.009956,0.818182,49.309091,9
22144,22142,0.009956,0.6,49.309091,9
21668,21671,0.006637,0.6,49.309091,6
23296,23295,0.006637,0.6,49.309091,6
21671,21668,0.006637,0.545455,49.309091,6
23295,23296,0.006637,0.545455,49.309091,6
22747,22748,0.011062,0.909091,48.342246,10
22748,22747,0.011062,0.588235,48.342246,10
23296,23293,0.009956,0.9,47.858824,9
23293,23296,0.009956,0.529412,47.858824,9
21431,21429,0.004425,1.0,47.578947,4
21429,21431,0.004425,0.210526,47.578947,4
22712,22028,0.005531,0.625,47.083333,5
23173,23171,0.005531,0.625,47.083333,5
22028,22712,0.005531,0.416667,47.083333,5
23171,23173,0.005531,0.416667,47.083333,5
22593,22579,0.004425,0.571429,46.961039,4
22579,22593,0.004425,0.363636,46.961039,4
20674,20675,0.006637,0.666667,46.358974,6
23505,22900,0.004425,0.666667,46.358974,4
20675,20674,0.006637,0.461538,46.358974,6
22900,23505,0.004425,0.307692,46.358974,4
21504,21544,0.005531,0.555556,45.656566,5
23318,23319,0.005531,0.555556,45.656566,5
21544,21504,0.005531,0.454545,45.656566,5
23319,23318,0.005531,0.454545,45.656566,5
37450,37448,0.006637,0.6,45.2,6
37448,37450,0.006637,0.5,45.2,6
72802C,72802A,0.004425,0.5,45.2,4
22431,22433,0.004425,0.5,45.2,4
22494,21260,0.004425,0.5,45.2,4
22422,21832,0.004425,0.5,45.2,4
72802A,72802C,0.004425,0.4,45.2,4
22433,22431,0.004425,0.4,45.2,4
21260,22494,0.004425,0.4,45.2,4
21832,22422,0.004425,0.4,45.2,4
22746,22748,0.012168,0.846154,44.995475,11
22748,22746,0.012168,0.647059,44.995475,11
22531,22534,0.006637,0.545455,44.826446,6
22534,22531,0.006637,0.545455,44.826446,6
21239,21240,0.009956,0.692308,44.703297,9
22809,22810,0.009956,0.692308,44.703297,9
21240,21239,0.009956,0.642857,44.703297,9
22810,22809,0.009956,0.642857,44.703297,9
22169,22170,0.004425,0.444444,44.641975,4
22170,22169,0.004425,0.444444,44.641975,4
23238,23240,0.004425,0.444444,44.641975,4
23240,23238,0.004425,0.444444,44.641975,4
21716,21715,0.007743,0.636364,44.251748,7
22564,22563,0.007743,0.636364,44.251748,7
21715,21716,0.007743,0.538462,44.251748,7
22563,22564,0.007743,0.538462,44.251748,7
22272,22271,0.007743,0.875,43.944444,7
22271,22272,0.007743,0.388889,43.944444,7
21902,21899,0.012168,0.916667,43.614035,11
21902,21900,0.012168,0.916667,43.614035,11
21902,21901,0.012168,0.916667,43.614035,11
21899,21902,0.012168,0.578947,43.614035,11
21900,21902,0.012168,0.578947,43.614035,11
21901,21902,0.012168,0.578947,43.614035,11
23322,23321,0.011062,0.769231,43.461538,10
23321,23322,0.011062,0.625,43.461538,10
22089,22087,0.006637,0.666667,43.047619,6
37447,37448,0.004425,0.571429,43.047619,4
21361,21363,0.004425,0.571429,43.047619,4
85049D,85049C,0.004425,0.571429,43.047619,4
23175,23171,0.004425,0.571429,43.047619,4
22087,22089,0.006637,0.428571,43.047619,6
37448,37447,0.004425,0.333333,43.047619,4
21363,21361,0.004425,0.333333,43.047619,4
85049C,85049D,0.004425,0.333333,43.047619,4
23171,23175,0.004425,0.333333,43.047619,4
22582,22584,0.00885,0.615385,42.792899,8
22584,22582,0.00885,0.615385,42.792899,8
23294,23293,0.00885,0.8,42.541176,8
21123,21121,0.004425,0.8,42.541176,4
23293,23294,0.00885,0.470588,42.541176,8
21121,21123,0.004425,0.235294,42.541176,4
84596G,84596F,0.006637,0.75,42.375,6
22372,22371,0.006637,0.75,42.375,6
84596F,84596G,0.006637,0.375,42.375,6
22371,22372,0.006637,0.375,42.375,6
21668,21672,0.007743,0.7,42.186667,7
21672,21668,0.007743,0.466667,42.186667,7
22772,21673,0.005531,0.555556,41.851852,5
21673,22772,0.005531,0.416667,41.851852,5
21933,21932,0.009956,0.692308,41.723077,9
21932,21933,0.009956,0.6,41.723077,9
21671,21670,0.007743,0.636364,41.090909,7
22059,37448,0.006637,0.545455,41.090909,6
21670,21671,0.007743,0.5,41.090909,7
37448,22059,0.006637,0.5,41.090909,6
22131,22195,0.005531,0.5,41.090909,5
37450,22059,0.005531,0.5,41.090909,5
84596G,22174,0.004425,0.5,41.090909,4
22712,21078,0.004425,0.5,41.090909,4
22594,22579,0.004425,0.5,41.090909,4
23173,23170,0.004425,0.5,41.090909,4
22195,22131,0.005531,0.454545,41.090909,5
22059,37450,0.005531,0.454545,41.090909,5
22174,84596G,0.004425,0.363636,41.090909,4
21078,22712,0.004425,0.363636,41.090909,4
22579,22594,0.004425,0.363636,41.090909,4
23170,23173,0.004425,0.363636,41.090909,4
84596F,84596B,0.014381,0.8125,40.805556,13
84596B,84596F,0.014381,0.722222,40.805556,13
20677,20675,0.007743,0.583333,40.564103,7
20675,20677,0.007743,0.538462,40.564103,7
22376,22371,0.005531,0.714286,40.357143,5
22371,22376,0.005531,0.3125,40.357143,5
21987,21989,0.012168,0.846154,40.259109,11
21989,21987,0.012168,0.578947,40.259109,11
22035,21507,0.004425,0.8,40.177778,4
21531,21535,0.011062,0.666667,40.177778,10
21535,21531,0.011062,0.666667,40.177778,10
20978,20979,0.004425,0.666667,40.177778,4
22942,22941,0.004425,0.666667,40.177778,4
23318,23294,0.004425,0.444444,40.177778,4
23318,23296,0.004425,0.444444,40.177778,4
23294,23318,0.004425,0.4,40.177778,4
23296,23318,0.004425,0.4,40.177778,4
20979,20978,0.004425,0.266667,40.177778,4
22941,22942,0.004425,0.266667,40.177778,4
21507,22035,0.004425,0.222222,40.177778,4
20967,20969,0.006637,0.75,39.882353,6
20969,20967,0.006637,0.352941,39.882353,6
22563,22562,0.00885,0.615385,39.736264,8
22562,22563,0.00885,0.571429,39.736264,8
85174,22207,0.004425,0.571429,39.736264,4
21718,21715,0.004425,0.571429,39.736264,4
22738,22739,0.004425,0.571429,39.736264,4
23535,23356,0.004425,0.571429,39.736264,4
22207,85174,0.004425,0.307692,39.736264,4
21715,21718,0.004425,0.307692,39.736264,4
22739,22738,0.004425,0.307692,39.736264,4
23356,23535,0.004425,0.307692,39.736264,4
21561,21559,0.006637,0.857143,38.742857,6
21559,21561,0.006637,0.3,38.742857,6
22089,21124,0.005531,0.555556,38.632479,5
21124,22089,0.005531,0.384615,38.632479,5
84839,21164,0.004425,0.8,38.063158,4
22085,21989,0.004425,0.8,38.063158,4
22430,22427,0.004425,0.8,38.063158,4
21164,84839,0.004425,0.210526,38.063158,4
21989,22085,0.004425,0.210526,38.063158,4
22427,22430,0.004425,0.210526,38.063158,4
21242,21238,0.006637,0.545455,37.93007,6
21238,21242,0.006637,0.461538,37.93007,6
20716,20717,0.006637,0.75,37.666667,6
22594,22595,0.006637,0.75,37.666667,6
23343,23344,0.006637,0.666667,37.666667,6
23332,23321,0.004425,0.666667,37.666667,4
23505,23344,0.004425,0.666667,37.666667,4
22331,22333,0.005531,0.5,37.666667,5
21668,21673,0.005531,0.5,37.666667,5
22045,22716,0.004425,0.5,37.666667,4
22711,22716,0.004425,0.5,37.666667,4
22333,22331,0.005531,0.416667,37.666667,5
21673,21668,0.005531,0.416667,37.666667,5
23344,23343,0.006637,0.375,37.666667,6
20717,20716,0.006637,0.333333,37.666667,6
22595,22594,0.006637,0.333333,37.666667,6
22716,22045,0.004425,0.333333,37.666667,4
22716,22711,0.004425,0.333333,37.666667,4
23321,23332,0.004425,0.25,37.666667,4
23344,23505,0.004425,0.25,37.666667,4
21899,21900,0.016593,0.789474,37.562327,15
21900,21899,0.016593,0.789474,37.562327,15
21900,21901,0.016593,0.789474,37.562327,15
21901,21900,0.016593,0.789474,37.562327,15
22579,22577,0.009956,0.818182,36.981818,9
22577,22579,0.009956,0.45,36.981818,9
22530,22534,0.004425,0.444444,36.525253,4
22573,22694,0.004425,0.444444,36.525253,4
22534,22530,0.004425,0.363636,36.525253,4
22694,22573,0.004425,0.363636,36.525253,4
47590A,47590B,0.00885,0.8,36.16,8
22725,22728,0.00885,0.8,36.16,8
22025,22029,0.004425,0.8,36.16,4
47589,47590B,0.004425,0.8,36.16,4
21246,20676,0.004425,0.8,36.16,4
47590B,47590A,0.00885,0.4,36.16,8
22728,22725,0.00885,0.4,36.16,8
21866,21867,0.004425,0.4,36.16,4
21867,21866,0.004425,0.4,36.16,4
22029,22025,0.004425,0.2,36.16,4
47590B,47589,0.004425,0.2,36.16,4
20676,21246,0.004425,0.2,36.16,4
22593,22578,0.005531,0.714286,35.873016,5
22578,22593,0.005531,0.277778,35.873016,5
22698,22699,0.013274,0.75,35.684211,12
20981,20983,0.006637,0.75,35.684211,6
22699,22698,0.013274,0.631579,35.684211,12
20983,20981,0.006637,0.315789,35.684211,6
23200,23199,0.00885,0.666667,35.45098,8
23199,23200,0.00885,0.470588,35.45098,8
22374,22371,0.005531,0.625,35.3125,5
22371,22374,0.005531,0.3125,35.3125,5
22564,22562,0.006637,0.545455,35.220779,6
22562,22564,0.006637,0.428571,35.220779,6
22578,22577,0.015487,0.777778,35.155556,14
20674,20676,0.007743,0.777778,35.155556,7
22577,22578,0.015487,0.7,35.155556,14
21668,21669,0.007743,0.7,35.155556,7
21934,21935,0.007743,0.583333,35.155556,7
21673,21672,0.007743,0.583333,35.155556,7
22141,22144,0.007743,0.583333,35.155556,7
21935,21934,0.007743,0.466667,35.155556,7
21672,21673,0.007743,0.466667,35.155556,7
22144,22141,0.007743,0.466667,35.155556,7
21669,21668,0.007743,0.388889,35.155556,7
20676,20674,0.007743,0.35,35.155556,7
21899,21901,0.015487,0.736842,35.058172,14
21901,21899,0.015487,0.736842,35.058172,14
22749,22750,0.015487,0.736842,35.058172,14
22750,22749,0.015487,0.736842,35.058172,14
20982,20983,0.012168,0.733333,34.891228,11
20983,20982,0.012168,0.578947,34.891228,11
22332,21987,0.006637,0.5,34.769231,6
21328,21329,0.006637,0.5,34.769231,6
21679,21987,0.004425,0.5,34.769231,4
23196,23198,0.004425,0.5,34.769231,4
21987,22332,0.006637,0.461538,34.769231,6
21329,21328,0.006637,0.461538,34.769231,6
21987,21679,0.004425,0.307692,34.769231,4
23198,23196,0.004425,0.307692,34.769231,4
23300,23301,0.016593,0.882353,34.680307,15
23301,23300,0.016593,0.652174,34.680307,15
21988,21989,0.00885,0.727273,34.602871,8
21989,21988,0.00885,0.421053,34.602871,8
22846,22847,0.004425,0.571429,34.438095,4
22847,22846,0.004425,0.266667,34.438095,4
22142,22141,0.005531,0.454545,34.242424,5
21671,21673,0.005531,0.454545,34.242424,5
22141,22142,0.005531,0.416667,34.242424,5
21673,21671,0.005531,0.416667,34.242424,5
22698,22697,0.013274,0.75,33.9,12
22697,22698,0.013274,0.6,33.9,12
22192,22193,0.009956,0.6,33.9,9
22193,22192,0.009956,0.5625,33.9,9
15056P,20679,0.007743,0.636364,33.839572,7
23295,23293,0.007743,0.636364,33.839572,7
20679,15056P,0.007743,0.411765,33.839572,7
23293,23295,0.007743,0.411765,33.839572,7
23302,23301,0.006637,0.857143,33.689441,6
23301,23302,0.006637,0.26087,33.689441,6
21817,22578,0.004425,0.666667,33.481481,4
22578,21817,0.004425,0.222222,33.481481,4
22699,22697,0.015487,0.736842,33.305263,14
22697,22699,0.015487,0.7,33.305263,14
21094,21086,0.018805,0.809524,33.264069,17
21086,21094,0.018805,0.772727,33.264069,17
22645,22646,0.012168,0.733333,33.146667,11
22729,22728,0.012168,0.733333,33.146667,11
22646,22645,0.012168,0.55,33.146667,11
22728,22729,0.012168,0.55,33.146667,11
21671,21672,0.006637,0.545455,32.872727,6
21672,21671,0.006637,0.4,32.872727,6
37450,22055,0.004425,0.4,32.872727,4
22437,21988,0.004425,0.4,32.872727,4
22061,22059,0.004425,0.4,32.872727,4
23294,23319,0.004425,0.4,32.872727,4
22055,37450,0.004425,0.363636,32.872727,4
21988,22437,0.004425,0.363636,32.872727,4
22059,22061,0.004425,0.363636,32.872727,4
23319,23294,0.004425,0.363636,32.872727,4
22751,22750,0.012168,0.6875,32.710526,11
22750,22751,0.012168,0.578947,32.710526,11
21329,21327,0.007743,0.538462,32.451282,7
21327,21329,0.007743,0.466667,32.451282,7
82581,82580,0.015487,0.823529,32.368286,14
82580,82581,0.015487,0.608696,32.368286,14
22593,22577,0.005531,0.714286,32.285714,5
20973,20974,0.004425,0.571429,32.285714,4
21673,21670,0.006637,0.5,32.285714,6
21670,21673,0.006637,0.428571,32.285714,6
22577,22593,0.005531,0.25,32.285714,5
20974,20973,0.004425,0.25,32.285714,4
15056P,15056BL,0.009956,0.818182,32.158103,9
15056BL,15056P,0.009956,0.391304,32.158103,9
21533,21539,0.00885,0.533333,32.142222,8
21539,21533,0.00885,0.533333,32.142222,8
22729,22730,0.00885,0.533333,32.142222,8
22730,22729,0.00885,0.533333,32.142222,8
21238,21239,0.006637,0.461538,32.094675,6
21239,21238,0.006637,0.461538,32.094675,6
20970,20969,0.009956,0.6,31.905882,9
20969,20970,0.009956,0.529412,31.905882,9
21207,21987,0.005531,0.454545,31.608392,5
21242,20675,0.005531,0.454545,31.608392,5
21987,21207,0.005531,0.384615,31.608392,5
20675,21242,0.005531,0.384615,31.608392,5
84596G,84596B,0.005531,0.625,31.388889,5
22712,21507,0.005531,0.625,31.388889,5
22951,22417,0.005531,0.625,31.388889,5
20681,20682,0.005531,0.555556,31.388889,5
20684,20682,0.005531,0.555556,31.388889,5
20682,20681,0.005531,0.3125,31.388889,5
20682,20684,0.005531,0.3125,31.388889,5
84596B,84596G,0.005531,0.277778,31.388889,5
21507,22712,0.005531,0.277778,31.388889,5
22417,22951,0.005531,0.277778,31.388889,5
22644,22646,0.009956,0.692308,31.292308,9
22646,22644,0.009956,0.45,31.292308,9
85231B,84375,0.004425,0.444444,30.905983,4
84375,85231B,0.004425,0.307692,30.905983,4
84997A,84997B,0.009956,0.75,30.818182,9
84997B,84997A,0.009956,0.409091,30.818182,9
21122,21121,0.00885,0.571429,30.386555,8
23302,23300,0.004425,0.571429,30.386555,4
21121,21122,0.00885,0.470588,30.386555,8
23300,23302,0.004425,0.235294,30.386555,4
82578,82580,0.011062,0.769231,30.234114,10
82580,82578,0.011062,0.434783,30.234114,10
22029,22027,0.015487,0.7,30.133333,14
22027,22029,0.015487,0.666667,30.133333,14
20677,20676,0.00885,0.666667,30.133333,8
84997A,84997D,0.00885,0.666667,30.133333,8
22574,22577,0.004425,0.666667,30.133333,4
21817,22577,0.004425,0.666667,30.133333,4
21811,22577,0.004425,0.666667,30.133333,4
22192,22191,0.00885,0.533333,30.133333,8
22191,22192,0.00885,0.5,30.133333,8
22725,22730,0.005531,0.5,30.133333,5
20967,20970,0.004425,0.5,30.133333,4
22711,21497,0.004425,0.5,30.133333,4
23308,22966,0.004425,0.5,30.133333,4
20676,20677,0.00885,0.4,30.133333,8
84997D,84997A,0.00885,0.4,30.133333,8
22437,22332,0.004425,0.4,30.133333,4
22840,22776,0.004425,0.4,30.133333,4
22730,22725,0.005531,0.333333,30.133333,5
22332,22437,0.004425,0.333333,30.133333,4
22776,22840,0.004425,0.333333,30.133333,4
20970,20967,0.004425,0.266667,30.133333,4
21497,22711,0.004425,0.266667,30.133333,4
22966,23308,0.004425,0.266667,30.133333,4
22577,22574,0.004425,0.2,30.133333,4
22577,21817,0.004425,0.2,30.133333,4
22577,21811,0.004425,0.2,30.133333,4
20974,20975,0.009956,0.5625,29.911765,9
20975,20974,0.009956,0.529412,29.911765,9
21207,21988,0.004425,0.363636,29.884298,4
21988,21207,0.004425,0.363636,29.884298,4
21169,22413,0.004425,0.363636,29.884298,4
22413,21169,0.004425,0.363636,29.884298,4
21238,21240,0.006637,0.461538,29.802198,6
22584,22585,0.006637,0.461538,29.802198,6
21240,21238,0.006637,0.428571,29.802198,6
22585,22584,0.006637,0.428571,29.802198,6
22115,21164,0.005531,0.625,29.736842,5
21164,22115,0.005531,0.263158,29.736842,5
22380,22381,0.014381,0.722222,29.676768,13
22381,22380,0.014381,0.590909,29.676768,13
22041,21137,0.005531,0.555556,29.542484,5
23318,23293,0.005531,0.555556,29.542484,5
21137,22041,0.005531,0.294118,29.542484,5
23293,23318,0.005531,0.294118,29.542484,5
23182,23301,0.006637,0.75,29.478261,6
23301,23182,0.006637,0.26087,29.478261,6
22501,22502,0.005531,0.454545,29.350649,5
22502,22501,0.005531,0.357143,29.350649,5
21508,21509,0.007743,0.583333,29.296296,7
21509,21508,0.007743,0.388889,29.296296,7
23319,23293,0.006637,0.545455,29.005348,6
23293,23319,0.006637,0.352941,29.005348,6
22606,22605,0.007743,0.636364,28.763636,7
21242,20676,0.007743,0.636364,28.763636,7
22605,22606,0.007743,0.35,28.763636,7
20676,21242,0.007743,0.35,28.763636,7
22714,21507,0.004425,0.571429,28.698413,4
22030,21506,0.004425,0.444444,28.698413,4
22089,21122,0.004425,0.444444,28.698413,4
16156S,16161P,0.004425,0.444444,28.698413,4
22297,22296,0.004425,0.444444,28.698413,4
22772,21670,0.004425,0.444444,28.698413,4
23439,22867,0.004425,0.444444,28.698413,4
21506,22030,0.004425,0.285714,28.698413,4
21122,22089,0.004425,0.285714,28.698413,4
16161P,16156S,0.004425,0.285714,28.698413,4
22296,22297,0.004425,0.285714,28.698413,4
21670,22772,0.004425,0.285714,28.698413,4
22867,23439,0.004425,0.285714,28.698413,4
21507,22714,0.004425,0.222222,28.698413,4
82578,82581,0.007743,0.538462,28.633484,7
82581,82578,0.007743,0.411765,28.633484,7
22712,22029,0.005531,0.625,28.25,5
22594,22577,0.005531,0.625,28.25,5
85014A,85014B,0.006637,0.5,28.25,6
23208,23207,0.006637,0.5,28.25,6
21917,21918,0.005531,0.5,28.25,5
22654,22652,0.004425,0.5,28.25,4
23205,23207,0.004425,0.5,28.25,4
23581,23344,0.004425,0.5,28.25,4
85014B,85014A,0.006637,0.375,28.25,6
23207,23208,0.006637,0.375,28.25,6
21918,21917,0.005531,0.3125,28.25,5
22029,22712,0.005531,0.25,28.25,5
22577,22594,0.005531,0.25,28.25,5
22652,22654,0.004425,0.25,28.25,4
23207,23205,0.004425,0.25,28.25,4
23344,23581,0.004425,0.25,28.25,4
22570,22569,0.016593,0.714286,28.074534,15
22569,22570,0.016593,0.652174,28.074534,15
21892,21891,0.011062,0.588235,27.987616,10
21891,21892,0.011062,0.526316,27.987616,10
20675,20676,0.00885,0.615385,27.815385,8
22900,22659,0.00885,0.615385,27.815385,8
22644,22645,0.006637,0.461538,27.815385,6
20676,20675,0.00885,0.4,27.815385,8
22659,22900,0.00885,0.4,27.815385,8
22645,22644,0.006637,0.4,27.815385,6
22437,21987,0.004425,0.4,27.815385,4
22437,22435,0.004425,0.4,27.815385,4
21987,22437,0.004425,0.307692,27.815385,4
22435,22437,0.004425,0.307692,27.815385,4
22332,21989,0.007743,0.583333,27.754386,7
21989,22332,0.007743,0.368421,27.754386,7
22491,22489,0.011062,0.666667,27.393939,10
21671,21669,0.006637,0.545455,27.393939,6
21169,82583,0.006637,0.545455,27.393939,6
22489,22491,0.011062,0.454545,27.393939,10
22055,37448,0.004425,0.363636,27.393939,4
21207,22332,0.004425,0.363636,27.393939,4
21544,22332,0.004425,0.363636,27.393939,4
21988,22332,0.004425,0.363636,27.393939,4
85049E,85049C,0.004425,0.363636,27.393939,4
21671,22771,0.004425,0.363636,27.393939,4
21669,21671,0.006637,0.333333,27.393939,6
82583,21169,0.006637,0.333333,27.393939,6
37448,22055,0.004425,0.333333,27.393939,4
22332,21207,0.004425,0.333333,27.393939,4
22332,21544,0.004425,0.333333,27.393939,4
22332,21988,0.004425,0.333333,27.393939,4
85049C,85049E,0.004425,0.333333,27.393939,4
22771,21671,0.004425,0.333333,27.393939,4
21984,21974,0.004425,0.571429,27.18797,4
21974,21984,0.004425,0.210526,27.18797,4
22725,22727,0.009956,0.9,27.12,9
84997C,84997D,0.013274,0.6,27.12,12
84997D,84997C,0.013274,0.6,27.12,12
22730,22728,0.009956,0.6,27.12,9
22728,22730,0.009956,0.45,27.12,9
22727,22725,0.009956,0.3,27.12,9
22274,22271,0.007743,0.538462,27.042735,7
22271,22274,0.007743,0.388889,27.042735,7
22227,85061W,0.005531,0.416667,26.904762,5
85061W,22227,0.005531,0.357143,26.904762,5
21672,21669,0.00885,0.533333,26.785185,8
21669,21672,0.00885,0.444444,26.785185,8
22365,22366,0.004425,0.444444,26.785185,4
22772,21672,0.004425,0.444444,26.785185,4
22366,22365,0.004425,0.266667,26.785185,4
21672,22772,0.004425,0.266667,26.785185,4
22751,22749,0.009956,0.5625,26.763158,9
22749,22751,0.009956,0.473684,26.763158,9
84997C,84997B,0.014381,0.65,26.709091,13
84997B,84997C,0.014381,0.590909,26.709091,13
21967,21980,0.005531,0.5,26.588235,5
23236,23293,0.004425,0.5,26.588235,4
23182,23300,0.004425,0.5,26.588235,4
21980,21967,0.005531,0.294118,26.588235,5
23293,23236,0.004425,0.235294,26.588235,4
23300,23182,0.004425,0.235294,26.588235,4
22866,22632,0.011062,0.555556,26.432749,10
23439,22632,0.005531,0.555556,26.432749,5
22632,22866,0.011062,0.526316,26.432749,10
22632,23439,0.005531,0.263158,26.432749,5
22607,22605,0.012168,0.578947,26.168421,11
22605,22607,0.012168,0.55,26.168421,11
22606,22607,0.006637,0.545455,25.952153,6
22607,22606,0.006637,0.315789,25.952153,6
21495,22029,0.004425,0.571429,25.828571,4
22714,22029,0.004425,0.571429,25.828571,4
21993,23201,0.004425,0.571429,25.828571,4
21668,21670,0.004425,0.4,25.828571,4
21670,21668,0.004425,0.285714,25.828571,4
22029,21495,0.004425,0.2,25.828571,4
22029,22714,0.004425,0.2,25.828571,4
23201,21993,0.004425,0.2,25.828571,4
21411,22508,0.005531,0.454545,25.681818,5
22508,21411,0.005531,0.3125,25.681818,5
22429,22427,0.007743,0.538462,25.619433,7
22427,22429,0.007743,0.368421,25.619433,7
22730,22726,0.012168,0.733333,25.497436,11
22726,22730,0.012168,0.423077,25.497436,11
22906,22582,0.004425,0.363636,25.286713,4
22616,22900,0.004425,0.363636,25.286713,4
22582,22906,0.004425,0.307692,25.286713,4
22900,22616,0.004425,0.307692,25.286713,4
22465,22464,0.006637,0.666667,25.111111,6
22866,22865,0.011062,0.555556,25.111111,10
23439,22865,0.005531,0.555556,25.111111,5
23439,22633,0.005531,0.555556,25.111111,5
22865,22866,0.011062,0.5,25.111111,10
21670,21669,0.007743,0.5,25.111111,7
21508,21507,0.006637,0.5,25.111111,6
22493,22621,0.006637,0.5,25.111111,6
21673,21669,0.006637,0.5,25.111111,6
21967,21985,0.005531,0.5,25.111111,5
22272,22273,0.004425,0.5,25.111111,4
22712,21509,0.004425,0.5,25.111111,4
22594,22578,0.004425,0.5,25.111111,4
23103,23321,0.004425,0.444444,25.111111,4
82483,82486,0.005531,0.416667,25.111111,5
21035,21154,0.005531,0.416667,25.111111,5
21669,21670,0.007743,0.388889,25.111111,7
21507,21508,0.006637,0.333333,25.111111,6
22621,22493,0.006637,0.333333,25.111111,6
21669,21673,0.006637,0.333333,25.111111,6
82486,82483,0.005531,0.333333,25.111111,5
21154,21035,0.005531,0.333333,25.111111,5
22327,22332,0.004425,0.333333,25.111111,4
22332,22327,0.004425,0.333333,25.111111,4
22024,22028,0.004425,0.333333,25.111111,4
22028,22024,0.004425,0.333333,25.111111,4
21985,21967,0.005531,0.277778,25.111111,5
22464,22465,0.006637,0.25,25.111111,6
22865,23439,0.005531,0.25,25.111111,5
22633,23439,0.005531,0.25,25.111111,5
23321,23103,0.004425,0.25,25.111111,4
22273,22272,0.004425,0.222222,25.111111,4
21509,22712,0.004425,0.222222,25.111111,4
22578,22594,0.004425,0.222222,25.111111,4
22950,22952,0.005531,0.714286,24.835165,5
20675,21240,0.005531,0.384615,24.835165,5
21240,20675,0.005531,0.357143,24.835165,5
22952,22950,0.005531,0.192308,24.835165,5
22191,22193,0.007743,0.4375,24.71875,7
22193,22191,0.007743,0.4375,24.71875,7
22294,22295,0.00885,0.571429,24.598639,8
22296,22295,0.00885,0.571429,24.598639,8
21495,21498,0.004425,0.571429,24.598639,4
21561,22352,0.004425,0.571429,24.598639,4
22713,84077,0.004425,0.571429,24.598639,4
22714,22027,0.004425,0.571429,24.598639,4
22295,22294,0.00885,0.380952,24.598639,8
22295,22296,0.00885,0.380952,24.598639,8
21498,21495,0.004425,0.190476,24.598639,4
22352,21561,0.004425,0.190476,24.598639,4
84077,22713,0.004425,0.190476,24.598639,4
22027,22714,0.004425,0.190476,24.598639,4
22620,21892,0.006637,0.461538,24.542986,6
21124,21121,0.006637,0.461538,24.542986,6
21892,22620,0.006637,0.352941,24.542986,6
21121,21124,0.006637,0.352941,24.542986,6
22728,22726,0.015487,0.7,24.338462,14
22725,22726,0.007743,0.7,24.338462,7
22726,22728,0.015487,0.538462,24.338462,14
22726,22725,0.007743,0.269231,24.338462,7
22625,22624,0.00885,0.615385,24.187291,8
22624,22625,0.00885,0.347826,24.187291,8
84949,22219,0.005531,0.454545,24.171123,5
22219,84949,0.005531,0.294118,24.171123,5
22723,22666,0.004425,0.666667,24.106667,4
22979,22993,0.004425,0.666667,24.106667,4
21531,21533,0.006637,0.4,24.106667,6
21533,21531,0.006637,0.4,24.106667,6
21531,21539,0.006637,0.4,24.106667,6
21539,21531,0.006637,0.4,24.106667,6
22176,22179,0.004425,0.4,24.106667,4
22179,22176,0.004425,0.266667,24.106667,4
22666,22723,0.004425,0.16,24.106667,4
22993,22979,0.004425,0.16,24.106667,4
22421,84077,0.005531,0.555556,23.915344,5
22297,22295,0.005531,0.555556,23.915344,5
23204,23206,0.005531,0.555556,23.915344,5
84077,22421,0.005531,0.238095,23.915344,5
22295,22297,0.005531,0.238095,23.915344,5
23206,23204,0.005531,0.238095,23.915344,5
22632,22865,0.011062,0.526316,23.789474,10
22865,22632,0.011062,0.5,23.789474,10
22327,22328,0.006637,0.5,23.789474,6
23503,23355,0.005531,0.5,23.789474,5
21679,21989,0.004425,0.5,23.789474,4
21070,21172,0.004425,0.5,23.789474,4
23173,22699,0.004425,0.5,23.789474,4
23182,21899,0.004425,0.5,23.789474,4
23182,21900,0.004425,0.5,23.789474,4
22328,22327,0.006637,0.315789,23.789474,6
23355,23503,0.005531,0.263158,23.789474,5
21989,21679,0.004425,0.210526,23.789474,4
21172,21070,0.004425,0.210526,23.789474,4
22699,23173,0.004425,0.210526,23.789474,4
21899,23182,0.004425,0.210526,23.789474,4
21900,23182,0.004425,0.210526,23.789474,4
21980,21985,0.00885,0.470588,23.633987,8
21985,21980,0.00885,0.444444,23.633987,8
23240,23293,0.004425,0.444444,23.633987,4
23293,23240,0.004425,0.235294,23.633987,4
22272,20972,0.005531,0.625,23.541667,5
20972,22272,0.005531,0.208333,23.541667,5
15056P,15056N,0.00885,0.727273,23.480519,8
22059,22649,0.004425,0.363636,23.480519,4
22694,22158,0.004425,0.363636,23.480519,4
15056N,15056P,0.00885,0.285714,23.480519,8
22649,22059,0.004425,0.285714,23.480519,4
22158,22694,0.004425,0.285714,23.480519,4
15044C,21915,0.004425,0.8,23.329032,4
23208,23209,0.00885,0.666667,23.179487,8
22942,23084,0.004425,0.666667,23.179487,4
22327,21987,0.004425,0.333333,23.179487,4
20677,21238,0.004425,0.333333,23.179487,4
21912,21888,0.004425,0.333333,23.179487,4
23209,23208,0.00885,0.307692,23.179487,8
21987,22327,0.004425,0.307692,23.179487,4
21238,20677,0.004425,0.307692,23.179487,4
21888,21912,0.004425,0.307692,23.179487,4
23084,22942,0.004425,0.153846,23.179487,4
20679,15056BL,0.011062,0.588235,23.120205,10
15056BL,20679,0.011062,0.434783,23.120205,10
23207,22662,0.009956,0.5625,23.113636,9
22662,23207,0.009956,0.409091,23.113636,9
22294,22296,0.005531,0.357143,23.061224,5
22296,22294,0.005531,0.357143,23.061224,5
22381,22379,0.015487,0.636364,23.010909,14
22379,22381,0.015487,0.56,23.010909,14
22989,22722,0.005531,0.454545,22.828283,5
22722,22989,0.005531,0.277778,22.828283,5
22728,22727,0.016593,0.75,22.6,15
22727,22728,0.016593,0.5,22.6,15
21507,22029,0.009956,0.5,22.6,9
21558,21559,0.007743,0.5,22.6,7
22867,22865,0.007743,0.5,22.6,7
84997A,84997C,0.006637,0.5,22.6,6
85065,48187,0.004425,0.5,22.6,4
21781,22605,0.004425,0.5,22.6,4
20752,20754,0.004425,0.5,22.6,4
22029,21507,0.009956,0.45,22.6,9
82567,85014B,0.004425,0.4,22.6,4
82567,84596F,0.004425,0.4,22.6,4
21559,21558,0.007743,0.35,22.6,7
22865,22867,0.007743,0.35,22.6,7
84997C,84997A,0.006637,0.3,22.6,6
85014B,82567,0.004425,0.25,22.6,4
84596F,82567,0.004425,0.25,22.6,4
48187,85065,0.004425,0.2,22.6,4
22605,21781,0.004425,0.2,22.6,4
20754,20752,0.004425,0.2,22.6,4
22091,21914,0.004425,0.666667,22.320988,4
21507,21509,0.00885,0.444444,22.320988,8
21509,21507,0.00885,0.444444,22.320988,8
22271,22273,0.00885,0.444444,22.320988,8
22273,22271,0.00885,0.444444,22.320988,8
21504,21509,0.004425,0.444444,22.320988,4
22023,21509,0.004425,0.444444,22.320988,4
22573,22578,0.004425,0.444444,22.320988,4
22772,21669,0.004425,0.444444,22.320988,4
23439,22866,0.004425,0.444444,22.320988,4
21509,21504,0.004425,0.222222,22.320988,4
21509,22023,0.004425,0.222222,22.320988,4
22578,22573,0.004425,0.222222,22.320988,4
21669,22772,0.004425,0.222222,22.320988,4
22866,23439,0.004425,0.222222,22.320988,4
22730,22727,0.012168,0.733333,22.097778,11
22380,22379,0.012168,0.611111,22.097778,11
22379,22380,0.012168,0.44,22.097778,11
22727,22730,0.012168,0.366667,22.097778,11
22726,22727,0.021018,0.730769,22.020513,19
22727,22726,0.021018,0.633333,22.020513,19
23356,23355,0.006637,0.461538,21.959514,6
23355,23356,0.006637,0.315789,21.959514,6
22412,21181,0.004425,0.8,21.915152,4
21217,21216,0.004425,0.363636,21.915152,4
21216,21217,0.004425,0.266667,21.915152,4
22569,22568,0.016593,0.652174,21.835749,15
22568,22569,0.016593,0.555556,21.835749,15
23207,23209,0.011062,0.625,21.730769,10
23209,23207,0.011062,0.384615,21.730769,10
21888,22634,0.005531,0.384615,21.730769,5
23198,23243,0.005531,0.384615,21.730769,5
22634,21888,0.005531,0.3125,21.730769,5
23243,23198,0.005531,0.3125,21.730769,5
23170,22699,0.005531,0.454545,21.626794,5
22699,23170,0.005531,0.263158,21.626794,5
85049F,22077,0.004425,0.666667,21.52381,4
21558,22352,0.007743,0.5,21.52381,7
22028,22027,0.006637,0.5,21.52381,6
23200,23202,0.006637,0.5,21.52381,6
21870,84992,0.005531,0.5,21.52381,5
22565,22560,0.004425,0.5,21.52381,4
22587,22560,0.004425,0.5,21.52381,4
22712,22027,0.004425,0.5,21.52381,4
23307,23245,0.004425,0.5,21.52381,4
21670,21672,0.005531,0.357143,21.52381,5
22352,21558,0.007743,0.333333,21.52381,7
21672,21670,0.005531,0.333333,21.52381,5
22663,22661,0.004425,0.333333,21.52381,4
22027,22028,0.006637,0.285714,21.52381,6
23202,23200,0.006637,0.285714,21.52381,6
22661,22663,0.004425,0.285714,21.52381,4
84992,21870,0.005531,0.238095,21.52381,5
22560,22565,0.004425,0.190476,21.52381,4
22560,22587,0.004425,0.190476,21.52381,4
22027,22712,0.004425,0.190476,21.52381,4
23245,23307,0.004425,0.190476,21.52381,4
48111,48129,0.004425,0.307692,21.39645,4
48129,48111,0.004425,0.307692,21.39645,4
20675,21239,0.004425,0.307692,21.39645,4
21239,20675,0.004425,0.307692,21.39645,4
20675,21238,0.004425,0.307692,21.39645,4
21238,20675,0.004425,0.307692,21.39645,4
37450,37449,0.004425,0.4,21.270588,4
37449,37450,0.004425,0.235294,21.270588,4
22444,21891,0.004425,0.444444,21.146199,4
21891,22444,0.004425,0.210526,21.146199,4
22627,22624,0.00885,0.533333,20.962319,8
22624,22627,0.00885,0.347826,20.962319,8
22729,22726,0.009956,0.6,20.861538,9
22726,22729,0.009956,0.346154,20.861538,9
22570,22568,0.014381,0.619048,20.726631,13
22568,22570,0.014381,0.481481,20.726631,13
22418,22492,0.00885,0.571429,20.662857,8
22843,22666,0.004425,0.571429,20.662857,4
22846,21843,0.004425,0.571429,20.662857,4
22492,22418,0.00885,0.32,20.662857,8
22666,22843,0.004425,0.16,20.662857,4
21843,22846,0.004425,0.16,20.662857,4
84997D,84997B,0.011062,0.5,20.545455,10
84997B,84997D,0.011062,0.454545,20.545455,10
15056P,85014B,0.004425,0.363636,20.545455,4
22989,23243,0.004425,0.363636,20.545455,4
85014B,15056P,0.004425,0.25,20.545455,4
23243,22989,0.004425,0.25,20.545455,4
82578,82551,0.005531,0.384615,20.452489,5
82551,82578,0.005531,0.294118,20.452489,5
22867,22632,0.006637,0.428571,20.390977,6
22632,22867,0.006637,0.315789,20.390977,6
23308,22630,0.005531,0.625,20.178571,5
22630,23308,0.005531,0.178571,20.178571,5
22729,22727,0.011062,0.666667,20.088889,10
23204,23298,0.005531,0.555556,20.088889,5
21071,21871,0.004425,0.444444,20.088889,4
22573,22577,0.004425,0.444444,20.088889,4
23247,22865,0.004425,0.444444,20.088889,4
22064,84596B,0.004425,0.4,20.088889,4
22064,47559B,0.004425,0.4,20.088889,4
22665,22667,0.004425,0.4,20.088889,4
82567,84596B,0.004425,0.4,20.088889,4
22898,22367,0.004425,0.4,20.088889,4
22727,22729,0.011062,0.333333,20.088889,10
22776,22766,0.004425,0.333333,20.088889,4
82483,22766,0.004425,0.333333,20.088889,4
22771,21672,0.004425,0.333333,20.088889,4
22766,22776,0.004425,0.266667,20.088889,4
22766,82483,0.004425,0.266667,20.088889,4
21672,22771,0.004425,0.266667,20.088889,4
84596B,22064,0.004425,0.222222,20.088889,4
47559B,22064,0.004425,0.222222,20.088889,4
22667,22665,0.004425,0.222222,20.088889,4
84596B,82567,0.004425,0.222222,20.088889,4
22367,22898,0.004425,0.222222,20.088889,4
23298,23204,0.005531,0.2,20.088889,5
21871,21071,0.004425,0.2,20.088889,4
22577,22573,0.004425,0.2,20.088889,4
22865,23247,0.004425,0.2,20.088889,4
23382,23084,0.004425,0.571429,19.868132,4
21124,22087,0.004425,0.307692,19.868132,4
22582,22585,0.004425,0.307692,19.868132,4
84375,22964,0.004425,0.307692,19.868132,4
23356,84032B,0.004425,0.307692,19.868132,4
22087,21124,0.004425,0.285714,19.868132,4
22585,22582,0.004425,0.285714,19.868132,4
22964,84375,0.004425,0.285714,19.868132,4
84032B,23356,0.004425,0.285714,19.868132,4
23084,23382,0.004425,0.153846,19.868132,4
20713,20712,0.014381,0.590909,19.784512,13
20712,20713,0.014381,0.481481,19.784512,13
21908,82582,0.009956,0.5,19.652174,9
22115,82580,0.004425,0.5,19.652174,4
22965,84380,0.004425,0.5,19.652174,4
82582,21908,0.009956,0.391304,19.652174,9
82580,22115,0.004425,0.173913,19.652174,4
84380,22965,0.004425,0.173913,19.652174,4
84949,84970L,0.005531,0.454545,19.5671,5
22564,22560,0.005531,0.454545,19.5671,5
84970L,84949,0.005531,0.238095,19.5671,5
22560,22564,0.005531,0.238095,19.5671,5
21529,21175,0.004425,0.8,19.545946,4
21559,22352,0.009956,0.45,19.371429,9
22352,21559,0.009956,0.428571,19.371429,9
22055,37449,0.004425,0.363636,19.336898,4
84032A,21980,0.004425,0.363636,19.336898,4
37449,22055,0.004425,0.235294,19.336898,4
21980,84032A,0.004425,0.235294,19.336898,4
22909,22952,0.011062,0.555556,19.316239,10
22530,22554,0.005531,0.555556,19.316239,5
22952,22909,0.011062,0.384615,19.316239,10
22274,22273,0.005531,0.384615,19.316239,5
22273,22274,0.005531,0.277778,19.316239,5
22554,22530,0.005531,0.192308,19.316239,5
47599A,22568,0.004425,0.571429,19.132275,4
47599B,22568,0.004425,0.571429,19.132275,4
85227,22560,0.004425,0.444444,19.132275,4
85227,22570,0.004425,0.444444,19.132275,4
22560,85227,0.004425,0.190476,19.132275,4
22570,85227,0.004425,0.190476,19.132275,4
22631,22659,0.00885,0.421053,19.031579,8
22632,22633,0.00885,0.421053,19.031579,8
22659,22631,0.00885,0.4,19.031579,8
22633,22632,0.00885,0.4,19.031579,8
23202,23203,0.012168,0.52381,18.940952,11
23203,23202,0.012168,0.44,18.940952,11
84030E,84029G,0.004425,0.5,18.833333,4
23207,23206,0.007743,0.4375,18.833333,7
22024,22029,0.005531,0.416667,18.833333,5
20677,84997C,0.005531,0.416667,18.833333,5
22716,22029,0.005531,0.416667,18.833333,5
23171,22697,0.005531,0.416667,18.833333,5
23206,23207,0.007743,0.333333,18.833333,7
21937,21936,0.004425,0.333333,18.833333,4
22636,22634,0.004425,0.333333,18.833333,4
22834,22751,0.004425,0.333333,18.833333,4
23171,22698,0.004425,0.333333,18.833333,4
23200,23207,0.004425,0.333333,18.833333,4
23284,23344,0.004425,0.333333,18.833333,4
22029,22024,0.005531,0.25,18.833333,5
84997C,20677,0.005531,0.25,18.833333,5
22029,22716,0.005531,0.25,18.833333,5
22697,23171,0.005531,0.25,18.833333,5
21936,21937,0.004425,0.25,18.833333,4
22634,22636,0.004425,0.25,18.833333,4
22751,22834,0.004425,0.25,18.833333,4
22698,23171,0.004425,0.25,18.833333,4
23207,23200,0.004425,0.25,18.833333,4
23344,23284,0.004425,0.25,18.833333,4
84029G,84030E,0.004425,0.166667,18.833333,4
22620,21704,0.004425,0.307692,18.54359,4
22625,22627,0.004425,0.307692,18.54359,4
22940,22144,0.004425,0.307692,18.54359,4
84375,22966,0.004425,0.307692,18.54359,4
23198,22966,0.004425,0.307692,18.54359,4
21704,22620,0.004425,0.266667,18.54359,4
22627,22625,0.004425,0.266667,18.54359,4
22144,22940,0.004425,0.266667,18.54359,4
22966,84375,0.004425,0.266667,18.54359,4
22966,23198,0.004425,0.266667,18.54359,4
23241,22630,0.004425,0.571429,18.44898,4
21122,22087,0.004425,0.285714,18.44898,4
22087,21122,0.004425,0.285714,18.44898,4
22418,22562,0.004425,0.285714,18.44898,4
22562,22418,0.004425,0.285714,18.44898,4
82578,21164,0.005531,0.384615,18.299595,5
21164,82578,0.005531,0.263158,18.299595,5
22055,21231,0.00885,0.727273,18.262626,8
22419,21914,0.006637,0.545455,18.262626,6
23204,22662,0.004425,0.444444,18.262626,4
84032A,21479,0.004425,0.363636,18.262626,4
21078,84596B,0.004425,0.363636,18.262626,4
22602,22595,0.004425,0.363636,18.262626,4
22579,22595,0.004425,0.363636,18.262626,4
22413,82583,0.004425,0.363636,18.262626,4
21231,22055,0.00885,0.222222,18.262626,8
21914,22419,0.006637,0.222222,18.262626,6
21479,84032A,0.004425,0.222222,18.262626,4
84596B,21078,0.004425,0.222222,18.262626,4
22595,22602,0.004425,0.222222,18.262626,4
22595,22579,0.004425,0.222222,18.262626,4
82583,22413,0.004425,0.222222,18.262626,4
22662,23204,0.004425,0.181818,18.262626,4
23206,23209,0.012168,0.52381,18.212454,11
23209,23206,0.012168,0.423077,18.212454,11
20972,20971,0.015487,0.583333,18.183908,14
20971,20972,0.015487,0.482759,18.183908,14
21867,20754,0.004425,0.4,18.08,4
23263,22577,0.004425,0.4,18.08,4
23263,22865,0.004425,0.4,18.08,4
20754,21867,0.004425,0.2,18.08,4
22577,23263,0.004425,0.2,18.08,4
22865,23263,0.004425,0.2,18.08,4
23238,22630,0.005531,0.555556,17.936508,5
22024,22027,0.005531,0.416667,17.936508,5
22493,22560,0.005531,0.416667,17.936508,5
21499,21498,0.005531,0.416667,17.936508,5
23208,23206,0.005531,0.416667,17.936508,5
23208,23202,0.005531,0.416667,17.936508,5
23200,23206,0.005531,0.416667,17.936508,5
21484,21481,0.005531,0.357143,17.936508,5
21481,21484,0.005531,0.277778,17.936508,5
22027,22024,0.005531,0.238095,17.936508,5
22560,22493,0.005531,0.238095,17.936508,5
21498,21499,0.005531,0.238095,17.936508,5
23206,23208,0.005531,0.238095,17.936508,5
23202,23208,0.005531,0.238095,17.936508,5
23206,23200,0.005531,0.238095,17.936508,5
22630,23238,0.005531,0.178571,17.936508,5
82551,82552,0.007743,0.411765,17.72549,7
82551,82583,0.006637,0.352941,17.72549,6
82552,82551,0.007743,0.333333,17.72549,7
82583,82551,0.006637,0.333333,17.72549,6
21903,85150,0.005531,0.333333,17.72549,5
37448,37449,0.004425,0.333333,17.72549,4
37503,37449,0.004425,0.333333,17.72549,4
22227,22219,0.004425,0.333333,17.72549,4
85150,21903,0.005531,0.294118,17.72549,5
37449,37448,0.004425,0.235294,17.72549,4
37449,37503,0.004425,0.235294,17.72549,4
22219,22227,0.004425,0.235294,17.72549,4
22951,21977,0.005531,0.625,17.65625,5
21977,22951,0.005531,0.15625,17.65625,5
22560,22489,0.009956,0.428571,17.61039,9
22489,22560,0.009956,0.409091,17.61039,9
22866,22633,0.007743,0.388889,17.577778,7
22633,22866,0.007743,0.35,17.577778,7
20681,84380,0.004425,0.444444,17.468599,4
85227,22569,0.004425,0.444444,17.468599,4
23101,23301,0.004425,0.444444,17.468599,4
84380,20681,0.004425,0.173913,17.468599,4
22569,85227,0.004425,0.173913,17.468599,4
23301,23101,0.004425,0.173913,17.468599,4
23205,20724,0.006637,0.75,17.384615,6
22734,22952,0.007743,0.5,17.384615,7
22614,22554,0.004425,0.5,17.384615,4
23205,23209,0.004425,0.5,17.384615,4
21238,20676,0.005531,0.384615,17.384615,5
22940,22751,0.004425,0.307692,17.384615,4
23356,22113,0.004425,0.307692,17.384615,4
22952,22734,0.007743,0.269231,17.384615,7
20676,21238,0.005531,0.25,17.384615,5
22751,22940,0.004425,0.25,17.384615,4
22113,23356,0.004425,0.25,17.384615,4
20724,23205,0.006637,0.153846,17.384615,6
22554,22614,0.004425,0.153846,17.384615,4
23209,23205,0.004425,0.153846,17.384615,4
22064,21232,0.009956,0.9,17.310638,9
21232,22064,0.009956,0.191489,17.310638,9
85049E,84347,0.004425,0.363636,17.301435,4
21207,21989,0.004425,0.363636,17.301435,4
21078,84520B,0.004425,0.363636,17.301435,4
22851,22804,0.004425,0.363636,17.301435,4
22142,22749,0.004425,0.363636,17.301435,4
22142,22750,0.004425,0.363636,17.301435,4
84347,85049E,0.004425,0.210526,17.301435,4
21989,21207,0.004425,0.210526,17.301435,4
84520B,21078,0.004425,0.210526,17.301435,4
22804,22851,0.004425,0.210526,17.301435,4
22749,22142,0.004425,0.210526,17.301435,4
22750,22142,0.004425,0.210526,17.301435,4
85199S,22557,0.004425,0.571429,17.219048,4
22692,22690,0.004425,0.285714,17.219048,4
22964,22966,0.004425,0.285714,17.219048,4
22690,22692,0.004425,0.266667,17.219048,4
22966,22964,0.004425,0.266667,17.219048,4
22630,22629,0.018805,0.607143,17.151786,17
22629,22630,0.018805,0.53125,17.151786,17
20677,84997B,0.005531,0.416667,17.121212,5
84997B,20677,0.005531,0.227273,17.121212,5
22424,22427,0.005531,0.357143,16.992481,5
22427,22424,0.005531,0.263158,16.992481,5
21877,21871,0.006637,0.375,16.95,6
21871,21877,0.006637,0.3,16.95,6
22964,84380,0.006637,0.428571,16.84472,6
84380,22964,0.006637,0.26087,16.84472,6
22311,21914,0.004425,0.5,16.740741,4
22693,22568,0.004425,0.5,16.740741,4
21730,84029G,0.004425,0.444444,16.740741,4
21507,22027,0.007743,0.388889,16.740741,7
22417,84992,0.007743,0.388889,16.740741,7
22027,21507,0.007743,0.333333,16.740741,7
84992,22417,0.007743,0.333333,16.740741,7
22645,47559B,0.005531,0.333333,16.740741,5
22024,21509,0.004425,0.333333,16.740741,4
22771,21669,0.004425,0.333333,16.740741,4
47559B,22645,0.005531,0.277778,16.740741,5
21509,22024,0.004425,0.222222,16.740741,4
21669,22771,0.004425,0.222222,16.740741,4
84029G,21730,0.004425,0.166667,16.740741,4
23198,22666,0.006637,0.461538,16.689231,6
22666,23198,0.006637,0.24,16.689231,6
84987,84988,0.005531,0.3125,16.617647,5
23207,23199,0.005531,0.3125,16.617647,5
84988,84987,0.005531,0.294118,16.617647,5
23199,23207,0.005531,0.294118,16.617647,5
22606,47590B,0.004425,0.363636,16.436364,4
22851,22646,0.004425,0.363636,16.436364,4
22998,22728,0.004425,0.363636,16.436364,4
23170,22697,0.004425,0.363636,16.436364,4
47590B,22606,0.004425,0.2,16.436364,4
22646,22851,0.004425,0.2,16.436364,4
22728,22998,0.004425,0.2,16.436364,4
22697,23170,0.004425,0.2,16.436364,4
22739,22748,0.004425,0.307692,16.361991,4
22940,22748,0.004425,0.307692,16.361991,4
21933,23199,0.004425,0.307692,16.361991,4
23198,23293,0.004425,0.307692,16.361991,4
23356,22835,0.004425,0.307692,16.361991,4
22748,22739,0.004425,0.235294,16.361991,4
22748,22940,0.004425,0.235294,16.361991,4
23199,21933,0.004425,0.235294,16.361991,4
23293,23198,0.004425,0.235294,16.361991,4
22835,23356,0.004425,0.235294,16.361991,4
22631,22629,0.012168,0.578947,16.355263,11
22629,22631,0.012168,0.34375,16.355263,11
82551,82580,0.007743,0.411765,16.184143,7
82581,82582,0.007743,0.411765,16.184143,7
82580,82551,0.007743,0.304348,16.184143,7
82582,82581,0.007743,0.304348,16.184143,7
22551,22557,0.016593,0.535714,16.142857,15
22557,22551,0.016593,0.5,16.142857,15
22659,22630,0.011062,0.5,16.142857,10
22188,22189,0.00885,0.5,16.142857,8
22661,20723,0.007743,0.5,16.142857,7
20716,20723,0.004425,0.5,16.142857,4
21070,22077,0.004425,0.5,16.142857,4
84029E,84029G,0.009956,0.428571,16.142857,9
84029G,84029E,0.009956,0.375,16.142857,9
22630,22659,0.011062,0.357143,16.142857,10
20751,20754,0.005531,0.357143,16.142857,5
22867,22633,0.005531,0.357143,16.142857,5
22189,22188,0.00885,0.285714,16.142857,8
22418,20974,0.004425,0.285714,16.142857,4
20723,22661,0.007743,0.25,16.142857,7
20754,20751,0.005531,0.25,16.142857,5
22633,22867,0.005531,0.25,16.142857,5
20974,22418,0.004425,0.25,16.142857,4
21527,21843,0.004425,0.444444,16.071111,4
21533,21535,0.004425,0.266667,16.071111,4
21535,21533,0.004425,0.266667,16.071111,4
21535,21539,0.004425,0.266667,16.071111,4
21539,21535,0.004425,0.266667,16.071111,4
21154,21216,0.004425,0.266667,16.071111,4
21216,21154,0.004425,0.266667,16.071111,4
21843,21527,0.004425,0.16,16.071111,4
84992,21975,0.011062,0.47619,15.943563,10
21975,84992,0.011062,0.37037,15.943563,10
21064,21731,0.004425,0.666667,15.859649,4
22271,22749,0.006637,0.333333,15.859649,6
22327,21989,0.004425,0.333333,15.859649,4
21035,84692,0.004425,0.333333,15.859649,4
22663,22699,0.004425,0.333333,15.859649,4
21328,22750,0.004425,0.333333,15.859649,4
22834,22632,0.004425,0.333333,15.859649,4
22834,22750,0.004425,0.333333,15.859649,4
21912,22607,0.004425,0.333333,15.859649,4
23171,22699,0.004425,0.333333,15.859649,4
22749,22271,0.006637,0.315789,15.859649,6
21989,22327,0.004425,0.210526,15.859649,4
84692,21035,0.004425,0.210526,15.859649,4
22699,22663,0.004425,0.210526,15.859649,4
22750,21328,0.004425,0.210526,15.859649,4
22632,22834,0.004425,0.210526,15.859649,4
22750,22834,0.004425,0.210526,15.859649,4
22607,21912,0.004425,0.210526,15.859649,4
22699,23171,0.004425,0.210526,15.859649,4
22633,22865,0.007743,0.35,15.82,7
22865,22633,0.007743,0.35,15.82,7
21756,21754,0.011062,0.769231,15.804196,10
22745,22553,0.005531,0.454545,15.804196,5
22747,22553,0.005531,0.454545,15.804196,5
21754,21756,0.011062,0.227273,15.804196,10
22553,22745,0.005531,0.192308,15.804196,5
22553,22747,0.005531,0.192308,15.804196,5
23351,22086,0.004425,0.8,15.721739,4
23503,23301,0.004425,0.4,15.721739,4
23301,23503,0.004425,0.173913,15.721739,4
84987,22417,0.005531,0.3125,15.694444,5
22417,84987,0.005531,0.277778,15.694444,5
21086,21080,0.017699,0.727273,15.65368,16
22694,22470,0.00885,0.727273,15.65368,8
82599,21181,0.004425,0.571429,15.65368,4
23254,22326,0.004425,0.571429,15.65368,4
21080,21086,0.017699,0.380952,15.65368,16
22195,84029E,0.004425,0.363636,15.65368,4
22531,22560,0.004425,0.363636,15.65368,4
22534,22560,0.004425,0.363636,15.65368,4
21988,21094,0.004425,0.363636,15.65368,4
22419,84077,0.004425,0.363636,15.65368,4
21179,82552,0.004425,0.363636,15.65368,4
22470,22694,0.00885,0.190476,15.65368,8
84029E,22195,0.004425,0.190476,15.65368,4
22560,22531,0.004425,0.190476,15.65368,4
22560,22534,0.004425,0.190476,15.65368,4
21094,21988,0.004425,0.190476,15.65368,4
84077,22419,0.004425,0.190476,15.65368,4
82552,21179,0.004425,0.190476,15.65368,4
82581,85150,0.005531,0.294118,15.640138,5
85150,82581,0.005531,0.294118,15.640138,5
48184,48194,0.00885,0.5,15.586207,8
21982,22355,0.004425,0.5,15.586207,4
22693,20971,0.004425,0.5,15.586207,4
48194,48184,0.00885,0.275862,15.586207,8
23204,23209,0.004425,0.444444,15.452991,4
22082,22555,0.004425,0.307692,15.452991,4
22754,22759,0.004425,0.307692,15.452991,4
22555,22082,0.004425,0.222222,15.452991,4
22759,22754,0.004425,0.222222,15.452991,4
23209,23204,0.004425,0.153846,15.452991,4
23307,22720,0.006637,0.75,15.409091,6
21094,21080,0.016593,0.714286,15.37415,15
84970L,84970S,0.011062,0.47619,15.37415,10
21080,21094,0.016593,0.357143,15.37415,15
84970S,84970L,0.011062,0.357143,15.37415,10
22037,22027,0.005531,0.357143,15.37415,5
22562,22560,0.005531,0.357143,15.37415,5
22418,22560,0.005531,0.357143,15.37415,5
21506,22027,0.005531,0.357143,15.37415,5
22027,22037,0.005531,0.238095,15.37415,5
22560,22562,0.005531,0.238095,15.37415,5
22560,22418,0.005531,0.238095,15.37415,5
22027,21506,0.005531,0.238095,15.37415,5
22961,22960,0.012168,0.44,15.298462,11
22960,22961,0.012168,0.423077,15.298462,11
21169,21166,0.005531,0.454545,15.218855,5
22413,21166,0.005531,0.454545,15.218855,5
22998,21166,0.005531,0.454545,15.218855,5
21166,21169,0.005531,0.185185,15.218855,5
21166,22413,0.005531,0.185185,15.218855,5
21166,22998,0.005531,0.185185,15.218855,5
20679,15056N,0.00885,0.470588,15.193277,8
85150,82552,0.006637,0.352941,15.193277,6
23199,23206,0.006637,0.352941,15.193277,6
23199,23202,0.006637,0.352941,15.193277,6
15056N,20679,0.00885,0.285714,15.193277,8
82552,85150,0.006637,0.285714,15.193277,6
23206,23199,0.006637,0.285714,15.193277,6
23202,23199,0.006637,0.285714,15.193277,6
21558,21980,0.004425,0.285714,15.193277,4
22296,22219,0.004425,0.285714,15.193277,4
84032B,20679,0.004425,0.285714,15.193277,4
21980,21558,0.004425,0.235294,15.193277,4
22219,22296,0.004425,0.235294,15.193277,4
20679,84032B,0.004425,0.235294,15.193277,4
22114,22112,0.014381,0.52,15.163871,13
22112,22114,0.014381,0.419355,15.163871,13
22563,22569,0.005531,0.384615,15.117057,5
22569,22563,0.005531,0.217391,15.117057,5
22064,21231,0.006637,0.6,15.066667,6
37450,21231,0.006637,0.6,15.066667,6
22595,22577,0.006637,0.333333,15.066667,6
21508,22029,0.004425,0.333333,15.066667,4
21912,22605,0.004425,0.333333,15.066667,4
22663,22659,0.004425,0.333333,15.066667,4
22028,22029,0.004425,0.333333,15.066667,4
22834,22865,0.004425,0.333333,15.066667,4
23200,23201,0.004425,0.333333,15.066667,4
22577,22595,0.006637,0.3,15.066667,6
21932,84596F,0.004425,0.266667,15.066667,4
22966,84596F,0.004425,0.266667,15.066667,4
84596F,21932,0.004425,0.25,15.066667,4
84596F,22966,0.004425,0.25,15.066667,4
22029,21508,0.004425,0.2,15.066667,4
22605,21912,0.004425,0.2,15.066667,4
22659,22663,0.004425,0.2,15.066667,4
22029,22028,0.004425,0.2,15.066667,4
22865,22834,0.004425,0.2,15.066667,4
23201,23200,0.004425,0.2,15.066667,4
21231,22064,0.006637,0.166667,15.066667,6
21231,37450,0.006637,0.166667,15.066667,6
21169,21181,0.006637,0.545455,14.942149,6
21988,21086,0.004425,0.363636,14.942149,4
84949,82484,0.004425,0.363636,14.942149,4
21181,21169,0.006637,0.181818,14.942149,6
21086,21988,0.004425,0.181818,14.942149,4
82484,84949,0.004425,0.181818,14.942149,4
20723,20724,0.019912,0.642857,14.901099,18
20724,20723,0.019912,0.461538,14.901099,18
22554,22551,0.013274,0.461538,14.901099,12
22551,22554,0.013274,0.428571,14.901099,12
22835,22114,0.007743,0.411765,14.889412,7
22114,22835,0.007743,0.28,14.889412,7
22421,21914,0.004425,0.444444,14.880658,4
22356,20724,0.025442,0.638889,14.809117,23
20724,22356,0.025442,0.589744,14.809117,23
21166,85152,0.016593,0.555556,14.771242,15
85152,21166,0.016593,0.441176,14.771242,15
82581,21908,0.005531,0.294118,14.771242,5
21908,82581,0.005531,0.277778,14.771242,5
84378,84380,0.006637,0.375,14.73913,6
84380,84378,0.006637,0.26087,14.73913,6
22843,22720,0.005531,0.714286,14.675325,5
23158,22720,0.005531,0.714286,14.675325,5
22745,22551,0.005531,0.454545,14.675325,5
21484,21485,0.005531,0.357143,14.675325,5
22661,22662,0.005531,0.357143,14.675325,5
21485,21484,0.005531,0.227273,14.675325,5
22662,22661,0.005531,0.227273,14.675325,5
22551,22745,0.005531,0.178571,14.675325,5
22582,22632,0.004425,0.307692,14.639676,4
22274,22749,0.004425,0.307692,14.639676,4
22940,22750,0.004425,0.307692,14.639676,4
22632,22582,0.004425,0.210526,14.639676,4
22749,22274,0.004425,0.210526,14.639676,4
22750,22940,0.004425,0.210526,14.639676,4
84030E,22112,0.004425,0.5,14.580645,4
22813,21915,0.004425,0.5,14.580645,4
21169,85152,0.006637,0.545455,14.502674,6
85152,21169,0.006637,0.176471,14.502674,6
21328,22553,0.005531,0.416667,14.487179,5
22332,22553,0.005531,0.416667,14.487179,5
23200,23209,0.005531,0.416667,14.487179,5
22553,21328,0.005531,0.192308,14.487179,5
22553,22332,0.005531,0.192308,14.487179,5
23209,23200,0.005531,0.192308,14.487179,5
20723,22355,0.014381,0.464286,14.472906,13
22355,20723,0.014381,0.448276,14.472906,13
22620,21791,0.006637,0.461538,14.387268,6
21791,22620,0.006637,0.206897,14.387268,6
37447,21231,0.004425,0.571429,14.349206,4
22530,22551,0.004425,0.444444,14.349206,4
23318,22910,0.004425,0.444444,14.349206,4
23240,22630,0.004425,0.444444,14.349206,4
22367,47591D,0.006637,0.333333,14.349206,6
22491,22560,0.005531,0.333333,14.349206,5
21508,22027,0.004425,0.333333,14.349206,4
22716,22027,0.004425,0.333333,14.349206,4
21937,23206,0.004425,0.333333,14.349206,4
23171,23245,0.004425,0.333333,14.349206,4
47591D,22367,0.006637,0.285714,14.349206,6
22037,21507,0.004425,0.285714,14.349206,4
22037,21509,0.004425,0.285714,14.349206,4
21907,21908,0.004425,0.285714,14.349206,4
22418,22621,0.004425,0.285714,14.349206,4
21907,82583,0.004425,0.285714,14.349206,4
22661,20717,0.004425,0.285714,14.349206,4
22734,22909,0.004425,0.285714,14.349206,4
22692,21523,0.004425,0.285714,14.349206,4
22560,22491,0.005531,0.238095,14.349206,5
21507,22037,0.004425,0.222222,14.349206,4
21509,22037,0.004425,0.222222,14.349206,4
21908,21907,0.004425,0.222222,14.349206,4
22621,22418,0.004425,0.222222,14.349206,4
82583,21907,0.004425,0.222222,14.349206,4
20717,22661,0.004425,0.222222,14.349206,4
22909,22734,0.004425,0.222222,14.349206,4
21523,22692,0.004425,0.222222,14.349206,4
22027,21508,0.004425,0.190476,14.349206,4
22027,22716,0.004425,0.190476,14.349206,4
23206,21937,0.004425,0.190476,14.349206,4
23245,23171,0.004425,0.190476,14.349206,4
22564,22569,0.004425,0.363636,14.29249,4
23100,23301,0.004425,0.363636,14.29249,4
22569,22564,0.004425,0.173913,14.29249,4
23301,23100,0.004425,0.173913,14.29249,4
21891,22605,0.006637,0.315789,14.273684,6
22605,21891,0.006637,0.3,14.273684,6
21215,84991,0.004425,0.8,14.180392,4
21154,21155,0.004425,0.266667,14.180392,4
22730,82551,0.004425,0.266667,14.180392,4
22966,20679,0.004425,0.266667,14.180392,4
22966,23293,0.004425,0.266667,14.180392,4
21155,21154,0.004425,0.235294,14.180392,4
82551,22730,0.004425,0.235294,14.180392,4
20679,22966,0.004425,0.235294,14.180392,4
23293,22966,0.004425,0.235294,14.180392,4
22549,21791,0.005531,0.454545,14.169279,5
21791,22549,0.005531,0.172414,14.169279,5
23243,22720,0.012168,0.6875,14.125,11
22417,21977,0.009956,0.5,14.125,9
21070,21977,0.004425,0.5,14.125,4
21977,22417,0.009956,0.28125,14.125,9
22720,23243,0.012168,0.25,14.125,11
85150,85152,0.009956,0.529412,14.076125,9
85152,85150,0.009956,0.264706,14.076125,9
22580,22086,0.005531,0.714286,14.037267,5
15056BL,15056N,0.011062,0.434783,14.037267,10
15056N,15056BL,0.011062,0.357143,14.037267,10
20969,22749,0.005531,0.294118,13.993808,5
23300,23355,0.005531,0.294118,13.993808,5
22749,20969,0.005531,0.263158,13.993808,5
23355,23300,0.005531,0.263158,13.993808,5
22055,21232,0.00885,0.727273,13.988395,8
21232,22055,0.00885,0.170213,13.988395,8
21174,21175,0.013274,0.571429,13.96139,12
22921,21175,0.004425,0.571429,13.96139,4
21175,21174,0.013274,0.324324,13.96139,12
37448,21166,0.005531,0.416667,13.950617,5
22578,22595,0.005531,0.277778,13.950617,5
22595,22578,0.005531,0.277778,13.950617,5
22866,22909,0.005531,0.277778,13.950617,5
22909,22866,0.005531,0.277778,13.950617,5
21166,37448,0.005531,0.185185,13.950617,5
22554,22557,0.013274,0.461538,13.907692,12
22557,22554,0.013274,0.4,13.907692,12
21967,22553,0.004425,0.4,13.907692,4
22437,22553,0.004425,0.4,13.907692,4
23356,22114,0.005531,0.384615,13.907692,5
21238,84997C,0.004425,0.307692,13.907692,4
21239,84997C,0.004425,0.307692,13.907692,4
21239,20676,0.004425,0.307692,13.907692,4
22114,23356,0.005531,0.2,13.907692,5
84997C,21238,0.004425,0.2,13.907692,4
84997C,21239,0.004425,0.2,13.907692,4
20676,21239,0.004425,0.2,13.907692,4
22553,21967,0.004425,0.153846,13.907692,4
22553,22437,0.004425,0.153846,13.907692,4
21892,21889,0.006637,0.352941,13.872123,6
21889,21892,0.006637,0.26087,13.872123,6
20717,20718,0.00885,0.444444,13.854406,8
20718,20717,0.00885,0.275862,13.854406,8
20749,20750,0.012168,0.458333,13.811111,11
20750,20749,0.012168,0.366667,13.811111,11
37447,21232,0.005531,0.714286,13.738602,5
22835,22112,0.00885,0.470588,13.72296,8
22112,22835,0.00885,0.258065,13.72296,8
22721,22720,0.004425,0.666667,13.69697,4
23005,82494L,0.004425,0.666667,13.69697,4
23346,POST,0.004425,0.666667,13.69697,4
23309,22720,0.004425,0.666667,13.69697,4
23206,22662,0.007743,0.333333,13.69697,7
22621,22489,0.006637,0.333333,13.69697,6
22332,22083,0.004425,0.333333,13.69697,4
22663,22385,0.004425,0.333333,13.69697,4
22663,20713,0.004425,0.333333,13.69697,4
23200,22662,0.004425,0.333333,13.69697,4
22662,23206,0.007743,0.318182,13.69697,7
22489,22621,0.006637,0.272727,13.69697,6
22083,22332,0.004425,0.181818,13.69697,4
22385,22663,0.004425,0.181818,13.69697,4
20713,22663,0.004425,0.181818,13.69697,4
22662,23200,0.004425,0.181818,13.69697,4
22631,22630,0.00885,0.421053,13.593985,8
21164,82552,0.006637,0.315789,13.593985,6
21989,21094,0.006637,0.315789,13.593985,6
22630,22631,0.00885,0.285714,13.593985,8
82552,21164,0.006637,0.285714,13.593985,6
21094,21989,0.006637,0.285714,13.593985,6
21907,21165,0.004425,0.285714,13.593985,4
21165,21907,0.004425,0.210526,13.593985,4
37450,21232,0.007743,0.7,13.46383,7
22620,21915,0.006637,0.461538,13.459057,6
21915,22620,0.006637,0.193548,13.459057,6
20723,22356,0.016593,0.535714,13.452381,15
22356,20723,0.016593,0.416667,13.452381,15
37448,15056N,0.005531,0.416667,13.452381,5
85049C,22077,0.005531,0.416667,13.452381,5
23344,23202,0.005531,0.3125,13.452381,5
23202,23344,0.005531,0.238095,13.452381,5
15056N,37448,0.005531,0.178571,13.452381,5
22077,85049C,0.005531,0.178571,13.452381,5
22662,22382,0.017699,0.727273,13.41744,16
22382,22662,0.017699,0.326531,13.41744,16
21584,20750,0.004425,0.444444,13.392593,4
47556B,20712,0.004425,0.4,13.392593,4
82567,21166,0.004425,0.4,13.392593,4
22665,21914,0.004425,0.4,13.392593,4
21903,21908,0.004425,0.266667,13.392593,4
21154,47559B,0.004425,0.266667,13.392593,4
22690,21523,0.004425,0.266667,13.392593,4
21932,84596B,0.004425,0.266667,13.392593,4
22729,82583,0.004425,0.266667,13.392593,4
22966,21669,0.004425,0.266667,13.392593,4
22966,84596B,0.004425,0.266667,13.392593,4
22941,21481,0.004425,0.266667,13.392593,4
21908,21903,0.004425,0.222222,13.392593,4
47559B,21154,0.004425,0.222222,13.392593,4
21523,22690,0.004425,0.222222,13.392593,4
84596B,21932,0.004425,0.222222,13.392593,4
82583,22729,0.004425,0.222222,13.392593,4
21669,22966,0.004425,0.222222,13.392593,4
84596B,22966,0.004425,0.222222,13.392593,4
21481,22941,0.004425,0.222222,13.392593,4
22553,22554,0.011062,0.384615,13.372781,10
22554,22553,0.011062,0.384615,13.372781,10
22554,22556,0.011062,0.384615,13.372781,10
22556,22554,0.011062,0.384615,13.372781,10
22553,22556,0.011062,0.384615,13.372781,10
22556,22553,0.011062,0.384615,13.372781,10
22746,22553,0.005531,0.384615,13.372781,5
22553,22746,0.005531,0.192308,13.372781,5
22661,22355,0.006637,0.428571,13.359606,6
22355,22661,0.006637,0.206897,13.359606,6
22998,21175,0.006637,0.545455,13.326781,6
21175,22998,0.006637,0.162162,13.326781,6
21755,21754,0.024336,0.647059,13.294118,22
21754,21755,0.024336,0.5,13.294118,22
21485,22111,0.012168,0.5,13.294118,11
21908,85152,0.009956,0.5,13.294118,9
22111,21485,0.012168,0.323529,13.294118,11
21892,22605,0.005531,0.294118,13.294118,5
23199,23201,0.005531,0.294118,13.294118,5
85152,21908,0.009956,0.264706,13.294118,9
22605,21892,0.005531,0.25,13.294118,5
23201,23199,0.005531,0.25,13.294118,5
84596F,20679,0.004425,0.25,13.294118,4
22113,22835,0.004425,0.25,13.294118,4
20679,84596F,0.004425,0.235294,13.294118,4
22835,22113,0.004425,0.235294,13.294118,4
22563,22560,0.004425,0.307692,13.245421,4
22563,22570,0.004425,0.307692,13.245421,4
22739,22352,0.004425,0.307692,13.245421,4
22560,22563,0.004425,0.190476,13.245421,4
22570,22563,0.004425,0.190476,13.245421,4
22352,22739,0.004425,0.190476,13.245421,4
22417,21974,0.005531,0.277778,13.216374,5
21908,21172,0.005531,0.277778,13.216374,5
21974,22417,0.005531,0.263158,13.216374,5
21172,21908,0.005531,0.263158,13.216374,5
22147,22149,0.014381,0.481481,13.189675,13
22149,22147,0.014381,0.393939,13.189675,13
84032A,22114,0.004425,0.363636,13.149091,4
22998,22993,0.004425,0.363636,13.149091,4
21169,82600,0.004425,0.363636,13.149091,4
23295,23298,0.004425,0.363636,13.149091,4
22114,84032A,0.004425,0.16,13.149091,4
22993,22998,0.004425,0.16,13.149091,4
82600,21169,0.004425,0.16,13.149091,4
23298,23295,0.004425,0.16,13.149091,4
22560,22569,0.007743,0.333333,13.101449,7
22966,84380,0.005531,0.333333,13.101449,5
21868,82580,0.004425,0.333333,13.101449,4
85049C,22487,0.004425,0.333333,13.101449,4
22776,22624,0.004425,0.333333,13.101449,4
22569,22560,0.007743,0.304348,13.101449,7
84380,22966,0.005531,0.217391,13.101449,5
82580,21868,0.004425,0.173913,13.101449,4
22487,85049C,0.004425,0.173913,13.101449,4
22624,22776,0.004425,0.173913,13.101449,4
22417,21975,0.007743,0.388889,13.020576,7
21908,21166,0.007743,0.388889,13.020576,7
21975,22417,0.007743,0.259259,13.020576,7
21166,21908,0.007743,0.259259,13.020576,7
22961,22993,0.009956,0.36,13.0176,9
22993,22961,0.009956,0.36,13.0176,9
22355,22356,0.016593,0.517241,12.988506,15
22356,22355,0.016593,0.416667,12.988506,15
22328,22326,0.009956,0.473684,12.976077,9
22326,22328,0.009956,0.272727,12.976077,9
21914,21915,0.013274,0.444444,12.960573,12
21915,21914,0.013274,0.387097,12.960573,12
37450,15056N,0.004425,0.4,12.914286,4
22635,22910,0.004425,0.4,12.914286,4
23201,23202,0.006637,0.3,12.914286,6
23202,23201,0.006637,0.285714,12.914286,6
21240,84997C,0.004425,0.285714,12.914286,4
22037,22029,0.004425,0.285714,12.914286,4
21506,22029,0.004425,0.285714,12.914286,4
21240,20676,0.004425,0.285714,12.914286,4
22692,48187,0.004425,0.285714,12.914286,4
84997C,21240,0.004425,0.2,12.914286,4
22029,22037,0.004425,0.2,12.914286,4
22029,21506,0.004425,0.2,12.914286,4
20676,21240,0.004425,0.2,12.914286,4
48187,22692,0.004425,0.2,12.914286,4
85150,21181,0.00885,0.470588,12.891266,8
21181,85150,0.00885,0.242424,12.891266,8
23204,20724,0.005531,0.555556,12.877493,5
21385,84836,0.005531,0.384615,12.877493,5
22563,22568,0.005531,0.384615,12.877493,5
22620,21914,0.005531,0.384615,12.877493,5
84836,21385,0.005531,0.185185,12.877493,5
22568,22563,0.005531,0.185185,12.877493,5
21914,22620,0.005531,0.185185,12.877493,5
22965,22720,0.005531,0.625,12.840909,5
22751,22150,0.005531,0.3125,12.840909,5
22150,22751,0.005531,0.227273,12.840909,5
37446,21232,0.004425,0.666667,12.822695,4
22696,22469,0.004425,0.666667,12.822695,4
21903,21181,0.007743,0.466667,12.783838,7
21181,21903,0.007743,0.212121,12.783838,7
85150,82600,0.006637,0.352941,12.762353,6
82600,85150,0.006637,0.24,12.762353,6
22560,22561,0.00885,0.380952,12.75485,8
22561,22560,0.00885,0.296296,12.75485,8
22617,22138,0.024336,0.733333,12.748718,22
22138,22617,0.024336,0.423077,12.748718,22
22553,22557,0.012168,0.423077,12.748718,11
22557,22553,0.012168,0.366667,12.748718,11
82582,85152,0.012168,0.478261,12.716113,11
85152,82582,0.012168,0.323529,12.716113,11
21903,21165,0.004425,0.266667,12.687719,4
20970,22749,0.004425,0.266667,12.687719,4
22144,22749,0.004425,0.266667,12.687719,4
21165,21903,0.004425,0.210526,12.687719,4
22749,20970,0.004425,0.210526,12.687719,4
22749,22144,0.004425,0.210526,12.687719,4
23207,22382,0.012168,0.6875,12.683673,11
22382,23207,0.012168,0.22449,12.683673,11
21166,21175,0.015487,0.518519,12.668669,14
21175,21166,0.015487,0.378378,12.668669,14
21174,85152,0.011062,0.47619,12.661064,10
85152,21174,0.011062,0.294118,12.661064,10
82581,82552,0.005531,0.294118,12.661064,5
21980,22352,0.005531,0.294118,12.661064,5
82552,82581,0.005531,0.238095,12.661064,5
22352,21980,0.005531,0.238095,12.661064,5
22662,23209,0.00885,0.363636,12.643357,8
22534,22556,0.004425,0.363636,12.643357,4
23100,23084,0.004425,0.363636,12.643357,4
23209,22662,0.00885,0.307692,12.643357,8
21326,84755,0.004425,0.307692,12.643357,4
22274,22150,0.004425,0.307692,12.643357,4
21987,21086,0.004425,0.307692,12.643357,4
84755,21326,0.004425,0.181818,12.643357,4
22150,22274,0.004425,0.181818,12.643357,4
21086,21987,0.004425,0.181818,12.643357,4
22556,22534,0.004425,0.153846,12.643357,4
23084,23100,0.004425,0.153846,12.643357,4
22910,22086,0.019912,0.642857,12.63354,18
22086,22910,0.019912,0.391304,12.63354,18
22068,21231,0.004425,0.5,12.555556,4
84596G,21231,0.004425,0.5,12.555556,4
23205,22356,0.004425,0.5,12.555556,4
22417,21213,0.00885,0.444444,12.555556,8
21504,21213,0.004425,0.444444,12.555556,4
23238,22629,0.004425,0.444444,12.555556,4
22663,21928,0.005531,0.416667,12.555556,5
20717,20723,0.007743,0.388889,12.555556,7
84987,21210,0.006637,0.375,12.555556,6
22271,20972,0.006637,0.333333,12.555556,6
84997A,21930,0.004425,0.333333,12.555556,4
82483,22464,0.004425,0.333333,12.555556,4
21509,22029,0.005531,0.277778,12.555556,5
21213,22417,0.00885,0.25,12.555556,8
20723,20717,0.007743,0.25,12.555556,7
20972,22271,0.006637,0.25,12.555556,6
22029,21509,0.005531,0.25,12.555556,5
21877,21908,0.004425,0.25,12.555556,4
21955,21523,0.004425,0.25,12.555556,4
22751,22555,0.004425,0.25,12.555556,4
84596F,47559B,0.004425,0.25,12.555556,4
21210,84987,0.006637,0.222222,12.555556,6
21908,21877,0.004425,0.222222,12.555556,4
21523,21955,0.004425,0.222222,12.555556,4
22555,22751,0.004425,0.222222,12.555556,4
47559B,84596F,0.004425,0.222222,12.555556,4
21928,22663,0.005531,0.166667,12.555556,5
21930,84997A,0.004425,0.166667,12.555556,4
22464,82483,0.004425,0.166667,12.555556,4
21899,22607,0.005531,0.263158,12.520776,5
22607,21899,0.005531,0.263158,12.520776,5
21891,22607,0.005531,0.263158,12.520776,5
22607,21891,0.005531,0.263158,12.520776,5
82551,82581,0.004425,0.235294,12.512111,4
82581,82551,0.004425,0.235294,12.512111,4
82551,85150,0.004425,0.235294,12.512111,4
85150,82551,0.004425,0.235294,12.512111,4
23319,22086,0.007743,0.636364,12.505929,7
22086,23319,0.007743,0.152174,12.505929,7
21932,20718,0.006637,0.4,12.468966,6
22269,22355,0.004425,0.4,12.468966,4
47590A,22090,0.004425,0.4,12.468966,4
20718,21932,0.006637,0.206897,12.468966,6
22150,22149,0.011062,0.454545,12.451791,10
22149,22150,0.011062,0.30303,12.451791,10
22746,22551,0.005531,0.384615,12.417582,5
22551,22746,0.005531,0.178571,12.417582,5
23355,23301,0.006637,0.315789,12.411899,6
23301,23355,0.006637,0.26087,12.411899,6
84032B,21094,0.004425,0.285714,12.29932,4
22562,22570,0.004425,0.285714,12.29932,4
21907,21174,0.004425,0.285714,12.29932,4
21907,82552,0.004425,0.285714,12.29932,4
22418,22027,0.004425,0.285714,12.29932,4
21094,84032B,0.004425,0.190476,12.29932,4
22570,22562,0.004425,0.190476,12.29932,4
21174,21907,0.004425,0.190476,12.29932,4
82552,21907,0.004425,0.190476,12.29932,4
22027,22418,0.004425,0.190476,12.29932,4
21231,21232,0.025442,0.638889,12.288416,23
21232,21231,0.025442,0.489362,12.288416,23
23356,22111,0.006637,0.461538,12.271493,6
22111,23356,0.006637,0.176471,12.271493,6
22059,21232,0.007743,0.636364,12.239845,7
85152,21175,0.018805,0.5,12.216216,17
21876,21175,0.004425,0.5,12.216216,4
85184C,21175,0.004425,0.5,12.216216,4
22916,21175,0.004425,0.5,12.216216,4
22917,21175,0.004425,0.5,12.216216,4
22918,21175,0.004425,0.5,12.216216,4
22919,21175,0.004425,0.5,12.216216,4
22920,21175,0.004425,0.5,12.216216,4
23205,20719,0.004425,0.5,12.216216,4
21175,85152,0.018805,0.459459,12.216216,17
21908,21181,0.00885,0.444444,12.175084,8
22150,22147,0.00885,0.363636,12.175084,8
22564,22568,0.004425,0.363636,12.175084,4
22616,21166,0.004425,0.363636,12.175084,4
22549,21914,0.004425,0.363636,12.175084,4
22745,22147,0.004425,0.363636,12.175084,4
22747,22147,0.004425,0.363636,12.175084,4
22745,21914,0.004425,0.363636,12.175084,4
22147,22150,0.00885,0.296296,12.175084,8
21181,21908,0.00885,0.242424,12.175084,8
84029G,22112,0.011062,0.416667,12.150538,10
22112,84029G,0.011062,0.322581,12.150538,10
21770,82580,0.004425,0.307692,12.093645,4
22940,21889,0.004425,0.307692,12.093645,4
82580,21770,0.004425,0.173913,12.093645,4
21889,22940,0.004425,0.173913,12.093645,4
22998,85152,0.005531,0.454545,12.085561,5
84596E,22197,0.004425,0.666667,12.053333,4
22196,22557,0.004425,0.4,12.053333,4
22737,22557,0.004425,0.4,12.053333,4
22665,22617,0.004425,0.4,12.053333,4
82600,21166,0.009956,0.36,12.053333,9
21166,82600,0.009956,0.333333,12.053333,9
21934,22379,0.004425,0.333333,12.053333,4
23208,23203,0.004425,0.333333,12.053333,4
23200,23203,0.004425,0.333333,12.053333,4
20979,47590B,0.004425,0.266667,12.053333,4
20982,22605,0.004425,0.266667,12.053333,4
47590B,20979,0.004425,0.2,12.053333,4
22605,20982,0.004425,0.2,12.053333,4
22379,21934,0.004425,0.16,12.053333,4
23203,23208,0.004425,0.16,12.053333,4
23203,23200,0.004425,0.16,12.053333,4
22067,21232,0.005531,0.625,12.021277,5
21892,21915,0.007743,0.411765,12.00759,7
21915,21892,0.007743,0.225806,12.00759,7
22355,20724,0.016593,0.517241,11.98939,15
20724,22355,0.016593,0.384615,11.98939,15
48111,48194,0.005531,0.384615,11.98939,5
21933,20718,0.005531,0.384615,11.98939,5
48194,48111,0.005531,0.172414,11.98939,5
20718,21933,0.005531,0.172414,11.98939,5
21485,84029G,0.007743,0.318182,11.984848,7
20713,21930,0.007743,0.318182,11.984848,7
84029G,21485,0.007743,0.291667,11.984848,7
21930,20713,0.007743,0.291667,11.984848,7
82580,82582,0.007743,0.304348,11.962193,7
82582,82580,0.007743,0.304348,11.962193,7
21907,21166,0.005531,0.357143,11.957672,5
21507,21498,0.005531,0.277778,11.957672,5
21509,21498,0.005531,0.277778,11.957672,5
21509,22027,0.005531,0.277778,11.957672,5
21509,84077,0.005531,0.277778,11.957672,5
22621,22560,0.005531,0.277778,11.957672,5
21498,21507,0.005531,0.238095,11.957672,5
21498,21509,0.005531,0.238095,11.957672,5
22027,21509,0.005531,0.238095,11.957672,5
84077,21509,0.005531,0.238095,11.957672,5
22560,22621,0.005531,0.238095,11.957672,5
21166,21907,0.005531,0.185185,11.957672,5
22466,21731,0.005531,0.5,11.894737,5
21156,20749,0.006637,0.315789,11.894737,6
21901,22605,0.005531,0.263158,11.894737,5
20749,21156,0.006637,0.25,11.894737,6
22605,21901,0.005531,0.25,11.894737,5
21955,21172,0.004425,0.25,11.894737,4
84987,21974,0.004425,0.25,11.894737,4
23207,22328,0.004425,0.25,11.894737,4
21172,21955,0.004425,0.210526,11.894737,4
21974,84987,0.004425,0.210526,11.894737,4
22328,23207,0.004425,0.210526,11.894737,4
21933,22384,0.007743,0.538462,11.87242,7
22384,21933,0.007743,0.170732,11.87242,7
84992,84991,0.015487,0.666667,11.816993,14
22365,48138,0.004425,0.444444,11.816993,4
85150,21166,0.006637,0.352941,11.816993,6
84991,84992,0.015487,0.27451,11.816993,14
21980,21479,0.004425,0.235294,11.816993,4
21892,22271,0.004425,0.235294,11.816993,4
82581,82583,0.004425,0.235294,11.816993,4
82581,21669,0.004425,0.235294,11.816993,4
20679,84596B,0.004425,0.235294,11.816993,4
21155,22667,0.004425,0.235294,11.816993,4
21166,85150,0.006637,0.222222,11.816993,6
21479,21980,0.004425,0.222222,11.816993,4
22271,21892,0.004425,0.222222,11.816993,4
82583,82581,0.004425,0.222222,11.816993,4
21669,82581,0.004425,0.222222,11.816993,4
84596B,20679,0.004425,0.222222,11.816993,4
22667,21155,0.004425,0.222222,11.816993,4
22327,21213,0.005531,0.416667,11.770833,5
21213,22327,0.005531,0.15625,11.770833,5
21907,21181,0.006637,0.428571,11.74026,6
84755,71459,0.00885,0.363636,11.74026,8
22606,21621,0.004425,0.363636,11.74026,4
22818,22910,0.004425,0.363636,11.74026,4
22747,22551,0.004425,0.363636,11.74026,4
22998,22630,0.004425,0.363636,11.74026,4
23319,22910,0.004425,0.363636,11.74026,4
71459,84755,0.00885,0.285714,11.74026,8
21240,84997B,0.004425,0.285714,11.74026,4
22418,22489,0.004425,0.285714,11.74026,4
21181,21907,0.006637,0.181818,11.74026,6
84997B,21240,0.004425,0.181818,11.74026,4
22489,22418,0.004425,0.181818,11.74026,4
21935,22356,0.007743,0.466667,11.718519,7
22645,21231,0.007743,0.466667,11.718519,7
22555,22557,0.007743,0.388889,11.718519,7
22557,22555,0.007743,0.233333,11.718519,7
22356,21935,0.007743,0.194444,11.718519,7
21231,22645,0.007743,0.194444,11.718519,7
22582,22557,0.005531,0.384615,11.589744,5
22555,22554,0.006637,0.333333,11.589744,6
22555,22556,0.006637,0.333333,11.589744,6
21327,22553,0.005531,0.333333,11.589744,5
22847,22960,0.005531,0.333333,11.589744,5
22333,22556,0.004425,0.333333,11.589744,4
84997A,22556,0.004425,0.333333,11.589744,4
22940,20972,0.004425,0.307692,11.589744,4
22554,22555,0.006637,0.230769,11.589744,6
22556,22555,0.006637,0.230769,11.589744,6
22553,21327,0.005531,0.192308,11.589744,5
22960,22847,0.005531,0.192308,11.589744,5
22557,22582,0.005531,0.166667,11.589744,5
20972,22940,0.004425,0.166667,11.589744,4
22556,22333,0.004425,0.153846,11.589744,4
22556,84997A,0.004425,0.153846,11.589744,4
20969,22569,0.005531,0.294118,11.560102,5
85150,82580,0.005531,0.294118,11.560102,5
22569,20969,0.005531,0.217391,11.560102,5
82580,85150,0.005531,0.217391,11.560102,5
22456,22457,0.006637,0.6,11.540426,6
82482,82494L,0.026549,0.55814,11.46723,24
82494L,82482,0.026549,0.545455,11.46723,24
22487,22464,0.007743,0.304348,11.463768,7
22464,22487,0.007743,0.291667,11.463768,7
21889,21915,0.009956,0.391304,11.41094,9
21915,21889,0.009956,0.290323,11.41094,9
21928,85099C,0.015487,0.466667,11.401802,14
85099C,21928,0.015487,0.378378,11.401802,14
21907,85152,0.006637,0.428571,11.394958,6
85152,21907,0.006637,0.176471,11.394958,6
22419,22355,0.004425,0.363636,11.335423,4
21165,21174,0.005531,0.263158,11.328321,5
21899,82552,0.005531,0.263158,11.328321,5
21900,82552,0.005531,0.263158,11.328321,5
21901,82552,0.005531,0.263158,11.328321,5
22631,22352,0.005531,0.263158,11.328321,5
21174,21165,0.005531,0.238095,11.328321,5
82552,21899,0.005531,0.238095,11.328321,5
82552,21900,0.005531,0.238095,11.328321,5
82552,21901,0.005531,0.238095,11.328321,5
22352,22631,0.005531,0.238095,11.328321,5
22064,20726,0.004425,0.4,11.3,4
82567,21977,0.004425,0.4,11.3,4
22466,22629,0.004425,0.4,11.3,4
23207,23203,0.005531,0.3125,11.3,5
23207,23298,0.005531,0.3125,11.3,5
23344,23203,0.005531,0.3125,11.3,5
48184,48187,0.004425,0.25,11.3,4
23203,23207,0.005531,0.2,11.3,5
23298,23207,0.005531,0.2,11.3,5
23203,23344,0.005531,0.2,11.3,5
48187,48184,0.004425,0.2,11.3,4
21181,85152,0.015487,0.424242,11.279857,14
85152,21181,0.015487,0.411765,11.279857,14
82552,82580,0.006637,0.285714,11.229814,6
22562,22569,0.004425,0.285714,11.229814,4
21907,82582,0.004425,0.285714,11.229814,4
82580,82552,0.006637,0.26087,11.229814,6
22569,22562,0.004425,0.173913,11.229814,4
82582,21907,0.004425,0.173913,11.229814,4
22998,82494L,0.006637,0.545455,11.206612,6
22989,22720,0.006637,0.545455,11.206612,6
84988,21974,0.004425,0.235294,11.195046,4
82581,21164,0.004425,0.235294,11.195046,4
82581,21165,0.004425,0.235294,11.195046,4
20975,20983,0.004425,0.235294,11.195046,4
20975,21891,0.004425,0.235294,11.195046,4
21892,21901,0.004425,0.235294,11.195046,4
22835,23355,0.004425,0.235294,11.195046,4
21974,84988,0.004425,0.210526,11.195046,4
21164,82581,0.004425,0.210526,11.195046,4
21165,82581,0.004425,0.210526,11.195046,4
20983,20975,0.004425,0.210526,11.195046,4
21891,20975,0.004425,0.210526,11.195046,4
21901,21892,0.004425,0.210526,11.195046,4
23355,22835,0.004425,0.210526,11.195046,4
22556,22551,0.009956,0.346154,11.175824,9
22553,22551,0.009956,0.346154,11.175824,9
22551,22556,0.009956,0.321429,11.175824,9
22551,22553,0.009956,0.321429,11.175824,9
22041,22356,0.004425,0.444444,11.160494,4
21166,21181,0.012168,0.407407,11.160494,11
21181,21166,0.012168,0.333333,11.160494,11
21174,21166,0.007743,0.333333,11.160494,7
82583,21166,0.006637,0.333333,11.160494,6
22271,22147,0.006637,0.333333,11.160494,6
22491,22561,0.005531,0.333333,11.160494,5
21363,21166,0.004425,0.333333,11.160494,4
22493,21914,0.004425,0.333333,11.160494,4
22493,22561,0.004425,0.333333,11.160494,4
21934,20712,0.004425,0.333333,11.160494,4
21166,21174,0.007743,0.259259,11.160494,7
21166,82583,0.006637,0.222222,11.160494,6
22147,22271,0.006637,0.222222,11.160494,6
47559B,84596B,0.004425,0.222222,11.160494,4
84596B,47559B,0.004425,0.222222,11.160494,4
22595,22909,0.004425,0.222222,11.160494,4
22909,22595,0.004425,0.222222,11.160494,4
22561,22491,0.005531,0.185185,11.160494,5
22087,22090,0.005531,0.357143,11.133005,5
22090,22087,0.005531,0.172414,11.133005,5
21238,21843,0.004425,0.307692,11.126154,4
21577,22379,0.004425,0.307692,11.126154,4
22563,22492,0.004425,0.307692,11.126154,4
22969,22961,0.004425,0.307692,11.126154,4
21843,21238,0.004425,0.16,11.126154,4
22379,21577,0.004425,0.16,11.126154,4
22492,22563,0.004425,0.16,11.126154,4
22961,22969,0.004425,0.16,11.126154,4
21169,21175,0.005531,0.454545,11.105651,5
22665,20914,0.005531,0.5,11.02439,5
85184C,21733,0.004425,0.5,11.02439,4
51014A,21232,0.004425,0.571429,10.990881,4
21714,22457,0.004425,0.571429,10.990881,4
22795,22469,0.004425,0.571429,10.990881,4
84792,21212,0.004425,0.666667,10.957576,4
82567,21181,0.004425,0.4,10.957576,4
21870,21181,0.004425,0.4,10.957576,4
22564,22557,0.004425,0.363636,10.957576,4
22745,22557,0.004425,0.363636,10.957576,4
22747,22557,0.004425,0.363636,10.957576,4
22745,22617,0.004425,0.363636,10.957576,4
22747,22617,0.004425,0.363636,10.957576,4
22419,22557,0.004425,0.363636,10.957576,4
22144,22150,0.004425,0.266667,10.957576,4
22150,22144,0.004425,0.181818,10.957576,4
22355,20719,0.014381,0.448276,10.95247,13
20719,22355,0.014381,0.351351,10.95247,13
82581,85152,0.007743,0.411765,10.948097,7
85152,82581,0.007743,0.205882,10.948097,7
21908,82580,0.005531,0.277778,10.917874,5
82580,21908,0.005531,0.217391,10.917874,5
47590B,22090,0.007743,0.35,10.910345,7
22090,47590B,0.007743,0.241379,10.910345,7
84947,84946,0.005531,0.3125,10.865385,5
23344,23084,0.005531,0.3125,10.865385,5
84946,84947,0.005531,0.192308,10.865385,5
23084,23344,0.005531,0.192308,10.865385,5
20712,85099C,0.013274,0.444444,10.858859,12
85099C,20712,0.013274,0.324324,10.858859,12
21989,21086,0.005531,0.263158,10.813397,5
21086,21989,0.005531,0.227273,10.813397,5
72760B,22470,0.005531,0.5,10.761905,5
21313,22178,0.004425,0.5,10.761905,4
22649,21231,0.006637,0.428571,10.761905,6
22562,22557,0.005531,0.357143,10.761905,5
22555,22551,0.006637,0.333333,10.761905,6
22663,22630,0.004425,0.333333,10.761905,4
22028,22077,0.004425,0.333333,10.761905,4
22029,21498,0.005531,0.25,10.761905,5
84378,84992,0.004425,0.25,10.761905,4
84987,47591D,0.004425,0.25,10.761905,4
20974,84077,0.004425,0.25,10.761905,4
21498,22029,0.005531,0.238095,10.761905,5
22551,22555,0.006637,0.214286,10.761905,6
84992,84378,0.004425,0.190476,10.761905,4
47591D,84987,0.004425,0.190476,10.761905,4
84077,20974,0.004425,0.190476,10.761905,4
21231,22649,0.006637,0.166667,10.761905,6
22557,22562,0.005531,0.166667,10.761905,5
23355,22112,0.007743,0.368421,10.743633,7
22112,23355,0.007743,0.225806,10.743633,7
22435,22553,0.004425,0.307692,10.698225,4
22435,22554,0.004425,0.307692,10.698225,4
22582,22556,0.004425,0.307692,10.698225,4
22584,22556,0.004425,0.307692,10.698225,4
22739,22726,0.004425,0.307692,10.698225,4
22746,23084,0.004425,0.307692,10.698225,4
22553,22435,0.004425,0.153846,10.698225,4
22554,22435,0.004425,0.153846,10.698225,4
22556,22582,0.004425,0.153846,10.698225,4
22556,22584,0.004425,0.153846,10.698225,4
22726,22739,0.004425,0.153846,10.698225,4
23084,22746,0.004425,0.153846,10.698225,4
22573,22469,0.005531,0.555556,10.685579,5
22271,22149,0.007743,0.388889,10.653199,7
22149,22271,0.007743,0.212121,10.653199,7
23298,47566,0.016593,0.6,10.635294,15
47590A,47566,0.006637,0.6,10.635294,6
22114,22111,0.011062,0.4,10.635294,10
21810,22111,0.004425,0.4,10.635294,4
22748,22617,0.006637,0.352941,10.635294,6
47566,23298,0.016593,0.294118,10.635294,15
22111,22114,0.011062,0.294118,10.635294,10
82581,82600,0.005531,0.294118,10.635294,5
23199,23203,0.005531,0.294118,10.635294,5
20975,22605,0.004425,0.235294,10.635294,4
21137,79321,0.004425,0.235294,10.635294,4
22617,22748,0.006637,0.2,10.635294,6
82600,82581,0.005531,0.2,10.635294,5
23203,23199,0.005531,0.2,10.635294,5
22605,20975,0.004425,0.2,10.635294,4
79321,21137,0.004425,0.2,10.635294,4
22531,21915,0.004425,0.363636,10.604106,4
84987,21977,0.006637,0.375,10.59375,6
21977,84987,0.006637,0.1875,10.59375,6
21165,21166,0.006637,0.315789,10.573099,6
21166,21165,0.006637,0.222222,10.573099,6
21908,21164,0.004425,0.222222,10.573099,4
22271,21891,0.004425,0.222222,10.573099,4
22367,21156,0.004425,0.222222,10.573099,4
22621,22607,0.004425,0.222222,10.573099,4
22273,22749,0.004425,0.222222,10.573099,4
21164,21908,0.004425,0.210526,10.573099,4
21891,22271,0.004425,0.210526,10.573099,4
21156,22367,0.004425,0.210526,10.573099,4
22607,22621,0.004425,0.210526,10.573099,4
22749,22273,0.004425,0.210526,10.573099,4
21329,22149,0.005531,0.384615,10.536131,5
22940,22149,0.005531,0.384615,10.536131,5
22149,21329,0.005531,0.151515,10.536131,5
22149,22940,0.005531,0.151515,10.536131,5
22470,22469,0.025442,0.547619,10.532928,23
22469,22470,0.025442,0.489362,10.532928,23
82483,82482,0.006637,0.5,10.511628,6
21975,84991,0.017699,0.592593,10.503994,16
84991,21975,0.017699,0.313725,10.503994,16
20970,22569,0.004425,0.266667,10.481159,4
22491,22569,0.004425,0.266667,10.481159,4
22491,21889,0.004425,0.266667,10.481159,4
22569,20970,0.004425,0.173913,10.481159,4
22569,22491,0.004425,0.173913,10.481159,4
21889,22491,0.004425,0.173913,10.481159,4
21907,21175,0.006637,0.428571,10.471042,6
21175,21907,0.006637,0.162162,10.471042,6
37448,21231,0.005531,0.416667,10.462963,5
21975,21213,0.011062,0.37037,10.462963,10
21213,21975,0.011062,0.3125,10.462963,10
22556,22557,0.009956,0.346154,10.430769,9
22557,22556,0.009956,0.3,10.430769,9
23201,23209,0.006637,0.3,10.430769,6
23209,23201,0.006637,0.230769,10.430769,6
21989,21213,0.007743,0.368421,10.407895,7
21213,21989,0.007743,0.21875,10.407895,7
20971,22149,0.012168,0.37931,10.390805,11
22149,20971,0.012168,0.333333,10.390805,11
21935,22355,0.005531,0.333333,10.390805,5
21381,22355,0.004425,0.333333,10.390805,4
22355,21935,0.005531,0.172414,10.390805,5
21164,82582,0.005531,0.263158,10.343249,5
22750,22569,0.005531,0.263158,10.343249,5
21899,82580,0.005531,0.263158,10.343249,5
21899,23301,0.005531,0.263158,10.343249,5
82582,21164,0.005531,0.217391,10.343249,5
22569,22750,0.005531,0.217391,10.343249,5
82580,21899,0.005531,0.217391,10.343249,5
23301,21899,0.005531,0.217391,10.343249,5
21174,82600,0.006637,0.285714,10.331429,6
23206,23298,0.006637,0.285714,10.331429,6
21484,22114,0.004425,0.285714,10.331429,4
22562,22492,0.004425,0.285714,10.331429,4
85061W,82600,0.004425,0.285714,10.331429,4
82600,21174,0.006637,0.24,10.331429,6
23298,23206,0.006637,0.24,10.331429,6
22114,21484,0.004425,0.16,10.331429,4
22492,22562,0.004425,0.16,10.331429,4
82600,85061W,0.004425,0.16,10.331429,4
22274,22147,0.004425,0.307692,10.301994,4
22746,22147,0.004425,0.307692,10.301994,4
22112,22111,0.013274,0.387097,10.29222,12
22111,22112,0.013274,0.352941,10.29222,12
21070,21212,0.005531,0.625,10.272727,5
22895,POST,0.004425,0.5,10.272727,4
22841,22720,0.004425,0.5,10.272727,4
84509A,22720,0.004425,0.5,10.272727,4
23236,22720,0.004425,0.5,10.272727,4
23308,22720,0.004425,0.5,10.272727,4
20713,22356,0.009956,0.409091,10.272727,9
21930,21931,0.009956,0.375,10.272727,9
20972,22149,0.009956,0.375,10.272727,9
22662,22629,0.00885,0.363636,10.272727,8
84032A,21977,0.004425,0.363636,10.272727,4
21544,21213,0.004425,0.363636,10.272727,4
21988,21213,0.004425,0.363636,10.272727,4
22398,22629,0.004425,0.363636,10.272727,4
21931,21930,0.009956,0.272727,10.272727,9
22149,20972,0.009956,0.272727,10.272727,9
22385,21930,0.006637,0.272727,10.272727,6
22356,20713,0.009956,0.25,10.272727,9
22629,22662,0.00885,0.25,10.272727,8
21930,22385,0.006637,0.25,10.272727,6
23201,22385,0.005531,0.25,10.272727,5
21877,21524,0.004425,0.25,10.272727,4
48184,21524,0.004425,0.25,10.272727,4
22385,23201,0.005531,0.227273,10.272727,5
21524,21877,0.004425,0.181818,10.272727,4
21524,48184,0.004425,0.181818,10.272727,4
22645,21232,0.00885,0.533333,10.258156,8
21232,22645,0.00885,0.170213,10.258156,8
21498,22027,0.005531,0.238095,10.249433,5
22027,21498,0.005531,0.238095,10.249433,5
22560,22570,0.005531,0.238095,10.249433,5
22570,22560,0.005531,0.238095,10.249433,5
22560,84077,0.005531,0.238095,10.249433,5
84077,22560,0.005531,0.238095,10.249433,5
23202,23206,0.005531,0.238095,10.249433,5
23206,23202,0.005531,0.238095,10.249433,5
21756,21755,0.005531,0.384615,10.226244,5
22207,48138,0.005531,0.384615,10.226244,5
22748,22553,0.005531,0.294118,10.226244,5
23199,23209,0.005531,0.294118,10.226244,5
82551,22726,0.005531,0.294118,10.226244,5
22748,23084,0.005531,0.294118,10.226244,5
22553,22748,0.005531,0.192308,10.226244,5
23209,23199,0.005531,0.192308,10.226244,5
22726,82551,0.005531,0.192308,10.226244,5
23084,22748,0.005531,0.192308,10.226244,5
22804,22189,0.006637,0.315789,10.195489,6
22189,22804,0.006637,0.214286,10.195489,6
21889,21914,0.007743,0.304348,10.190016,7
21914,21889,0.007743,0.259259,10.190016,7
23200,20727,0.007743,0.583333,10.141026,7
37447,84991,0.004425,0.571429,10.128852,4
22185,84991,0.004425,0.571429,10.128852,4
23254,47566,0.004425,0.571429,10.128852,4
22219,84970L,0.004425,0.235294,10.128852,4
82551,21174,0.004425,0.235294,10.128852,4
84988,84992,0.004425,0.235294,10.128852,4
82581,21174,0.004425,0.235294,10.128852,4
20969,22570,0.004425,0.235294,10.128852,4
21892,22560,0.004425,0.235294,10.128852,4
22748,84077,0.004425,0.235294,10.128852,4
85150,21174,0.004425,0.235294,10.128852,4
84970L,22219,0.004425,0.190476,10.128852,4
21174,82551,0.004425,0.190476,10.128852,4
84992,84988,0.004425,0.190476,10.128852,4
21174,82581,0.004425,0.190476,10.128852,4
22570,20969,0.004425,0.190476,10.128852,4
22560,21892,0.004425,0.190476,10.128852,4
84077,22748,0.004425,0.190476,10.128852,4
21174,85150,0.004425,0.190476,10.128852,4
21870,22356,0.004425,0.4,10.044444,4
20711,21928,0.004425,0.333333,10.044444,4
22141,22617,0.004425,0.333333,10.044444,4
21479,22114,0.005531,0.277778,10.044444,5
22667,22666,0.005531,0.277778,10.044444,5
22567,22558,0.004425,0.266667,10.044444,4
21523,21871,0.004425,0.222222,10.044444,4
22273,84997C,0.004425,0.222222,10.044444,4
22273,84997D,0.004425,0.222222,10.044444,4
22759,22577,0.004425,0.222222,10.044444,4
47559B,22646,0.004425,0.222222,10.044444,4
21985,22865,0.004425,0.222222,10.044444,4
22759,22865,0.004425,0.222222,10.044444,4
22909,22865,0.004425,0.222222,10.044444,4
22909,22633,0.004425,0.222222,10.044444,4
22114,21479,0.005531,0.2,10.044444,5
22666,22667,0.005531,0.2,10.044444,5
21871,21523,0.004425,0.2,10.044444,4
84997C,22273,0.004425,0.2,10.044444,4
84997D,22273,0.004425,0.2,10.044444,4
22577,22759,0.004425,0.2,10.044444,4
22646,47559B,0.004425,0.2,10.044444,4
22865,21985,0.004425,0.2,10.044444,4
22865,22759,0.004425,0.2,10.044444,4
22865,22909,0.004425,0.2,10.044444,4
22633,22909,0.004425,0.2,10.044444,4
22558,22567,0.004425,0.166667,10.044444,4
21164,21899,0.004425,0.210526,10.01662,4
21899,21164,0.004425,0.210526,10.01662,4
21165,21899,0.004425,0.210526,10.01662,4
21899,21165,0.004425,0.210526,10.01662,4
21165,21900,0.004425,0.210526,10.01662,4
21900,21165,0.004425,0.210526,10.01662,4
21900,22607,0.004425,0.210526,10.01662,4
22607,21900,0.004425,0.210526,10.01662,4
21901,22607,0.004425,0.210526,10.01662,4
22607,21901,0.004425,0.210526,10.01662,4
20713,85099C,0.009956,0.409091,9.995086,9
85099C,20713,0.009956,0.243243,9.995086,9
21977,84991,0.019912,0.5625,9.970588,18
84987,84991,0.009956,0.5625,9.970588,9
22113,22111,0.006637,0.375,9.970588,6
84991,21977,0.019912,0.352941,9.970588,18
84991,84987,0.009956,0.176471,9.970588,9
22111,22113,0.006637,0.176471,9.970588,6
20713,21931,0.00885,0.363636,9.961433,8
85053,21181,0.004425,0.363636,9.961433,4
22413,21181,0.004425,0.363636,9.961433,4
21931,20713,0.00885,0.242424,9.961433,8
85174,22138,0.004425,0.571429,9.934066,4
22661,20724,0.006637,0.428571,9.934066,6
21124,22077,0.004425,0.307692,9.934066,4
22082,22077,0.004425,0.307692,9.934066,4
22582,22551,0.004425,0.307692,9.934066,4
22739,22551,0.004425,0.307692,9.934066,4
22584,22910,0.004425,0.307692,9.934066,4
21430,22630,0.004425,0.307692,9.934066,4
22418,22553,0.004425,0.285714,9.934066,4
22562,22553,0.004425,0.285714,9.934066,4
22562,22556,0.004425,0.285714,9.934066,4
84032B,23084,0.004425,0.285714,9.934066,4
20724,22661,0.006637,0.153846,9.934066,6
22553,22418,0.004425,0.153846,9.934066,4
22553,22562,0.004425,0.153846,9.934066,4
22556,22562,0.004425,0.153846,9.934066,4
23084,84032B,0.004425,0.153846,9.934066,4
22663,85099F,0.005531,0.416667,9.912281,5
21165,22558,0.005531,0.263158,9.912281,5
21899,22558,0.005531,0.263158,9.912281,5
21900,22558,0.005531,0.263158,9.912281,5
22558,21165,0.005531,0.208333,9.912281,5
22558,21899,0.005531,0.208333,9.912281,5
22558,21900,0.005531,0.208333,9.912281,5
22659,22629,0.007743,0.35,9.8875,7
22629,22659,0.007743,0.21875,9.8875,7
22660,84879,0.004425,0.666667,9.879781,4
21485,22114,0.006637,0.272727,9.861818,6
22114,21485,0.006637,0.24,9.861818,6
22417,84991,0.011062,0.555556,9.847495,10
23204,47566,0.005531,0.555556,9.847495,5
82581,21166,0.005531,0.294118,9.847495,5
21892,21914,0.005531,0.294118,9.847495,5
22748,21914,0.005531,0.294118,9.847495,5
84991,22417,0.011062,0.196078,9.847495,10
21166,82581,0.005531,0.185185,9.847495,5
21914,21892,0.005531,0.185185,9.847495,5
21914,22748,0.005531,0.185185,9.847495,5
22311,22086,0.004425,0.5,9.826087,4
20682,84380,0.004425,0.25,9.826087,4
22191,22624,0.004425,0.25,9.826087,4
84380,20682,0.004425,0.173913,9.826087,4
22624,22191,0.004425,0.173913,9.826087,4
21929,22411,0.012168,0.423077,9.806706,11
22411,21929,0.012168,0.282051,9.806706,11
23199,85099F,0.007743,0.411765,9.795666,7
85099F,23199,0.007743,0.184211,9.795666,7
84949,22178,0.005531,0.454545,9.78355,5
22602,22470,0.005531,0.454545,9.78355,5
23207,20727,0.009956,0.5625,9.778846,9
20727,23207,0.009956,0.173077,9.778846,9
21935,20719,0.006637,0.4,9.772973,6
47556B,85099C,0.004425,0.4,9.772973,4
20719,21935,0.006637,0.162162,9.772973,6
84947,84978,0.005531,0.3125,9.741379,5
84978,84947,0.005531,0.172414,9.741379,5
22198,22197,0.007743,0.538462,9.735385,7
23203,23209,0.007743,0.28,9.735385,7
23298,23209,0.007743,0.28,9.735385,7
23209,23203,0.007743,0.269231,9.735385,7
23209,23298,0.007743,0.269231,9.735385,7
84949,21755,0.004425,0.363636,9.668449,4
22413,85152,0.004425,0.363636,9.668449,4
20969,84997B,0.004425,0.235294,9.668449,4
21892,22489,0.004425,0.235294,9.668449,4
22748,22150,0.004425,0.235294,9.668449,4
23199,22662,0.004425,0.235294,9.668449,4
84997B,20969,0.004425,0.181818,9.668449,4
22489,21892,0.004425,0.181818,9.668449,4
22150,22748,0.004425,0.181818,9.668449,4
22662,23199,0.004425,0.181818,9.668449,4
20711,22411,0.005531,0.416667,9.65812,5
22380,21929,0.005531,0.277778,9.65812,5
21985,22553,0.005531,0.277778,9.65812,5
21929,22380,0.005531,0.192308,9.65812,5
22553,21985,0.005531,0.192308,9.65812,5
21903,82600,0.004425,0.266667,9.642667,4
21932,22379,0.004425,0.266667,9.642667,4
21935,22379,0.004425,0.266667,9.642667,4
22847,22666,0.004425,0.266667,9.642667,4
22766,22666,0.004425,0.266667,9.642667,4
82600,21903,0.004425,0.16,9.642667,4
22379,21932,0.004425,0.16,9.642667,4
22379,21935,0.004425,0.16,9.642667,4
22666,22847,0.004425,0.16,9.642667,4
22666,22766,0.004425,0.16,9.642667,4
22646,21232,0.011062,0.5,9.617021,10
37448,21232,0.006637,0.5,9.617021,6
22068,21232,0.004425,0.5,9.617021,4
84596G,21232,0.004425,0.5,9.617021,4
23182,22457,0.004425,0.5,9.617021,4
21232,22646,0.011062,0.212766,9.617021,10
20723,20719,0.012168,0.392857,9.598456,11
20719,20723,0.012168,0.297297,9.598456,11
48129,48194,0.004425,0.307692,9.591512,4
22940,20971,0.004425,0.307692,9.591512,4
23322,84978,0.004425,0.307692,9.591512,4
85227,21790,0.004425,0.444444,9.566138,4
22573,22470,0.004425,0.444444,9.566138,4
22560,21914,0.006637,0.285714,9.566138,6
22173,21166,0.004425,0.285714,9.566138,4
85061W,84836,0.004425,0.285714,9.566138,4
22562,22568,0.004425,0.285714,9.566138,4
22418,21914,0.004425,0.285714,9.566138,4
22907,21166,0.004425,0.285714,9.566138,4
21914,22560,0.006637,0.222222,9.566138,6
21479,84029E,0.004425,0.222222,9.566138,4
21908,82552,0.004425,0.222222,9.566138,4
21908,21174,0.004425,0.222222,9.566138,4
47559B,84029E,0.004425,0.222222,9.566138,4
47559B,84992,0.004425,0.222222,9.566138,4
22621,84992,0.004425,0.222222,9.566138,4
84029E,21479,0.004425,0.190476,9.566138,4
82552,21908,0.004425,0.190476,9.566138,4
21174,21908,0.004425,0.190476,9.566138,4
84029E,47559B,0.004425,0.190476,9.566138,4
84992,47559B,0.004425,0.190476,9.566138,4
84992,22621,0.004425,0.190476,9.566138,4
21136,84879,0.009956,0.642857,9.526932,9
21967,21731,0.004425,0.4,9.515789,4
22437,21731,0.004425,0.4,9.515789,4
23355,22114,0.005531,0.263158,9.515789,5
20983,22605,0.004425,0.210526,9.515789,4
21164,22605,0.004425,0.210526,9.515789,4
21899,22605,0.004425,0.210526,9.515789,4
21900,22605,0.004425,0.210526,9.515789,4
21156,22646,0.004425,0.210526,9.515789,4
22631,21559,0.004425,0.210526,9.515789,4
23355,22728,0.004425,0.210526,9.515789,4
23355,23201,0.004425,0.210526,9.515789,4
22114,23355,0.005531,0.2,9.515789,5
22605,20983,0.004425,0.2,9.515789,4
22605,21164,0.004425,0.2,9.515789,4
22605,21899,0.004425,0.2,9.515789,4
22605,21900,0.004425,0.2,9.515789,4
22646,21156,0.004425,0.2,9.515789,4
21559,22631,0.004425,0.2,9.515789,4
22728,23355,0.004425,0.2,9.515789,4
23201,23355,0.004425,0.2,9.515789,4
82583,21175,0.007743,0.388889,9.501502,7
21175,82583,0.007743,0.189189,9.501502,7
21484,22111,0.005531,0.357143,9.495798,5
84032B,22111,0.005531,0.357143,9.495798,5
22748,22551,0.005531,0.294118,9.495798,5
22551,22748,0.005531,0.178571,9.495798,5
23198,22720,0.006637,0.461538,9.482517,6
20713,21929,0.006637,0.272727,9.482517,6
21929,20713,0.006637,0.230769,9.482517,6
22663,22386,0.005531,0.416667,9.416667,5
22352,22629,0.007743,0.333333,9.416667,7
22966,21977,0.005531,0.333333,9.416667,5
21902,21977,0.004425,0.333333,9.416667,4
22464,84970S,0.007743,0.291667,9.416667,7
84970S,22464,0.007743,0.25,9.416667,7
84997D,21930,0.005531,0.25,9.416667,5
22751,20972,0.004425,0.25,9.416667,4
22629,22352,0.007743,0.21875,9.416667,7
21930,84997D,0.005531,0.208333,9.416667,5
20972,22751,0.004425,0.166667,9.416667,4
21977,22966,0.005531,0.15625,9.416667,5
84992,21212,0.013274,0.571429,9.392208,12
21212,84992,0.013274,0.218182,9.392208,12
47566B,47566,0.009956,0.529412,9.384083,9
22219,21755,0.006637,0.352941,9.384083,6
22835,22111,0.006637,0.352941,9.384083,6
47566,47566B,0.009956,0.176471,9.384083,9
21755,22219,0.006637,0.176471,9.384083,6
22111,22835,0.006637,0.176471,9.384083,6
22492,21914,0.007743,0.28,9.374815,7
21914,22492,0.007743,0.259259,9.374815,7
23209,20727,0.015487,0.538462,9.360947,14
20727,23209,0.015487,0.269231,9.360947,14
21889,21790,0.011062,0.434783,9.358178,10
21790,21889,0.011062,0.238095,9.358178,10
48187,48194,0.006637,0.3,9.351724,6
48194,48187,0.006637,0.206897,9.351724,6
22796,21034,0.004425,0.444444,9.343669,4
20713,22385,0.005531,0.227273,9.338843,5
22385,20713,0.005531,0.227273,9.338843,5
22662,22383,0.013274,0.545455,9.303602,12
22383,22662,0.013274,0.226415,9.303602,12
21929,21928,0.00885,0.307692,9.271795,8
22739,22557,0.004425,0.307692,9.271795,4
22746,22557,0.004425,0.307692,9.271795,4
22620,22617,0.004425,0.307692,9.271795,4
22746,22617,0.004425,0.307692,9.271795,4
22940,22617,0.004425,0.307692,9.271795,4
21928,21929,0.00885,0.266667,9.271795,8
21327,22554,0.004425,0.266667,9.271795,4
22847,22726,0.004425,0.266667,9.271795,4
21932,23209,0.004425,0.266667,9.271795,4
22627,22960,0.004425,0.266667,9.271795,4
22941,23084,0.004425,0.266667,9.271795,4
22554,21327,0.004425,0.153846,9.271795,4
22726,22847,0.004425,0.153846,9.271795,4
23209,21932,0.004425,0.153846,9.271795,4
22960,22627,0.004425,0.153846,9.271795,4
23084,22941,0.004425,0.153846,9.271795,4
85150,82582,0.004425,0.235294,9.248082,4
82581,22624,0.004425,0.235294,9.248082,4
22748,21889,0.004425,0.235294,9.248082,4
82582,85150,0.004425,0.173913,9.248082,4
22624,82581,0.004425,0.173913,9.248082,4
21889,22748,0.004425,0.173913,9.248082,4
22385,22386,0.009956,0.409091,9.245455,9
22386,22385,0.009956,0.225,9.245455,9
22158,22470,0.006637,0.428571,9.22449,6
22087,21621,0.004425,0.285714,9.22449,4
20751,20723,0.004425,0.285714,9.22449,4
22734,22910,0.004425,0.285714,9.22449,4
22661,22630,0.004425,0.285714,9.22449,4
21891,21915,0.006637,0.315789,9.208829,6
21915,21891,0.006637,0.193548,9.208829,6
22722,22720,0.00885,0.444444,9.131313,8
23240,22720,0.004425,0.444444,9.131313,4
22838,22720,0.004425,0.444444,9.131313,4
22059,21231,0.004425,0.363636,9.131313,4
22419,22356,0.004425,0.363636,9.131313,4
21078,21231,0.004425,0.363636,9.131313,4
21169,22356,0.004425,0.363636,9.131313,4
21328,22149,0.004425,0.333333,9.131313,4
22493,22149,0.004425,0.333333,9.131313,4
22834,21931,0.004425,0.333333,9.131313,4
22489,22561,0.006637,0.272727,9.131313,6
22561,22489,0.006637,0.222222,9.131313,6
22720,22722,0.00885,0.181818,9.131313,8
21495,22139,0.004425,0.571429,9.062657,4
84692,84992,0.004425,0.210526,9.062657,4
84520B,21094,0.004425,0.210526,9.062657,4
22328,22352,0.004425,0.210526,9.062657,4
84992,84692,0.004425,0.190476,9.062657,4
21094,84520B,0.004425,0.190476,9.062657,4
22352,22328,0.004425,0.190476,9.062657,4
22666,22720,0.012168,0.44,9.04,11
21928,22386,0.013274,0.4,9.04,12
22386,21928,0.013274,0.3,9.04,12
22720,22666,0.012168,0.25,9.04,11
84029G,22114,0.006637,0.25,9.04,6
23201,23203,0.005531,0.25,9.04,5
22634,22492,0.004425,0.25,9.04,4
23243,23298,0.004425,0.25,9.04,4
23243,22993,0.004425,0.25,9.04,4
22114,84029G,0.006637,0.24,9.04,6
23203,23201,0.005531,0.2,9.04,5
22605,47590B,0.004425,0.2,9.04,4
47590B,22605,0.004425,0.2,9.04,4
22492,22634,0.004425,0.16,9.04,4
23298,23243,0.004425,0.16,9.04,4
22993,23243,0.004425,0.16,9.04,4
21165,21175,0.007743,0.368421,9.001422,7
21175,21165,0.007743,0.189189,9.001422,7
21715,21915,0.004425,0.307692,8.972705,4
22595,84970S,0.005531,0.277778,8.968254,5
22555,22910,0.005531,0.277778,8.968254,5
22909,22910,0.005531,0.277778,8.968254,5
84992,20972,0.005531,0.238095,8.968254,5
20972,84992,0.005531,0.208333,8.968254,5
84970S,22595,0.005531,0.178571,8.968254,5
22910,22555,0.005531,0.178571,8.968254,5
22910,22909,0.005531,0.178571,8.968254,5
22489,21889,0.005531,0.227273,8.932806,5
21889,22489,0.005531,0.217391,8.932806,5
21903,22147,0.004425,0.266667,8.928395,4
22491,22568,0.004425,0.266667,8.928395,4
22645,84836,0.004425,0.266667,8.928395,4
22941,21914,0.004425,0.266667,8.928395,4
21974,21977,0.006637,0.315789,8.921053,6
21977,21974,0.006637,0.1875,8.921053,6
21931,85099C,0.013274,0.363636,8.884521,12
21181,21175,0.013274,0.363636,8.884521,12
22413,21175,0.004425,0.363636,8.884521,4
85099C,21931,0.013274,0.324324,8.884521,12
21175,21181,0.013274,0.324324,8.884521,12
21870,84991,0.005531,0.5,8.862745,5
22951,84991,0.004425,0.5,8.862745,4
23076,84991,0.004425,0.5,8.862745,4
84029G,22111,0.00885,0.333333,8.862745,8
82552,85152,0.007743,0.333333,8.862745,7
82583,85152,0.006637,0.333333,8.862745,6
21903,21755,0.005531,0.333333,8.862745,5
22748,22557,0.005531,0.294118,8.862745,5
82551,22727,0.005531,0.294118,8.862745,5
22111,84029G,0.00885,0.235294,8.862745,8
47566B,21930,0.004425,0.235294,8.862745,4
21892,20972,0.004425,0.235294,8.862745,4
22835,84029G,0.004425,0.235294,8.862745,4
85152,82552,0.007743,0.205882,8.862745,7
85152,82583,0.006637,0.176471,8.862745,6
22557,22748,0.005531,0.166667,8.862745,5
22727,82551,0.005531,0.166667,8.862745,5
21930,47566B,0.004425,0.166667,8.862745,4
20972,21892,0.004425,0.166667,8.862745,4
84029G,22835,0.004425,0.166667,8.862745,4
23207,20726,0.005531,0.3125,8.828125,5
20726,23207,0.005531,0.15625,8.828125,5
22356,20719,0.014381,0.361111,8.822823,13
20719,22356,0.014381,0.351351,8.822823,13
21156,20712,0.005531,0.263158,8.810916,5
84692,21210,0.005531,0.263158,8.810916,5
20712,21156,0.005531,0.185185,8.810916,5
21210,84692,0.005531,0.185185,8.810916,5
22662,22630,0.006637,0.272727,8.805195,6
22630,22662,0.006637,0.214286,8.805195,6
22646,21231,0.007743,0.35,8.788889,7
21231,22646,0.007743,0.194444,8.788889,7
20719,20724,0.015487,0.378378,8.770617,14
20724,20719,0.015487,0.358974,8.770617,14
22573,22086,0.004425,0.444444,8.7343,4
23318,22086,0.004425,0.444444,8.7343,4
23247,22086,0.004425,0.444444,8.7343,4
82580,21166,0.006637,0.26087,8.7343,6
21889,22561,0.006637,0.26087,8.7343,6
21166,82580,0.006637,0.222222,8.7343,6
22561,21889,0.006637,0.222222,8.7343,6
21908,84380,0.004425,0.222222,8.7343,4
21507,84380,0.004425,0.222222,8.7343,4
21509,84380,0.004425,0.222222,8.7343,4
21669,82580,0.004425,0.222222,8.7343,4
84596B,84380,0.004425,0.222222,8.7343,4
84596B,23301,0.004425,0.222222,8.7343,4
84380,21908,0.004425,0.173913,8.7343,4
84380,21507,0.004425,0.173913,8.7343,4
84380,21509,0.004425,0.173913,8.7343,4
82580,21669,0.004425,0.173913,8.7343,4
84380,84596B,0.004425,0.173913,8.7343,4
23301,84596B,0.004425,0.173913,8.7343,4
21558,20719,0.005531,0.357143,8.725869,5
22385,21931,0.007743,0.318182,8.716253,7
21931,22385,0.007743,0.212121,8.716253,7
23208,20727,0.006637,0.5,8.692308,6
21987,21213,0.004425,0.307692,8.692308,4
22584,21977,0.004425,0.307692,8.692308,4
22563,21213,0.004425,0.307692,8.692308,4
22952,22910,0.007743,0.269231,8.692308,7
22910,22952,0.007743,0.25,8.692308,7
20974,22553,0.004425,0.25,8.692308,4
22634,22556,0.004425,0.25,8.692308,4
22751,22554,0.004425,0.25,8.692308,4
23321,23209,0.004425,0.25,8.692308,4
22553,20974,0.004425,0.153846,8.692308,4
22556,22634,0.004425,0.153846,8.692308,4
22554,22751,0.004425,0.153846,8.692308,4
23209,23321,0.004425,0.153846,8.692308,4
22621,21791,0.005531,0.277778,8.659004,5
21791,22621,0.005531,0.172414,8.659004,5
20713,85099F,0.00885,0.363636,8.650718,8
22749,22149,0.006637,0.315789,8.650718,6
21165,21181,0.006637,0.315789,8.650718,6
85099F,20713,0.00885,0.210526,8.650718,8
22631,22385,0.004425,0.210526,8.650718,4
22149,22749,0.006637,0.181818,8.650718,6
21181,21165,0.006637,0.181818,8.650718,6
22385,22631,0.004425,0.181818,8.650718,4
85150,21175,0.006637,0.352941,8.623211,6
21175,85150,0.006637,0.162162,8.623211,6
21623,22178,0.004425,0.4,8.609524,4
22418,22557,0.004425,0.285714,8.609524,4
22867,22557,0.004425,0.285714,8.609524,4
21935,20723,0.004425,0.266667,8.609524,4
22560,22492,0.005531,0.238095,8.609524,5
22027,22492,0.005531,0.238095,8.609524,5
21314,22666,0.005531,0.238095,8.609524,5
23206,23203,0.005531,0.238095,8.609524,5
22492,22560,0.005531,0.2,8.609524,5
22492,22027,0.005531,0.2,8.609524,5
22666,21314,0.005531,0.2,8.609524,5
23203,23206,0.005531,0.2,8.609524,5
20754,22352,0.004425,0.2,8.609524,4
23201,23206,0.004425,0.2,8.609524,4
22352,20754,0.004425,0.190476,8.609524,4
23206,23201,0.004425,0.190476,8.609524,4
22748,21915,0.005531,0.294118,8.57685,5
21915,22748,0.005531,0.16129,8.57685,5
84406B,82494L,0.005531,0.416667,8.560606,5
21363,82494L,0.005531,0.416667,8.560606,5
82483,82494L,0.005531,0.416667,8.560606,5
84997B,21930,0.005531,0.227273,8.560606,5
22150,20972,0.005531,0.227273,8.560606,5
21930,84997B,0.005531,0.208333,8.560606,5
20972,22150,0.005531,0.208333,8.560606,5
47559B,21232,0.00885,0.444444,8.548463,8
22243,21232,0.004425,0.444444,8.548463,4
35970,22457,0.004425,0.444444,8.548463,4
21232,47559B,0.00885,0.170213,8.548463,8
23209,22383,0.014381,0.5,8.528302,13
22383,23209,0.014381,0.245283,8.528302,13
82600,85152,0.00885,0.32,8.508235,8
85152,82600,0.00885,0.235294,8.508235,8
47566B,23298,0.004425,0.235294,8.508235,4
23298,47566B,0.004425,0.16,8.508235,4
22489,21791,0.006637,0.272727,8.501567,6
21791,22489,0.006637,0.206897,8.501567,6
21928,22411,0.012168,0.366667,8.499145,11
22411,21928,0.012168,0.282051,8.499145,11
21558,21731,0.005531,0.357143,8.496241,5
84520B,21621,0.005531,0.263158,8.496241,5
21621,84520B,0.005531,0.178571,8.496241,5
22644,22384,0.005531,0.384615,8.4803,5
85199S,84879,0.004425,0.571429,8.468384,4
21715,22326,0.004425,0.307692,8.428904,4
22274,22149,0.004425,0.307692,8.428904,4
21889,22551,0.006637,0.26087,8.42236,6
22551,21889,0.006637,0.214286,8.42236,6
84947,22457,0.007743,0.4375,8.414894,7
21165,85152,0.006637,0.315789,8.396285,6
85152,21165,0.006637,0.176471,8.396285,6
47559B,21231,0.006637,0.333333,8.37037,6
21934,22356,0.004425,0.333333,8.37037,4
21381,22356,0.004425,0.333333,8.37037,4
22621,22617,0.005531,0.277778,8.37037,5
22561,22551,0.007743,0.259259,8.37037,7
22551,22561,0.007743,0.25,8.37037,7
21930,20712,0.006637,0.25,8.37037,6
20972,22147,0.006637,0.25,8.37037,6
22605,21914,0.005531,0.25,8.37037,5
22371,21914,0.004425,0.25,8.37037,4
84596F,21166,0.004425,0.25,8.37037,4
20712,21930,0.006637,0.222222,8.37037,6
22147,20972,0.006637,0.222222,8.37037,6
21479,21930,0.004425,0.222222,8.37037,4
21914,22605,0.005531,0.185185,8.37037,5
21231,47559B,0.006637,0.166667,8.37037,6
22617,22621,0.005531,0.166667,8.37037,5
21930,21479,0.004425,0.166667,8.37037,4
22492,22554,0.006637,0.24,8.344615,6
22993,22960,0.006637,0.24,8.344615,6
23203,22726,0.006637,0.24,8.344615,6
22554,22492,0.006637,0.230769,8.344615,6
22960,22993,0.006637,0.230769,8.344615,6
22726,23203,0.006637,0.230769,8.344615,6
84032B,22112,0.004425,0.285714,8.331797,4
22488,21915,0.004425,0.285714,8.331797,4
22418,21915,0.004425,0.285714,8.331797,4
85099F,22386,0.015487,0.368421,8.326316,14
22386,85099F,0.015487,0.35,8.326316,14
21932,22355,0.004425,0.266667,8.312644,4
21704,21791,0.004425,0.266667,8.312644,4
23322,22470,0.005531,0.384615,8.278388,5
21891,21889,0.004425,0.210526,8.2746,4
21164,82580,0.004425,0.210526,8.2746,4
21172,82580,0.004425,0.210526,8.2746,4
21165,82582,0.004425,0.210526,8.2746,4
21900,82582,0.004425,0.210526,8.2746,4
22749,22569,0.004425,0.210526,8.2746,4
21900,82580,0.004425,0.210526,8.2746,4
21901,82580,0.004425,0.210526,8.2746,4
22750,21889,0.004425,0.210526,8.2746,4
21900,23301,0.004425,0.210526,8.2746,4
21889,21891,0.004425,0.173913,8.2746,4
82580,21164,0.004425,0.173913,8.2746,4
82580,21172,0.004425,0.173913,8.2746,4
82582,21165,0.004425,0.173913,8.2746,4
82582,21900,0.004425,0.173913,8.2746,4
22569,22749,0.004425,0.173913,8.2746,4
82580,21900,0.004425,0.173913,8.2746,4
82580,21901,0.004425,0.173913,8.2746,4
21889,22750,0.004425,0.173913,8.2746,4
23301,21900,0.004425,0.173913,8.2746,4
23207,22384,0.006637,0.375,8.268293,6
22649,21232,0.006637,0.428571,8.243161,6
22311,21212,0.004425,0.5,8.218182,4
22302,21212,0.004425,0.5,8.218182,4
21787,21212,0.004425,0.5,8.218182,4
22951,21212,0.004425,0.5,8.218182,4
22766,82494L,0.006637,0.4,8.218182,6
22966,22720,0.006637,0.4,8.218182,6
22840,22720,0.004425,0.4,8.218182,4
21931,22386,0.013274,0.363636,8.218182,12
22386,21931,0.013274,0.3,8.218182,12
22662,23298,0.005531,0.227273,8.218182,5
23298,22662,0.005531,0.2,8.218182,5
22697,84945,0.004425,0.2,8.218182,4
22659,22385,0.004425,0.2,8.218182,4
84945,22697,0.004425,0.181818,8.218182,4
22385,22659,0.004425,0.181818,8.218182,4
21172,48194,0.005531,0.263158,8.203267,5
22750,20971,0.005531,0.263158,8.203267,5
48194,21172,0.005531,0.172414,8.203267,5
20971,22750,0.005531,0.172414,8.203267,5
20727,20728,0.027655,0.480769,8.20029,25
20728,20727,0.027655,0.471698,8.20029,25
22141,22086,0.005531,0.416667,8.188406,5
48129,48138,0.004425,0.307692,8.180995,4
21121,22554,0.004425,0.235294,8.180995,4
23300,23084,0.004425,0.235294,8.180995,4
23293,23209,0.004425,0.235294,8.180995,4
20679,22726,0.004425,0.235294,8.180995,4
22554,21121,0.004425,0.153846,8.180995,4
23084,23300,0.004425,0.153846,8.180995,4
23209,23293,0.004425,0.153846,8.180995,4
22726,20679,0.004425,0.153846,8.180995,4
21791,21790,0.012168,0.37931,8.164204,11
21790,21791,0.012168,0.261905,8.164204,11
20712,20719,0.009956,0.333333,8.144144,9
21908,21175,0.006637,0.333333,8.144144,6
21934,20719,0.004425,0.333333,8.144144,4
20711,85099C,0.004425,0.333333,8.144144,4
21934,85099C,0.004425,0.333333,8.144144,4
23208,20719,0.004425,0.333333,8.144144,4
20719,20712,0.009956,0.243243,8.144144,9
21175,21908,0.006637,0.162162,8.144144,6
22804,21733,0.007743,0.368421,8.123235,7
21733,22804,0.007743,0.170732,8.123235,7
21124,21034,0.005531,0.384615,8.085868,5
22147,20971,0.007743,0.259259,8.081737,7
20685,48194,0.007743,0.259259,8.081737,7
20971,22147,0.007743,0.241379,8.081737,7
48194,20685,0.007743,0.241379,8.081737,7
21156,20728,0.009956,0.473684,8.079444,9
20728,21156,0.009956,0.169811,8.079444,9
21936,21080,0.006637,0.375,8.071429,6
84992,21213,0.006637,0.285714,8.071429,6
22661,22629,0.004425,0.285714,8.071429,4
21558,22629,0.004425,0.285714,8.071429,4
22867,22629,0.004425,0.285714,8.071429,4
22867,21977,0.004425,0.285714,8.071429,4
22418,22629,0.004425,0.285714,8.071429,4
22558,22077,0.006637,0.25,8.071429,6
22605,21621,0.005531,0.25,8.071429,5
85014B,15056N,0.004425,0.25,8.071429,4
21955,21621,0.004425,0.25,8.071429,4
22698,22630,0.004425,0.25,8.071429,4
22634,22910,0.004425,0.25,8.071429,4
84596F,22630,0.004425,0.25,8.071429,4
22077,22558,0.006637,0.214286,8.071429,6
21213,84992,0.006637,0.1875,8.071429,6
21621,22605,0.005531,0.178571,8.071429,5
23247,22197,0.004425,0.444444,8.035556,4
22766,22617,0.004425,0.266667,8.035556,4
22491,22617,0.004425,0.266667,8.035556,4
22847,22727,0.004425,0.266667,8.035556,4
21481,22114,0.004425,0.222222,8.035556,4
22722,22961,0.004425,0.222222,8.035556,4
22722,22993,0.004425,0.222222,8.035556,4
22722,22666,0.004425,0.222222,8.035556,4
82583,82600,0.004425,0.222222,8.035556,4
84596B,22961,0.004425,0.222222,8.035556,4
22114,21481,0.004425,0.16,8.035556,4
22961,22722,0.004425,0.16,8.035556,4
22993,22722,0.004425,0.16,8.035556,4
22666,22722,0.004425,0.16,8.035556,4
82600,82583,0.004425,0.16,8.035556,4
22961,84596B,0.004425,0.16,8.035556,4
21933,20727,0.006637,0.461538,8.023669,6
84949,21733,0.004425,0.363636,8.017738,4
21242,20914,0.004425,0.363636,8.017738,4
21916,22457,0.005531,0.416667,8.014184,5
20726,20728,0.016593,0.46875,7.995283,15
20728,20726,0.016593,0.283019,7.995283,15
22381,22356,0.007743,0.318182,7.989899,7
22356,22381,0.007743,0.194444,7.989899,7
22384,20725,0.027655,0.609756,7.988689,25
20725,22384,0.027655,0.362319,7.988689,25
84970L,84836,0.005531,0.238095,7.971781,5
84077,21914,0.005531,0.238095,7.971781,5
22560,22147,0.005531,0.238095,7.971781,5
84836,84970L,0.005531,0.185185,7.971781,5
21914,84077,0.005531,0.185185,7.971781,5
22147,22560,0.005531,0.185185,7.971781,5
21485,22112,0.006637,0.272727,7.953079,6
22112,21485,0.006637,0.193548,7.953079,6
85099C,22386,0.014381,0.351351,7.940541,13
22386,85099C,0.014381,0.325,7.940541,13
22070,22139,0.005531,0.5,7.929825,5
21781,22139,0.004425,0.5,7.929825,4
22535,22139,0.004425,0.5,7.929825,4
84520B,21080,0.007743,0.368421,7.929825,7
20750,21731,0.011062,0.333333,7.929825,10
21481,21731,0.006637,0.333333,7.929825,6
21912,21731,0.004425,0.333333,7.929825,4
20711,85099F,0.004425,0.333333,7.929825,4
23200,85099F,0.004425,0.333333,7.929825,4
21731,20750,0.011062,0.263158,7.929825,10
21974,22557,0.005531,0.263158,7.929825,5
22632,22557,0.005531,0.263158,7.929825,5
21429,20749,0.004425,0.210526,7.929825,4
21164,22558,0.004425,0.210526,7.929825,4
21901,22558,0.004425,0.210526,7.929825,4
22749,20972,0.004425,0.210526,7.929825,4
22750,20972,0.004425,0.210526,7.929825,4
23355,84029G,0.004425,0.210526,7.929825,4
21080,84520B,0.007743,0.166667,7.929825,7
22557,21974,0.005531,0.166667,7.929825,5
22557,22632,0.005531,0.166667,7.929825,5
20749,21429,0.004425,0.166667,7.929825,4
22558,21164,0.004425,0.166667,7.929825,4
22558,21901,0.004425,0.166667,7.929825,4
20972,22749,0.004425,0.166667,7.929825,4
20972,22750,0.004425,0.166667,7.929825,4
84029G,23355,0.004425,0.166667,7.929825,4
21731,21481,0.006637,0.157895,7.929825,6
22384,20728,0.021018,0.463415,7.90428,19
20728,22384,0.021018,0.358491,7.90428,19
84032A,22138,0.005531,0.454545,7.902098,5
82578,82494L,0.005531,0.384615,7.902098,5
47559B,84991,0.00885,0.444444,7.877996,8
20685,48138,0.00885,0.296296,7.877996,8
48138,20685,0.00885,0.235294,7.877996,8
21155,20685,0.004425,0.235294,7.877996,4
82551,21166,0.004425,0.235294,7.877996,4
20975,22561,0.004425,0.235294,7.877996,4
22748,22147,0.004425,0.235294,7.877996,4
23300,21914,0.004425,0.235294,7.877996,4
84991,47559B,0.00885,0.156863,7.877996,8
84032B,20914,0.005531,0.357143,7.874564,5
22867,20914,0.005531,0.357143,7.874564,5
22649,21733,0.005531,0.357143,7.874564,5
23209,20728,0.013274,0.461538,7.872279,12
21933,20728,0.006637,0.461538,7.872279,6
20728,23209,0.013274,0.226415,7.872279,12
22737,22086,0.004425,0.4,7.86087,4
82580,82600,0.005531,0.217391,7.86087,5
82600,82580,0.005531,0.2,7.86087,5
23201,23301,0.004425,0.2,7.86087,4
23301,23201,0.004425,0.173913,7.86087,4
23245,22720,0.00885,0.380952,7.82684,8
21078,21080,0.004425,0.363636,7.82684,4
22549,21790,0.004425,0.363636,7.82684,4
21174,21181,0.006637,0.285714,7.82684,6
23202,21931,0.006637,0.285714,7.82684,6
21506,22149,0.004425,0.285714,7.82684,4
21558,22326,0.004425,0.285714,7.82684,4
84029E,21485,0.004425,0.190476,7.82684,4
84029E,84997B,0.004425,0.190476,7.82684,4
21498,22381,0.004425,0.190476,7.82684,4
84077,22385,0.004425,0.190476,7.82684,4
23202,22385,0.004425,0.190476,7.82684,4
22720,23245,0.00885,0.181818,7.82684,8
21181,21174,0.006637,0.181818,7.82684,6
21931,23202,0.006637,0.181818,7.82684,6
21485,84029E,0.004425,0.181818,7.82684,4
84997B,84029E,0.004425,0.181818,7.82684,4
22381,21498,0.004425,0.181818,7.82684,4
22385,84077,0.004425,0.181818,7.82684,4
22385,23202,0.004425,0.181818,7.82684,4
23209,22382,0.012168,0.423077,7.805338,11
22382,23209,0.012168,0.22449,7.805338,11
22355,20726,0.00885,0.275862,7.793103,8
20726,22355,0.00885,0.25,7.793103,8
21877,20971,0.004425,0.25,7.793103,4
21955,48194,0.004425,0.25,7.793103,4
21918,21791,0.004425,0.25,7.793103,4
22188,48194,0.004425,0.25,7.793103,4
84596F,20718,0.004425,0.25,7.793103,4
22634,21791,0.004425,0.25,7.793103,4
23321,84978,0.004425,0.25,7.793103,4
22219,21733,0.006637,0.352941,7.781923,6
21931,22383,0.016593,0.454545,7.753002,15
22662,20728,0.011062,0.454545,7.753002,10
22383,21931,0.016593,0.283019,7.753002,15
20728,22662,0.011062,0.188679,7.753002,10
20684,20727,0.004425,0.444444,7.726496,4
22243,20727,0.004425,0.444444,7.726496,4
23204,20727,0.004425,0.444444,7.726496,4
21931,22411,0.012168,0.333333,7.726496,11
22380,22411,0.006637,0.333333,7.726496,6
21381,20724,0.004425,0.333333,7.726496,4
23208,20724,0.004425,0.333333,7.726496,4
21239,22356,0.004425,0.307692,7.726496,4
22644,21231,0.004425,0.307692,7.726496,4
22411,21931,0.012168,0.282051,7.726496,11
21929,20712,0.006637,0.230769,7.726496,6
22554,22561,0.006637,0.230769,7.726496,6
23084,21914,0.006637,0.230769,7.726496,6
20712,21929,0.006637,0.222222,7.726496,6
22561,22554,0.006637,0.222222,7.726496,6
21914,23084,0.006637,0.222222,7.726496,6
22555,22553,0.004425,0.222222,7.726496,4
22866,22952,0.004425,0.222222,7.726496,4
22595,22952,0.004425,0.222222,7.726496,4
22411,22380,0.006637,0.153846,7.726496,6
22553,22555,0.004425,0.153846,7.726496,4
22952,22866,0.004425,0.153846,7.726496,4
22952,22595,0.004425,0.153846,7.726496,4
85099C,85099F,0.013274,0.324324,7.715505,12
85099F,85099C,0.013274,0.315789,7.715505,12
21977,21212,0.016593,0.46875,7.704545,15
21213,21212,0.016593,0.46875,7.704545,15
21212,21977,0.016593,0.272727,7.704545,15
21212,21213,0.016593,0.272727,7.704545,15
22766,22469,0.006637,0.4,7.693617,6
84510A,22457,0.004425,0.4,7.693617,4
22327,22382,0.005531,0.416667,7.687075,5
23208,22382,0.005531,0.416667,7.687075,5
22907,21080,0.005531,0.357143,7.687075,5
23206,22630,0.005531,0.238095,7.687075,5
22630,23206,0.005531,0.178571,7.687075,5
21078,82482,0.004425,0.363636,7.64482,4
22419,82482,0.004425,0.363636,7.64482,4
22501,21034,0.004425,0.363636,7.64482,4
20726,20719,0.011062,0.3125,7.635135,10
20719,20726,0.011062,0.27027,7.635135,10
23209,22384,0.009956,0.346154,7.63227,9
22384,23209,0.009956,0.219512,7.63227,9
21164,82600,0.004425,0.210526,7.612632,4
82600,21164,0.004425,0.16,7.612632,4
82583,21181,0.005531,0.277778,7.609428,5
21479,21931,0.005531,0.277778,7.609428,5
22273,22326,0.005531,0.277778,7.609428,5
21524,20685,0.005531,0.227273,7.609428,5
22385,20712,0.005531,0.227273,7.609428,5
20685,21524,0.005531,0.185185,7.609428,5
20712,22385,0.005531,0.185185,7.609428,5
21181,82583,0.005531,0.151515,7.609428,5
21931,21479,0.005531,0.151515,7.609428,5
22326,22273,0.005531,0.151515,7.609428,5
47566B,22189,0.004425,0.235294,7.596639,4
37449,71459,0.004425,0.235294,7.596639,4
23293,22910,0.004425,0.235294,7.596639,4
23293,22630,0.004425,0.235294,7.596639,4
20681,20728,0.004425,0.444444,7.580713,4
23204,22383,0.004425,0.444444,7.580713,4
20726,22384,0.012168,0.34375,7.579268,11
22384,20726,0.012168,0.268293,7.579268,11
22385,85099F,0.007743,0.318182,7.569378,7
85099F,22385,0.007743,0.184211,7.569378,7
23356,22086,0.005531,0.384615,7.558528,5
23301,23084,0.005531,0.217391,7.558528,5
23084,23301,0.005531,0.192308,7.558528,5
21930,22386,0.00885,0.333333,7.533333,8
20711,22386,0.004425,0.333333,7.533333,4
23200,22386,0.004425,0.333333,7.533333,4
22557,21977,0.00885,0.266667,7.533333,8
20979,21977,0.004425,0.266667,7.533333,4
21935,22629,0.004425,0.266667,7.533333,4
21977,22557,0.00885,0.25,7.533333,8
22605,22617,0.005531,0.25,7.533333,5
21936,20750,0.004425,0.25,7.533333,4
22634,22617,0.004425,0.25,7.533333,4
22371,22727,0.004425,0.25,7.533333,4
22558,22993,0.005531,0.208333,7.533333,5
22386,21930,0.00885,0.2,7.533333,8
22993,22558,0.005531,0.2,7.533333,5
84997C,21930,0.004425,0.2,7.533333,4
22605,22558,0.004425,0.2,7.533333,4
20754,22558,0.004425,0.2,7.533333,4
22617,22605,0.005531,0.166667,7.533333,5
21930,84997C,0.004425,0.166667,7.533333,4
22558,22605,0.004425,0.166667,7.533333,4
22558,20754,0.004425,0.166667,7.533333,4
21929,85099C,0.00885,0.307692,7.517672,8
82578,21175,0.004425,0.307692,7.517672,4
85099C,21929,0.00885,0.216216,7.517672,8
21122,21034,0.005531,0.357143,7.508306,5
20726,22382,0.014381,0.40625,7.494898,13
22382,20726,0.014381,0.265306,7.494898,13
22384,22383,0.019912,0.439024,7.488265,18
22383,22384,0.019912,0.339623,7.488265,18
84992,84380,0.004425,0.190476,7.486542,4
21174,82580,0.004425,0.190476,7.486542,4
84970L,82580,0.004425,0.190476,7.486542,4
82552,82582,0.004425,0.190476,7.486542,4
22352,22569,0.004425,0.190476,7.486542,4
21174,82582,0.004425,0.190476,7.486542,4
22560,21889,0.004425,0.190476,7.486542,4
84077,21889,0.004425,0.190476,7.486542,4
84380,84992,0.004425,0.173913,7.486542,4
82580,21174,0.004425,0.173913,7.486542,4
82580,84970L,0.004425,0.173913,7.486542,4
82582,82552,0.004425,0.173913,7.486542,4
22569,22352,0.004425,0.173913,7.486542,4
82582,21174,0.004425,0.173913,7.486542,4
21889,22560,0.004425,0.173913,7.486542,4
21889,84077,0.004425,0.173913,7.486542,4
84596B,21232,0.007743,0.388889,7.479905,7
23207,20728,0.007743,0.4375,7.462264,7
23207,22383,0.007743,0.4375,7.462264,7
23206,20727,0.009956,0.428571,7.450549,9
20727,23206,0.009956,0.173077,7.450549,9
22417,21210,0.004425,0.222222,7.440329,4
21481,21914,0.004425,0.222222,7.440329,4
23207,85099F,0.005531,0.3125,7.434211,5
22328,22629,0.005531,0.263158,7.434211,5
22699,22629,0.005531,0.263158,7.434211,5
22629,22328,0.005531,0.15625,7.434211,5
22629,22699,0.005531,0.15625,7.434211,5
21135,84879,0.004425,0.5,7.409836,4
22644,21232,0.005531,0.384615,7.397709,5
20679,21231,0.005531,0.294118,7.385621,5
21523,48138,0.005531,0.277778,7.385621,5
22331,22382,0.004425,0.4,7.379592,4
21932,22384,0.005531,0.333333,7.349593,5
72741,21733,0.005531,0.333333,7.349593,5
21035,20914,0.004425,0.333333,7.349593,4
20711,22384,0.004425,0.333333,7.349593,4
21937,22384,0.004425,0.333333,7.349593,4
23208,22384,0.004425,0.333333,7.349593,4
23200,22384,0.004425,0.333333,7.349593,4
20713,20723,0.005531,0.227273,7.337662,5
20723,20713,0.005531,0.178571,7.337662,5
47566B,22090,0.004425,0.235294,7.334686,4
82551,84978,0.004425,0.235294,7.334686,4
21892,20971,0.004425,0.235294,7.334686,4
84997C,20719,0.006637,0.3,7.32973,6
20719,84997C,0.006637,0.162162,7.32973,6
21975,21977,0.007743,0.259259,7.324074,7
21977,21975,0.007743,0.21875,7.324074,7
21156,22138,0.00885,0.421053,7.319838,8
21929,85099F,0.00885,0.307692,7.319838,8
21987,21731,0.004425,0.307692,7.319838,4
85099F,21929,0.00885,0.210526,7.319838,8
84692,21929,0.004425,0.210526,7.319838,4
21989,22553,0.004425,0.210526,7.319838,4
22749,22554,0.004425,0.210526,7.319838,4
22750,22554,0.004425,0.210526,7.319838,4
22749,22556,0.004425,0.210526,7.319838,4
22328,21929,0.004425,0.210526,7.319838,4
22632,22952,0.004425,0.210526,7.319838,4
22328,23209,0.004425,0.210526,7.319838,4
22138,21156,0.00885,0.153846,7.319838,8
21929,84692,0.004425,0.153846,7.319838,4
22553,21989,0.004425,0.153846,7.319838,4
22554,22749,0.004425,0.153846,7.319838,4
22554,22750,0.004425,0.153846,7.319838,4
22556,22749,0.004425,0.153846,7.319838,4
21929,22328,0.004425,0.153846,7.319838,4
22952,22632,0.004425,0.153846,7.319838,4
23209,22328,0.004425,0.153846,7.319838,4
21210,21212,0.013274,0.444444,7.305051,12
22417,21212,0.00885,0.444444,7.305051,8
22357,21212,0.004425,0.444444,7.305051,4
22315,21212,0.004425,0.444444,7.305051,4
21903,22149,0.004425,0.266667,7.305051,4
21327,22149,0.004425,0.266667,7.305051,4
21212,21210,0.013274,0.218182,7.305051,12
23204,20725,0.005531,0.555556,7.278583,5
23301,21914,0.005531,0.217391,7.278583,5
21914,23301,0.005531,0.185185,7.278583,5
23293,22720,0.006637,0.352941,7.251337,6
21524,48138,0.006637,0.272727,7.251337,6
48138,21524,0.006637,0.176471,7.251337,6
21930,20727,0.011062,0.416667,7.24359,10
23207,20724,0.005531,0.3125,7.24359,5
23344,22411,0.005531,0.3125,7.24359,5
20727,21930,0.011062,0.192308,7.24359,10
22665,22197,0.004425,0.4,7.232,4
22666,22993,0.005531,0.2,7.232,5
22993,22666,0.005531,0.2,7.232,5
22029,22492,0.004425,0.2,7.232,4
47590B,23298,0.004425,0.2,7.232,4
22492,22029,0.004425,0.16,7.232,4
23298,47590B,0.004425,0.16,7.232,4
22508,22457,0.006637,0.375,7.212766,6
84596F,21232,0.006637,0.375,7.212766,6
22419,22139,0.005531,0.454545,7.208931,5
22384,20727,0.018805,0.414634,7.208255,17
20727,22384,0.018805,0.326923,7.208255,17
21213,84991,0.014381,0.40625,7.20098,13
84991,21213,0.014381,0.254902,7.20098,13
22384,22382,0.017699,0.390244,7.199602,16
22382,22384,0.017699,0.326531,7.199602,16
20713,22386,0.007743,0.318182,7.190909,7
22386,20713,0.007743,0.175,7.190909,7
22219,21175,0.005531,0.294118,7.18601,5
82581,21175,0.005531,0.294118,7.18601,5
22588,22423,0.004425,0.571429,7.174603,4
21984,22423,0.004425,0.571429,7.174603,4
21507,22382,0.007743,0.388889,7.174603,7
21914,21790,0.009956,0.333333,7.174603,9
22333,21080,0.004425,0.333333,7.174603,4
21499,21080,0.004425,0.333333,7.174603,4
22028,22178,0.004425,0.333333,7.174603,4
22141,22470,0.004425,0.333333,7.174603,4
22418,22356,0.004425,0.285714,7.174603,4
22661,22356,0.004425,0.285714,7.174603,4
84836,84970S,0.006637,0.222222,7.174603,6
21481,21621,0.004425,0.222222,7.174603,4
21507,22077,0.004425,0.222222,7.174603,4
22578,22910,0.004425,0.222222,7.174603,4
22667,22077,0.004425,0.222222,7.174603,4
84596B,22630,0.004425,0.222222,7.174603,4
21790,21914,0.009956,0.214286,7.174603,9
84970S,84836,0.006637,0.214286,7.174603,6
84970L,22464,0.004425,0.190476,7.174603,4
22570,22558,0.004425,0.190476,7.174603,4
23206,21930,0.004425,0.190476,7.174603,4
22464,84970L,0.004425,0.166667,7.174603,4
22558,22570,0.004425,0.166667,7.174603,4
21930,23206,0.004425,0.166667,7.174603,4
84032A,22086,0.004425,0.363636,7.146245,4
82582,21181,0.006637,0.26087,7.146245,6
21181,82582,0.006637,0.181818,7.146245,6
22489,22569,0.004425,0.181818,7.146245,4
22569,22489,0.004425,0.173913,7.146245,4
22029,21731,0.006637,0.3,7.136842,6
21731,22029,0.006637,0.157895,7.136842,6
22429,22411,0.004425,0.307692,7.13215,4
22662,20727,0.009956,0.409091,7.111888,9
22960,22720,0.009956,0.346154,7.111888,9
22720,22960,0.009956,0.204545,7.111888,9
20727,22662,0.009956,0.173077,7.111888,9
85099F,85099B,0.028761,0.684211,7.109498,26
85099B,85099F,0.028761,0.298851,7.109498,26
23200,20728,0.005531,0.416667,7.106918,5
47590B,47566,0.00885,0.4,7.090196,8
21749,84991,0.004425,0.4,7.090196,4
21903,85152,0.004425,0.266667,7.090196,4
22619,21755,0.004425,0.266667,7.090196,4
21892,22617,0.004425,0.235294,7.090196,4
20679,22727,0.004425,0.235294,7.090196,4
47566,47590B,0.00885,0.156863,7.090196,8
22150,20971,0.005531,0.227273,7.084639,5
21086,22090,0.005531,0.227273,7.084639,5
20713,22355,0.005531,0.227273,7.084639,5
20971,22150,0.005531,0.172414,7.084639,5
22090,21086,0.005531,0.172414,7.084639,5
22355,20713,0.005531,0.172414,7.084639,5
85014B,21977,0.004425,0.25,7.0625,4
20682,20726,0.004425,0.25,7.0625,4
20974,21213,0.004425,0.25,7.0625,4
22084,21213,0.004425,0.25,7.0625,4
22634,22629,0.004425,0.25,7.0625,4
84596F,21977,0.004425,0.25,7.0625,4
23207,22629,0.004425,0.25,7.0625,4
21933,20725,0.007743,0.538462,7.054627,7
21584,22139,0.004425,0.444444,7.048733,4
22170,22139,0.004425,0.444444,7.048733,4
21172,21166,0.004425,0.210526,7.048733,4
22607,21914,0.004425,0.210526,7.048733,4
84520B,21975,0.004425,0.210526,7.048733,4
22750,21210,0.004425,0.210526,7.048733,4
22749,22568,0.004425,0.210526,7.048733,4
22750,22568,0.004425,0.210526,7.048733,4
22734,22086,0.005531,0.357143,7.018634,5
22662,22384,0.007743,0.318182,7.015521,7
22384,22662,0.007743,0.170732,7.015521,7
22386,85099B,0.029867,0.675,7.013793,27
85099B,22386,0.029867,0.310345,7.013793,27
82486,82482,0.005531,0.333333,7.007752,5
22766,82482,0.005531,0.333333,7.007752,5
22492,21915,0.006637,0.24,6.99871,6
21915,22492,0.006637,0.193548,6.99871,6
21137,21731,0.005531,0.294118,6.996904,5
21078,21232,0.004425,0.363636,6.994197,4
22851,21232,0.004425,0.363636,6.994197,4
22694,22469,0.004425,0.363636,6.994197,4
22907,21175,0.004425,0.285714,6.980695,4
84596B,21231,0.005531,0.277778,6.975309,5
21479,22356,0.005531,0.277778,6.975309,5
22417,21231,0.005531,0.277778,6.975309,5
22219,84879,0.00885,0.470588,6.973963,8
21932,20727,0.006637,0.4,6.953846,6
22635,22138,0.004425,0.4,6.953846,4
22379,21929,0.005531,0.2,6.953846,5
22666,22960,0.005531,0.2,6.953846,5
21559,21929,0.004425,0.2,6.953846,4
22865,22952,0.004425,0.2,6.953846,4
23201,23084,0.004425,0.2,6.953846,4
22633,22726,0.004425,0.2,6.953846,4
21929,22379,0.005531,0.192308,6.953846,5
22960,22666,0.005531,0.192308,6.953846,5
21929,21559,0.004425,0.153846,6.953846,4
22952,22865,0.004425,0.153846,6.953846,4
23084,23201,0.004425,0.153846,6.953846,4
22726,22633,0.004425,0.153846,6.953846,4
21915,21790,0.011062,0.322581,6.943164,10
21790,21915,0.011062,0.238095,6.943164,10
21980,20725,0.009956,0.529412,6.936061,9
22835,22086,0.006637,0.352941,6.936061,6
82580,85152,0.006637,0.26087,6.936061,6
85152,82580,0.006637,0.176471,6.936061,6
22271,20971,0.004425,0.222222,6.927203,4
84596B,20718,0.004425,0.222222,6.927203,4
21985,20971,0.004425,0.222222,6.927203,4
20728,20725,0.030973,0.528302,6.92152,28
20725,20728,0.030973,0.405797,6.92152,28
22508,21733,0.005531,0.3125,6.890244,5
20727,22383,0.02323,0.403846,6.888244,21
22383,20727,0.02323,0.396226,6.888244,21
84029E,22114,0.004425,0.190476,6.887619,4
82552,82600,0.004425,0.190476,6.887619,4
84077,22492,0.004425,0.190476,6.887619,4
23202,23298,0.004425,0.190476,6.887619,4
23245,22961,0.004425,0.190476,6.887619,4
84077,22961,0.004425,0.190476,6.887619,4
22114,84029E,0.004425,0.16,6.887619,4
82600,82552,0.004425,0.16,6.887619,4
22492,84077,0.004425,0.16,6.887619,4
23298,23202,0.004425,0.16,6.887619,4
22961,23245,0.004425,0.16,6.887619,4
22961,84077,0.004425,0.16,6.887619,4
22488,22457,0.005531,0.357143,6.869301,5
21078,22423,0.006637,0.545455,6.848485,6
21902,21212,0.005531,0.416667,6.848485,5
85014A,21212,0.005531,0.416667,6.848485,5
22326,POST,0.012168,0.333333,6.848485,11
84596B,22720,0.006637,0.333333,6.848485,6
22333,POST,0.004425,0.333333,6.848485,4
82483,22720,0.004425,0.333333,6.848485,4
22662,22356,0.006637,0.272727,6.848485,6
POST,22326,0.012168,0.25,6.848485,11
20726,22326,0.00885,0.25,6.848485,8
22630,22326,0.007743,0.25,6.848485,7
21559,21931,0.005531,0.25,6.848485,5
84997C,22326,0.005531,0.25,6.848485,5
84987,21181,0.004425,0.25,6.848485,4
22326,20726,0.00885,0.242424,6.848485,8
22326,22630,0.007743,0.212121,6.848485,7
21524,22558,0.004425,0.181818,6.848485,4
22356,22662,0.006637,0.166667,6.848485,6
22558,21524,0.004425,0.166667,6.848485,4
21931,21559,0.005531,0.151515,6.848485,5
22326,84997C,0.005531,0.151515,6.848485,5
22355,22384,0.009956,0.310345,6.842725,9
22384,22355,0.009956,0.219512,6.842725,9
82600,21175,0.007743,0.28,6.841081,7
21175,82600,0.007743,0.189189,6.841081,7
22624,82580,0.004425,0.173913,6.835539,4
82580,22624,0.004425,0.173913,6.835539,4
21932,20728,0.006637,0.4,6.822642,6
21989,21080,0.006637,0.315789,6.796992,6
23202,85099F,0.006637,0.285714,6.796992,6
21240,21731,0.004425,0.285714,6.796992,4
21172,15056N,0.004425,0.210526,6.796992,4
22607,21621,0.004425,0.210526,6.796992,4
22328,22630,0.004425,0.210526,6.796992,4
22699,22630,0.004425,0.210526,6.796992,4
85099F,23202,0.006637,0.157895,6.796992,6
37449,21232,0.006637,0.352941,6.788486,6
21238,20914,0.004425,0.307692,6.78424,4
22625,20914,0.004425,0.307692,6.78424,4
23322,22384,0.004425,0.307692,6.78424,4
84949,84879,0.005531,0.454545,6.736215,5
21918,21790,0.005531,0.3125,6.72619,5
84992,21977,0.005531,0.238095,6.72619,5
21977,84992,0.005531,0.15625,6.72619,5
22549,22382,0.004425,0.363636,6.70872,4
20723,20728,0.012168,0.392857,6.700809,11
20728,20723,0.012168,0.207547,6.700809,11
20712,21928,0.006637,0.222222,6.696296,6
21914,22617,0.006637,0.222222,6.696296,6
20717,21928,0.004425,0.222222,6.696296,4
21985,22557,0.004425,0.222222,6.696296,4
22866,22617,0.004425,0.222222,6.696296,4
21928,20712,0.006637,0.2,6.696296,6
22617,21914,0.006637,0.2,6.696296,6
22379,20712,0.005531,0.2,6.696296,5
48187,20685,0.004425,0.2,6.696296,4
21559,20712,0.004425,0.2,6.696296,4
22646,84836,0.004425,0.2,6.696296,4
20712,22379,0.005531,0.185185,6.696296,5
23203,85099F,0.007743,0.28,6.661053,7
85099F,23203,0.007743,0.184211,6.661053,7
23243,47566,0.006637,0.375,6.647059,6
23199,22386,0.005531,0.294118,6.647059,5
48184,48138,0.004425,0.25,6.647059,4
84596F,85152,0.004425,0.25,6.647059,4
82551,21977,0.004425,0.235294,6.647059,4
22489,21915,0.005531,0.227273,6.627566,5
21915,22489,0.005531,0.16129,6.627566,5
21238,21080,0.004425,0.307692,6.622711,4
22274,21790,0.004425,0.307692,6.622711,4
15036,21790,0.004425,0.307692,6.622711,4
22739,22470,0.004425,0.307692,6.622711,4
20675,21080,0.004425,0.307692,6.622711,4
22734,22411,0.004425,0.285714,6.622711,4
21094,22554,0.004425,0.190476,6.622711,4
84077,22553,0.004425,0.190476,6.622711,4
23202,23209,0.004425,0.190476,6.622711,4
22352,23084,0.004425,0.190476,6.622711,4
23202,22726,0.004425,0.190476,6.622711,4
22554,21094,0.004425,0.153846,6.622711,4
22553,84077,0.004425,0.153846,6.622711,4
23209,23202,0.004425,0.153846,6.622711,4
23084,22352,0.004425,0.153846,6.622711,4
22726,23202,0.004425,0.153846,6.622711,4
21559,20914,0.006637,0.3,6.614634,6
20754,20914,0.006637,0.3,6.614634,6
21156,22356,0.005531,0.263158,6.608187,5
22661,22382,0.005531,0.357143,6.588921,5
22169,84879,0.004425,0.444444,6.586521,4
21870,21212,0.004425,0.4,6.574545,4
22064,21212,0.004425,0.4,6.574545,4
22070,21212,0.004425,0.4,6.574545,4
22996,22197,0.004425,0.363636,6.574545,4
22961,22720,0.00885,0.32,6.574545,8
22993,22720,0.00885,0.32,6.574545,8
22720,22961,0.00885,0.181818,6.574545,8
22720,22993,0.00885,0.181818,6.574545,8
22385,23203,0.004425,0.181818,6.574545,4
22489,22666,0.004425,0.181818,6.574545,4
23203,22385,0.004425,0.16,6.574545,4
22666,22489,0.004425,0.16,6.574545,4
21156,20971,0.004425,0.210526,6.562613,4
21156,22355,0.004425,0.210526,6.562613,4
21899,20718,0.004425,0.210526,6.562613,4
21901,20718,0.004425,0.210526,6.562613,4
21891,20971,0.004425,0.210526,6.562613,4
21899,20971,0.004425,0.210526,6.562613,4
22749,20971,0.004425,0.210526,6.562613,4
22804,48194,0.004425,0.210526,6.562613,4
20726,20725,0.017699,0.5,6.550725,16
23207,20725,0.00885,0.5,6.550725,8
22578,22086,0.006637,0.333333,6.550725,6
20725,20726,0.017699,0.231884,6.550725,16
82582,22558,0.004425,0.173913,6.550725,4
22558,82582,0.004425,0.166667,6.550725,4
82552,21181,0.005531,0.238095,6.522367,5
22352,22326,0.005531,0.238095,6.522367,5
21181,82552,0.005531,0.151515,6.522367,5
22326,22352,0.005531,0.151515,6.522367,5
20726,20727,0.013274,0.375,6.519231,12
20727,20726,0.013274,0.230769,6.519231,12
21932,20719,0.004425,0.266667,6.515315,4
21936,85099B,0.011062,0.625,6.494253,10
22379,22411,0.007743,0.28,6.490256,7
22411,22379,0.007743,0.179487,6.490256,7
21931,85099F,0.009956,0.272727,6.488038,9
22381,85099F,0.006637,0.272727,6.488038,6
85099F,21931,0.009956,0.236842,6.488038,9
85099F,22381,0.006637,0.157895,6.488038,6
23199,22384,0.005531,0.294118,6.484935,5
21507,21915,0.004425,0.222222,6.480287,4
21430,82482,0.004425,0.307692,6.468694,4
47590B,21621,0.004425,0.2,6.457143,4
22697,22630,0.004425,0.2,6.457143,4
22851,84991,0.004425,0.363636,6.445633,4
21980,21931,0.004425,0.235294,6.445633,4
21892,22149,0.004425,0.235294,6.445633,4
21121,22326,0.004425,0.235294,6.445633,4
20717,20724,0.005531,0.277778,6.438746,5
22726,21914,0.005531,0.192308,6.438746,5
21914,22726,0.005531,0.185185,6.438746,5
20728,22383,0.022124,0.377358,6.436454,20
22383,20728,0.022124,0.377358,6.436454,20
23202,85099B,0.014381,0.619048,6.432403,13
22558,20914,0.007743,0.291667,6.430894,7
20914,22558,0.007743,0.170732,6.430894,7
22191,21754,0.005531,0.3125,6.420455,5
84596F,22720,0.005531,0.3125,6.420455,5
84997B,20726,0.005531,0.227273,6.420455,5
22662,20726,0.005531,0.227273,6.420455,5
20726,84997B,0.005531,0.15625,6.420455,5
20726,22662,0.005531,0.15625,6.420455,5
22595,22469,0.006637,0.333333,6.411348,6
22151,22457,0.005531,0.333333,6.411348,5
22151,22469,0.005531,0.333333,6.411348,5
21902,22457,0.004425,0.333333,6.411348,4
22834,22469,0.004425,0.333333,6.411348,4
22776,22457,0.004425,0.333333,6.411348,4
82483,22469,0.004425,0.333333,6.411348,4
21156,20727,0.007743,0.368421,6.404858,7
21929,85099B,0.017699,0.615385,6.394341,16
20718,20724,0.00885,0.275862,6.394341,8
20724,20718,0.00885,0.205128,6.394341,8
85099B,21929,0.017699,0.183908,6.394341,16
84992,21210,0.004425,0.190476,6.377425,4
22560,22568,0.004425,0.190476,6.377425,4
47591D,21975,0.004425,0.190476,6.377425,4
47591D,21914,0.004425,0.190476,6.377425,4
82582,21175,0.006637,0.26087,6.373678,6
21175,82582,0.006637,0.162162,6.373678,6
22466,22139,0.004425,0.4,6.34386,4
21928,85099F,0.00885,0.266667,6.34386,8
22179,21731,0.004425,0.266667,6.34386,4
85099F,21928,0.00885,0.210526,6.34386,8
21156,20750,0.004425,0.210526,6.34386,4
21901,22557,0.004425,0.210526,6.34386,4
21891,22617,0.004425,0.210526,6.34386,4
22607,22617,0.004425,0.210526,6.34386,4
22219,22178,0.005531,0.294118,6.330532,5
84375,21212,0.005531,0.384615,6.321678,5
84032A,20727,0.004425,0.363636,6.321678,4
22606,22138,0.004425,0.363636,6.321678,4
22556,POST,0.00885,0.307692,6.321678,8
21430,21754,0.004425,0.307692,6.321678,4
23322,82494L,0.004425,0.307692,6.321678,4
22381,20724,0.006637,0.272727,6.321678,6
20713,22411,0.006637,0.272727,6.321678,6
21929,21931,0.006637,0.230769,6.321678,6
22556,22326,0.006637,0.230769,6.321678,6
22554,22326,0.006637,0.230769,6.321678,6
POST,22556,0.00885,0.181818,6.321678,8
21931,21929,0.006637,0.181818,6.321678,6
22326,22556,0.006637,0.181818,6.321678,6
22326,22554,0.006637,0.181818,6.321678,6
21086,22554,0.004425,0.181818,6.321678,4
21524,22952,0.004425,0.181818,6.321678,4
20724,22381,0.006637,0.153846,6.321678,6
22411,20713,0.006637,0.153846,6.321678,6
22554,21086,0.004425,0.153846,6.321678,4
22952,21524,0.004425,0.153846,6.321678,4
20723,22384,0.00885,0.285714,6.299652,8
23206,22384,0.006637,0.285714,6.299652,6
22418,21733,0.004425,0.285714,6.299652,4
84050,20914,0.004425,0.285714,6.299652,4
22384,20723,0.00885,0.195122,6.299652,8
20727,20725,0.027655,0.480769,6.298774,25
20725,20727,0.027655,0.362319,6.298774,25
21889,22492,0.004425,0.173913,6.288696,4
22624,22666,0.004425,0.173913,6.288696,4
82580,22666,0.004425,0.173913,6.288696,4
84380,22993,0.004425,0.173913,6.288696,4
22492,21889,0.004425,0.16,6.288696,4
22666,22624,0.004425,0.16,6.288696,4
22666,82580,0.004425,0.16,6.288696,4
22993,84380,0.004425,0.16,6.288696,4
23308,22423,0.004425,0.5,6.277778,4
21877,21231,0.004425,0.25,6.277778,4
84596F,21231,0.004425,0.25,6.277778,4
23207,22356,0.004425,0.25,6.277778,4
20712,20726,0.006637,0.222222,6.277778,6
47559B,20726,0.004425,0.222222,6.277778,4
47559B,21213,0.004425,0.222222,6.277778,4
22555,22629,0.004425,0.222222,6.277778,4
22722,21977,0.004425,0.222222,6.277778,4
84596B,21977,0.004425,0.222222,6.277778,4
20726,20712,0.006637,0.1875,6.277778,6
22382,22383,0.019912,0.367347,6.265691,18
22383,22382,0.019912,0.339623,6.265691,18
85099C,22411,0.011062,0.27027,6.264726,10
22411,85099C,0.011062,0.25641,6.264726,10
82551,85152,0.004425,0.235294,6.256055,4
22083,22086,0.007743,0.318182,6.252964,7
22624,22720,0.007743,0.304348,6.252964,7
22720,22624,0.007743,0.159091,6.252964,7
22086,22083,0.007743,0.152174,6.252964,7
23206,20725,0.011062,0.47619,6.238785,10
82597,85123A,0.004425,0.8,6.234483,4
22854,85123A,0.004425,0.8,6.234483,4
21928,85099B,0.019912,0.6,6.234483,18
85099B,21928,0.019912,0.206897,6.234483,18
22379,22355,0.005531,0.2,6.234483,5
21559,20718,0.004425,0.2,6.234483,4
84997C,22355,0.004425,0.2,6.234483,4
22605,20971,0.004425,0.2,6.234483,4
22355,22379,0.005531,0.172414,6.234483,5
21929,20723,0.005531,0.192308,6.208791,5
20723,21929,0.005531,0.178571,6.208791,5
22147,22568,0.005531,0.185185,6.200274,5
22568,22147,0.005531,0.185185,6.200274,5
21914,22147,0.005531,0.185185,6.200274,5
22147,21914,0.005531,0.185185,6.200274,5
21935,20724,0.004425,0.266667,6.181197,4
21213,21977,0.007743,0.21875,6.179688,7
21977,21213,0.007743,0.21875,6.179688,7
22558,21212,0.009956,0.375,6.163636,9
21212,22558,0.009956,0.163636,6.163636,9
22356,20728,0.014381,0.361111,6.159329,13
20728,22356,0.014381,0.245283,6.159329,13
22666,22457,0.00885,0.32,6.154894,8
22457,22666,0.00885,0.170213,6.154894,8
23206,22382,0.007743,0.333333,6.14966,7
21937,22382,0.004425,0.333333,6.14966,4
22834,22382,0.004425,0.333333,6.14966,4
23200,22382,0.004425,0.333333,6.14966,4
21136,22178,0.004425,0.285714,6.14966,4
22294,22178,0.004425,0.285714,6.14966,4
85061W,22178,0.004425,0.285714,6.14966,4
22084,22086,0.005531,0.3125,6.141304,5
22634,22086,0.005531,0.3125,6.141304,5
22385,85099B,0.014381,0.590909,6.140021,13
47566B,20727,0.006637,0.352941,6.135747,6
23199,20727,0.006637,0.352941,6.135747,6
21985,21733,0.005531,0.277778,6.124661,5
22380,22384,0.005531,0.277778,6.124661,5
22759,21733,0.005531,0.277778,6.124661,5
21932,20725,0.007743,0.466667,6.11401,7
23201,85099C,0.005531,0.25,6.108108,5
84596F,21175,0.004425,0.25,6.108108,4
21975,21212,0.011062,0.37037,6.087542,10
20712,21931,0.006637,0.222222,6.087542,6
22621,22149,0.004425,0.222222,6.087542,4
22273,22149,0.004425,0.222222,6.087542,4
22759,22149,0.004425,0.222222,6.087542,4
21212,21975,0.011062,0.181818,6.087542,10
21931,20712,0.006637,0.181818,6.087542,6
20713,21166,0.004425,0.181818,6.087542,4
22150,22568,0.004425,0.181818,6.087542,4
22489,22568,0.004425,0.181818,6.087542,4
22489,21914,0.004425,0.181818,6.087542,4
22381,20685,0.004425,0.181818,6.087542,4
22662,21166,0.004425,0.181818,6.087542,4
22077,21977,0.006637,0.214286,6.053571,6
22551,21977,0.006637,0.214286,6.053571,6
21977,22077,0.006637,0.1875,6.053571,6
21977,22551,0.006637,0.1875,6.053571,6
22952,22086,0.00885,0.307692,6.046823,8
22983,22086,0.004425,0.307692,6.046823,4
22584,22086,0.004425,0.307692,6.046823,4
22809,22086,0.004425,0.307692,6.046823,4
22086,22952,0.00885,0.173913,6.046823,8
21889,22554,0.004425,0.173913,6.046823,4
23301,23209,0.004425,0.173913,6.046823,4
22624,22960,0.004425,0.173913,6.046823,4
22554,21889,0.004425,0.153846,6.046823,4
23209,23301,0.004425,0.153846,6.046823,4
22960,22624,0.004425,0.153846,6.046823,4
82581,82494L,0.005531,0.294118,6.042781,5
22662,85152,0.005531,0.227273,6.042781,5
22141,22197,0.004425,0.333333,6.026667,4
23203,22727,0.005531,0.2,6.026667,5
22029,20750,0.004425,0.2,6.026667,4
22507,22617,0.004425,0.2,6.026667,4
22865,22557,0.004425,0.2,6.026667,4
22727,23203,0.005531,0.166667,6.026667,5
21485,21733,0.006637,0.272727,6.013304,6
85066,82482,0.004425,0.285714,6.006645,4
22624,22423,0.012168,0.478261,6.004831,11
22423,22624,0.012168,0.152778,6.004831,11
22629,22326,0.007743,0.21875,5.992424,7
22326,22629,0.007743,0.212121,5.992424,7
21931,85099B,0.021018,0.575758,5.982584,19
85099B,21931,0.021018,0.218391,5.982584,19
22595,22470,0.005531,0.277778,5.978836,5
22560,22356,0.005531,0.238095,5.978836,5
21166,22630,0.005531,0.185185,5.978836,5
22630,21166,0.005531,0.178571,5.978836,5
21217,21212,0.004425,0.363636,5.97686,4
22646,20728,0.007743,0.35,5.969811,7
84978,22457,0.009956,0.310345,5.969186,9
22457,84978,0.009956,0.191489,5.969186,9
20719,22384,0.011062,0.27027,5.95913,10
22384,20719,0.011062,0.243902,5.95913,10
22662,20725,0.011062,0.454545,5.955204,10
21889,22149,0.005531,0.217391,5.955204,5
22149,21889,0.005531,0.151515,5.955204,5
21731,POST,0.012168,0.289474,5.947368,11
POST,21731,0.012168,0.25,5.947368,11
21559,85099F,0.005531,0.25,5.947368,5
23201,85099F,0.005531,0.25,5.947368,5
21156,20726,0.004425,0.210526,5.947368,4
21900,21977,0.004425,0.210526,5.947368,4
21901,21977,0.004425,0.210526,5.947368,4
22607,21977,0.004425,0.210526,5.947368,4
21172,22629,0.004425,0.210526,5.947368,4
84692,21213,0.004425,0.210526,5.947368,4
22632,21213,0.004425,0.210526,5.947368,4
22897,85099B,0.004425,0.571429,5.937603,4
21174,84978,0.004425,0.190476,5.937603,4
84970L,84978,0.004425,0.190476,5.937603,4
22560,21791,0.004425,0.190476,5.937603,4
21314,84978,0.004425,0.190476,5.937603,4
22560,20971,0.004425,0.190476,5.937603,4
22570,20971,0.004425,0.190476,5.937603,4
21866,84879,0.004425,0.4,5.927869,4
22326,20719,0.00885,0.242424,5.923014,8
20719,22326,0.00885,0.216216,5.923014,8
22645,84991,0.005531,0.333333,5.908497,5
85014A,84991,0.004425,0.333333,5.908497,4
37449,21231,0.004425,0.235294,5.908497,4
21155,21231,0.004425,0.235294,5.908497,4
20975,22356,0.004425,0.235294,5.908497,4
82551,22356,0.004425,0.235294,5.908497,4
21479,22111,0.004425,0.222222,5.908497,4
47559B,21755,0.004425,0.222222,5.908497,4
22722,21755,0.004425,0.222222,5.908497,4
85099C,85099B,0.02323,0.567568,5.897484,21
85099B,85099C,0.02323,0.241379,5.897484,21
22577,22086,0.006637,0.3,5.895652,6
21216,22384,0.004425,0.266667,5.879675,4
22355,20725,0.014381,0.448276,5.873063,13
20725,22355,0.014381,0.188406,5.873063,13
22027,POST,0.006637,0.285714,5.87013,6
22173,82494L,0.004425,0.285714,5.87013,4
22964,POST,0.004425,0.285714,5.87013,4
84755,22178,0.006637,0.272727,5.87013,6
84755,84970S,0.004425,0.181818,5.87013,4
84945,71459,0.004425,0.181818,5.87013,4
22662,20723,0.004425,0.181818,5.87013,4
21485,22910,0.004425,0.181818,5.87013,4
23203,85099C,0.006637,0.24,5.863784,6
85099C,23203,0.006637,0.162162,5.863784,6
22411,85099B,0.024336,0.564103,5.86148,22
85099B,22411,0.024336,0.252874,5.86148,22
20712,22386,0.007743,0.259259,5.859259,7
22386,20712,0.007743,0.175,5.859259,7
22328,22382,0.006637,0.315789,5.825994,6
84380,21975,0.004425,0.173913,5.822866,4
22569,22147,0.004425,0.173913,5.822866,4
82582,21166,0.004425,0.173913,5.822866,4
21156,22384,0.005531,0.263158,5.802311,5
21900,22384,0.005531,0.263158,5.802311,5
84991,21212,0.019912,0.352941,5.80107,18
21212,84991,0.019912,0.327273,5.80107,18
21479,20727,0.006637,0.333333,5.794872,6
22619,22138,0.005531,0.333333,5.794872,5
22175,22138,0.004425,0.333333,5.794872,4
22327,20727,0.004425,0.333333,5.794872,4
84946,22178,0.007743,0.269231,5.794872,7
22960,22557,0.005531,0.192308,5.794872,5
22178,84946,0.007743,0.166667,5.794872,7
22557,22960,0.005531,0.166667,5.794872,5
21930,21929,0.004425,0.166667,5.794872,4
22464,84946,0.004425,0.166667,5.794872,4
21929,21930,0.004425,0.153846,5.794872,4
84946,22464,0.004425,0.153846,5.794872,4
22666,22961,0.004425,0.16,5.7856,4
22961,22666,0.004425,0.16,5.7856,4
23293,22086,0.005531,0.294118,5.780051,5
22487,21755,0.005531,0.217391,5.780051,5
20712,20718,0.005531,0.185185,5.772669,5
20712,22355,0.005531,0.185185,5.772669,5
20718,20712,0.005531,0.172414,5.772669,5
22355,20712,0.005531,0.172414,5.772669,5
10135,22139,0.004425,0.363636,5.767145,4
21974,22149,0.004425,0.210526,5.767145,4
22631,22326,0.004425,0.210526,5.767145,4
22629,22382,0.011062,0.3125,5.765306,10
22382,22629,0.011062,0.204082,5.765306,10
82551,21175,0.004425,0.235294,5.748808,4
22804,85123A,0.015487,0.736842,5.742287,14
22645,22470,0.004425,0.266667,5.739683,4
22567,21080,0.004425,0.266667,5.739683,4
22491,21790,0.004425,0.266667,5.739683,4
21936,20725,0.007743,0.4375,5.731884,7
22379,85099F,0.006637,0.24,5.709474,6
85099F,22379,0.006637,0.157895,5.709474,6
82583,82494L,0.005531,0.277778,5.707071,5
47559B,22720,0.005531,0.277778,5.707071,5
20724,20728,0.014381,0.333333,5.685535,13
21930,22383,0.00885,0.333333,5.685535,8
23206,20728,0.007743,0.333333,5.685535,7
23206,22383,0.007743,0.333333,5.685535,7
21932,22383,0.005531,0.333333,5.685535,5
22327,22383,0.004425,0.333333,5.685535,4
21937,20728,0.004425,0.333333,5.685535,4
21937,22383,0.004425,0.333333,5.685535,4
20728,20724,0.014381,0.245283,5.685535,13
22383,21930,0.00885,0.150943,5.685535,8
20724,22382,0.013274,0.307692,5.676609,12
22382,20724,0.013274,0.244898,5.676609,12
20713,85099B,0.013274,0.545455,5.667712,12
22083,22090,0.004425,0.181818,5.667712,4
84997B,22355,0.004425,0.181818,5.667712,4
22381,22355,0.004425,0.181818,5.667712,4
22418,22139,0.005531,0.357143,5.66416,5
22219,22457,0.005531,0.294118,5.657071,5
22219,22469,0.005531,0.294118,5.657071,5
20679,21232,0.005531,0.294118,5.657071,5
20724,22384,0.011062,0.25641,5.653533,10
22384,20724,0.011062,0.243902,5.653533,10
84596F,22197,0.005531,0.3125,5.65,5
21936,22386,0.004425,0.25,5.65,4
23207,22386,0.004425,0.25,5.65,4
22492,22629,0.005531,0.2,5.65,5
84997C,20726,0.004425,0.2,5.65,4
84997C,21213,0.004425,0.2,5.65,4
84997D,21213,0.004425,0.2,5.65,4
22659,21213,0.004425,0.2,5.65,4
22697,22629,0.004425,0.2,5.65,4
23201,22629,0.004425,0.2,5.65,4
22629,22492,0.005531,0.15625,5.65,5
21558,22086,0.004425,0.285714,5.614907,4
84380,22077,0.004425,0.173913,5.614907,4
22487,84970S,0.004425,0.173913,5.614907,4
21327,21034,0.004425,0.266667,5.606202,4
85150,85099F,0.004425,0.235294,5.597523,4
21164,85152,0.004425,0.210526,5.597523,4
21901,21755,0.004425,0.210526,5.597523,4
21164,21755,0.004425,0.210526,5.597523,4
21899,85152,0.004425,0.210526,5.597523,4
21900,85152,0.004425,0.210526,5.597523,4
21901,85152,0.004425,0.210526,5.597523,4
23355,22111,0.004425,0.210526,5.597523,4
20723,20727,0.009956,0.321429,5.587912,9
20727,20723,0.009956,0.173077,5.587912,9
22030,22423,0.004425,0.444444,5.580247,4
22561,21790,0.007743,0.259259,5.580247,7
82583,22356,0.004425,0.222222,5.580247,4
22380,22356,0.004425,0.222222,5.580247,4
20717,22356,0.004425,0.222222,5.580247,4
21914,22557,0.005531,0.185185,5.580247,5
21790,22561,0.007743,0.166667,5.580247,7
22557,21914,0.005531,0.166667,5.580247,5
21930,21166,0.004425,0.166667,5.580247,4
20749,21975,0.004425,0.166667,5.580247,4
20972,21914,0.004425,0.166667,5.580247,4
22382,20728,0.017699,0.326531,5.569503,16
20728,22382,0.017699,0.301887,5.569503,16
20723,20718,0.005531,0.178571,5.566502,5
20718,20723,0.005531,0.172414,5.566502,5
22644,22197,0.004425,0.307692,5.563077,4
22666,21929,0.004425,0.16,5.563077,4
22993,22726,0.004425,0.16,5.563077,4
23298,22960,0.004425,0.16,5.563077,4
21929,22666,0.004425,0.153846,5.563077,4
22726,22993,0.004425,0.153846,5.563077,4
22960,23298,0.004425,0.153846,5.563077,4
84029E,22112,0.004425,0.190476,5.554531,4
22560,21915,0.004425,0.190476,5.554531,4
84077,21915,0.004425,0.190476,5.554531,4
20713,20719,0.005531,0.227273,5.552826,5
23206,20724,0.005531,0.238095,5.518926,5
23202,22411,0.005531,0.238095,5.518926,5
21156,20725,0.00885,0.421053,5.5164,8
22356,22384,0.009956,0.25,5.512195,9
21930,22384,0.006637,0.25,5.512195,6
20676,20914,0.005531,0.25,5.512195,5
22646,22384,0.005531,0.25,5.512195,5
84596F,22384,0.004425,0.25,5.512195,4
23321,22384,0.004425,0.25,5.512195,4
22384,22356,0.009956,0.219512,5.512195,9
22470,22457,0.013274,0.285714,5.495441,12
21314,22457,0.006637,0.285714,5.495441,6
22296,22469,0.004425,0.285714,5.495441,4
84032B,22457,0.004425,0.285714,5.495441,4
22502,22469,0.004425,0.285714,5.495441,4
22457,22470,0.013274,0.255319,5.495441,12
21891,22138,0.006637,0.315789,5.489879,6
20979,21212,0.005531,0.333333,5.478788,5
22567,21212,0.005531,0.333333,5.478788,5
20750,POST,0.00885,0.266667,5.478788,8
21533,82494L,0.004425,0.266667,5.478788,4
21539,82494L,0.004425,0.266667,5.478788,4
20982,21754,0.004425,0.266667,5.478788,4
22847,22720,0.004425,0.266667,5.478788,4
22729,82494L,0.004425,0.266667,5.478788,4
20750,22326,0.006637,0.2,5.478788,6
21928,21931,0.006637,0.2,5.478788,6
23203,21931,0.005531,0.2,5.478788,5
21871,21181,0.004425,0.2,5.478788,4
84997D,22326,0.004425,0.2,5.478788,4
22605,22149,0.004425,0.2,5.478788,4
22865,22149,0.004425,0.2,5.478788,4
21559,22326,0.004425,0.2,5.478788,4
POST,20750,0.00885,0.181818,5.478788,8
22326,20750,0.006637,0.181818,5.478788,6
21931,21928,0.006637,0.181818,5.478788,6
20713,21928,0.004425,0.181818,5.478788,4
21931,23203,0.005531,0.151515,5.478788,5
48129,84991,0.004425,0.307692,5.453997,4
82578,84991,0.004425,0.307692,5.453997,4
21430,47566,0.004425,0.307692,5.453997,4
23198,47566,0.004425,0.307692,5.453997,4
84988,22411,0.004425,0.235294,5.453997,4
21213,20727,0.011062,0.3125,5.432692,10
22634,22138,0.005531,0.3125,5.432692,5
20727,21213,0.011062,0.192308,5.432692,10
22553,21213,0.005531,0.192308,5.432692,5
21213,22553,0.005531,0.15625,5.432692,5
20717,85099C,0.004425,0.222222,5.429429,4
84596B,21175,0.004425,0.222222,5.429429,4
22633,22197,0.006637,0.3,5.424,6
21889,21791,0.004425,0.173913,5.421289,4
22487,84978,0.004425,0.173913,5.421289,4
82580,84978,0.004425,0.173913,5.421289,4
22662,85099F,0.005531,0.227273,5.406699,5
23203,85099B,0.014381,0.52,5.403218,13
22355,20727,0.009956,0.310345,5.395225,9
20727,22355,0.009956,0.173077,5.395225,9
22328,22383,0.006637,0.315789,5.386296,6
20676,21080,0.005531,0.25,5.380952,5
22577,22470,0.005531,0.25,5.380952,5
20974,21790,0.004425,0.25,5.380952,4
23321,22470,0.004425,0.25,5.380952,4
84947,22178,0.004425,0.25,5.380952,4
23202,22386,0.005531,0.238095,5.380952,5
22560,22629,0.004425,0.190476,5.380952,4
23206,22629,0.004425,0.190476,5.380952,4
21915,21731,0.007743,0.225806,5.371817,7
21731,21915,0.007743,0.184211,5.371817,7
82580,82494L,0.006637,0.26087,5.359684,6
84380,22720,0.006637,0.26087,5.359684,6
21843,21210,0.004425,0.16,5.357037,4
22114,21914,0.004425,0.16,5.357037,4
22492,22561,0.004425,0.16,5.357037,4
22207,22138,0.004425,0.307692,5.349112,4
22754,22138,0.004425,0.307692,5.349112,4
22417,21232,0.005531,0.277778,5.34279,5
21985,22469,0.005531,0.277778,5.34279,5
20682,20728,0.005531,0.3125,5.330189,5
21931,22356,0.007743,0.212121,5.326599,7
22356,21931,0.007743,0.194444,5.326599,7
23300,22197,0.005531,0.294118,5.317647,5
82600,21755,0.005531,0.2,5.317647,5
22605,21755,0.004425,0.2,5.317647,4
22356,20727,0.012168,0.305556,5.311966,11
20727,22356,0.012168,0.211538,5.311966,11
82580,21175,0.005531,0.217391,5.311398,5
22150,21915,0.004425,0.181818,5.302053,4
20726,21213,0.006637,0.1875,5.296875,6
21213,20726,0.006637,0.1875,5.296875,6
22355,20728,0.009956,0.310345,5.293429,9
20728,22355,0.009956,0.169811,5.293429,9
21484,84879,0.005531,0.357143,5.29274,5
22699,22423,0.00885,0.421053,5.28655,8
21497,22139,0.005531,0.333333,5.28655,5
22493,22139,0.004425,0.333333,5.28655,4
20712,85099F,0.006637,0.222222,5.28655,6
21507,21731,0.004425,0.222222,5.28655,4
21509,21731,0.004425,0.222222,5.28655,4
22380,85099F,0.004425,0.222222,5.28655,4
21429,22356,0.004425,0.210526,5.28655,4
84520B,21231,0.004425,0.210526,5.28655,4
21900,22356,0.004425,0.210526,5.28655,4
85099F,20712,0.006637,0.157895,5.28655,6
20723,22382,0.00885,0.285714,5.271137,8
22382,20723,0.00885,0.163265,5.271137,8
21931,20727,0.011062,0.30303,5.268065,10
22381,22411,0.005531,0.227273,5.268065,5
20713,20724,0.005531,0.227273,5.268065,5
22662,20724,0.005531,0.227273,5.268065,5
20727,21931,0.011062,0.192308,5.268065,10
21918,82482,0.004425,0.25,5.255814,4
22352,22384,0.005531,0.238095,5.24971,5
22435,22383,0.004425,0.307692,5.248186,4
21933,22383,0.004425,0.307692,5.248186,4
22644,20728,0.004425,0.307692,5.248186,4
22644,22383,0.004425,0.307692,5.248186,4
22754,22383,0.004425,0.307692,5.248186,4
21216,20725,0.006637,0.4,5.24058,6
82567,20725,0.004425,0.4,5.24058,4
22144,22086,0.004425,0.266667,5.24058,4
22966,22086,0.004425,0.266667,5.24058,4
21889,22557,0.004425,0.173913,5.24058,4
21889,22617,0.004425,0.173913,5.24058,4
21914,21977,0.005531,0.185185,5.231481,5
21977,21914,0.005531,0.15625,5.231481,5
22560,22149,0.004425,0.190476,5.217893,4
22411,22386,0.009956,0.230769,5.215385,9
21929,22386,0.006637,0.230769,5.215385,6
22386,22411,0.009956,0.225,5.215385,9
22386,21929,0.006637,0.15,5.215385,6
82551,47566,0.005531,0.294118,5.213379,5
84406B,85123A,0.00885,0.666667,5.195402,8
21586,85123A,0.004425,0.666667,5.195402,4
22117,85123A,0.004425,0.666667,5.195402,4
37446,85123A,0.004425,0.666667,5.195402,4
20711,85099B,0.006637,0.5,5.195402,6
23200,85099B,0.006637,0.5,5.195402,6
47556B,85099B,0.005531,0.5,5.195402,5
20971,22617,0.005531,0.172414,5.195402,5
22617,20971,0.005531,0.166667,5.195402,5
21899,21212,0.006637,0.315789,5.190431,6
21900,21212,0.006637,0.315789,5.190431,6
85150,20914,0.004425,0.235294,5.187948,4
21980,22384,0.004425,0.235294,5.187948,4
21980,20914,0.004425,0.235294,5.187948,4
23355,22086,0.005531,0.263158,5.171625,5
22910,22197,0.00885,0.285714,5.165714,8
22649,22197,0.004425,0.285714,5.165714,4
20751,22197,0.004425,0.285714,5.165714,4
22197,22910,0.00885,0.16,5.165714,8
22492,22551,0.004425,0.16,5.165714,4
22961,22077,0.004425,0.16,5.165714,4
23298,22630,0.004425,0.16,5.165714,4
20712,20724,0.006637,0.222222,5.150997,6
22380,20724,0.004425,0.222222,5.150997,4
20717,22411,0.004425,0.222222,5.150997,4
20724,20712,0.006637,0.153846,5.150997,6
22556,22561,0.004425,0.153846,5.150997,4
22553,22561,0.004425,0.153846,5.150997,4
21929,21210,0.004425,0.153846,5.150997,4
22553,21914,0.004425,0.153846,5.150997,4
22960,21914,0.004425,0.153846,5.150997,4
20719,21731,0.00885,0.216216,5.14367,8
21731,20719,0.00885,0.210526,5.14367,8
21901,21175,0.004425,0.210526,5.14367,4
21172,21175,0.004425,0.210526,5.14367,4
21164,21175,0.004425,0.210526,5.14367,4
84692,85099C,0.004425,0.210526,5.14367,4
21877,21212,0.005531,0.3125,5.136364,5
85014B,21212,0.005531,0.3125,5.136364,5
48187,21754,0.005531,0.25,5.136364,5
22029,POST,0.005531,0.25,5.136364,5
48184,21754,0.004425,0.25,5.136364,4
21936,POST,0.004425,0.25,5.136364,4
22083,21977,0.004425,0.181818,5.136364,4
84997B,21213,0.004425,0.181818,5.136364,4
21216,21232,0.004425,0.266667,5.129078,4
20970,21232,0.004425,0.266667,5.129078,4
21531,21232,0.004425,0.266667,5.129078,4
22847,22457,0.004425,0.266667,5.129078,4
82486,22469,0.004425,0.266667,5.129078,4
22966,21232,0.004425,0.266667,5.129078,4
21889,22086,0.006637,0.26087,5.126654,6
21509,22382,0.005531,0.277778,5.124717,5
20717,22382,0.005531,0.277778,5.124717,5
22560,21790,0.005531,0.238095,5.124717,5
21892,22138,0.005531,0.294118,5.113122,5
20723,85099F,0.006637,0.214286,5.097744,6
85099F,20723,0.006637,0.157895,5.097744,6
22355,22382,0.00885,0.275862,5.089374,8
22382,22355,0.00885,0.163265,5.089374,8
22411,22384,0.009956,0.230769,5.08818,9
22384,22411,0.009956,0.219512,5.08818,9
20719,20728,0.012168,0.297297,5.070882,11
20728,20719,0.012168,0.207547,5.070882,11
47591D,84991,0.006637,0.285714,5.064426,6
22649,84991,0.004425,0.285714,5.064426,4
22907,84991,0.004425,0.285714,5.064426,4
22907,47566,0.004425,0.285714,5.064426,4
21892,22178,0.004425,0.235294,5.064426,4
82551,22178,0.004425,0.235294,5.064426,4
22748,21790,0.004425,0.235294,5.064426,4
84029E,22111,0.004425,0.190476,5.064426,4
84970L,21755,0.004425,0.190476,5.064426,4
22993,22197,0.007743,0.28,5.0624,7
84520B,21232,0.005531,0.263158,5.06159,5
21899,22457,0.005531,0.263158,5.06159,5
21900,22457,0.005531,0.263158,5.06159,5
21901,22457,0.005531,0.263158,5.06159,5
22804,22469,0.005531,0.263158,5.06159,5
21218,21212,0.004425,0.307692,5.057343,4
20712,20728,0.00885,0.296296,5.053809,8
20728,20712,0.00885,0.150943,5.053809,8
23209,20725,0.011062,0.384615,5.039019,10
22385,22382,0.006637,0.272727,5.03154,6
22627,22423,0.006637,0.4,5.022222,6
22354,22423,0.004425,0.4,5.022222,4
22667,22197,0.005531,0.277778,5.022222,5
84596B,22197,0.005531,0.277778,5.022222,5
22380,22386,0.004425,0.222222,5.022222,4
22379,22356,0.005531,0.2,5.022222,5
21871,21231,0.004425,0.2,5.022222,4
22557,22617,0.005531,0.166667,5.022222,5
22617,22557,0.005531,0.166667,5.022222,5
82580,22457,0.006637,0.26087,5.017576,6
85099C,20724,0.00885,0.216216,5.011781,8
20724,85099C,0.00885,0.205128,5.011781,8
22381,22384,0.005531,0.227273,5.011086,5
20713,22384,0.005531,0.227273,5.011086,5
20983,21731,0.004425,0.210526,5.00831,4
22631,21731,0.004425,0.210526,5.00831,4
22749,21731,0.004425,0.210526,5.00831,4
22750,21731,0.004425,0.210526,5.00831,4
20712,85099B,0.014381,0.481481,5.00298,13
22666,20971,0.004425,0.16,4.987586,4
22993,22355,0.004425,0.16,4.987586,4
22961,84978,0.004425,0.16,4.987586,4
23298,22090,0.004425,0.16,4.987586,4
20719,22382,0.011062,0.27027,4.986211,10
22382,20719,0.011062,0.204082,4.986211,10
84997B,22326,0.004425,0.181818,4.980716,4
22489,22149,0.004425,0.181818,4.980716,4
22662,21931,0.004425,0.181818,4.980716,4
21558,20727,0.004425,0.285714,4.967033,4
84032B,20727,0.004425,0.285714,4.967033,4
84032B,22138,0.004425,0.285714,4.967033,4
22556,21790,0.006637,0.230769,4.967033,6
84946,71459,0.004425,0.153846,4.967033,4
84946,22077,0.004425,0.153846,4.967033,4
22554,22630,0.004425,0.153846,4.967033,4
22554,22910,0.004425,0.153846,4.967033,4
22726,22630,0.004425,0.153846,4.967033,4
23209,20723,0.004425,0.153846,4.967033,4
21411,85123A,0.007743,0.636364,4.959248,7
21930,85099F,0.005531,0.208333,4.95614,5
82581,82482,0.004425,0.235294,4.946648,4
22383,20725,0.022124,0.377358,4.943943,20
20725,22383,0.022124,0.289855,4.943943,20
21733,85123A,0.028761,0.634146,4.941968,26
85123A,21733,0.028761,0.224138,4.941968,26
22151,84879,0.005531,0.333333,4.939891,5
23298,22720,0.006637,0.24,4.930909,6
21908,84991,0.005531,0.277778,4.923747,5
21166,21755,0.005531,0.185185,4.923747,5
21932,22382,0.004425,0.266667,4.919728,4
84380,21977,0.004425,0.173913,4.913043,4
21889,21977,0.004425,0.173913,4.913043,4
22457,22469,0.013274,0.255319,4.910819,12
22469,22457,0.013274,0.255319,4.910819,12
20724,20727,0.012168,0.282051,4.903353,11
20727,20724,0.012168,0.211538,4.903353,11
21523,20914,0.004425,0.222222,4.899729,4
21908,20914,0.004425,0.222222,4.899729,4
47559B,21733,0.004425,0.222222,4.899729,4
47559B,22384,0.004425,0.222222,4.899729,4
22667,20914,0.004425,0.222222,4.899729,4
22667,22384,0.004425,0.222222,4.899729,4
21479,22384,0.004425,0.222222,4.899729,4
21174,82494L,0.005531,0.238095,4.891775,5
21314,22720,0.005531,0.238095,4.891775,5
22489,21790,0.005531,0.227273,4.891775,5
23199,85099B,0.00885,0.470588,4.88979,8
22090,47566,0.00885,0.275862,4.88979,8
47566,22090,0.00885,0.156863,4.88979,8
84997D,20719,0.004425,0.2,4.886486,4
22633,21175,0.004425,0.2,4.886486,4
22207,22139,0.004425,0.307692,4.879892,4
84946,82482,0.006637,0.230769,4.851521,6
84988,21212,0.005531,0.294118,4.834225,5
85150,82494L,0.004425,0.235294,4.834225,4
21155,82494L,0.004425,0.235294,4.834225,4
82551,82494L,0.004425,0.235294,4.834225,4
84988,22720,0.004425,0.235294,4.834225,4
22417,22138,0.005531,0.277778,4.82906,5
22621,22138,0.005531,0.277778,4.82906,5
22866,22138,0.005531,0.277778,4.82906,5
21929,22356,0.005531,0.192308,4.82906,5
84380,22139,0.007743,0.304348,4.82685,7
22348,22197,0.004425,0.266667,4.821333,4
21704,22197,0.004425,0.266667,4.821333,4
22941,22197,0.004425,0.266667,4.821333,4
21843,22617,0.004425,0.16,4.821333,4
22492,22557,0.004425,0.16,4.821333,4
22666,22617,0.004425,0.16,4.821333,4
22993,22727,0.004425,0.16,4.821333,4
23203,21928,0.004425,0.16,4.821333,4
21213,21232,0.00885,0.25,4.808511,8
21877,21232,0.004425,0.25,4.808511,4
22508,22469,0.004425,0.25,4.808511,4
84378,22469,0.004425,0.25,4.808511,4
23321,22469,0.004425,0.25,4.808511,4
21232,21213,0.00885,0.170213,4.808511,8
22556,21791,0.004425,0.153846,4.795756,4
22555,21790,0.004425,0.222222,4.783069,4
21507,22178,0.004425,0.222222,4.783069,4
22578,22470,0.004425,0.222222,4.783069,4
22578,21790,0.004425,0.222222,4.783069,4
22866,21790,0.004425,0.222222,4.783069,4
22759,21080,0.004425,0.222222,4.783069,4
21931,20725,0.013274,0.363636,4.764163,12
84032A,20725,0.004425,0.363636,4.764163,4
20725,21931,0.013274,0.173913,4.764163,12
20676,85099F,0.004425,0.2,4.757895,4
21559,21731,0.004425,0.2,4.757895,4
71459,21755,0.005531,0.178571,4.747899,5
22630,85152,0.005531,0.178571,4.747899,5
20713,20727,0.006637,0.272727,4.741259,6
22380,22383,0.005531,0.277778,4.737945,5
22667,20728,0.005531,0.277778,4.737945,5
22356,20725,0.014381,0.361111,4.731079,13
20725,22356,0.014381,0.188406,4.731079,13
22630,22384,0.006637,0.214286,4.724739,6
22355,21931,0.005531,0.172414,4.723093,5
21931,22355,0.005531,0.151515,4.723093,5
22114,22086,0.006637,0.24,4.716522,6
23207,22423,0.006637,0.375,4.708333,6
20750,22629,0.005531,0.166667,4.708333,5
22557,22629,0.005531,0.166667,4.708333,5
21930,20726,0.004425,0.166667,4.708333,4
21930,21213,0.004425,0.166667,4.708333,4
22558,21977,0.004425,0.166667,4.708333,4
22558,22629,0.004425,0.166667,4.708333,4
22629,20750,0.005531,0.15625,4.708333,5
22629,22557,0.005531,0.15625,4.708333,5
23209,21175,0.005531,0.192308,4.698545,5
22867,21212,0.004425,0.285714,4.696104,4
21733,22457,0.011062,0.243902,4.69123,10
22457,21733,0.011062,0.212766,4.69123,10
23201,85099B,0.009956,0.45,4.675862,9
21509,82482,0.004425,0.222222,4.671835,4
82583,82482,0.004425,0.222222,4.671835,4
21669,82482,0.004425,0.222222,4.671835,4
21524,21754,0.005531,0.227273,4.669421,5
84692,84991,0.005531,0.263158,4.664603,5
20713,20728,0.006637,0.272727,4.651801,6
22385,22383,0.006637,0.272727,4.651801,6
22381,20728,0.006637,0.272727,4.651801,6
20712,22356,0.005531,0.185185,4.650206,5
21901,20914,0.004425,0.210526,4.641849,4
21164,20914,0.004425,0.210526,4.641849,4
21172,21733,0.004425,0.210526,4.641849,4
21899,20914,0.004425,0.210526,4.641849,4
21900,20914,0.004425,0.210526,4.641849,4
21899,22384,0.004425,0.210526,4.641849,4
21901,22384,0.004425,0.210526,4.641849,4
84520B,22384,0.004425,0.210526,4.641849,4
21535,22138,0.004425,0.266667,4.635897,4
21327,20727,0.004425,0.266667,4.635897,4
22627,22138,0.004425,0.266667,4.635897,4
22556,22617,0.004425,0.153846,4.635897,4
22952,22557,0.004425,0.153846,4.635897,4
23084,20750,0.004425,0.153846,4.635897,4
23084,22557,0.004425,0.153846,4.635897,4
23084,22617,0.004425,0.153846,4.635897,4
21974,22423,0.007743,0.368421,4.625731,7
21155,20725,0.006637,0.352941,4.624041,6
21889,84991,0.006637,0.26087,4.624041,6
20969,22086,0.004425,0.235294,4.624041,4
21980,22086,0.004425,0.235294,4.624041,4
82580,21755,0.004425,0.173913,4.624041,4
22961,22469,0.006637,0.24,4.61617,6
22630,22382,0.007743,0.25,4.612245,7
22029,22382,0.005531,0.25,4.612245,5
22634,22382,0.004425,0.25,4.612245,4
22751,22382,0.004425,0.25,4.612245,4
20723,21080,0.006637,0.214286,4.612245,6
21621,21080,0.006637,0.214286,4.612245,6
71459,22178,0.006637,0.214286,4.612245,6
22551,21790,0.006637,0.214286,4.612245,6
48194,48138,0.005531,0.172414,4.584178,5
22178,22457,0.011062,0.238095,4.579534,10
22295,22457,0.005531,0.238095,4.579534,5
22295,22469,0.005531,0.238095,4.579534,5
22457,22178,0.011062,0.212766,4.579534,10
22138,22139,0.016593,0.288462,4.574899,15
22139,22138,0.016593,0.263158,4.574899,15
21989,20727,0.005531,0.263158,4.574899,5
22556,21731,0.005531,0.192308,4.574899,5
21988,22423,0.004425,0.363636,4.565657,4
85053,22423,0.004425,0.363636,4.565657,4
22555,21212,0.005531,0.277778,4.565657,5
84836,82494L,0.006637,0.222222,4.565657,6
21166,82494L,0.006637,0.222222,4.565657,6
21509,82494L,0.004425,0.222222,4.565657,4
22595,21754,0.004425,0.222222,4.565657,4
22667,82494L,0.004425,0.222222,4.565657,4
22722,82494L,0.004425,0.222222,4.565657,4
84755,21231,0.004425,0.181818,4.565657,4
22617,22149,0.005531,0.166667,4.565657,5
22149,22617,0.005531,0.151515,4.565657,5
21430,84879,0.004425,0.307692,4.559899,4
21935,20728,0.004425,0.266667,4.548428,4
21755,21733,0.007743,0.205882,4.539455,7
21733,21755,0.007743,0.170732,4.539455,7
21889,22138,0.006637,0.26087,4.535117,6
21498,22139,0.006637,0.285714,4.531328,6
84077,22139,0.006637,0.285714,4.531328,6
22560,22139,0.006637,0.285714,4.531328,6
84050,22139,0.004425,0.285714,4.531328,4
22037,22139,0.004425,0.285714,4.531328,4
21172,22178,0.004425,0.210526,4.531328,4
22352,21731,0.004425,0.190476,4.531328,4
23206,85099F,0.004425,0.190476,4.531328,4
21232,84991,0.013274,0.255319,4.525657,12
84991,21232,0.013274,0.235294,4.525657,12
47566B,21232,0.004425,0.235294,4.525657,4
21155,22469,0.004425,0.235294,4.525657,4
21892,22457,0.004425,0.235294,4.525657,4
21155,21232,0.004425,0.235294,4.525657,4
21892,22469,0.004425,0.235294,4.525657,4
21980,22457,0.004425,0.235294,4.525657,4
21980,22469,0.004425,0.235294,4.525657,4
23300,22457,0.004425,0.235294,4.525657,4
22356,22197,0.009956,0.25,4.52,9
20676,22197,0.005531,0.25,4.52,5
84378,22197,0.004425,0.25,4.52,4
23203,22386,0.005531,0.2,4.52,5
22197,22356,0.009956,0.18,4.52,9
22961,21977,0.004425,0.16,4.52,4
23298,22629,0.004425,0.16,4.52,4
22554,21915,0.004425,0.153846,4.486352,4
22726,21915,0.004425,0.153846,4.486352,4
21930,21080,0.005531,0.208333,4.484127,5
20972,21790,0.005531,0.208333,4.484127,5
22629,21731,0.006637,0.1875,4.460526,6
21731,22629,0.006637,0.157895,4.460526,6
23209,20724,0.005531,0.192308,4.457594,5
21361,85123A,0.004425,0.571429,4.453202,4
84978,22470,0.006637,0.206897,4.453202,6
22605,84879,0.006637,0.3,4.445902,6
21175,82494L,0.00885,0.216216,4.44226,8
82494L,21175,0.00885,0.181818,4.44226,8
22381,20719,0.004425,0.181818,4.44226,4
84997B,20719,0.004425,0.181818,4.44226,4
22662,21175,0.004425,0.181818,4.44226,4
82484,21175,0.004425,0.181818,4.44226,4
22960,22457,0.006637,0.230769,4.438625,6
22646,84991,0.005531,0.25,4.431373,5
21877,84991,0.004425,0.25,4.431373,4
22193,84991,0.004425,0.25,4.431373,4
84596F,84991,0.004425,0.25,4.431373,4
84378,84991,0.004425,0.25,4.431373,4
23207,47566,0.004425,0.25,4.431373,4
21930,85152,0.004425,0.166667,4.431373,4
22558,21755,0.004425,0.166667,4.431373,4
22632,21034,0.004425,0.210526,4.425949,4
21314,20724,0.004425,0.190476,4.41514,4
23245,22411,0.004425,0.190476,4.41514,4
20726,22629,0.005531,0.15625,4.414062,5
22629,20726,0.005531,0.15625,4.414062,5
22666,20914,0.005531,0.2,4.409756,5
22666,21733,0.005531,0.2,4.409756,5
21871,20914,0.004425,0.2,4.409756,4
84997D,22384,0.004425,0.2,4.409756,4
22507,20914,0.004425,0.2,4.409756,4
21559,22384,0.004425,0.2,4.409756,4
21507,22139,0.005531,0.277778,4.405458,5
21509,22139,0.005531,0.277778,4.405458,5
22759,22139,0.005531,0.277778,4.405458,5
21166,85099F,0.005531,0.185185,4.405458,5
22077,82494L,0.006637,0.214286,4.402597,6
22352,22382,0.005531,0.238095,4.392614,5
21533,21212,0.004425,0.266667,4.38303,4
21535,21212,0.004425,0.266667,4.38303,4
21216,21212,0.004425,0.266667,4.38303,4
22966,21212,0.004425,0.266667,4.38303,4
21843,22149,0.004425,0.16,4.38303,4
82600,21181,0.004425,0.16,4.38303,4
22993,21181,0.004425,0.16,4.38303,4
20724,20725,0.014381,0.333333,4.36715,13
22352,20725,0.007743,0.333333,4.36715,7
37503,20725,0.004425,0.333333,4.36715,4
21381,20725,0.004425,0.333333,4.36715,4
22327,20725,0.004425,0.333333,4.36715,4
21937,20725,0.004425,0.333333,4.36715,4
22759,22086,0.004425,0.222222,4.36715,4
20725,20724,0.014381,0.188406,4.36715,13
15056BL,21231,0.004425,0.173913,4.36715,4
20723,85099C,0.005531,0.178571,4.362934,5
22630,21175,0.005531,0.178571,4.362934,5
20749,22138,0.006637,0.25,4.346154,6
22605,22138,0.005531,0.25,4.346154,5
23201,20727,0.005531,0.25,4.346154,5
20682,20727,0.004425,0.25,4.346154,4
20682,22138,0.004425,0.25,4.346154,4
84596F,20727,0.004425,0.25,4.346154,4
21929,20726,0.004425,0.153846,4.346154,4
21929,21977,0.004425,0.153846,4.346154,4
22556,22629,0.004425,0.153846,4.346154,4
22554,22629,0.004425,0.153846,4.346154,4
22960,21977,0.004425,0.153846,4.346154,4
23209,20726,0.004425,0.153846,4.346154,4
23209,22629,0.004425,0.153846,4.346154,4
23199,22382,0.004425,0.235294,4.340936,4
22961,22197,0.006637,0.24,4.3392,6
22356,85099B,0.016593,0.416667,4.329502,15
21902,85099B,0.005531,0.416667,4.329502,5
85099B,22356,0.016593,0.172414,4.329502,15
20971,22356,0.005531,0.172414,4.329502,5
21164,21212,0.005531,0.263158,4.325359,5
21901,21212,0.005531,0.263158,4.325359,5
84692,21212,0.005531,0.263158,4.325359,5
21899,21754,0.004425,0.210526,4.325359,4
22328,POST,0.004425,0.210526,4.325359,4
22631,POST,0.004425,0.210526,4.325359,4
22326,21731,0.006637,0.181818,4.325359,6
84997B,85099F,0.004425,0.181818,4.325359,4
84997B,21731,0.004425,0.181818,4.325359,4
21731,22326,0.006637,0.157895,4.325359,6
21755,21175,0.006637,0.176471,4.311606,6
21175,21755,0.006637,0.162162,4.311606,6
20750,21080,0.006637,0.2,4.304762,6
22557,21790,0.006637,0.2,4.304762,6
22617,21790,0.006637,0.2,4.304762,6
22666,22470,0.005531,0.2,4.304762,5
22029,21080,0.004425,0.2,4.304762,4
20754,21080,0.004425,0.2,4.304762,4
22697,22178,0.004425,0.2,4.304762,4
22633,22470,0.004425,0.2,4.304762,4
20712,22411,0.005531,0.185185,4.292498,5
21231,21733,0.007743,0.194444,4.287263,7
21733,21231,0.007743,0.170732,4.287263,7
84836,22469,0.006637,0.222222,4.274232,6
21507,21232,0.004425,0.222222,4.274232,4
21509,21232,0.004425,0.222222,4.274232,4
22667,22457,0.004425,0.222222,4.274232,4
21985,22457,0.004425,0.222222,4.274232,4
22759,22457,0.004425,0.222222,4.274232,4
85099F,22411,0.007743,0.184211,4.269906,7
85099F,20724,0.007743,0.184211,4.269906,7
22411,85099F,0.007743,0.179487,4.269906,7
20724,85099F,0.007743,0.179487,4.269906,7
21213,22383,0.00885,0.25,4.264151,8
20723,22383,0.007743,0.25,4.264151,7
21930,20728,0.006637,0.25,4.264151,6
20749,20728,0.006637,0.25,4.264151,6
22646,22383,0.005531,0.25,4.264151,5
21936,20728,0.004425,0.25,4.264151,4
21918,22383,0.004425,0.25,4.264151,4
84596F,22383,0.004425,0.25,4.264151,4
22383,21213,0.00885,0.150943,4.264151,8
21914,21212,0.007743,0.259259,4.261279,7
84949,85123A,0.006637,0.545455,4.250784,6
84978,82494L,0.006637,0.206897,4.250784,6
23301,21175,0.004425,0.173913,4.249119,4
21915,21212,0.00885,0.258065,4.241642,8
21213,22386,0.006637,0.1875,4.2375,6
22386,21213,0.006637,0.15,4.2375,6
22585,84879,0.004425,0.285714,4.234192,4
22557,22139,0.00885,0.266667,4.22924,8
22179,22139,0.004425,0.266667,4.22924,4
20982,22139,0.004425,0.266667,4.22924,4
21314,47566,0.005531,0.238095,4.220355,5
23206,47566,0.005531,0.238095,4.220355,5
22385,22411,0.004425,0.181818,4.214452,4
22960,22149,0.004425,0.153846,4.214452,4
20718,20719,0.005531,0.172414,4.212488,5
22355,85099C,0.005531,0.172414,4.212488,5
20723,20725,0.009956,0.321429,4.21118,9
21977,21232,0.007743,0.21875,4.207447,7
22659,82482,0.004425,0.2,4.204651,4
22633,21034,0.004425,0.2,4.204651,4
22865,82482,0.004425,0.2,4.204651,4
22295,21733,0.004425,0.190476,4.199768,4
22560,21733,0.004425,0.190476,4.199768,4
23245,22423,0.007743,0.333333,4.185185,7
22028,22423,0.004425,0.333333,4.185185,4
22776,22423,0.004425,0.333333,4.185185,4
22356,21080,0.007743,0.194444,4.185185,7
21080,22356,0.007743,0.166667,4.185185,7
21930,22356,0.004425,0.166667,4.185185,4
22487,22457,0.005531,0.217391,4.181314,5
15056BL,21232,0.005531,0.217391,4.181314,5
23301,22457,0.005531,0.217391,4.181314,5
21891,22139,0.005531,0.263158,4.173592,5
21900,22139,0.005531,0.263158,4.173592,5
84347,22139,0.005531,0.263158,4.173592,5
23298,20727,0.006637,0.24,4.172308,6
84988,84991,0.004425,0.235294,4.170704,4
22112,22470,0.006637,0.193548,4.165899,6
20724,22411,0.007743,0.179487,4.160421,7
22411,20724,0.007743,0.179487,4.160421,7
22433,85099B,0.004425,0.4,4.156322,4
22437,85099B,0.004425,0.4,4.156322,4
22665,85099B,0.004425,0.4,4.156322,4
23202,20727,0.005531,0.238095,4.139194,5
22960,22178,0.005531,0.192308,4.139194,5
20723,22411,0.005531,0.178571,4.139194,5
15056BL,21731,0.004425,0.173913,4.1373,4
22219,85123A,0.009956,0.529412,4.125761,9
15056N,21232,0.006637,0.214286,4.121581,6
84970S,22457,0.006637,0.214286,4.121581,6
22355,22383,0.007743,0.241379,4.117111,7
21871,21212,0.005531,0.25,4.109091,5
22507,21212,0.005531,0.25,4.109091,5
21559,21212,0.005531,0.25,4.109091,5
20682,21212,0.004425,0.25,4.109091,4
84987,21212,0.004425,0.25,4.109091,4
22084,21212,0.004425,0.25,4.109091,4
82600,82494L,0.005531,0.2,4.109091,5
22492,POST,0.005531,0.2,4.109091,5
22659,82494L,0.004425,0.2,4.109091,4
22728,82494L,0.004425,0.2,4.109091,4
22865,22720,0.004425,0.2,4.109091,4
22381,22386,0.004425,0.181818,4.109091,4
84997B,22386,0.004425,0.181818,4.109091,4
22090,85099F,0.005531,0.172414,4.101633,5
21791,21731,0.005531,0.172414,4.101633,5
22356,22382,0.00885,0.222222,4.099773,8
22367,22382,0.004425,0.222222,4.099773,4
22380,22382,0.004425,0.222222,4.099773,4
22555,22382,0.004425,0.222222,4.099773,4
22667,22382,0.004425,0.222222,4.099773,4
84970L,22178,0.004425,0.190476,4.099773,4
21314,22178,0.004425,0.190476,4.099773,4
84077,21080,0.004425,0.190476,4.099773,4
21174,22178,0.004425,0.190476,4.099773,4
22295,22178,0.004425,0.190476,4.099773,4
84992,21790,0.004425,0.190476,4.099773,4
84077,21790,0.004425,0.190476,4.099773,4
22382,22356,0.00885,0.163265,4.099773,8
20682,20725,0.005531,0.3125,4.094203,5
84596F,20725,0.005531,0.3125,4.094203,5
23298,22383,0.006637,0.24,4.093585,6
82551,20727,0.004425,0.235294,4.090498,4
21980,20727,0.004425,0.235294,4.090498,4
22748,22138,0.004425,0.235294,4.090498,4
23209,47566,0.006637,0.230769,4.090498,6
20712,22384,0.005531,0.185185,4.083107,5
22356,85099C,0.006637,0.166667,4.072072,6
20750,20719,0.005531,0.166667,4.072072,5
21930,20719,0.004425,0.166667,4.072072,4
20749,20719,0.004425,0.166667,4.072072,4
21930,21175,0.004425,0.166667,4.072072,4
85099C,22356,0.006637,0.162162,4.072072,6
20971,22086,0.006637,0.206897,4.065967,6
21164,21232,0.004425,0.210526,4.049272,4
21974,22457,0.004425,0.210526,4.049272,4
21899,21232,0.004425,0.210526,4.049272,4
21900,21232,0.004425,0.210526,4.049272,4
22804,21232,0.004425,0.210526,4.049272,4
22328,22469,0.004425,0.210526,4.049272,4
21929,82482,0.005531,0.192308,4.042934,5
82484,84879,0.006637,0.272727,4.041729,6
21977,22178,0.006637,0.1875,4.035714,6
20675,20725,0.004425,0.307692,4.031215,4
22754,20725,0.004425,0.307692,4.031215,4
47559B,22197,0.004425,0.222222,4.017778,4
82600,21231,0.004425,0.16,4.017778,4
22993,22356,0.004425,0.16,4.017778,4
23199,20728,0.004425,0.235294,4.013319,4
21929,20727,0.006637,0.230769,4.011834,6
22382,20725,0.016593,0.306122,4.010648,15
20725,22382,0.016593,0.217391,4.010648,15
21931,22384,0.006637,0.181818,4.008869,6
21485,20914,0.004425,0.181818,4.008869,4
22464,22457,0.005531,0.208333,4.007092,5
84970L,82482,0.004425,0.190476,4.00443,4
20724,85099B,0.016593,0.384615,3.996463,15
21239,85099B,0.005531,0.384615,3.996463,5
85099B,20724,0.016593,0.172414,3.996463,15
20718,22411,0.005531,0.172414,3.996463,5
22147,21790,0.005531,0.185185,3.985891,5
84836,22470,0.005531,0.185185,3.985891,5
22355,21232,0.006637,0.206897,3.979457,6
84520B,22423,0.006637,0.315789,3.964912,6
22629,22139,0.00885,0.25,3.964912,8
22605,22139,0.005531,0.25,3.964912,5
22507,22139,0.005531,0.25,3.964912,5
20682,22139,0.004425,0.25,3.964912,4
21936,22139,0.004425,0.25,3.964912,4
22634,22139,0.004425,0.25,3.964912,4
22356,85099F,0.006637,0.166667,3.964912,6
85099F,22356,0.006637,0.157895,3.964912,6
22567,84879,0.004425,0.266667,3.951913,4
21154,84879,0.004425,0.266667,3.951913,4
22554,POST,0.005531,0.192308,3.951049,5
21231,84991,0.00885,0.222222,3.938998,8
21210,84991,0.006637,0.222222,3.938998,6
84596B,84991,0.004425,0.222222,3.938998,4
84991,21231,0.00885,0.156863,3.938998,8
22189,21733,0.005531,0.178571,3.937282,5
22411,22383,0.009956,0.230769,3.936139,9
20724,22383,0.009956,0.230769,3.936139,9
22383,22411,0.009956,0.169811,3.936139,9
22383,20724,0.009956,0.169811,3.936139,9
22646,20725,0.006637,0.3,3.930435,6
84380,22197,0.005531,0.217391,3.930435,5
21977,22356,0.005531,0.15625,3.923611,5
21977,21231,0.005531,0.15625,3.923611,5
21755,84879,0.009956,0.264706,3.922854,9
82552,21212,0.005531,0.238095,3.91342,5
21094,21212,0.005531,0.238095,3.91342,5
84077,21212,0.005531,0.238095,3.91342,5
22560,21212,0.005531,0.238095,3.91342,5
22352,21212,0.005531,0.238095,3.91342,5
22470,21754,0.00885,0.190476,3.91342,8
22352,POST,0.004425,0.190476,3.91342,4
21754,22470,0.00885,0.181818,3.91342,8
22326,21080,0.006637,0.181818,3.91342,6
22150,22178,0.004425,0.181818,3.91342,4
22386,20727,0.009956,0.225,3.911538,9
20727,22386,0.009956,0.173077,3.911538,9
22379,20719,0.004425,0.16,3.909189,4
23203,21175,0.004425,0.16,3.909189,4
22607,84879,0.005531,0.263158,3.899914,5
22188,85123A,0.00885,0.5,3.896552,8
22508,85123A,0.00885,0.5,3.896552,8
85061W,85123A,0.007743,0.5,3.896552,7
22119,85123A,0.004425,0.5,3.896552,4
22115,85123A,0.004425,0.5,3.896552,4
85065,85123A,0.004425,0.5,3.896552,4
85184C,85123A,0.004425,0.5,3.896552,4
21781,85123A,0.004425,0.5,3.896552,4
22485,85123A,0.004425,0.5,3.896552,4
21900,22382,0.004425,0.210526,3.883996,4
84520B,22382,0.004425,0.210526,3.883996,4
21210,20725,0.00885,0.296296,3.881911,8
22381,22383,0.005531,0.227273,3.876501,5
84997B,20728,0.005531,0.227273,3.876501,5
82551,21212,0.004425,0.235294,3.86738,4
15036,22423,0.004425,0.307692,3.863248,4
22625,22423,0.004425,0.307692,3.863248,4
21210,20727,0.006637,0.222222,3.863248,6
21985,22138,0.004425,0.222222,3.863248,4
22273,22138,0.004425,0.222222,3.863248,4
20724,21080,0.007743,0.179487,3.863248,7
21080,20724,0.007743,0.166667,3.863248,7
21928,20724,0.005531,0.166667,3.863248,5
21930,22411,0.004425,0.166667,3.863248,4
20749,20724,0.004425,0.166667,3.863248,4
23209,22356,0.004425,0.153846,3.863248,4
22961,21232,0.005531,0.2,3.846809,5
23298,22469,0.005531,0.2,3.846809,5
20676,21232,0.004425,0.2,3.846809,4
22507,22457,0.004425,0.2,3.846809,4
22577,22457,0.004425,0.2,3.846809,4
22577,22469,0.004425,0.2,3.846809,4
22697,22457,0.004425,0.2,3.846809,4
22149,22139,0.00885,0.242424,3.844763,8
22386,22383,0.009956,0.225,3.837736,9
22383,22386,0.009956,0.169811,3.837736,9
82582,20914,0.004425,0.173913,3.834571,4
21889,21733,0.004425,0.173913,3.834571,4
22624,20914,0.004425,0.173913,3.834571,4
82484,82482,0.004425,0.181818,3.82241,4
21930,20725,0.007743,0.291667,3.821256,7
22492,22139,0.006637,0.24,3.806316,6
21899,22197,0.004425,0.210526,3.806316,4
21900,22197,0.004425,0.210526,3.806316,4
21901,22197,0.004425,0.210526,3.806316,4
23355,22197,0.004425,0.210526,3.806316,4
48194,21733,0.005531,0.172414,3.801514,5
22630,47566,0.006637,0.214286,3.798319,6
21755,22178,0.006637,0.176471,3.798319,6
21479,20728,0.004425,0.222222,3.790356,4
21908,20728,0.004425,0.222222,3.790356,4
47559B,20728,0.004425,0.222222,3.790356,4
71477,20728,0.004425,0.222222,3.790356,4
22554,22086,0.005531,0.192308,3.779264,5
22381,85099B,0.00885,0.363636,3.778474,8
22027,22139,0.005531,0.238095,3.776107,5
22507,22423,0.006637,0.3,3.766667,6
20914,21733,0.007743,0.170732,3.764426,7
21733,20914,0.007743,0.170732,3.764426,7
20719,20727,0.00885,0.216216,3.758836,8
20719,22411,0.006637,0.162162,3.758836,6
20727,20719,0.00885,0.153846,3.758836,8
22411,20719,0.006637,0.153846,3.758836,6
22726,21175,0.004425,0.153846,3.758836,4
23209,20719,0.004425,0.153846,3.758836,4
21731,22139,0.009956,0.236842,3.756233,9
22139,21731,0.009956,0.157895,3.756233,9
22384,21232,0.00885,0.195122,3.752984,8
21232,22384,0.00885,0.170213,3.752984,8
84836,85123A,0.014381,0.481481,3.752235,13
21498,20725,0.006637,0.285714,3.743271,6
84992,20725,0.006637,0.285714,3.743271,6
21094,20725,0.006637,0.285714,3.743271,6
84032B,20725,0.004425,0.285714,3.743271,4
22560,22086,0.004425,0.190476,3.743271,4
23245,22086,0.004425,0.190476,3.743271,4
21889,22178,0.004425,0.173913,3.743271,4
22569,21790,0.004425,0.173913,3.743271,4
22379,85099B,0.009956,0.36,3.74069,9
21086,21212,0.005531,0.227273,3.735537,5
84997B,21212,0.005531,0.227273,3.735537,5
22149,21754,0.006637,0.181818,3.735537,6
21086,POST,0.004425,0.181818,3.735537,4
82484,22720,0.004425,0.181818,3.735537,4
22489,22720,0.004425,0.181818,3.735537,4
21980,22139,0.004425,0.235294,3.731682,4
21892,22139,0.004425,0.235294,3.731682,4
22748,22139,0.004425,0.235294,3.731682,4
21164,84991,0.004425,0.210526,3.731682,4
21900,47566,0.004425,0.210526,3.731682,4
22607,47566,0.004425,0.210526,3.731682,4
84520B,84991,0.004425,0.210526,3.731682,4
21172,47566,0.004425,0.210526,3.731682,4
20726,22383,0.007743,0.21875,3.731132,7
20726,21731,0.005531,0.15625,3.717105,5
21213,21731,0.005531,0.15625,3.717105,5
20718,21080,0.005531,0.172414,3.711002,5
84978,22178,0.005531,0.172414,3.711002,5
20718,21790,0.005531,0.172414,3.711002,5
22379,20724,0.004425,0.16,3.708718,4
22666,20724,0.004425,0.16,3.708718,4
23203,20724,0.004425,0.16,3.708718,4
23203,22411,0.004425,0.16,3.708718,4
22188,84879,0.004425,0.25,3.704918,4
84378,84879,0.004425,0.25,3.704918,4
22617,22139,0.007743,0.233333,3.700585,7
84946,22457,0.005531,0.192308,3.698854,5
21155,22423,0.005531,0.294118,3.69281,5
21930,47566,0.005531,0.208333,3.69281,5
22646,22382,0.004425,0.2,3.689796,4
22659,22382,0.004425,0.2,3.689796,4
23201,22382,0.004425,0.2,3.689796,4
20719,22383,0.00885,0.216216,3.687914,8
22383,20719,0.00885,0.150943,3.687914,8
22149,22138,0.007743,0.212121,3.687646,7
22629,20725,0.009956,0.28125,3.684783,9
20914,21080,0.007743,0.170732,3.674797,7
21080,20914,0.007743,0.166667,3.674797,7
22551,POST,0.005531,0.178571,3.668831,5
22630,82494L,0.005531,0.178571,3.668831,5
22630,22720,0.005531,0.178571,3.668831,5
21755,85123A,0.017699,0.470588,3.667343,16
37449,85123A,0.00885,0.470588,3.667343,8
84978,47566,0.006637,0.206897,3.667343,6
47591D,21232,0.004425,0.190476,3.663627,4
21094,21232,0.004425,0.190476,3.663627,4
84077,21232,0.004425,0.190476,3.663627,4
84992,21232,0.004425,0.190476,3.663627,4
82552,22457,0.004425,0.190476,3.663627,4
84970L,22457,0.004425,0.190476,3.663627,4
22556,22139,0.006637,0.230769,3.659919,6
84692,22138,0.004425,0.210526,3.659919,4
21900,22138,0.004425,0.210526,3.659919,4
21901,22138,0.004425,0.210526,3.659919,4
21900,20727,0.004425,0.210526,3.659919,4
21901,20727,0.004425,0.210526,3.659919,4
22553,21731,0.004425,0.153846,3.659919,4
22554,21731,0.004425,0.153846,3.659919,4
23209,85099F,0.004425,0.153846,3.659919,4
84380,21034,0.004425,0.173913,3.656218,4
84380,82482,0.004425,0.173913,3.656218,4
23301,82482,0.004425,0.173913,3.656218,4
21509,21212,0.004425,0.222222,3.652525,4
21669,21212,0.004425,0.222222,3.652525,4
84596B,20725,0.005531,0.277778,3.639291,5
21479,20725,0.005531,0.277778,3.639291,5
21507,20725,0.005531,0.277778,3.639291,5
85152,82494L,0.006637,0.176471,3.625668,6
84029G,20727,0.005531,0.208333,3.621795,5
22558,22138,0.005531,0.208333,3.621795,5
21977,22411,0.005531,0.15625,3.621795,5
22189,85123A,0.014381,0.464286,3.618227,13
21931,20728,0.007743,0.212121,3.618067,7
20754,22197,0.004425,0.2,3.616,4
22659,22197,0.004425,0.2,3.616,4
21559,22197,0.004425,0.2,3.616,4
22865,22197,0.004425,0.2,3.616,4
20914,21212,0.009956,0.219512,3.607982,9
21212,20914,0.009956,0.163636,3.607982,9
84997B,22139,0.005531,0.227273,3.604466,5
21385,85123A,0.006637,0.461538,3.596817,6
21900,20728,0.004425,0.210526,3.590864,4
21314,22423,0.006637,0.285714,3.587302,6
16161P,22423,0.004425,0.285714,3.587302,4
21136,22423,0.004425,0.285714,3.587302,4
22424,22423,0.004425,0.285714,3.587302,4
22418,22423,0.004425,0.285714,3.587302,4
22558,21790,0.004425,0.166667,3.587302,4
22558,21080,0.004425,0.166667,3.587302,4
21930,22470,0.004425,0.166667,3.587302,4
20718,85099B,0.011062,0.344828,3.583036,10
20713,20725,0.006637,0.272727,3.573123,6
21485,22086,0.004425,0.181818,3.573123,4
22487,21754,0.004425,0.173913,3.573123,4
22624,82494L,0.004425,0.173913,3.573123,4
15056BL,POST,0.004425,0.173913,3.573123,4
21929,20724,0.004425,0.153846,3.566075,4
84836,21232,0.005531,0.185185,3.56186,5
22382,20727,0.011062,0.204082,3.547881,10
20727,22382,0.011062,0.192308,3.547881,10
22557,84991,0.006637,0.2,3.545098,6
21791,POST,0.005531,0.172414,3.54232,5
22355,22720,0.005531,0.172414,3.54232,5
84970L,84879,0.005531,0.238095,3.528493,5
21843,20914,0.004425,0.16,3.527805,4
22379,22384,0.004425,0.16,3.527805,4
22666,22384,0.004425,0.16,3.527805,4
21929,20725,0.007743,0.269231,3.527313,7
21914,22139,0.006637,0.222222,3.524366,6
22621,22139,0.004425,0.222222,3.524366,4
21080,21212,0.009956,0.214286,3.522078,9
21212,21080,0.009956,0.163636,3.522078,9
22666,22423,0.007743,0.28,3.515556,7
21931,20724,0.005531,0.151515,3.512044,5
22178,82482,0.007743,0.166667,3.503876,7
22356,82482,0.006637,0.166667,3.503876,6
20972,21034,0.004425,0.166667,3.503876,4
82482,22178,0.007743,0.162791,3.503876,7
21232,21212,0.011062,0.212766,3.497099,10
21212,21232,0.011062,0.181818,3.497099,10
84945,22457,0.004425,0.181818,3.497099,4
22662,21232,0.004425,0.181818,3.497099,4
22662,22469,0.004425,0.181818,3.497099,4
21327,20725,0.004425,0.266667,3.49372,4
21935,20725,0.004425,0.266667,3.49372,4
85099F,22384,0.006637,0.157895,3.481386,6
20750,22138,0.006637,0.2,3.476923,6
22114,22138,0.005531,0.2,3.476923,5
21843,22138,0.005531,0.2,3.476923,5
23203,20727,0.005531,0.2,3.476923,5
21559,20727,0.004425,0.2,3.476923,4
22646,20727,0.004425,0.2,3.476923,4
22865,20727,0.004425,0.2,3.476923,4
22633,20727,0.004425,0.2,3.476923,4
22865,22138,0.004425,0.2,3.476923,4
22960,22197,0.005531,0.192308,3.476923,5
23209,22197,0.005531,0.192308,3.476923,5
21915,22178,0.005531,0.16129,3.471582,5
22667,85123A,0.00885,0.444444,3.463602,8
22089,85123A,0.004425,0.444444,3.463602,4
85231B,85123A,0.004425,0.444444,3.463602,4
85232B,85123A,0.004425,0.444444,3.463602,4
84279P,85123A,0.004425,0.444444,3.463602,4
85227,85123A,0.004425,0.444444,3.463602,4
22465,85123A,0.004425,0.444444,3.463602,4
22444,85123A,0.004425,0.444444,3.463602,4
21609,85123A,0.004425,0.444444,3.463602,4
21930,85099B,0.00885,0.333333,3.463602,8
22352,85099B,0.007743,0.333333,3.463602,7
84077,85099B,0.007743,0.333333,3.463602,7
21479,85099B,0.006637,0.333333,3.463602,6
21533,85099B,0.005531,0.333333,3.463602,5
21932,85099B,0.005531,0.333333,3.463602,5
21035,85099B,0.004425,0.333333,3.463602,4
21381,85099B,0.004425,0.333333,3.463602,4
22528,85099B,0.004425,0.333333,3.463602,4
22663,85099B,0.004425,0.333333,3.463602,4
21731,21212,0.00885,0.210526,3.460287,8
21172,21212,0.004425,0.210526,3.460287,4
22607,21212,0.004425,0.210526,3.460287,4
22328,21212,0.004425,0.210526,3.460287,4
22750,21212,0.004425,0.210526,3.460287,4
21733,84991,0.00885,0.195122,3.458632,8
84991,21733,0.00885,0.156863,3.458632,8
20724,21232,0.007743,0.179487,3.452264,7
22328,20725,0.005531,0.263158,3.44775,5
21889,22139,0.005531,0.217391,3.44775,5
21977,21733,0.005531,0.15625,3.445122,5
21094,22197,0.004425,0.190476,3.44381,4
22077,22457,0.005531,0.178571,3.43465,5
22558,82494L,0.004425,0.166667,3.424242,4
22960,84879,0.006637,0.230769,3.419924,6
23301,22086,0.004425,0.173913,3.417769,4
21210,22382,0.005531,0.185185,3.416478,5
22379,20728,0.005531,0.2,3.411321,5
22379,22383,0.005531,0.2,3.411321,5
84997C,20728,0.004425,0.2,3.411321,4
21559,20728,0.004425,0.2,3.411321,4
23201,20728,0.004425,0.2,3.411321,4
23321,85123A,0.007743,0.4375,3.409483,7
21175,82482,0.006637,0.162162,3.409177,6
21731,22382,0.007743,0.184211,3.398496,7
85099F,22382,0.007743,0.184211,3.398496,7
20712,20725,0.007743,0.259259,3.396672,7
21929,20914,0.004425,0.153846,3.39212,4
21929,22384,0.004425,0.153846,3.39212,4
22960,20914,0.004425,0.153846,3.39212,4
22629,22197,0.006637,0.1875,3.39,6
84970L,47566,0.004425,0.190476,3.376284,4
23202,47566,0.004425,0.190476,3.376284,4
82600,82482,0.004425,0.16,3.363721,4
21931,22382,0.006637,0.181818,3.35436,6
84997B,22382,0.004425,0.181818,3.35436,4
84755,22382,0.004425,0.181818,3.35436,4
21497,22423,0.004425,0.266667,3.348148,4
21232,20725,0.013274,0.255319,3.345051,12
20725,21232,0.013274,0.173913,3.345051,12
84380,21232,0.004425,0.173913,3.345051,4
21889,22457,0.004425,0.173913,3.345051,4
22624,22469,0.004425,0.173913,3.345051,4
21181,20914,0.005531,0.151515,3.340724,5
22296,85123A,0.006637,0.428571,3.339901,6
21901,22139,0.004425,0.210526,3.338873,4
20983,22139,0.004425,0.210526,3.338873,4
21899,22139,0.004425,0.210526,3.338873,4
22607,22139,0.004425,0.210526,3.338873,4
84520B,22139,0.004425,0.210526,3.338873,4
21974,22139,0.004425,0.210526,3.338873,4
22749,22139,0.004425,0.210526,3.338873,4
22750,22139,0.004425,0.210526,3.338873,4
20719,POST,0.006637,0.162162,3.331695,6
22629,47566,0.006637,0.1875,3.323529,6
22356,22383,0.007743,0.194444,3.316562,7
84992,22138,0.004425,0.190476,3.311355,4
47591D,22138,0.004425,0.190476,3.311355,4
84946,21790,0.004425,0.153846,3.311355,4
22554,21080,0.004425,0.153846,3.311355,4
22556,21080,0.004425,0.153846,3.311355,4
84946,22470,0.004425,0.153846,3.311355,4
22386,22384,0.006637,0.15,3.307317,6
84692,22423,0.005531,0.263158,3.304094,5
21172,22423,0.005531,0.263158,3.304094,5
20750,21212,0.006637,0.2,3.287273,6
20754,21212,0.004425,0.2,3.287273,4
21086,22197,0.004425,0.181818,3.287273,4
22083,22197,0.004425,0.181818,3.287273,4
21843,21754,0.004425,0.16,3.287273,4
82600,21754,0.004425,0.16,3.287273,4
22666,21754,0.004425,0.16,3.287273,4
22666,82494L,0.004425,0.16,3.287273,4
22961,82494L,0.004425,0.16,3.287273,4
22993,82494L,0.004425,0.16,3.287273,4
21733,21232,0.007743,0.170732,3.283861,7
21733,22469,0.007743,0.170732,3.283861,7
21166,84991,0.005531,0.185185,3.282498,5
84692,85099B,0.006637,0.315789,3.281307,6
21900,85099B,0.006637,0.315789,3.281307,6
21156,85099B,0.006637,0.315789,3.281307,6
22328,85099B,0.006637,0.315789,3.281307,6
21929,20728,0.005531,0.192308,3.280116,5
22630,20725,0.007743,0.25,3.275362,7
85014B,20725,0.004425,0.25,3.275362,4
22557,22086,0.005531,0.166667,3.275362,5
84029G,22086,0.004425,0.166667,3.275362,4
85099F,47566,0.007743,0.184211,3.265222,7
22149,22178,0.005531,0.151515,3.261183,5
21931,21790,0.005531,0.151515,3.261183,5
21977,22138,0.006637,0.1875,3.259615,6
21733,84879,0.009956,0.219512,3.253099,9
22352,20728,0.004425,0.190476,3.248877,4
84992,20728,0.004425,0.190476,3.248877,4
20974,85099B,0.005531,0.3125,3.247126,5
23207,85099B,0.005531,0.3125,3.247126,5
20724,22197,0.007743,0.179487,3.245128,7
21929,21034,0.004425,0.153846,3.234347,4
22553,21034,0.004425,0.153846,3.234347,4
22326,47566,0.006637,0.181818,3.222816,6
22083,47566,0.004425,0.181818,3.222816,4
22662,47566,0.004425,0.181818,3.222816,4
22411,22423,0.011062,0.25641,3.219373,10
20712,20727,0.005531,0.185185,3.219373,5
21914,22138,0.005531,0.185185,3.219373,5
22629,POST,0.005531,0.15625,3.210227,5
21977,22720,0.005531,0.15625,3.210227,5
84380,22382,0.004425,0.173913,3.208518,4
22569,22382,0.004425,0.173913,3.208518,4
22356,21232,0.006637,0.166667,3.205674,6
22558,21232,0.004425,0.166667,3.205674,4
22629,20728,0.006637,0.1875,3.198113,6
20750,22139,0.006637,0.2,3.17193,6
84997D,22139,0.004425,0.2,3.17193,4
22029,22139,0.004425,0.2,3.17193,4
21559,22139,0.004425,0.2,3.17193,4
22112,22086,0.005531,0.16129,3.169705,5
21915,22086,0.005531,0.16129,3.169705,5
22551,84991,0.005531,0.178571,3.165266,5
20718,20725,0.007743,0.241379,3.162419,7
21929,21212,0.005531,0.192308,3.160839,5
22960,21212,0.005531,0.192308,3.160839,5
84997B,20727,0.004425,0.181818,3.160839,4
22489,20727,0.004425,0.181818,3.160839,4
84946,21754,0.004425,0.153846,3.160839,4
84946,82494L,0.004425,0.153846,3.160839,4
22726,21754,0.004425,0.153846,3.160839,4
21210,20728,0.005531,0.185185,3.15863,5
23301,22197,0.004425,0.173913,3.144348,4
23298,22086,0.004425,0.16,3.144348,4
22077,22423,0.007743,0.25,3.138889,7
22697,22423,0.005531,0.25,3.138889,5
22371,22423,0.004425,0.25,3.138889,4
22634,22423,0.004425,0.25,3.138889,4
22698,22423,0.004425,0.25,3.138889,4
23243,22423,0.004425,0.25,3.138889,4
47591D,21212,0.004425,0.190476,3.130736,4
22570,21212,0.004425,0.190476,3.130736,4
22411,20727,0.007743,0.179487,3.120316,7
22427,84879,0.004425,0.210526,3.119931,4
84077,20725,0.005531,0.238095,3.119393,5
85099C,21232,0.006637,0.162162,3.119034,6
20719,21232,0.006637,0.162162,3.119034,6
22179,85123A,0.006637,0.4,3.117241,6
21870,85123A,0.004425,0.4,3.117241,4
21967,85123A,0.004425,0.4,3.117241,4
20971,22197,0.005531,0.172414,3.117241,5
22355,22197,0.005531,0.172414,3.117241,5
85099F,20725,0.009956,0.236842,3.102975,9
22326,20728,0.006637,0.181818,3.101201,6
84755,22383,0.004425,0.181818,3.101201,4
84945,22383,0.004425,0.181818,3.101201,4
22384,22197,0.007743,0.170732,3.086829,7
82551,20725,0.004425,0.235294,3.082694,4
23199,20725,0.004425,0.235294,3.082694,4
22487,47566,0.004425,0.173913,3.082694,4
82582,47566,0.004425,0.173913,3.082694,4
21232,22197,0.00885,0.170213,3.077447,8
22197,21232,0.00885,0.16,3.077447,8
82600,22457,0.004425,0.16,3.077447,4
22666,22469,0.004425,0.16,3.077447,4
22993,21232,0.004425,0.16,3.077447,4
22961,22457,0.004425,0.16,3.077447,4
21930,22382,0.004425,0.166667,3.07483,4
21977,22086,0.005531,0.15625,3.070652,5
22629,22086,0.005531,0.15625,3.070652,5
22720,22457,0.007743,0.159091,3.059961,7
21791,84991,0.005531,0.172414,3.056119,5
22487,85123A,0.009956,0.391304,3.049475,9
47559B,85123A,0.007743,0.388889,3.030651,7
22090,22423,0.007743,0.241379,3.030651,7
82580,22138,0.004425,0.173913,3.023411,4
22624,22138,0.004425,0.173913,3.023411,4
23301,20727,0.004425,0.173913,3.023411,4
23301,22138,0.004425,0.173913,3.023411,4
23209,22086,0.004425,0.153846,3.023411,4
21314,22139,0.004425,0.190476,3.020886,4
21094,22139,0.004425,0.190476,3.020886,4
47591D,22139,0.004425,0.190476,3.020886,4
22352,22139,0.004425,0.190476,3.020886,4
21174,22139,0.004425,0.190476,3.020886,4
23298,22423,0.006637,0.24,3.013333,6
22557,22197,0.005531,0.166667,3.013333,5
20726,21232,0.005531,0.15625,3.005319,5
21326,85123A,0.005531,0.384615,2.997347,5
22355,22138,0.005531,0.172414,2.997347,5
20971,22138,0.005531,0.172414,2.997347,5
84077,22423,0.005531,0.238095,2.989418,5
22150,21212,0.004425,0.181818,2.98843,4
22457,85123A,0.019912,0.382979,2.984593,18
85123A,22457,0.019912,0.155172,2.984593,18
84997B,20725,0.005531,0.227273,2.977602,5
21977,22139,0.006637,0.1875,2.973684,6
22295,85123A,0.00885,0.380952,2.968801,8
21240,85099B,0.004425,0.285714,2.968801,4
21907,85099B,0.004425,0.285714,2.968801,4
22418,85099B,0.004425,0.285714,2.968801,4
22867,85099B,0.004425,0.285714,2.968801,4
23301,20728,0.004425,0.173913,2.966366,4
21232,20727,0.00885,0.170213,2.959083,8
20727,21232,0.00885,0.153846,2.959083,8
21929,21232,0.004425,0.153846,2.959083,4
84946,22469,0.004425,0.153846,2.959083,4
23209,22469,0.004425,0.153846,2.959083,4
82581,22423,0.004425,0.235294,2.954248,4
22558,84991,0.004425,0.166667,2.954248,4
22138,20728,0.009956,0.173077,2.952104,9
20728,22138,0.009956,0.169811,2.952104,9
22492,22382,0.004425,0.16,2.951837,4
23298,22382,0.004425,0.16,2.951837,4
23203,22382,0.004425,0.16,2.951837,4
22411,21212,0.007743,0.179487,2.950117,7
20728,85099B,0.016593,0.283019,2.940794,15
85099B,20728,0.016593,0.172414,2.940794,15
21975,22139,0.005531,0.185185,2.936972,5
22077,21212,0.005531,0.178571,2.935065,5
20719,22197,0.006637,0.162162,2.931892,6
22617,22423,0.007743,0.233333,2.92963,7
21181,21232,0.005531,0.151515,2.914249,5
22149,22457,0.005531,0.151515,2.914249,5
20685,20725,0.006637,0.222222,2.911433,6
21908,20725,0.004425,0.222222,2.911433,4
21509,20725,0.004425,0.222222,2.911433,4
21985,20725,0.004425,0.222222,2.911433,4
22667,20725,0.004425,0.222222,2.911433,4
22759,20725,0.004425,0.222222,2.911433,4
21232,20728,0.00885,0.170213,2.903252,8
20728,21232,0.00885,0.150943,2.903252,8
84946,22423,0.006637,0.230769,2.897436,6
21929,22423,0.006637,0.230769,2.897436,6
21790,22138,0.007743,0.166667,2.897436,7
22356,22138,0.006637,0.166667,2.897436,6
22666,22197,0.004425,0.16,2.8928,4
22379,22197,0.004425,0.16,2.8928,4
22380,85099B,0.005531,0.277778,2.886335,5
22759,85099B,0.005531,0.277778,2.886335,5
22150,22139,0.004425,0.181818,2.883573,4
21165,85123A,0.007743,0.368421,2.871143,7
21213,20725,0.007743,0.21875,2.865942,7
84380,21212,0.004425,0.173913,2.858498,4
21889,21212,0.004425,0.173913,2.858498,4
22569,21212,0.004425,0.173913,2.858498,4
22662,22423,0.005531,0.227273,2.853535,5
21928,20728,0.005531,0.166667,2.842767,5
20972,20728,0.004425,0.166667,2.842767,4
22411,22382,0.006637,0.153846,2.838305,6
21929,22382,0.004425,0.153846,2.838305,4
22556,22382,0.004425,0.153846,2.838305,4
22961,47566,0.004425,0.16,2.836078,4
22215,85123A,0.004425,0.363636,2.833856,4
22180,85123A,0.004425,0.363636,2.833856,4
22055,85123A,0.004425,0.363636,2.833856,4
22606,85123A,0.004425,0.363636,2.833856,4
22441,85123A,0.004425,0.363636,2.833856,4
21217,85123A,0.004425,0.363636,2.833856,4
22851,85123A,0.004425,0.363636,2.833856,4
85053,85123A,0.004425,0.363636,2.833856,4
20718,21212,0.005531,0.172414,2.833856,5
22077,22139,0.005531,0.178571,2.83208,5
22178,84879,0.00885,0.190476,2.822795,8
21314,84879,0.004425,0.190476,2.822795,4
22382,22423,0.012168,0.22449,2.818594,11
22423,22382,0.012168,0.152778,2.818594,11
22112,20727,0.005531,0.16129,2.80397,5
21175,84879,0.007743,0.189189,2.803722,7
21975,22423,0.006637,0.222222,2.790123,6
21507,22423,0.004425,0.222222,2.790123,4
22667,22423,0.004425,0.222222,2.790123,4
22384,85099B,0.012168,0.268293,2.787777,11
84970S,85123A,0.011062,0.357143,2.783251,10
21506,85123A,0.005531,0.357143,2.783251,5
22294,85123A,0.005531,0.357143,2.783251,5
22114,20727,0.004425,0.16,2.781538,4
22952,22197,0.004425,0.153846,2.781538,4
22326,20725,0.007743,0.212121,2.779095,7
21154,85099B,0.004425,0.266667,2.770881,4
21935,85099B,0.004425,0.266667,2.770881,4
22941,85099B,0.004425,0.266667,2.770881,4
21213,47566,0.005531,0.15625,2.769608,5
85099C,20728,0.006637,0.162162,2.765936,6
84520B,20725,0.004425,0.210526,2.7582,4
21899,20725,0.004425,0.210526,2.7582,4
21900,20725,0.004425,0.210526,2.7582,4
23301,22139,0.004425,0.173913,2.7582,4
22086,22197,0.007743,0.152174,2.751304,7
21166,84879,0.005531,0.185185,2.744384,5
21914,84879,0.005531,0.185185,2.744384,5
21790,21212,0.007743,0.166667,2.739394,7
22557,21212,0.005531,0.166667,2.739394,5
20972,21212,0.004425,0.166667,2.739394,4
21901,85099B,0.005531,0.263158,2.734422,5
82580,22423,0.005531,0.217391,2.729469,5
22197,22383,0.00885,0.16,2.729057,8
22666,20728,0.004425,0.16,2.729057,4
22383,22197,0.00885,0.150943,2.729057,8
22605,85123A,0.007743,0.35,2.727586,7
21080,85099B,0.012168,0.261905,2.721401,11
20725,85099B,0.019912,0.26087,2.710645,18
85099B,20725,0.019912,0.206897,2.710645,18
47566,22423,0.012168,0.215686,2.708061,11
22423,47566,0.012168,0.152778,2.708061,11
20914,22139,0.007743,0.170732,2.707745,7
85099F,22383,0.006637,0.157895,2.693148,6
22411,20725,0.00885,0.205128,2.687477,8
48194,85123A,0.011062,0.344828,2.687277,10
21181,84991,0.005531,0.151515,2.68568,5
22554,20727,0.004425,0.153846,2.674556,4
22960,22138,0.004425,0.153846,2.674556,4
23084,22138,0.004425,0.153846,2.674556,4
82494L,85123A,0.016593,0.340909,2.65674,15
21232,85123A,0.017699,0.340426,2.652971,16
22607,22423,0.004425,0.210526,2.643275,4
21899,22423,0.004425,0.210526,2.643275,4
21900,22423,0.004425,0.210526,2.643275,4
21901,22423,0.004425,0.210526,2.643275,4
22427,22423,0.004425,0.210526,2.643275,4
22328,22423,0.004425,0.210526,2.643275,4
22558,22139,0.004425,0.166667,2.643275,4
21931,22138,0.005531,0.151515,2.634033,5
21212,20725,0.012168,0.2,2.62029,11
22386,20725,0.00885,0.2,2.62029,8
22379,20725,0.005531,0.2,2.62029,5
23298,20725,0.005531,0.2,2.62029,5
23203,20725,0.005531,0.2,2.62029,5
84997D,20725,0.004425,0.2,2.62029,4
84997C,20725,0.004425,0.2,2.62029,4
21559,20725,0.004425,0.2,2.62029,4
20725,21212,0.012168,0.15942,2.62029,11
47566,84879,0.009956,0.176471,2.615236,9
84029G,85123A,0.00885,0.333333,2.597701,8
21174,85123A,0.007743,0.333333,2.597701,7
84596B,85123A,0.006637,0.333333,2.597701,6
21533,85123A,0.005531,0.333333,2.597701,5
71053,85123A,0.005531,0.333333,2.597701,5
22645,85123A,0.005531,0.333333,2.597701,5
22766,85123A,0.005531,0.333333,2.597701,5
21499,85123A,0.004425,0.333333,2.597701,4
85049C,85123A,0.004425,0.333333,2.597701,4
21363,85123A,0.004425,0.333333,2.597701,4
21902,85123A,0.004425,0.333333,2.597701,4
85014A,85123A,0.004425,0.333333,2.597701,4
22776,85123A,0.004425,0.333333,2.597701,4
20727,85099B,0.014381,0.25,2.597701,13
21977,85099B,0.00885,0.25,2.597701,8
20723,85099B,0.007743,0.25,2.597701,7
22646,85099B,0.005531,0.25,2.597701,5
22084,85099B,0.004425,0.25,2.597701,4
21181,20728,0.005531,0.151515,2.584334,5
22720,22423,0.009956,0.204545,2.568182,9
22383,85099B,0.014381,0.245283,2.548688,13
22553,21212,0.004425,0.153846,2.528671,4
22556,21212,0.004425,0.153846,2.528671,4
21175,85123A,0.013274,0.324324,2.527493,12
22492,22423,0.005531,0.2,2.511111,5
22114,22423,0.005531,0.2,2.511111,5
23203,22423,0.005531,0.2,2.511111,5
22605,22423,0.004425,0.2,2.511111,4
23201,22423,0.004425,0.2,2.511111,4
22355,85099B,0.007743,0.241379,2.508125,7
71459,85123A,0.009956,0.321429,2.504926,9
21314,20725,0.004425,0.190476,2.495514,4
23202,20725,0.004425,0.190476,2.495514,4
22961,85099B,0.006637,0.24,2.493793,6
22326,21212,0.005531,0.151515,2.490358,5
85099C,20725,0.007743,0.189189,2.478653,7
20719,20725,0.007743,0.189189,2.478653,7
21498,85099B,0.005531,0.238095,2.474001,5
21094,85099B,0.005531,0.238095,2.474001,5
21164,85123A,0.006637,0.315789,2.46098,6
21899,85123A,0.006637,0.315789,2.46098,6
21900,85123A,0.006637,0.315789,2.46098,6
21901,85123A,0.006637,0.315789,2.46098,6
85150,85099B,0.004425,0.235294,2.444895,4
21980,85099B,0.004425,0.235294,2.444895,4
82581,85099B,0.004425,0.235294,2.444895,4
22554,22139,0.004425,0.153846,2.439946,4
21929,22139,0.004425,0.153846,2.439946,4
21877,85123A,0.005531,0.3125,2.435345,5
20974,85123A,0.005531,0.3125,2.435345,5
20750,85099B,0.007743,0.233333,2.424521,7
84978,85123A,0.009956,0.310345,2.418549,9
22138,22423,0.011062,0.192308,2.41453,10
23209,22423,0.005531,0.192308,2.41453,5
22644,85123A,0.004425,0.307692,2.397878,4
21124,85123A,0.004425,0.307692,2.397878,4
22969,85123A,0.004425,0.307692,2.397878,4
21430,85123A,0.004425,0.307692,2.397878,4
23322,85123A,0.004425,0.307692,2.397878,4
23209,85099B,0.006637,0.230769,2.397878,6
84992,22423,0.004425,0.190476,2.391534,4
23202,22423,0.004425,0.190476,2.391534,4
84755,20725,0.004425,0.181818,2.382082,4
21086,20725,0.004425,0.181818,2.382082,4
22381,20725,0.004425,0.181818,2.382082,4
22492,84879,0.004425,0.16,2.371148,4
82600,84879,0.004425,0.16,2.371148,4
84997B,85099B,0.005531,0.227273,2.361546,5
21977,22423,0.006637,0.1875,2.354167,6
22629,22423,0.006637,0.1875,2.354167,6
48187,85123A,0.006637,0.3,2.337931,6
22469,85123A,0.015487,0.297872,2.32135,14
21977,84879,0.005531,0.15625,2.315574,5
22147,85123A,0.00885,0.296296,2.309068,8
20685,85099B,0.006637,0.222222,2.309068,6
22621,85099B,0.004425,0.222222,2.309068,4
21669,85099B,0.004425,0.222222,2.309068,4
85152,85123A,0.011062,0.294118,2.292089,10
21892,85123A,0.005531,0.294118,2.292089,5
47566B,85123A,0.005531,0.294118,2.292089,5
84755,22423,0.004425,0.181818,2.282828,4
21524,22423,0.004425,0.181818,2.282828,4
23209,84879,0.004425,0.153846,2.27995,4
84380,20725,0.004425,0.173913,2.278513,4
22487,20725,0.004425,0.173913,2.278513,4
22558,85123A,0.007743,0.291667,2.272989,7
20726,85099B,0.007743,0.21875,2.272989,7
21213,85099B,0.007743,0.21875,2.272989,7
21212,85099B,0.013274,0.218182,2.267085,12
22469,20725,0.00885,0.170213,2.230034,8
22077,85123A,0.00885,0.285714,2.226601,8
84970L,85123A,0.006637,0.285714,2.226601,6
82552,85123A,0.006637,0.285714,2.226601,6
21484,85123A,0.004425,0.285714,2.226601,4
20751,85123A,0.004425,0.285714,2.226601,4
22087,85123A,0.004425,0.285714,2.226601,4
21122,85123A,0.004425,0.285714,2.226601,4
22907,85123A,0.004425,0.285714,2.226601,4
21621,85099B,0.006637,0.214286,2.226601,6
22077,85099B,0.006637,0.214286,2.226601,6
21165,85099B,0.004425,0.210526,2.187538,4
21899,85099B,0.004425,0.210526,2.187538,4
84520B,85099B,0.004425,0.210526,2.187538,4
84347,85099B,0.004425,0.210526,2.187538,4
22632,85099B,0.004425,0.210526,2.187538,4
20725,22423,0.013274,0.173913,2.183575,12
22423,20725,0.013274,0.166667,2.183575,12
21231,20725,0.006637,0.166667,2.183575,6
22617,20725,0.005531,0.166667,2.183575,5
84029G,20725,0.004425,0.166667,2.183575,4
82600,85123A,0.007743,0.28,2.182069,7
22961,85123A,0.007743,0.28,2.182069,7
82482,85099B,0.009956,0.209302,2.17482,9
21985,85123A,0.005531,0.277778,2.164751,5
21523,85123A,0.005531,0.277778,2.164751,5
22595,85123A,0.005531,0.277778,2.164751,5
22722,85123A,0.005531,0.277778,2.164751,5
22558,85099B,0.005531,0.208333,2.164751,5
20749,85099B,0.005531,0.208333,2.164751,5
84991,85123A,0.015487,0.27451,2.139283,14
84755,85123A,0.006637,0.272727,2.125392,6
21524,85123A,0.006637,0.272727,2.125392,6
21485,85123A,0.006637,0.272727,2.125392,6
22382,85099B,0.011062,0.204082,2.120572,10
22114,20725,0.004425,0.16,2.096232,4
22178,22423,0.007743,0.166667,2.092593,7
21231,22423,0.006637,0.166667,2.092593,6
22557,22423,0.005531,0.166667,2.092593,5
22464,22423,0.004425,0.166667,2.092593,4
22558,22423,0.004425,0.166667,2.092593,4
20972,22423,0.004425,0.166667,2.092593,4
21535,85123A,0.004425,0.266667,2.078161,4
22366,85123A,0.004425,0.266667,2.078161,4
21531,85123A,0.004425,0.266667,2.078161,4
20982,85123A,0.004425,0.266667,2.078161,4
22491,85123A,0.004425,0.266667,2.078161,4
22690,85123A,0.004425,0.266667,2.078161,4
22151,85123A,0.004425,0.266667,2.078161,4
21154,85123A,0.004425,0.266667,2.078161,4
20754,85099B,0.004425,0.2,2.078161,4
21559,85099B,0.004425,0.2,2.078161,4
22865,85099B,0.004425,0.2,2.078161,4
21172,85123A,0.005531,0.263158,2.050817,5
21891,85123A,0.005531,0.263158,2.050817,5
21974,85123A,0.005531,0.263158,2.050817,5
21034,22423,0.007743,0.162791,2.043928,7
22470,85123A,0.012168,0.261905,2.041051,11
82580,85123A,0.006637,0.26087,2.032984,6
21889,85123A,0.006637,0.26087,2.032984,6
21166,85123A,0.007743,0.259259,2.020434,7
22993,22423,0.004425,0.16,2.008889,4
22960,85099B,0.005531,0.192308,1.998232,5
23084,85099B,0.005531,0.192308,1.998232,5
22726,85099B,0.005531,0.192308,1.998232,5
82482,85123A,0.012168,0.255814,1.993585,11
21181,20725,0.005531,0.151515,1.985068,5
85099F,22423,0.006637,0.157895,1.982456,6
82552,85099B,0.004425,0.190476,1.979201,4
22560,85099B,0.004425,0.190476,1.979201,4
21213,22423,0.005531,0.15625,1.961806,5
21231,85123A,0.009956,0.25,1.948276,9
21621,85123A,0.007743,0.25,1.948276,7
22464,85123A,0.006637,0.25,1.948276,6
22646,85123A,0.005531,0.25,1.948276,5
22191,85123A,0.004425,0.25,1.948276,4
22193,85123A,0.004425,0.25,1.948276,4
84987,85123A,0.004425,0.25,1.948276,4
84378,85123A,0.004425,0.25,1.948276,4
84596F,85123A,0.004425,0.25,1.948276,4
22629,85099B,0.006637,0.1875,1.948276,6
21166,85099B,0.005531,0.185185,1.924223,5
21914,85099B,0.005531,0.185185,1.924223,5
21731,85099B,0.007743,0.184211,1.914096,7
21931,22423,0.005531,0.151515,1.902357,5
20728,22423,0.00885,0.150943,1.895178,8
84755,85099B,0.004425,0.181818,1.889237,4
21086,85099B,0.004425,0.181818,1.889237,4
84945,85099B,0.004425,0.181818,1.889237,4
82484,85099B,0.004425,0.181818,1.889237,4
20718,85123A,0.007743,0.241379,1.881094,7
22379,85123A,0.006637,0.24,1.870345,6
21843,85123A,0.006637,0.24,1.870345,6
84029E,85123A,0.005531,0.238095,1.855501,5
84992,85123A,0.005531,0.238095,1.855501,5
22570,85123A,0.005531,0.238095,1.855501,5
84077,85123A,0.005531,0.238095,1.855501,5
22189,85099B,0.005531,0.178571,1.855501,5
82551,85123A,0.004425,0.235294,1.833671,4
21155,85123A,0.004425,0.235294,1.833671,4
84988,85123A,0.004425,0.235294,1.833671,4
20969,85123A,0.004425,0.235294,1.833671,4
21121,85123A,0.004425,0.235294,1.833671,4
23293,85123A,0.004425,0.235294,1.833671,4
48138,85099B,0.006637,0.176471,1.833671,6
22617,85123A,0.007743,0.233333,1.818391,7
21929,85123A,0.006637,0.230769,1.798408,6
22960,85123A,0.006637,0.230769,1.798408,6
48194,85099B,0.005531,0.172414,1.791518,5
22090,85099B,0.005531,0.172414,1.791518,5
84879,85123A,0.015487,0.229508,1.788581,14
21733,85099B,0.007743,0.170732,1.77404,7
20914,85099B,0.007743,0.170732,1.77404,7
21754,85123A,0.011062,0.227273,1.77116,10
22381,85123A,0.005531,0.227273,1.77116,5
22385,85123A,0.005531,0.227273,1.77116,5
20685,85123A,0.006637,0.222222,1.731801,6
71477,85123A,0.004425,0.222222,1.731801,4
22417,85123A,0.004425,0.222222,1.731801,4
21908,85123A,0.004425,0.222222,1.731801,4
22380,85123A,0.004425,0.222222,1.731801,4
22557,85099B,0.005531,0.166667,1.731801,5
22197,85123A,0.012168,0.22,1.714483,11
21977,85123A,0.007743,0.21875,1.704741,7
82582,85123A,0.005531,0.217391,1.694153,5
22551,85123A,0.006637,0.214286,1.669951,6
22149,85123A,0.007743,0.212121,1.653083,7
21181,85123A,0.007743,0.212121,1.653083,7
20983,85123A,0.004425,0.210526,1.640653,4
22607,85123A,0.004425,0.210526,1.640653,4
22752,85123A,0.004425,0.210526,1.640653,4
22326,85099B,0.005531,0.151515,1.574364,5
22993,85123A,0.005531,0.2,1.558621,5
47590B,85123A,0.004425,0.2,1.558621,4
20754,85123A,0.004425,0.2,1.558621,4
22507,85123A,0.004425,0.2,1.558621,4
22577,85123A,0.004425,0.2,1.558621,4
21871,85123A,0.004425,0.2,1.558621,4
20914,85123A,0.00885,0.195122,1.520606,8
22384,85123A,0.00885,0.195122,1.520606,8
84946,85123A,0.005531,0.192308,1.498674,5
22352,85123A,0.004425,0.190476,1.484401,4
47591D,85123A,0.004425,0.190476,1.484401,4
21314,85123A,0.004425,0.190476,1.484401,4
21034,85123A,0.00885,0.186047,1.44988,8
21210,85123A,0.005531,0.185185,1.443167,5
84945,85123A,0.004425,0.181818,1.416928,4
22662,85123A,0.004425,0.181818,1.416928,4
20724,85123A,0.007743,0.179487,1.398762,7
15056N,85123A,0.005531,0.178571,1.391626,5
47566,85123A,0.009956,0.176471,1.375254,9
15056BL,85123A,0.004425,0.173913,1.355322,4
22569,85123A,0.004425,0.173913,1.355322,4
22355,85123A,0.005531,0.172414,1.343639,5
20728,85123A,0.009956,0.169811,1.323357,9
22423,85123A,0.013274,0.166667,1.298851,12
22178,85123A,0.007743,0.166667,1.298851,7
21080,85123A,0.007743,0.166667,1.298851,7
22356,85123A,0.006637,0.166667,1.298851,6
21928,85123A,0.005531,0.166667,1.298851,5
21930,85123A,0.004425,0.166667,1.298851,4
21212,85123A,0.009956,0.163636,1.275235,9
85099C,85123A,0.006637,0.162162,1.263747,6
85099B,85123A,0.015487,0.16092,1.254063,14
22666,85123A,0.004425,0.16,1.246897,4
22720,85123A,0.007743,0.159091,1.239812,7
20727,85123A,0.00885,0.153846,1.198939,8
22138,85123A,0.00885,0.153846,1.198939,8
23209,85123A,0.004425,0.153846,1.198939,4
