customer_id,product_id,score,reason
12347,23174,73.795974,association:23175
12347,23173,57.653084,association:23175
12347,23172,42.169128,association:23175
12347,23171,24.598658,association:23175
12347,22966,15.066667,association:23308
12347,22726,13.946318,association:22727
12347,22630,12.611607,association:23308
12347,22728,11.3,association:22727
12347,22417,10.88682,association:84991
12347,21212,9.669058,association:84991
12358,22645,35.093191,association:21232
12358,37447,35.012049,association:37448
12358,22771,33.481498,association:22772
12358,22055,33.269615,association:21232
12358,21673,23.251047,association:22772
12358,21670,12.754837,association:22772
12358,21672,11.904515,association:22772
12358,85014A,10.59375,association:85014B
12358,21669,9.920429,association:22772
12358,22112,7.885213,association:22114
12359,21166,14.40758,association:21181
12359,82580,14.30189,association:22666
12359,21175,14.272883,association:82484
12359,82581,12.225447,association:85152
12359,82582,11.737281,association:21181
12359,21908,10.518597,association:82552
12359,82600,9.420877,association:82552
12359,82551,8.852515,association:85150
12359,84839,8.013284,association:21164
12359,21903,7.925106,association:21181
12360,22563,52.646858,association:22492
12360,21987,42.991296,association:21086
12360,22085,39.402198,association:21989
12360,21679,33.258303,association:21989
12360,21988,29.399349,association:21086
12360,22560,27.289814,association:22492
12360,22531,24.450809,association:22534
12360,22333,20.616369,association:22556
12360,21507,15.750241,association:22027
12360,21207,12.773706,association:21989
12362,22730,46.160571,association:22727
12362,22374,44.140625,association:22375
12362,23343,32.79821,association:23382
12362,22729,32.148261,association:22727
12362,22191,26.885554,association:22193
12362,15056P,26.517546,association:15056BL
12362,22630,15.599833,association:22726
12362,84596G,14.942134,association:22174
12362,15056N,13.252939,association:15056BL
12362,23084,12.614694,association:22352
12373,21240,55.080561,association:21238
12373,21242,17.506169,association:21238
12373,21539,17.142508,association:21533
12373,22356,16.540785,association:21080
12373,21239,14.812912,association:21238
12373,22355,13.482151,association:20728
12373,22384,12.149767,association:20712
12373,20723,12.081491,association:20718
12373,20727,11.386833,association:20712
12373,21843,10.566137,association:21238
12376,22326,1.712121,association:POST
12376,21731,1.486842,association:POST
12376,22556,1.149395,association:POST
12376,20750,0.996142,association:POST
12377,84596F,31.78125,association:84596G
12377,84596B,27.653611,association:22064
12377,21508,19.763369,association:21507
12377,22131,18.677667,association:22195
12377,22029,15.914529,association:21731
12377,22712,14.299384,association:21509
12377,21918,14.125,association:21917
12377,21980,13.294118,association:21967
12377,21985,12.555556,association:21967
12377,21718,12.226531,association:21715
12381,23171,33.481498,association:23163
12381,23294,31.973074,association:23319
12381,23318,29.44194,association:23293
12381,23296,25.337036,association:23293
12381,22536,25.111111,association:22535
12381,23200,16.682806,association:23199
12381,21888,14.517353,association:22634
12381,23295,13.933951,association:23293
12381,22086,13.454777,association:22629
12381,22910,13.240196,association:23293
12388,22720,21.571664,association:23298
12388,23198,10.640744,association:23293
12388,22090,10.371248,association:47566
12388,84970S,7.321016,association:84970L
12388,47589,7.232,association:47590B
12388,23240,5.560935,association:23293
12388,22989,5.136364,association:23243
12388,84949,4.658829,association:84970L
12388,23209,4.650847,association:23293
12388,23307,4.099769,association:23245
12410,22624,2.456522,association:22191
12410,21754,2.006392,association:22191
12410,84991,1.107843,association:22193
12410,85123A,0.974138,association:22193
12413,21327,41.851835,association:21328
12413,22745,34.408314,association:22748
12413,22746,29.114727,association:22748
12413,22635,28.603125,association:22634
12413,22747,28.436601,association:22748
12413,22749,28.181909,association:22273
12413,22751,18.937661,association:22750
12413,21329,17.384615,association:21328
12413,85014B,14.125,association:85014A
12413,22492,14.067356,association:22634
12423,21746,28.25,association:21749
12423,20724,13.836728,association:22661
12423,22355,12.445107,association:22661
12423,22356,9.256513,association:22661
12423,20717,7.238658,association:20723
12423,22663,6.149654,association:22661
12423,21175,6.108108,association:85184C
12423,21733,5.512195,association:85184C
12423,22662,5.24119,association:22661
12423,22382,3.859225,association:20723
12425,22421,40.675873,association:22419
12425,22077,19.954377,association:85049C
12425,85049D,14.349192,association:85049C
12425,20674,12.304445,association:20676
12425,21718,12.226531,association:21715
12425,20677,12.053333,association:20676
12425,20675,11.126154,association:20676
12425,21985,11.121871,association:21980
12425,21169,10.867007,association:22413
12425,22356,10.736194,association:21080
12429,22913,100.444495,association:22914
12429,22725,39.197103,association:22726
12429,22417,19.618056,association:22951
12429,22333,18.833333,association:22331
12429,22366,11.904515,association:22365
12429,21977,11.703795,association:22960
12429,22846,9.183503,association:22847
12429,21908,7.689974,association:82582
12429,82551,7.225158,association:22727
12429,21212,6.920533,association:22326
12430,22584,12.772358,association:22585
12430,22966,7.76786,association:84380
12430,22582,5.676603,association:22585
12430,84375,5.676603,association:22964
12430,84378,3.844997,association:84380
12430,22965,3.417769,association:84380
12430,20681,3.038016,association:84380
12430,22326,1.712121,association:POST
12430,20682,1.708884,association:84380
12430,21908,1.519008,association:84380
12439,20914,2.442607,association:21733
12439,22457,1.607326,association:85123A
12439,22804,1.386896,association:21733
12439,22139,1.294664,association:84050
12439,21755,0.77503,association:21733
12439,21231,0.731973,association:21733
12439,84991,0.674855,association:21733
12439,21232,0.56066,association:21733
12439,22469,0.56066,association:21733
12439,85099B,0.302885,association:21733
12455,37448,31.290701,association:37449
12455,84509A,28.25,association:84510A
12455,37447,20.662857,association:37450
12455,22059,20.545455,association:37450
12455,22593,19.53087,association:22595
12455,22055,17.698947,association:37449
12455,21232,13.332696,association:84836
12455,22594,12.555543,association:22595
12455,21231,11.260353,association:84755
12455,22457,7.41336,association:85123A
12471,23296,100.11989,association:23295
12471,23345,80.355596,association:23346
12471,23293,71.388338,association:23319
12471,23318,36.824075,association:23294
12471,22331,15.694457,association:22333
12471,21561,11.622857,association:21559
12471,22352,8.717143,association:21559
12471,22557,8.647954,association:22551
12471,22556,8.604873,association:POST
12471,22493,8.370362,association:22621
12476,22326,1.712121,association:POST
12476,21731,1.486842,association:POST
12476,22556,1.149395,association:POST
12476,20750,0.996142,association:POST
12484,22372,15.890625,association:22371
12484,22376,12.611607,association:22371
12484,22374,11.035156,association:22371
12484,37449,5.908491,association:37503
12484,21914,2.092592,association:22371
12484,22727,1.883333,association:22371
12484,20725,1.455715,association:37503
12484,22423,0.784722,association:22371
12490,22630,27.68406,association:22328
12490,23202,24.458254,association:23199
12490,23240,19.840858,association:23238
12490,23207,15.929472,association:23203
12490,23206,14.557786,association:23203
12490,85099F,14.28795,association:22090
12490,23209,13.310976,association:22328
12490,23201,11.810078,association:23084
12490,20978,10.714088,association:20979
12490,21559,10.305354,association:22631
12493,22433,22.6,association:22431
12493,20727,20.101918,association:20725
12493,22382,14.892842,association:20725
12493,23207,14.635751,association:23206
12493,22662,13.22299,association:22384
12493,23208,11.402736,association:23206
12493,23204,8.071505,association:23209
12493,23200,7.056593,association:23209
12493,22457,6.924256,association:22456
12493,20726,6.483928,association:23209
12510,20970,31.958023,association:20967
12510,20723,24.591471,association:21935
12510,21260,22.6,association:22494
12510,21891,19.684706,association:21889
12510,22356,18.57668,association:20717
12510,20724,17.858204,association:20749
12510,22620,16.628601,association:21914
12510,21934,16.405938,association:21935
12510,20716,12.555543,association:20717
12510,21790,11.796806,association:21915
12551,20723,16.209765,association:20718
12551,20713,13.21551,association:22386
12551,22356,11.766771,association:85099C
12551,85099F,10.4077,association:20712
12551,22411,10.093818,association:20718
12551,20719,10.064905,association:20718
12551,21931,9.102004,association:21928
12551,20724,8.762033,association:21928
12551,22379,7.829208,association:20712
12551,21929,7.773198,association:22386
12553,22751,32.952217,association:22554
12553,21224,20.662857,association:22437
12553,21668,19.687125,association:21672
12553,22570,18.309481,association:22569
12553,23198,17.384615,association:23196
12553,22568,17.208591,association:22750
12553,21673,16.405938,association:21672
12553,22557,15.42327,association:22556
12553,22332,14.839334,association:22553
12553,22551,14.614536,association:22553
12561,22629,10.739949,association:22326
12561,21154,10.462971,association:21035
12561,22722,10.376482,association:22989
12561,22659,8.013303,association:22631
12561,48194,7.793103,association:48184
12561,23243,7.471067,association:22989
12561,22630,7.176496,association:22326
12561,48187,6.514792,association:48184
12561,22720,6.112703,association:22989
12561,21086,5.963301,association:21080
12567,23050,189.379588,association:23051
12567,23053,156.944495,association:23051
12567,22375,44.140625,association:22374
12567,21993,42.169128,association:21990
12567,20982,20.200172,association:20983
12567,21668,19.687125,association:21672
12567,21673,16.405938,association:21672
12567,22372,15.890625,association:22371
12567,21122,14.299548,association:21121
12567,21669,14.285423,association:21672
12569,22085,23.907414,association:21207
12569,21987,14.367437,association:21207
12569,21988,10.867007,association:21207
12569,22332,9.961422,association:21207
12569,21989,6.291425,association:21207
12569,22326,1.712121,association:POST
12569,21731,1.486842,association:POST
12569,22556,1.149395,association:POST
12569,20750,0.996142,association:POST
12576,22676,96.426666,association:22679
12576,21891,16.463295,association:21892
12576,15056P,12.583594,association:15056BL
12576,20679,10.052272,association:15056BL
12576,22620,8.662226,association:21892
12576,15056N,6.103165,association:15056BL
12576,21915,4.944305,association:21892
12576,21889,4.896041,association:21892
12576,22665,4.464193,association:22667
12576,22605,3.910039,association:21892
12583,22557,24.006152,association:22492
12583,22433,22.6,association:22431
12583,20982,20.200172,association:20983
12583,84997B,17.360909,association:84997C
12583,84997D,16.272,association:84997C
12583,22331,15.694457,association:22333
12583,22553,15.595976,association:22555
12583,21122,14.299548,association:21121
12583,21718,12.226531,association:21715
12583,21123,10.009683,association:21121
12584,21539,17.142508,association:21533
12584,21531,9.642667,association:21533
12584,22961,7.667798,association:22720
12584,22666,7.262347,association:22624
12584,22423,6.594765,association:22720
12584,21535,4.285635,association:21533
12584,21733,4.100453,association:85123A
12584,20914,3.840651,association:22960
12584,22851,3.642402,association:22804
12584,23243,3.53125,association:22720
12598,20982,20.200172,association:20983
12598,21892,13.151129,association:21914
12598,21915,12.961663,association:21731
12598,22326,10.723677,association:21731
12598,22910,7.183572,association:22634
12598,21888,6.790865,association:22634
12598,21790,6.349249,association:22617
12598,22139,6.184512,association:20750
12598,22748,5.917256,association:21914
12598,47566,5.78792,association:23254
12600,15056P,12.583594,association:15056BL
12600,20679,10.052272,association:15056BL
12600,15056N,6.103165,association:15056BL
12600,21731,2.206372,association:15056BL
12600,22326,1.712121,association:POST
12600,22556,1.149395,association:POST
12600,20750,0.996142,association:POST
12600,21232,0.90898,association:15056BL
12600,21231,0.759504,association:15056BL
12600,85123A,0.235708,association:15056BL
12609,22755,43.32783,association:22754
12609,22812,39.236111,association:22813
12609,22753,32.763342,association:22754
12609,22909,11.529084,association:22734
12609,21915,7.290323,association:22813
12609,22365,7.142725,association:22366
12609,21755,6.647059,association:21754
12609,21871,6.35625,association:21877
12609,21232,5.001441,association:21877
12609,22910,4.975805,association:22952
12615,22712,30.78034,association:22027
12615,22720,18.746177,association:22993
12615,22024,17.349288,association:22027
12615,21507,15.750241,association:22027
12615,20713,15.095014,association:22386
12615,22326,11.752846,association:20750
12615,85099C,11.143487,association:85099B
12615,85099F,10.874374,association:20712
12615,22714,9.851165,association:22027
12615,21931,9.356985,association:85099B
12628,23076,34.876571,association:23077
12628,22652,14.125,association:22654
12628,22554,11.949256,association:22557
12628,22722,10.376482,association:22989
12628,22720,9.094353,association:23245
12628,22865,8.928386,association:23247
12628,22553,8.266768,association:22551
12628,22556,7.870859,association:POST
12628,23243,7.471067,association:22989
12628,22086,5.140805,association:22557
12633,21535,31.070834,association:21533
12633,21539,26.785174,association:21531
12633,21561,16.308307,association:22352
12633,21967,14.795393,association:21985
12633,21122,14.299548,association:21121
12633,22554,13.780783,association:22326
12633,22553,12.50072,association:21985
12633,22551,11.939985,association:22556
12633,22629,10.830154,association:22556
12633,20725,10.593485,association:21559
12647,84997C,15.782642,association:84997B
12647,85099B,12.657341,association:21731
12647,84997A,12.607441,association:84997B
12647,20725,11.261297,association:22386
12647,20728,10.248818,association:21928
12647,22382,9.593388,association:84997B
12647,84997D,9.338834,association:84997B
12647,21559,8.302033,association:22352
12647,85099C,7.901521,association:22386
12647,21558,7.174596,association:22352
12655,22646,23.667236,association:21156
12655,22645,12.837857,association:22644
12655,22384,10.165375,association:21156
12655,20727,8.957046,association:21156
12655,22326,8.954439,association:20750
12655,20725,8.752289,association:22328
12655,21216,7.969138,association:21217
12655,22327,7.512454,association:22328
12655,22382,5.649118,association:20728
12655,23209,5.415266,association:22328
12677,22356,13.363993,association:22382
12677,22355,12.307665,association:22382
12677,20723,10.591608,association:22382
12677,20728,10.466562,association:20712
12677,20713,9.525867,association:20712
12677,22384,8.772593,association:20712
12677,20725,7.308377,association:20719
12677,22326,6.483603,association:21731
12677,20727,5.960666,association:20712
12677,85099C,5.854211,association:20724
12681,21988,56.675331,association:21086
12681,21679,52.604504,association:21989
12681,22302,50.222247,association:22303
12681,22437,38.076961,association:21987
12681,21818,37.666666,association:21819
12681,21094,35.487645,association:21989
12681,21241,31.876312,association:21240
12681,22809,28.737827,association:22810
12681,22332,26.27262,association:21989
12681,22085,25.130427,association:21989
12682,21240,30.94845,association:21239
12682,21238,14.812912,association:21239
12682,22382,12.695408,association:22556
12682,22352,11.661042,association:22326
12682,20728,11.382983,association:22326
12682,22900,11.126154,association:22659
12682,21985,11.121871,association:21980
12682,20727,8.678134,association:21980
12682,21967,7.820079,association:21980
12682,22383,7.674322,association:22197
12686,20723,8.071428,association:22661
12686,22663,6.149654,association:22661
12686,21790,5.942885,association:22549
12686,22355,5.72554,association:22661
12686,22662,5.24119,association:22661
12686,22382,4.792719,association:22661
12686,21914,4.427299,association:22549
12686,20724,4.257453,association:22661
12686,20717,4.099769,association:22661
12686,22620,2.976683,association:21791
12703,20677,71.575974,association:20676
12703,20675,42.032152,association:20676
12703,21242,10.067273,association:20676
12703,84949,4.658829,association:84970L
12703,21238,4.346154,association:20676
12703,22464,3.720756,association:84970L
12703,84836,3.435458,association:84970S
12703,21239,2.781538,association:20676
12703,21240,2.582857,association:20676
12703,22219,1.929303,association:84970L
12709,21240,54.255274,association:20675
12709,20676,46.386982,association:21239
12709,21094,31.194814,association:21080
12709,20677,28.974371,association:21238
12709,22624,26.064393,association:22627
12709,22085,23.907414,association:21207
12709,85049G,23.907414,association:85049E
12709,20674,21.396428,association:20675
12709,21241,17.117143,association:21238
12709,21987,16.666226,association:21086
12712,15056P,12.583594,association:15056BL
12712,20679,10.052272,association:15056BL
12712,15056N,6.103165,association:15056BL
12712,21166,2.73318,association:22173
12712,21731,2.206372,association:15056BL
12712,22326,1.712121,association:POST
12712,82494L,1.677178,association:22173
12712,22556,1.149395,association:POST
12712,20750,0.996142,association:POST
12712,21232,0.90898,association:15056BL
12720,22332,36.234042,association:21988
12720,22380,27.259292,association:22379
12720,21207,26.66647,association:21989
12720,22085,25.130427,association:21989
12720,21080,24.512454,association:21989
12720,22437,20.512278,association:21987
12720,21679,15.706517,association:21989
12720,22327,10.471011,association:21989
12720,21213,10.244574,association:21987
12720,22690,4.919723,association:22692
12724,23345,80.355596,association:23346
12724,22352,28.802789,association:22326
12724,84997C,17.309648,association:22326
12724,84997A,12.053333,association:84997D
12724,22900,11.126154,association:22659
12724,23293,10.503984,association:23240
12724,84997B,10.272728,association:84997D
12724,21558,7.91,association:21559
12724,47566,7.810974,association:22326
12724,84380,7.219158,association:22964
12726,22331,15.694457,association:22333
12726,21915,7.439939,association:22492
12726,22418,6.612114,association:22492
12726,22556,5.012639,association:POST
12726,22419,4.058357,association:21914
12726,22560,3.847711,association:22492
12726,21889,3.648045,association:22492
12726,84077,2.578273,association:22492
12726,21790,2.391532,association:21914
12726,21080,2.391532,association:22333
12727,21121,28.691279,association:21124
12727,22029,27.936127,association:22024
12727,21123,23.061234,association:21122
12727,22028,14.520016,association:22027
12727,21509,8.427303,association:22027
12727,47566,6.316953,association:22090
12727,21034,5.791485,association:21122
12727,85123A,5.685616,association:84988
12727,21507,5.580241,association:22027
12727,22470,5.380953,association:72760B
12739,23295,83.788497,association:23293
12739,22046,37.666666,association:22045
12739,22029,29.958028,association:22492
12739,22584,26.334108,association:22582
12739,22712,23.71784,association:22027
12739,22716,21.566513,association:22027
12739,22583,19.103954,association:22582
12739,22551,18.831999,association:22492
12739,22086,16.005717,association:22629
12739,22910,13.198201,association:22554
12748,21124,51.591567,association:21121
12748,22726,48.020164,association:22727
12748,22730,35.373192,association:22727
12748,21123,33.070917,association:21121
12748,85049G,31.388914,association:85049C
12748,85049F,26.157428,association:85049C
12748,22729,24.926956,association:22727
12748,22531,24.450809,association:22534
12748,72802A,22.6,association:72802C
12748,22371,22.070312,association:22374
12755,22327,7.512454,association:22328
12755,22326,6.14656,association:22328
12755,23207,2.504151,association:22328
12755,22629,1.956372,association:22328
12755,22352,1.907925,association:22328
12755,22382,1.839785,association:22328
12755,22383,1.700933,association:22328
12755,21929,1.541016,association:22328
12755,23209,1.541016,association:22328
12755,22630,1.430944,association:22328
12779,37447,35.012049,association:37448
12779,22055,24.661401,association:21232
12779,21231,22.73353,association:22059
12779,37449,14.416726,association:37448
12779,15056N,10.770878,association:37450
12779,22649,8.538362,association:22059
12779,22720,6.081454,association:22993
12779,21166,5.812762,association:37448
12779,22961,5.612032,association:22666
12779,23198,4.005415,association:22666
12783,23301,28.876669,association:23302
12783,23300,17.363759,association:23302
12783,85152,13.089801,association:21907
12783,21175,11.056531,association:21907
12783,21181,9.578398,association:21166
12783,21523,7.671132,association:22690
12783,21908,7.475471,association:21166
12783,22365,7.142725,association:22366
12783,82583,6.579876,association:21166
12783,21174,6.407546,association:21166
12792,22749,40.88661,association:22751
12792,22584,26.334108,association:22582
12792,22029,20.088899,association:22027
12792,22607,19.679176,association:21912
12792,22583,19.103954,association:22582
12792,22295,14.056376,association:22296
12792,22606,10.067273,association:22605
12792,22634,8.35798,association:21888
12792,22294,8.236155,association:22296
12792,22297,8.199538,association:22296
12810,22379,3.423429,association:21577
12817,22554,5.143372,association:22556
12817,22553,5.143372,association:22556
12817,22551,3.868556,association:22556
12817,22557,3.610652,association:22556
12817,22326,3.170969,association:22556
12817,21731,2.959722,association:22139
12817,22555,2.674554,association:22556
12817,22534,1.94513,association:22556
12817,22333,1.783036,association:22556
12817,84997A,1.783036,association:22556
12826,21987,25.60668,association:21086
12826,21988,20.268045,association:21086
12826,22356,16.472715,association:21080
12826,21934,16.405938,association:21935
12826,20724,15.190082,association:21080
12826,22355,14.031327,association:21935
12826,22332,10.225299,association:21989
12826,22085,8.013284,association:21989
12826,21498,7.473551,association:21499
12826,22551,6.877423,association:22554
12827,22816,29.884323,association:22818
12827,23198,6.790865,association:23243
12827,84991,6.395283,association:22907
12827,22617,5.393689,association:22138
12827,22993,5.241048,association:22720
12827,47566,4.698387,association:84978
12827,22645,4.65021,association:47559B
12827,21232,4.497146,association:47591D
12827,22064,4.464193,association:47559B
12827,22910,4.269181,association:22818
12830,21888,7.726488,association:21912
12830,22607,5.286544,association:21912
12830,22605,5.022217,association:21912
12830,21731,2.643272,association:21912
12840,20727,40.26374,association:21559
12840,23200,33.951421,association:22662
12840,22383,32.728609,association:85099F
12840,23208,21.996486,association:23206
12840,23203,16.012643,association:22385
12840,85099C,16.00326,association:85099B
12840,23202,15.192104,association:23209
12840,21558,15.084596,association:22352
12840,22629,13.329917,association:23209
12840,20724,12.738117,association:21928
12841,22085,31.388914,association:22332
12841,21679,28.25,association:22332
12841,21987,17.384615,association:22332
12841,21989,16.190049,association:22332
12841,22437,10.044434,association:22332
12841,21207,9.131304,association:22332
12841,21544,9.131304,association:22332
12841,21988,9.131304,association:22332
12841,22327,8.370362,association:22332
12841,22553,6.036329,association:22332
12843,21932,31.465012,association:20718
12843,22712,14.942134,association:21078
12843,21154,10.462971,association:21035
12843,22384,9.287301,association:20725
12843,84596B,6.640948,association:21078
12843,20728,6.442088,association:20725
12843,84520B,6.291425,association:21078
12843,20727,5.985394,association:20725
12843,21232,5.521025,association:20725
12843,84692,5.286544,association:21035
12844,21533,13.928302,association:21535
12844,21539,13.928302,association:21535
12844,85123A,5.71584,association:21212
12844,20914,3.912475,association:21843
12844,21756,3.591867,association:21754
12844,20685,3.583063,association:21524
12844,22846,3.306057,association:21843
12844,84991,3.266241,association:22558
12844,21977,2.885961,association:22558
12844,84987,2.790121,association:21210
12868,22175,61.02,association:22176
12868,22029,36.648137,association:21506
12868,22712,23.71784,association:22027
12868,22699,23.313684,association:22697
12868,22698,20.34,association:22697
12868,84380,9.826087,association:22965
12868,21509,8.427303,association:22027
12868,22961,7.667798,association:22720
12868,22666,6.694808,association:22457
12868,22423,6.558907,association:22178
12873,22952,3.224698,association:22086
12873,23319,1.903077,association:22086
12873,22197,1.894594,association:22086
12873,21213,1.765625,association:22084
12873,22555,1.60147,association:22910
12873,22909,1.60147,association:22910
12873,84520B,1.517182,association:21621
12873,22605,1.441323,association:21621
12873,85099B,1.126555,association:21621
12873,21212,1.027273,association:22084
12878,22774,44.64193,association:22772
12878,22775,35.713545,association:22772
12878,22569,32.184228,association:22568
12878,20971,10.534222,association:22570
12878,21212,6.746431,association:22150
12878,22149,5.659899,association:22150
12878,22147,5.575497,association:22568
12878,22563,4.907653,association:22568
12878,20752,4.52,association:20754
12878,20751,4.035714,association:20754
12880,22909,7.429315,association:22952
12880,48138,6.48134,association:48194
12880,21070,5.008303,association:21172
12880,22950,4.776001,association:22952
12880,48187,4.759844,association:48194
12880,22734,4.680477,association:22952
12880,20685,3.680179,association:21524
12880,21908,3.477995,association:21172
12880,22692,3.188709,association:21523
12880,22690,2.976129,association:21523
12898,22272,22.669752,association:22273
12898,22089,18.448961,association:22087
12898,22274,15.882248,association:22273
12898,47590A,14.464,association:47590B
12898,21509,9.920429,association:22023
12898,22149,7.731935,association:22273
12898,22749,7.63612,association:22273
12898,21124,5.676603,association:22087
12898,22027,5.49077,association:21506
12898,21122,5.271132,association:22087
12901,22421,32.79821,association:22713
12901,23369,17.117143,association:22900
12901,23505,14.264285,association:22900
12901,84077,14.056376,association:22713
12901,21212,8.889406,association:22966
12901,22630,8.071428,association:22659
12901,23308,8.035566,association:22966
12901,22616,7.780519,association:22900
12901,22631,7.612632,association:22659
12901,84991,5.608456,association:21977
12921,85099F,13.553413,association:20712
12921,21931,12.724339,association:21928
12921,21929,10.359337,association:22386
12921,22411,9.9842,association:20712
12921,21930,7.18011,association:22386
12921,22356,6.470431,association:85099C
12921,22465,6.277778,association:22464
12921,22385,5.611846,association:20712
12921,22178,4.93035,association:84970L
12921,20724,4.758503,association:21928
12927,22535,22.320965,association:22536
12927,22560,11.987316,association:22491
12927,22294,9.370901,association:22295
12927,22296,9.370901,association:22295
12927,22561,6.210517,association:22489
12927,21790,5.739117,association:22489
12927,22297,5.694124,association:22295
12927,22621,5.228467,association:21791
12927,21889,4.825165,association:22489
12927,22569,4.094295,association:22489
12931,20971,10.607274,association:20972
12931,22272,4.904506,association:20972
12931,22149,3.852273,association:20972
12931,22271,3.138889,association:20972
12931,22147,2.092592,association:20972
12931,22940,1.931628,association:20972
12931,84992,1.868383,association:20972
12931,22150,1.783457,association:20972
12931,22751,1.569448,association:20972
12931,21892,1.477127,association:20972
12933,22371,60.607792,association:22376
12933,22563,50.866673,association:22562
12933,22812,39.236111,association:22813
12933,22750,35.01554,association:20972
12933,22554,32.4618,association:22561
12933,22809,28.737827,association:22810
12933,22728,24.307545,association:22729
12933,22332,23.209696,association:22553
12933,21224,20.662857,association:22437
12933,22617,20.566262,association:22149
12937,22578,24.608889,association:22577
12937,22579,16.641818,association:22577
12937,22382,14.552527,association:22423
12937,20728,13.938227,association:20725
12937,22383,12.577041,association:20725
12937,23207,11.148074,association:20727
12937,22227,9.608847,association:85061W
12937,23209,8.793212,association:22384
12937,22593,8.071428,association:22577
12937,22594,7.0625,association:22577
12939,20674,56.946442,association:20676
12939,20675,41.37205,association:21238
12939,84997B,34.767481,association:20677
12939,21242,27.573441,association:20676
12939,21239,20.375989,association:20676
12939,21240,18.920561,association:20676
12939,84997A,18.833333,association:84997C
12939,21241,17.117143,association:21238
12939,21246,7.232,association:20676
12939,21930,4.752351,association:21929
12947,20727,14.830965,association:22383
12947,23207,14.635751,association:23206
12947,22662,12.025216,association:20728
12947,22147,11.784096,association:22569
12947,23208,11.402736,association:23206
12947,20725,10.431219,association:22383
12947,22384,9.81864,association:23206
12947,22382,9.71948,association:22569
12947,22563,8.193965,association:22568
12947,23204,8.071505,association:23209
12949,22170,19.840858,association:22169
12949,21431,10.016605,association:21429
12949,21917,8.828125,association:21918
12949,21231,8.021601,association:84991
12949,82482,7.568811,association:21918
12949,22055,6.930863,association:21232
12949,21915,6.118279,association:21790
12949,37450,5.004842,association:37449
12949,21914,4.638728,association:21790
12949,21977,4.373471,association:21889
12951,22138,11.281887,association:21790
12951,22551,8.071428,association:22557
12951,82552,7.298736,association:82551
12951,47589,7.232,association:47590B
12951,82580,6.664064,association:82551
12951,82583,6.256052,association:82551
12951,82578,6.015445,association:82551
12951,22554,5.563077,association:22557
12951,22553,4.674534,association:22557
12951,23298,4.574431,association:47590B
12955,23172,82.367119,association:23170
12955,22698,49.15517,association:23171
12955,23173,39.568508,association:22699
12955,22605,25.570962,association:20983
12955,20982,20.200172,association:20983
12955,22491,17.935008,association:22561
12955,23163,16.740724,association:23171
12955,23175,14.349192,association:23171
12955,21889,12.035205,association:22560
12955,21914,11.940432,association:22489
12971,22421,64.284445,association:22420
12971,22809,28.737827,association:22810
12971,22086,1.919157,association:22084
12971,21213,1.765625,association:22084
12971,22457,1.090364,association:22178
12971,21212,1.027273,association:22084
12971,84946,0.965814,association:22178
12971,85099B,0.649425,association:22084
12971,82482,0.583981,association:22178
12971,84879,0.537675,association:22178
12982,85174,12.226531,association:22207
12982,21232,10.82954,association:20725
12982,21080,4.537259,association:20914
12982,22055,4.058357,association:21231
12982,48138,3.933167,association:22207
12982,22384,3.871684,association:84520B
12982,21078,3.642402,association:84520B
12982,21154,3.336561,association:21155
12982,85123A,3.303577,association:22423
12982,20728,2.808732,association:20725
12984,20967,22.111683,association:20970
12984,22271,9.920429,association:22273
12984,22749,9.848802,association:22273
12984,22569,6.195013,association:20970
12984,22272,5.580241,association:22273
12984,22274,5.365626,association:22273
12984,22570,2.383258,association:20969
12984,84997B,2.274928,association:20969
12984,84997C,2.232096,association:22273
12984,84997D,2.232096,association:22273
12986,82580,41.489187,association:21164
12986,21363,24.598658,association:21361
12986,82581,23.344912,association:21164
12986,22508,11.673542,association:21411
12986,82552,11.591567,association:21164
12986,21169,9.131304,association:82583
12986,21977,8.536087,association:21213
12986,21175,8.443693,association:21164
12986,84839,8.013284,association:21164
12986,21216,7.969138,association:21217
12987,85061W,11.210326,association:22227
12987,16156S,8.199538,association:16161P
12987,84949,7.109162,association:22219
12987,47566,6.316953,association:22090
12987,37449,5.908491,association:37503
12987,85123A,5.117916,association:84755
12987,22188,4.61224,association:22189
12987,71459,4.269181,association:84755
12987,22296,3.574887,association:22219
12987,22355,3.463598,association:21381
13001,84997C,16.272,association:84997D
13001,84997A,12.053333,association:84997D
13001,84997B,10.272728,association:84997D
13001,21175,9.060819,association:21164
13001,85099B,8.501322,association:84347
13001,84839,8.013284,association:21164
13001,22115,7.825488,association:21164
13001,85152,7.207496,association:21164
13001,15056P,6.708713,association:15056N
13001,22617,5.393689,association:22138
13010,21864,36.16,association:21866
13010,21867,14.464,association:21866
13010,85174,12.226531,association:22207
13010,21509,9.920429,association:22023
13010,84879,2.371148,association:21866
13010,20685,1.853645,association:48138
13010,22138,1.645879,association:22207
13010,22139,1.501504,association:22207
13010,21524,1.279651,association:48138
13010,85099B,0.32359,association:48138
13013,23393,86.863982,association:23395
13013,22112,11.520589,association:84029G
13013,22114,8.390939,association:84029G
13013,22111,6.266273,association:84029G
13013,84029E,6.053571,association:84029G
13013,22910,4.943555,association:22086
13013,23355,3.955767,association:84029G
13013,23356,3.849878,association:22835
13013,21485,3.495585,association:84029G
13013,84030E,3.138895,association:84029G
13014,22624,14.884496,association:22625
13014,22627,5.705714,association:22625
13014,20914,2.087456,association:22625
13014,22423,1.188691,association:22625
13023,21914,17.32675,association:22489
13023,22560,11.987316,association:22491
13023,23243,11.88923,association:22720
13023,23196,10.698214,association:23198
13023,22561,6.210517,association:22489
13023,22966,5.705714,association:23198
13023,22621,5.130598,association:22617
13023,23293,5.034454,association:23198
13023,21889,4.825165,association:22489
13023,47591D,4.783064,association:22367
13026,84879,6.66213,association:22178
13026,84755,3.354357,association:71459
13026,85123A,2.561009,association:22178
13026,22423,1.373709,association:22178
13026,22457,1.090364,association:22178
13026,84946,0.965814,association:22178
13026,21755,0.847837,association:71459
13026,82482,0.583981,association:22178
13027,22417,17.998365,association:84991
13027,21870,5.124712,association:84992
13027,21232,4.521035,association:21212
13027,84987,3.745848,association:84991
13027,47559B,3.057886,association:84991
13027,21210,2.808577,association:84992
13027,22951,2.758789,association:21977
13027,21989,2.276727,association:21213
13027,20725,2.220488,association:21212
13027,20972,2.135296,association:84992
13032,22595,6.640948,association:22602
13032,22470,4.447064,association:22602
13047,22606,18.262677,association:22607
13047,85014B,14.125,association:85014A
13047,21755,8.967119,association:22605
13047,21891,7.577048,association:22607
13047,15056P,6.708713,association:15056N
13047,48184,6.559642,association:48187
13047,22961,6.472427,association:22960
13047,21912,6.352202,association:22605
13047,22470,5.865945,association:21754
13047,21899,5.1981,association:22605
13049,22114,6.359045,association:22112
13049,22111,3.984087,association:22112
13049,84029G,3.919533,association:22112
13049,22835,3.541416,association:22112
13049,22469,3.390939,association:22457
13049,22470,3.130746,association:22112
13049,22666,3.097528,association:22457
13049,85123A,2.947016,association:22178
13049,84879,2.721978,association:21314
13049,23355,2.425977,association:22112
13050,22089,18.448961,association:22087
13050,82482,13.846587,association:22766
13050,22584,12.772358,association:22585
13050,82486,10.462971,association:82483
13050,22993,9.593062,association:22720
13050,22666,8.880035,association:22961
13050,85123A,7.527867,association:22720
13050,22457,6.842578,association:22720
13050,22989,6.341195,association:22722
13050,22465,6.277778,association:22464
13067,23322,27.163461,association:23321
13067,23200,16.682806,association:23199
13067,23332,9.416667,association:23321
13067,23103,6.277778,association:23321
13067,85099F,6.158193,association:85099B
13067,23206,5.36233,association:23199
13067,23202,5.36233,association:23199
13067,23209,5.180799,association:23321
13067,47566,4.968046,association:47566B
13067,23207,4.887549,association:23199
13069,21672,20.507396,association:21673
13069,22772,17.438286,association:21673
13069,21670,16.142857,association:21673
13069,21668,15.694457,association:21673
13069,21671,14.267688,association:21673
13069,21669,12.555556,association:21673
13069,47589,7.232,association:47590B
13069,23204,4.017778,association:23298
13069,22606,3.287273,association:47590B
13069,47566B,3.017336,association:23298
13078,22680,144.64,association:22679
13078,22677,100.444495,association:22676
13078,22683,100.444495,association:22676
13078,23013,94.880483,association:23012
13078,84596B,33.154514,association:84596F
13078,21166,18.405702,association:82582
13078,84596G,15.890625,association:84596F
13078,21175,15.24328,association:84596F
13078,22027,12.964321,association:22037
13078,22029,11.537021,association:22037
13089,22374,44.140625,association:22375
13089,21668,33.358734,association:21669
13089,21673,24.7763,association:21669
13089,22433,22.6,association:22431
13089,21671,22.280395,association:21669
13089,22192,19.06875,association:22193
13089,21670,16.940031,association:21672
13089,85174,12.226531,association:22207
13089,22772,12.10294,association:21669
13089,22191,10.814453,association:22193
13093,22045,50.222247,association:22046
13093,22716,40.923011,association:22027
13093,22712,19.881412,association:22027
13093,21509,18.753442,association:22027
13093,85099B,17.878303,association:48138
13093,22384,17.703708,association:21929
13093,22714,16.228583,association:22027
13093,21508,14.116875,association:22027
13093,20727,13.832603,association:22382
13093,22502,13.341191,association:22501
13094,84947,2.0895,association:84946
13094,22178,1.560159,association:84946
13094,82482,1.119581,association:84946
13094,22464,0.891518,association:84946
13094,71459,0.764158,association:84946
13094,22077,0.764158,association:84946
13094,22457,0.711319,association:84946
13094,22423,0.668638,association:84946
13094,21790,0.509439,association:84946
13094,22470,0.509439,association:84946
13097,22193,31.154453,association:22191
13097,22029,23.499667,association:21509
13097,22027,20.105702,association:21509
13097,22089,18.448961,association:22087
13097,21977,14.745832,association:21901
13097,22712,14.299384,association:21509
13097,82580,14.294209,association:21901
13097,21212,11.10857,association:21509
13097,85014A,10.59375,association:85014B
13097,22605,10.38616,association:21621
13102,23156,49.197316,association:23158
13102,23000,19.922845,association:22996
13102,22720,12.586234,association:22993
13102,22900,9.195159,association:22616
13102,21877,5.085,association:21871
13102,22961,4.686336,association:22993
13102,21166,4.427299,association:22616
13102,21733,4.100453,association:85123A
13102,21071,4.017778,association:21871
13102,22979,3.857067,association:22993
13133,21154,10.462971,association:21035
13133,21411,8.025568,association:22508
13133,84692,5.286544,association:21035
13133,22457,2.704787,association:22508
13133,20914,2.449862,association:21035
13133,21733,2.153201,association:22508
13133,85123A,1.948276,association:22508
13133,82482,1.716183,association:85066
13133,22469,1.202128,association:22508
13133,85099B,1.154533,association:21035
13144,85123A,1.415694,association:82482
13144,21175,0.807683,association:82494L
13144,22178,0.570399,association:82482
13144,85099B,0.455194,association:82482
13149,21671,72.411304,association:21669
13149,21673,57.446354,association:21669
13149,22772,20.302478,association:21669
13149,22771,9.077205,association:21669
13149,21915,5.141341,association:22488
13149,85123A,2.978768,association:22441
13149,22966,2.976129,association:21669
13149,21166,2.73318,association:22173
13149,82581,2.625996,association:21669
13149,22326,2.593506,association:21715
13165,22470,5.154415,association:22469
13165,22457,1.253825,association:22469
13165,85123A,0.691465,association:22469
13165,20725,0.379581,association:22469
13171,21528,65.889239,association:21534
13171,22840,35.3125,association:22841
13171,21539,17.142508,association:21533
13171,22666,16.900676,association:22457
13171,21361,14.349192,association:21363
13171,21754,12.90249,association:22470
13171,20716,12.555543,association:20717
13171,22605,11.3,association:21781
13171,21531,9.642667,association:21533
13171,85123A,8.777515,association:22720
13192,22272,17.089511,association:22271
13192,22295,14.056376,association:22294
13192,21915,12.317499,association:21891
13192,22274,10.516622,association:22271
13192,22617,10.000688,association:22149
13192,22273,9.920429,association:22271
13192,22356,9.508308,association:21381
13192,21754,9.281267,association:22149
13192,20972,9.072182,association:21892
13192,22147,8.916088,association:22271
13198,22208,39.236111,association:22211
13198,23077,39.236111,association:23076
13198,20963,37.666666,association:20961
13198,20679,31.586557,association:15056BL
13198,22142,29.585455,association:22144
13198,84997D,27.84293,association:22273
13198,21933,25.033846,association:21932
13198,22569,23.453281,association:20969
13198,15056N,23.179913,association:15056BL
13198,20724,22.353896,association:20725
13199,22457,4.392835,association:84946
13199,84755,3.89026,association:21326
13199,84978,3.044181,association:84947
13199,22178,2.905397,association:84947
13199,85123A,1.441032,association:84946
13199,82482,1.119581,association:84946
13199,22464,0.891518,association:84946
13199,71459,0.764158,association:84946
13199,22077,0.764158,association:84946
13199,22423,0.668638,association:84946
13201,22295,14.056376,association:22294
13201,21166,13.434372,association:85152
13201,21169,13.426308,association:85152
13201,20728,12.794068,association:21900
13201,82552,10.768095,association:85152
13201,21175,10.421716,association:21901
13201,23182,10.016606,association:21900
13201,20727,9.98074,association:22382
13201,21212,8.632842,association:20725
13201,22383,8.402277,association:84755
13208,21990,42.169128,association:21993
13208,23201,14.759194,association:21993
13208,22910,4.943555,association:22086
13208,21523,3.138889,association:21955
13208,21172,2.973684,association:21955
13208,21621,2.017857,association:21955
13208,48194,1.948276,association:21955
13208,23319,1.903077,association:22086
13208,22952,1.051621,association:22086
13208,22083,0.951539,association:22086
13209,22563,30.683154,association:22560
13209,21715,28.160219,association:21716
13209,22562,22.871858,association:22560
13209,20972,18.898723,association:22271
13209,22749,12.140631,association:22273
13209,48187,11.3,association:85065
13209,22569,9.564409,association:22560
13209,22489,9.306251,association:21791
13209,22149,9.083087,association:22560
13209,22147,8.788043,association:22560
13225,85152,21.327127,association:82600
13225,21174,11.324076,association:21181
13225,85150,10.21247,association:21175
13225,21908,7.647905,association:21175
13225,21169,7.63891,association:82600
13225,82583,6.716318,association:21181
13225,21907,6.046977,association:21175
13225,21165,5.625401,association:21181
13225,22998,4.979401,association:21175
13225,21903,4.254547,association:82600
13230,21124,27.139109,association:22087
13230,20723,23.886253,association:22384
13230,20727,23.423167,association:22411
13230,20719,21.408105,association:22411
13230,22383,20.518224,association:22356
13230,22386,18.561352,association:22381
13230,21934,18.334471,association:22379
13230,21122,18.025969,association:22087
13230,85099F,17.239567,association:22356
13230,22382,13.739906,association:22411
13238,23343,14.125,association:23344
13238,21929,11.512603,association:22386
13238,23505,9.416667,association:23344
13238,20713,8.8983,association:22411
13238,23199,8.27246,association:85099F
13238,23200,8.078187,association:23203
13238,22385,7.866243,association:23203
13238,20712,7.827963,association:85099F
13238,23581,7.0625,association:23344
13238,23208,6.199126,association:23203
13239,22501,10.482379,association:22502
13239,37449,5.908491,association:37503
13239,22139,3.940116,association:20914
13239,22846,3.306057,association:21843
13239,21527,2.571378,association:21843
13239,22748,2.127059,association:22617
13239,20725,1.819645,association:22617
13239,21238,1.780185,association:21843
13239,22469,1.570124,association:22502
13239,22149,1.462229,association:21843
13246,22208,72.034322,association:22210
13246,20961,50.222247,association:20963
13246,22632,36.982376,association:22633
13246,22865,35.670353,association:22909
13246,23503,29.51839,association:23504
13246,23382,25.509674,association:23343
13246,22170,19.840858,association:22169
13246,22867,16.790552,association:22633
13246,22384,12.577302,association:21930
13246,22952,12.44825,association:22866
13258,22470,5.154415,association:22469
13258,22487,3.343603,association:22464
13258,84970S,2.746531,association:22464
13258,22457,2.55176,association:85123A
13258,82483,2.092597,association:22464
13258,84970L,1.19577,association:22464
13258,21733,1.107683,association:85123A
13258,84946,0.965814,association:22464
13258,20725,0.379581,association:22469
13258,22423,0.348766,association:22464
13259,84997D,25.610834,association:84997B
13259,21181,20.259669,association:82600
13259,21166,19.820164,association:85150
13259,84997A,19.387441,association:84997C
13259,21531,19.285334,association:21539
13259,22494,18.08,association:21260
13259,21174,13.114662,association:85150
13259,82581,8.981121,association:82600
13259,20677,8.599522,association:84997B
13259,21535,8.57127,association:21539
13263,22521,74.710751,association:22520
13263,22523,53.12766,association:22520
13263,22522,45.760357,association:22520
13263,22524,37.355334,association:22520
13263,82578,35.766675,association:21164
13263,21123,33.070917,association:21121
13263,23005,31.129445,association:22998
13263,23301,26.572623,association:21900
13263,82600,25.093037,association:21175
13263,22525,23.907414,association:22520
13265,21672,46.795278,association:22771
13265,22774,44.64193,association:22772
13265,21671,43.944446,association:22771
13265,21669,40.611782,association:22771
13265,21175,38.518483,association:22920
13265,22775,35.713545,association:22772
13265,21668,23.074041,association:21670
13265,23245,12.184965,association:22720
13265,48194,10.598621,association:48187
13265,85065,4.52,association:48187
13267,22865,25.250628,association:22867
13267,22697,24.540717,association:22699
13267,22632,23.423854,association:22867
13267,22698,22.537398,association:22699
13267,22633,19.715937,association:22867
13267,22726,18.698111,association:22730
13267,23084,17.925481,association:22941
13267,22729,17.142508,association:22730
13267,22728,16.272,association:22730
13267,22727,16.20503,association:22730
13269,22962,115.712,association:22963
13269,22813,34.876571,association:22812
13269,22433,22.6,association:22431
13269,23369,17.117143,association:22900
13269,22966,15.066667,association:23308
13269,23505,14.264285,association:22900
13269,23203,12.18146,association:23201
13269,21231,10.625724,association:22649
13269,22086,10.59093,association:22629
13269,23200,9.162987,association:23201
13276,37450,5.004842,association:37449
13276,22055,4.549856,association:37449
13276,37448,4.170701,association:37449
13276,37503,4.170701,association:37449
13276,22942,3.566071,association:23084
13276,23382,3.056633,association:23084
13276,21232,2.395935,association:37449
13276,23344,2.0895,association:23084
13276,22748,1.966589,association:23084
13276,23100,1.94513,association:23084
13300,22176,6.428453,association:22179
13300,21035,3.338868,association:84692
13300,22692,3.188709,association:21523
13300,21790,3.096764,association:21791
13300,22620,2.976683,association:21791
13300,22690,2.976129,association:21523
13300,21955,2.790121,association:21523
13300,85123A,2.714116,association:21523
13300,85099B,2.698729,association:84692
13300,22549,2.442982,association:21791
13305,23265,144.64,association:23264
13305,23266,45.2,association:23263
13305,22086,14.749767,association:20971
13305,23343,14.125,association:23344
13305,22866,12.555556,association:22865
13305,22632,11.894737,association:22865
13305,21980,10.503984,association:21985
13305,22227,9.608847,association:85061W
13305,23505,9.416667,association:23344
13305,22149,8.889366,association:22865
13308,23503,32.252604,association:23301
13308,23300,22.617595,association:23301
13308,21892,18.349151,association:21889
13308,22569,16.594909,association:22749
13308,21980,10.503984,association:21985
13308,82486,10.462971,association:82483
13308,22570,9.979479,association:22568
13308,82494L,9.967242,association:82483
13308,22940,9.531428,association:21889
13308,23302,8.788564,association:23301
13313,22645,18.230667,association:22646
13313,22644,14.081539,association:22646
13313,22384,13.532772,association:22646
13313,22382,7.6224,association:84755
13313,21498,7.473551,association:21499
13313,20726,6.538337,association:21156
13313,23209,6.394507,association:20728
13313,21232,6.283727,association:20728
13313,22356,6.011289,association:85099B
13313,21931,5.34243,association:20725
13318,22942,14.280159,association:23084
13318,21914,11.216191,association:23084
13318,22629,7.139018,association:21731
13318,22418,6.612114,association:22492
13318,21790,5.942885,association:22549
13318,20749,5.064079,association:20750
13318,22139,4.97508,association:20750
13318,21481,4.823442,association:21731
13318,POST,4.615184,association:21791
13318,22382,3.537866,association:22492
13319,23206,33.071615,association:20727
13319,22662,22.334402,association:20727
13319,22382,19.822345,association:22423
13319,21531,19.285334,association:21539
13319,23200,18.585854,association:23203
13319,23199,16.951123,association:23209
13319,22720,12.776545,association:23298
13319,20728,12.629486,association:85099B
13319,20725,12.250309,association:22423
13319,22383,11.293142,association:23298
13320,23234,35.713545,association:23247
13320,23294,31.973074,association:23319
13320,22356,30.174635,association:23209
13320,20727,29.81966,association:22112
13320,23318,29.44194,association:23293
13320,23296,25.337036,association:23293
13320,22662,24.577139,association:22384
13320,20728,24.323492,association:22326
13320,23206,23.418405,association:23208
13320,20725,22.151862,association:20719
13340,22989,6.341195,association:22722
13340,22720,4.058357,association:22722
13340,22961,1.785677,association:22722
13340,22993,1.785677,association:22722
13340,22666,1.785677,association:22722
13340,21977,1.39506,association:22722
13340,21755,1.312998,association:22722
13340,82494L,1.014589,association:22722
13340,85123A,0.60132,association:22722
13352,21500,43.944419,association:21499
13352,23076,34.876571,association:23077
13352,22646,26.016491,association:21231
13352,21232,13.321947,association:22645
13352,22644,11.126154,association:22645
13352,47559B,6.975306,association:21231
13352,22690,4.919723,association:22692
13352,21495,4.68545,association:21498
13352,21523,4.099769,association:22692
13352,22055,4.058357,association:21231
13372,22593,19.53087,association:22595
13372,21974,15.535995,association:21984
13372,22594,12.555543,association:22595
13372,22429,9.438737,association:22427
13372,22430,8.013284,association:22427
13372,85123A,7.011884,association:22720
13372,22457,6.442805,association:22720
13372,22469,5.706952,association:22666
13372,22961,5.544495,association:22666
13372,22776,5.357044,association:22766
13373,20970,31.958023,association:20967
13373,21241,31.876312,association:21240
13373,84997A,31.440774,association:84997C
13373,15056P,26.517546,association:15056BL
13373,20675,22.036738,association:21238
13373,21242,17.506169,association:21238
13373,20677,15.731665,association:84997B
13373,20676,14.655462,association:21240
13373,20972,13.440176,association:22147
13373,15056N,13.252939,association:15056BL
13375,22739,44.504615,association:22737
13375,23300,39.981353,association:23302
13375,22736,32.285714,association:22737
13375,22738,32.285714,association:22737
13375,84029G,17.59115,association:22835
13375,22111,15.289203,association:22835
13375,22652,14.125,association:22654
13375,21985,11.121871,association:21980
13375,23356,10.97757,association:22114
13375,20727,10.963699,association:22114
13408,22746,86.584536,association:22748
13408,22747,83.450888,association:22748
13408,22420,35.713545,association:22421
13408,22713,25.509674,association:22421
13408,84077,22.838067,association:21914
13408,22557,11.609209,association:21914
13408,20981,11.268681,association:20983
13408,22553,10.191441,association:22748
13408,22356,10.038662,association:22419
13408,22551,9.463481,association:22748
13410,22630,14.835674,association:22631
13410,22659,10.176194,association:22629
13410,22352,5.041034,association:22629
13410,22662,2.568182,association:22629
13410,22326,2.524977,association:22631
13410,21559,2.003321,association:22631
13410,21731,1.890728,association:22629
13410,22385,1.821201,association:22631
13410,22382,1.801658,association:22629
13410,POST,1.412198,association:22629
13411,23322,27.163461,association:23321
13411,21035,8.370362,association:21154
13411,23103,6.277778,association:23321
13411,21232,6.27731,association:21733
13411,47566,4.968046,association:47566B
13411,85099B,4.766045,association:21733
13411,22645,4.65021,association:47559B
13411,22188,4.61224,association:22189
13411,22064,4.464193,association:47559B
13411,21216,4.285635,association:21154
13414,15056P,20.642664,association:15056N
13414,15056BL,18.613425,association:15056N
13414,84032B,3.574887,association:20679
13414,22966,3.336561,association:20679
13414,84596F,3.128026,association:20679
13414,84596B,2.780468,association:20679
13414,21232,2.547044,association:15056N
13414,37448,2.402205,association:15056N
13414,21231,2.172244,association:20679
13414,22139,2.097142,association:10135
13416,22192,19.06875,association:22193
13416,22111,16.647554,association:84029E
13416,23356,13.56599,association:22114
13416,22191,10.814453,association:22193
13416,21485,8.892549,association:84029E
13416,23503,6.26039,association:23355
13416,22086,5.998077,association:22112
13416,23301,3.919541,association:23355
13416,21479,3.831009,association:84029E
13416,23300,3.682583,association:23355
13418,22677,100.444495,association:22676
13418,22683,100.444495,association:22676
13418,22679,80.355596,association:22676
13418,22994,59.036779,association:22999
13418,21507,51.767402,association:22027
13418,22998,47.320643,association:22993
13418,84032B,44.753828,association:23084
13418,21531,36.427866,association:21533
13418,21509,24.121748,association:22027
13418,21832,22.6,association:22422
13427,82482,6.838838,association:22178
13427,22694,6.708713,association:22158
13427,22470,4.874703,association:84978
13427,85123A,3.257574,association:22178
13427,22457,2.942871,association:22178
13427,21326,2.29879,association:84755
13427,84947,1.67955,association:84978
13427,84970S,1.067295,association:84755
13427,84946,0.965814,association:22178
13427,21755,0.847837,association:71459
13444,22583,19.103954,association:22582
13444,20723,8.071428,association:22661
13444,22906,7.780519,association:22582
13444,22556,6.583516,association:22584
13444,22663,6.149654,association:22661
13444,22355,5.72554,association:22661
13444,22662,5.24119,association:22661
13444,20724,5.004194,association:22411
13444,22632,4.504511,association:22582
13444,22557,4.457589,association:22582
13450,22524,118.268879,association:22523
13450,22525,88.548959,association:22520
13450,22568,28.286234,association:22560
13450,21914,15.599381,association:22560
13450,22530,13.281897,association:22534
13450,22489,12.134016,association:21915
13450,21889,11.376924,association:22560
13450,85227,10.326495,association:22569
13450,21791,9.98795,association:22560
13450,22605,8.417512,association:21892
13455,21535,35.356469,association:21539
13455,37447,35.012049,association:37448
13455,15056BL,31.324493,association:15056N
13455,20679,25.875217,association:15056N
13455,21232,24.273141,association:15056N
13455,22055,22.280395,association:37448
13455,21509,17.089496,association:21508
13455,21231,16.720046,association:22059
13455,37449,14.416726,association:37448
13455,21507,12.555556,association:21508
13458,23294,56.627652,association:23293
13458,23296,52.232926,association:23293
13458,22534,40.684239,association:22530
13458,22578,28.484064,association:22595
13458,22593,27.602298,association:22577
13458,23323,21.396428,association:23322
13458,22579,20.700175,association:22595
13458,22594,19.618043,association:22577
13458,20970,19.562452,association:22749
13458,22560,18.981564,association:21889
13468,23395,57.653084,association:23396
13468,23393,49.197316,association:23396
13468,22465,6.277778,association:22464
13468,37450,5.004842,association:37449
13468,22055,4.549856,association:37449
13468,37448,4.170701,association:37449
13468,37503,4.170701,association:37449
13468,22487,3.343603,association:22464
13468,84970S,2.746531,association:22464
13468,21232,2.395935,association:37449
13475,21669,59.416715,association:22771
13475,21673,50.803994,association:21671
13475,21670,43.6548,association:21672
13475,22772,32.253836,association:21672
13475,22644,25.207693,association:22645
13475,84596G,24.609768,association:84596B
13475,21231,18.065273,association:84596F
13475,47559B,14.663186,association:21232
13475,20716,12.555543,association:20717
13475,84991,10.647374,association:84596B
13476,22772,30.071326,association:21669
13476,22699,27.011632,association:23171
13476,21672,18.600804,association:22771
13476,21671,18.262608,association:22771
13476,22697,13.824082,association:23170
13476,21668,13.671609,association:21669
13476,22059,13.149091,association:22061
13476,21670,9.765435,association:21669
13476,21673,8.370362,association:21669
13476,21977,7.385892,association:85014B
13491,22847,19.678926,association:22846
13491,21217,5.844048,association:21216
13491,21154,4.285635,association:21216
13491,21527,2.571378,association:21843
13491,20725,2.096232,association:21216
13491,21238,1.780185,association:21843
13491,22384,1.567915,association:21216
13491,21232,1.367756,association:21216
13491,21212,1.168809,association:21216
13491,21210,0.857126,association:21843
13500,22593,69.977298,association:22595
13500,22579,24.603812,association:22595
13500,22632,23.423632,association:22952
13500,22865,22.789546,association:22952
13500,22577,22.678467,association:22595
13500,22578,16.43073,association:22595
13500,23439,11.237992,association:22866
13500,23321,11.160483,association:23103
13500,84029G,10.259834,association:22835
13500,23356,8.796979,association:22111
13506,21915,18.569553,association:21790
13506,21891,16.463295,association:21892
13506,22111,14.885264,association:22112
13506,16161P,12.754837,association:16156S
13506,20971,12.333081,association:21892
13506,22367,12.135325,association:47591D
13506,84029G,9.902496,association:22114
13506,21889,9.76603,association:21790
13506,22749,8.820867,association:20972
13506,21791,8.778517,association:21790
13510,22203,144.64,association:22199
13510,48194,12.839598,association:20685
13510,85174,12.226531,association:22207
13510,22634,8.35798,association:21888
13510,21977,7.491686,association:84991
13510,21912,7.132143,association:21888
13510,22417,6.835391,association:84991
13510,48111,6.583516,association:48129
13510,21871,6.35625,association:21877
13510,21212,6.207918,association:47591D
13515,20682,17.438286,association:20681
13515,21166,8.609799,association:21907
13515,84380,7.763814,association:20681
13515,85152,7.606184,association:82600
13515,21977,7.254563,association:84991
13515,21980,7.031592,association:84032A
13515,22469,7.021857,association:22457
13515,21479,6.640948,association:84032A
13515,48111,6.583516,association:48129
13515,21175,6.403088,association:82600
13521,22604,57.396854,association:22643
13521,21715,50.866673,association:21718
13521,23102,44.64193,association:23101
13521,23318,40.831199,association:23293
13521,22421,40.675873,association:22419
13521,84032A,33.962887,association:84032B
13521,22941,28.211627,association:23084
13521,23319,23.386267,association:23293
13521,21260,22.6,association:22494
13521,15056P,20.642664,association:15056N
13534,85099F,18.732541,association:22411
13534,21929,14.274723,association:22386
13534,21930,9.98176,association:22386
13534,22356,7.600314,association:85099C
13534,22385,7.460746,association:20712
13534,22384,6.744053,association:22386
13534,20724,6.037372,association:21931
13534,20725,5.692619,association:85099C
13534,22383,5.295918,association:22386
13534,20728,4.962922,association:85099C
13542,22062,49.197316,association:37447
13542,37450,29.51839,association:37447
13542,37448,24.598658,association:37447
13542,21232,10.31908,association:85099C
13542,21928,8.316087,association:85099B
13542,21231,8.199552,association:37447
13542,85099F,7.541215,association:85099B
13542,84991,7.466071,association:48129
13542,21931,6.65346,association:85099B
13542,20712,4.547159,association:22386
13571,23295,83.788497,association:23293
13571,22579,47.33317,association:22577
13571,23318,40.831199,association:23293
13571,23319,25.289345,association:22086
13571,21166,22.960751,association:82582
13571,20723,21.824035,association:20719
13571,22144,20.507396,association:22141
13571,82583,19.456701,association:21181
13571,22593,18.036163,association:22577
13571,21908,15.48121,association:21175
13573,22197,8.035559,association:84596E
13577,23382,25.509674,association:23343
13577,22356,15.757833,association:85099B
13577,23207,14.125,association:23205
13577,20719,10.561105,association:22411
13577,23505,9.416667,association:23344
13577,23209,8.692308,association:23205
13577,22493,8.370362,association:22621
13577,20723,7.837166,association:20718
13577,20750,5.952258,association:21584
13577,23284,4.708333,association:23344
13588,22818,36.525271,association:22816
13588,22029,35.547913,association:22028
13588,21509,35.225293,association:22024
13588,22745,34.408314,association:22748
13588,22027,33.780425,association:21508
13588,21507,32.173611,association:21508
13588,23101,29.884323,association:23100
13588,22746,29.114727,association:22748
13588,22747,28.436601,association:22748
13588,23504,20.662857,association:23503
13589,22712,14.942134,association:21078
13589,48187,11.3,association:85065
13589,22112,8.695275,association:22111
13589,84520B,7.808607,association:21621
13589,21485,7.796617,association:84029G
13589,84970S,7.321016,association:84970L
13589,84596B,6.640948,association:21078
13589,82494L,6.40032,association:82482
13589,85123A,6.375014,association:85099B
13589,84029E,6.053571,association:84029G
13599,22728,69.605337,association:22727
13599,22375,44.140625,association:22374
13599,22729,31.060102,association:22727
13599,22409,29.884268,association:22398
13599,23319,25.364779,association:23318
13599,23356,22.706454,association:23535
13599,22556,20.871453,association:22557
13599,23000,19.922845,association:22996
13599,23294,17.856772,association:23318
13599,23296,17.856772,association:23318
13625,21672,20.507396,association:21673
13625,22772,17.438286,association:21673
13625,21670,16.142857,association:21673
13625,21668,15.694457,association:21673
13625,21671,14.267688,association:21673
13625,21669,12.555556,association:21673
13625,48194,10.598621,association:48187
13625,85123A,10.231676,association:21754
13625,22178,7.652189,association:21755
13625,20685,4.922322,association:48187
13628,85049G,80.355596,association:85049F
13628,85049C,52.314794,association:85049F
13628,21559,33.208169,association:21561
13628,21533,17.142508,association:21539
13628,22077,14.349214,association:85049F
13628,22352,14.056376,association:21561
13628,48194,12.546896,association:21955
13628,21755,10.580226,association:21756
13628,21509,9.920429,association:22023
13628,21531,9.642667,association:21539
13629,22386,5.244285,association:85099B
13629,85099C,3.86,association:85099B
13629,21931,2.843182,association:85099B
13629,21929,2.716987,association:85099B
13629,21928,2.625443,association:85099B
13629,22411,2.26878,association:85099F
13629,20713,1.821201,association:85099F
13629,23199,1.804469,association:85099F
13629,20724,1.47561,association:85099B
13629,22385,1.394363,association:85099F
13630,23356,4.346154,association:22113
13630,22111,3.73897,association:22113
13630,22835,3.323529,association:22113
13630,22457,1.090364,association:22178
13630,84946,0.965814,association:22178
13630,82482,0.583981,association:22178
13630,84879,0.537675,association:22178
13630,22423,0.348766,association:22178
13630,85123A,0.216476,association:22178
13634,22268,96.426666,association:22266
13634,22645,31.068524,association:22644
13634,85123A,17.552695,association:85099B
13634,21232,12.675119,association:21733
13634,85099C,10.931388,association:85099B
13634,21931,10.899293,association:21928
13634,85099F,8.529509,association:22411
13634,21929,8.162565,association:22386
13634,22384,7.68804,association:22386
13634,20727,7.319258,association:22411
13662,22634,45.765,association:22635
13662,22728,37.412882,association:22726
13662,22745,34.408314,association:22748
13662,22737,34.234341,association:22739
13662,22727,29.484508,association:22729
13662,22746,29.114727,association:22748
13662,22747,28.436601,association:22748
13662,22730,27.929886,association:22726
13662,22736,27.509694,association:22739
13662,22735,21.396428,association:22739
13663,23049,56.5,association:23051
13663,23171,50.429764,association:23170
13663,23172,38.4227,association:23170
13663,23173,14.942134,association:23170
13663,22699,9.830351,association:23170
13663,23344,6.277771,association:23284
13663,22697,5.976854,association:23170
13663,21733,2.449862,association:72741
13672,22147,5.195927,association:22149
13672,21937,4.708333,association:21936
13672,85099B,4.058908,association:21936
13672,22150,3.773266,association:22149
13672,20971,3.463598,association:22149
13672,21080,3.026786,association:21936
13672,20972,2.80165,association:22149
13672,20725,2.507699,association:21936
13672,22271,2.259767,association:22149
13672,48138,1.977635,association:21524
13680,84997B,50.747273,association:84997D
13680,21533,13.928302,association:21535
13680,21539,13.928302,association:21535
13680,21166,10.855917,association:82600
13680,21930,8.046014,association:84997C
13680,21175,8.023611,association:82600
13680,21216,7.969138,association:21217
13680,85150,6.788999,association:82600
13680,21174,6.20339,association:82600
13680,21181,5.345935,association:82600
13694,22174,20.545455,association:84596G
13694,21232,10.422151,association:84596F
13694,82567,10.114193,association:84596B
13694,21231,9.78481,association:84596F
13694,21932,6.742796,association:84596B
13694,22966,6.742796,association:84596B
13694,20679,5.949525,association:84596B
13694,47559B,5.618996,association:84596B
13694,22064,4.464193,association:84596B
13694,22720,4.289218,association:84596F
13695,22697,1.494213,association:84945
13695,71459,1.067295,association:84945
13695,22457,0.635836,association:84945
13695,22383,0.563854,association:84945
13695,85099B,0.343497,association:84945
13695,85123A,0.257623,association:84945
13700,22632,31.866154,association:22834
13700,23302,15.938339,association:23300
13700,22633,14.604901,association:22909
13700,23182,13.946046,association:23300
13700,22952,13.839019,association:22865
13700,23439,11.237992,association:22866
13700,23503,8.994605,association:23301
13700,22867,7.91,association:22865
13700,23356,6.934573,association:23355
13700,22086,6.868392,association:23301
13704,22271,9.920429,association:22273
13704,22846,9.183503,association:22847
13704,22909,7.429315,association:22952
13704,22272,5.580241,association:22273
13704,22274,5.365626,association:22273
13704,22950,4.776001,association:22952
13704,22734,4.680477,association:22952
13704,22960,3.863244,association:22847
13704,22666,3.619024,association:22457
13704,22726,2.472482,association:22847
13707,21716,23.827885,association:21715
13707,21892,22.588854,association:21914
13707,20974,15.835647,association:20975
13707,21889,12.87201,association:22492
13707,22111,8.238205,association:22112
13707,47590B,7.784854,association:22605
13707,22835,7.710451,association:22112
13707,22560,7.626922,association:22492
13707,22139,6.672322,association:22607
13707,22418,6.612114,association:22492
13720,22674,49.197316,association:22672
13720,84279B,44.64193,association:84279P
13720,22659,15.941502,association:22629
13720,22429,9.438737,association:22427
13720,22430,8.013284,association:22427
13720,23198,6.790865,association:23243
13720,22989,5.136364,association:23243
13720,22352,5.041034,association:22629
13720,22424,4.471707,association:22427
13720,22662,4.455012,association:22630
13722,23209,29.262055,association:23202
13722,23200,27.103052,association:23206
13722,23207,25.29032,association:23199
13722,23203,19.11715,association:23206
13722,20727,10.690321,association:23202
13722,23201,9.239739,association:23206
13722,22662,6.84058,association:23199
13722,85099F,6.838617,association:23206
13722,85099B,6.283043,association:23199
13722,22382,6.274231,association:23199
13733,20717,28.25,association:20716
13733,22644,25.207693,association:22645
13733,85061W,11.210326,association:22227
13733,22064,10.290106,association:21231
13733,84991,10.056464,association:21231
13733,22840,10.044434,association:22776
13733,20723,8.071428,association:20716
13733,22694,6.708713,association:22158
13733,22766,6.69629,association:22776
13733,22055,6.439364,association:21232
13760,22303,56.5,association:22302
13760,21212,12.529791,association:22553
13760,22027,10.98154,association:21506
13760,84991,10.377519,association:84692
13760,84992,9.326335,association:21213
13760,22030,8.199538,association:21506
13760,22029,7.379585,association:21506
13760,22960,6.731323,association:22961
13760,22417,6.514591,association:21213
13760,22557,5.393689,association:22553
13769,20974,34.284641,association:20975
13769,85152,26.700176,association:82600
13769,21166,21.294207,association:21174
13769,21181,16.916996,association:82600
13769,82552,9.978437,association:82600
13769,82581,8.656408,association:21174
13769,21165,8.284178,association:21175
13769,82582,7.844108,association:21175
13769,84029G,7.440322,association:21730
13769,21908,7.242559,association:21175
13777,22645,19.976738,association:21232
13777,22644,14.081539,association:22646
13777,20972,10.638526,association:22147
13777,22149,10.291914,association:20971
13777,20728,9.21944,association:21232
13777,21231,9.089595,association:22646
13777,22356,8.337042,association:20971
13777,15056P,6.708713,association:15056N
13777,22384,6.438234,association:21232
13777,20727,5.840909,association:21232
13797,22029,41.468219,association:21509
13797,22952,40.387669,association:22086
13797,22816,29.884323,association:22818
13797,22712,29.298082,association:22027
13797,21507,28.056226,association:22027
13797,21506,16.415346,association:22027
13797,20681,9.809028,association:20682
13797,20684,9.809028,association:20682
13797,22617,7.277023,association:22634
13797,21912,7.132143,association:21888
13798,85152,10.406315,association:82583
13798,21169,9.131304,association:82583
13798,82551,8.852515,association:85150
13798,21232,8.289159,association:20728
13798,21181,8.180207,association:82583
13798,21166,7.890862,association:82583
13798,82581,7.226042,association:82583
13798,85099C,6.744374,association:85099B
13798,21175,6.738514,association:85150
13798,82600,6.290035,association:82583
13799,85014A,10.59375,association:85014B
13799,82567,5.65,association:85014B
13799,15056P,5.136364,association:85014B
13799,15056N,2.017857,association:85014B
13799,21977,1.765625,association:85014B
13799,21212,1.605114,association:85014B
13799,20725,0.81884,association:85014B
13810,21671,66.133537,association:21669
13810,21670,43.414316,association:21672
13810,22772,29.541225,association:21669
13810,84380,14.042826,association:20682
13810,22086,11.927209,association:23298
13810,22942,10.714088,association:22941
13810,20681,9.809028,association:20682
13810,20684,9.809028,association:20682
13810,22179,9.642667,association:22176
13810,85231B,9.509524,association:84375
13824,22207,22.706454,association:85174
13824,21866,14.464,association:21867
13824,85099B,9.045556,association:22090
13824,22384,7.899287,association:85099F
13824,20754,7.232,association:21867
13824,22386,6.907385,association:22383
13824,20728,6.882234,association:22138
13824,20725,5.992736,association:22617
13824,22411,5.479183,association:22383
13824,85099C,5.151184,association:85099F
13831,82483,8.370362,association:82486
13831,82482,4.052098,association:85066
13831,22469,1.367756,association:82486
13831,21733,1.107683,association:85123A
13831,22457,0.463125,association:85123A
13846,21988,73.956889,association:22332
13846,21679,43.956517,association:21989
13846,22563,22.706454,association:22562
13846,22437,20.742649,association:22553
13846,22331,15.694457,association:22333
13846,22564,15.094604,association:22562
13846,22557,12.847881,association:22556
13846,21213,12.458309,association:22553
13846,22328,11.894737,association:22327
13846,22554,10.286744,association:22556
13854,23175,56.51832,association:23171
13854,23173,34.560205,association:23170
13854,23163,16.740724,association:23171
13854,22699,15.116895,association:23171
13854,21361,14.349192,association:21363
13854,22697,13.824082,association:23170
13854,22698,6.277771,association:23171
13854,82482,6.254858,association:82494L
13854,23245,4.783064,association:23171
13854,21166,3.720161,association:21363
13862,22594,70.208628,association:22595
13862,22579,30.893257,association:22595
13862,22578,29.498768,association:22595
13862,22577,28.083451,association:22595
13862,22699,23.313684,association:22697
13862,22698,20.34,association:22697
13862,23301,12.961078,association:23100
13862,22910,8.14912,association:22197
13862,22734,7.869187,association:22909
13862,22557,5.270417,association:22952
13871,21993,42.169128,association:21990
13871,22071,24.106667,association:22070
13871,22131,18.677667,association:22195
13871,84997C,15.782642,association:84997B
13871,20972,13.52569,association:22150
13871,21755,13.305666,association:21175
13871,84997A,12.607441,association:84997B
13871,22147,11.573988,association:20971
13871,84997D,9.338834,association:84997B
13871,82494L,7.84709,association:84946
13873,22666,17.856797,association:22722
13873,22989,6.341195,association:22722
13873,71459,4.269181,association:84755
13873,22720,4.058357,association:22722
13873,21326,2.29879,association:84755
13873,22961,1.785677,association:22722
13873,22993,1.785677,association:22722
13873,22178,1.600943,association:84755
13873,85123A,1.397448,association:22423
13873,21977,1.39506,association:22722
13874,21934,16.405938,association:21935
13874,84970L,5.49077,association:84970S
13874,22356,5.468646,association:21935
13874,20719,3.909189,association:21935
13874,82494L,3.566922,association:84406B
13874,22355,3.463598,association:21935
13874,22379,2.571381,association:21935
13874,22464,2.354167,association:84970S
13874,20723,2.295876,association:21935
13874,21790,2.037755,association:15036
13880,23076,34.876571,association:23077
13880,22960,6.731323,association:22961
13880,22470,5.154415,association:22469
13880,22993,4.686336,association:22961
13880,22457,2.382052,association:22961
13880,85123A,2.297875,association:84945
13880,22720,2.103854,association:22961
13880,22697,1.494213,association:84945
13880,22722,1.285689,association:22961
13880,84596B,1.285689,association:22961
13881,22737,46.122468,association:22738
13881,22736,42.169128,association:22738
13881,22739,22.706454,association:22738
13881,22086,12.488775,association:22952
13881,22149,5.659899,association:22150
13881,22866,5.063865,association:22952
13881,22950,4.776001,association:22952
13881,22147,4.427299,association:22150
13881,22595,3.668798,association:22952
13881,22865,3.301918,association:22952
13936,20752,4.52,association:20754
13936,20751,4.035714,association:20754
13936,21867,3.616,association:20754
13936,22961,3.423429,association:22969
13936,20914,1.98439,association:20754
13936,22352,1.721905,association:20754
13936,22558,1.506667,association:20754
13936,85123A,1.049532,association:20754
13936,21080,0.860952,association:20754
13936,22197,0.7232,association:20754
13940,22646,24.307545,association:22645
13940,22644,11.126154,association:22645
13940,23356,6.934573,association:23355
13940,23503,6.26039,association:23355
13940,47559B,5.580241,association:22645
13940,21232,5.471013,association:22645
13940,21231,5.468646,association:22645
13940,22910,4.943555,association:22086
13940,22112,3.95818,association:23355
13940,23301,3.919541,association:23355
13941,22207,22.706454,association:85174
13941,22138,5.676613,association:85174
13941,21137,2.127059,association:79321
13957,22365,7.142725,association:22366
13957,84949,7.109162,association:22219
13957,21871,6.35625,association:21877
13957,22227,4.170701,association:22219
13957,84970L,3.859512,association:84836
13957,21733,3.854243,association:85123A
13957,22296,3.574887,association:22219
13957,21755,3.312028,association:22219
13957,84879,3.281863,association:22219
13957,21908,3.138889,association:21877
13969,23294,56.627652,association:23293
13969,23296,52.232926,association:23293
13969,23209,16.28256,association:23293
13969,23343,14.125,association:23344
13969,22381,12.886109,association:22379
13969,22624,11.179896,association:22627
13969,23319,10.237177,association:23293
13969,22380,9.723022,association:22379
13969,23204,9.711902,association:23298
13969,23505,9.416667,association:23344
13982,21361,14.349192,association:21363
13982,82494L,9.967242,association:21363
13982,21086,5.963301,association:21080
13982,21094,5.49077,association:21080
13982,21495,4.68545,association:21498
13982,21166,3.720161,association:21363
13982,21733,3.557545,association:85123A
13982,22487,3.343603,association:22464
13982,21507,2.847062,association:21498
13982,21509,2.847062,association:21498
13984,22809,28.737827,association:22810
13984,22582,9.195159,association:22906
13984,22418,6.612114,association:22492
13984,22560,5.501116,association:22492
13984,22197,5.242135,association:22198
13984,84032A,4.058357,association:21479
13984,22554,3.719705,association:22561
13984,22551,2.996608,association:22492
13984,21889,2.947145,association:22492
13984,22114,2.790126,association:21479
13993,48194,9.888367,association:20685
13993,21524,5.256984,association:48138
13993,85152,4.785389,association:21181
13993,21166,3.720161,association:21181
13993,21175,3.230732,association:21181
13993,85150,3.125152,association:21181
13993,21908,2.951533,association:21181
13993,48187,2.825,association:48184
13993,21169,2.716752,association:21181
13993,21903,2.711721,association:21181
13996,22582,26.334108,association:22584
13996,22585,13.754847,association:22584
13996,21891,9.398301,association:22444
13996,21977,3.608437,association:22083
13996,22556,3.291758,association:22584
13996,22952,3.224698,association:22086
13996,22197,2.492279,association:22086
13996,22332,2.490356,association:22083
13996,21733,2.105817,association:22457
13996,23319,1.903077,association:22086
13999,21238,27.58527,association:21240
13999,20675,15.453222,association:21239
13999,21241,14.759169,association:21240
13999,84997C,7.969078,association:21240
13999,20676,7.969078,association:21240
13999,22654,7.0625,association:22652
13999,22386,6.447834,association:22411
13999,84029G,5.898714,association:22111
13999,22114,5.817615,association:21485
13999,22112,5.801566,association:21485
14020,23012,94.880483,association:23013
14020,23247,64.284445,association:23234
14020,22579,30.691352,association:22578
14020,22577,27.343218,association:22578
14020,22865,26.471409,association:22632
14020,22633,14.849108,association:22866
14020,23439,11.916204,association:22866
14020,22593,9.964735,association:22578
14020,84029G,9.416666,association:84030E
14020,21817,7.440322,association:22578
14024,22841,28.25,association:22840
14024,22776,14.331845,association:22624
14024,22625,8.412969,association:22624
14024,21035,8.370362,association:21154
14024,22627,7.29124,association:22624
14024,22720,5.869538,association:82484
14024,21217,5.844048,association:21216
14024,22910,4.943555,association:22086
14024,22690,4.919723,association:22692
14024,21523,4.099769,association:22692
14025,84949,4.658829,association:84970L
14025,22692,4.591752,association:22690
14025,22464,3.720756,association:84970L
14025,21523,3.571363,association:22690
14025,84836,3.435458,association:84970S
14025,21034,2.779932,association:22501
14025,85123A,2.671436,association:21621
14025,22219,1.929303,association:84970L
14025,22595,1.60147,association:84970S
14025,22457,1.58103,association:84970L
14027,84991,6.483788,association:21210
14027,84988,5.193015,association:84987
14027,22417,4.904514,association:84987
14027,22557,4.821333,association:22196
14027,21212,4.273959,association:84987
14027,21977,3.972656,association:84987
14027,82580,3.721118,association:21770
14027,21974,2.973684,association:84987
14027,47591D,2.690476,association:84987
14027,21181,1.712121,association:84987
14028,20725,9.960271,association:20727
14028,22384,7.795531,association:20727
14028,22383,6.026822,association:20726
14028,22382,5.408449,association:20727
14028,23209,4.302659,association:20728
14028,20719,4.016708,association:20727
14028,22355,3.780948,association:20728
14028,22662,3.696929,association:20726
14028,23207,3.071888,association:20726
14028,22356,2.634461,association:20727
14031,22112,9.020908,association:23355
14031,23356,6.934573,association:23355
14031,23503,6.26039,association:23355
14031,84029E,6.053571,association:84029G
14031,22114,4.764156,association:84029G
14031,22111,4.13267,association:23355
14031,23301,3.919541,association:23355
14031,22835,3.833975,association:84029G
14031,23300,3.682583,association:23355
14031,21485,3.495585,association:84029G
14032,23158,57.396854,association:23156
14032,22419,52.696592,association:84077
14032,22728,40.579545,association:22730
14032,22420,35.713545,association:22421
14032,22726,31.215034,association:22729
14032,22727,29.597629,association:22729
14032,21507,22.475985,association:21509
14032,21232,17.719627,association:22197
14032,23369,17.117143,association:22900
14032,21122,14.299548,association:21121
14040,23209,18.09004,association:20728
14040,22382,15.84702,association:22423
14040,20727,15.671019,association:23203
14040,22662,15.467445,association:20726
14040,23208,12.522283,association:23203
14040,22384,12.479841,association:22386
14040,21928,10.423048,association:23203
14040,21931,10.114408,association:20725
14040,23206,9.961488,association:23203
14040,23202,9.40723,association:85099F
14047,22635,28.603125,association:22634
14047,22712,19.618071,association:22028
14047,22027,16.252675,association:22037
14047,22029,8.71201,association:22037
14047,22024,8.370362,association:22028
14047,22327,7.512454,association:22328
14047,21888,6.790865,association:22634
14047,22326,6.14656,association:22328
14047,22636,4.708333,association:22634
14047,21507,4.099769,association:22037
14051,22365,7.142725,association:22366
14051,48111,6.583516,association:48129
14051,48138,4.56879,association:21523
14051,21071,4.017778,association:21871
14051,22692,3.188709,association:21523
14051,21908,3.138889,association:21877
14051,22690,2.976129,association:21523
14051,48194,2.951232,association:48129
14051,21955,2.790121,association:21523
14051,84991,2.785994,association:21877
14056,23053,257.38899,association:23051
14056,23054,156.944495,association:23051
14056,22524,118.268879,association:22523
14056,22525,88.548959,association:22520
14056,22994,82.944193,association:22998
14056,23049,56.5,association:23051
14056,23209,41.867832,association:22328
14056,22996,36.525271,association:23000
14056,22029,33.906423,association:22716
14056,23005,31.129445,association:22998
14057,22553,38.671163,association:84077
14057,22970,34.876571,association:22971
14057,22085,31.388914,association:22332
14057,21987,28.510769,association:22437
14057,21679,28.25,association:22332
14057,22569,27.817061,association:85227
14057,21988,22.280395,association:22332
14057,22568,21.20115,association:22693
14057,21224,20.662857,association:22437
14057,22551,18.50865,association:22748
14060,22029,52.706691,association:21506
14060,22952,19.42356,association:22734
14060,22030,8.199538,association:21506
14060,21755,6.647059,association:21754
14060,20971,6.41483,association:22940
14060,20972,6.367722,association:22149
14060,22028,6.149654,association:22027
14060,22144,5.705714,association:22940
14060,21507,5.580241,association:22027
14060,22751,5.349107,association:22940
14089,21987,90.4,association:22437
14089,21207,61.727668,association:22332
14089,21989,58.535313,association:21679
14089,16235,28.25,association:21679
14089,22563,22.706454,association:22562
14089,21988,22.280395,association:22332
14089,20975,16.825368,association:20974
14089,22553,16.610785,association:20974
14089,22564,15.094604,association:22562
14089,22435,11.126154,association:22437
14096,22841,83.020422,association:22843
14096,51014L,73.795974,association:51014A
14096,22593,58.517857,association:22577
14096,23171,58.476965,association:22699
14096,22578,47.084874,association:22573
14096,22029,45.313353,association:21509
14096,22358,44.64193,association:22357
14096,22142,43.853143,association:22141
14096,22698,42.877398,association:22697
14096,22027,42.343317,association:21509
14129,22564,41.408139,association:22569
14129,22210,25.509674,association:22208
14129,22560,19.192178,association:22147
14129,22418,11.883246,association:22562
14129,20971,8.299979,association:22570
14129,85227,6.682256,association:22569
14129,20972,6.607325,association:22147
14129,22271,4.739875,association:22149
14129,22557,4.614952,association:22492
14129,20969,4.442365,association:22570
14133,22970,34.876571,association:22971
14133,22557,9.383632,association:22629
14133,22630,9.111886,association:22629
14133,22554,6.386179,association:22551
14133,22631,5.622122,association:22629
14133,23356,4.346154,association:22113
14133,22111,3.73897,association:22113
14133,22556,3.592234,association:22551
14133,22553,3.592234,association:22551
14133,22835,3.323529,association:22113
14134,21714,82.651429,association:21713
14134,37448,41.252124,association:37449
14134,21166,28.084743,association:21174
14134,22568,27.071487,association:22570
14134,82582,22.333531,association:21175
14134,20967,22.111683,association:20970
14134,37447,20.662857,association:37450
14134,22059,20.545455,association:37450
14134,85150,14.519779,association:21175
14134,22381,12.886109,association:22379
14156,22675,76.870779,association:22672
14156,82578,29.75123,association:21164
14156,22865,26.471409,association:22632
14156,82582,25.578051,association:21181
14156,85152,23.773292,association:21164
14156,21673,23.251047,association:22772
14156,22720,22.708871,association:21977
14156,85150,20.487683,association:82580
14156,85123A,20.411586,association:22138
14156,22585,19.868112,association:22582
14159,22645,32.814596,association:21232
14159,21899,29.654481,association:21900
14159,21901,29.654481,association:21900
14159,21902,25.250215,association:21900
14159,20677,21.842228,association:20675
14159,20674,21.396428,association:20675
14159,20719,21.106578,association:22383
14159,84375,19.412582,association:22964
14159,20713,17.282586,association:22355
14159,20676,17.117171,association:20675
14178,22409,29.884268,association:22398
14178,23301,22.108696,association:23182
14178,22029,20.088899,association:22027
14178,23000,19.922845,association:22996
14178,23300,13.294118,association:23182
14178,21892,13.085419,association:22489
14178,22086,12.483256,association:22629
14178,22491,12.451778,association:22489
14178,21899,11.894737,association:23182
14178,21900,11.894737,association:23182
14180,21535,26.785199,association:21531
14180,22772,25.111111,association:22771
14180,21238,22.469331,association:21843
14180,20676,18.304142,association:21242
14180,20675,14.367437,association:21242
14180,21533,9.642667,association:21531
14180,21539,9.642667,association:21531
14180,21671,9.131304,association:22771
14180,22625,8.412969,association:22624
14180,82483,8.370362,association:82486
14192,85049G,23.907414,association:85049E
14192,21817,13.466988,association:22577
14192,85049C,9.961422,association:85049E
14192,22573,8.977992,association:22577
14192,22574,6.026667,association:22577
14192,21811,6.026667,association:22577
14192,22470,4.06893,association:22578
14192,22602,4.058357,association:22595
14192,22086,3.952268,association:22577
14192,23263,3.616,association:22577
14194,22736,74.454842,association:22737
14194,23526,73.795974,association:23535
14194,22739,67.211069,association:22738
14194,22409,29.884268,association:22398
14194,22536,25.111111,association:22535
14194,22910,12.915597,association:21485
14194,22952,9.743929,association:22086
14194,84029E,8.578651,association:22114
14194,21481,7.691587,association:22114
14194,21791,6.440575,association:22549
14195,22625,13.357932,association:22627
14195,22423,4.880765,association:22627
14195,22960,3.524103,association:22624
14195,22776,2.278512,association:22624
14195,22720,1.903077,association:22624
14195,22138,1.762051,association:22624
14195,22191,1.708884,association:22624
14195,82581,1.608362,association:22624
14195,82580,1.188789,association:22624
14195,22666,1.093686,association:22624
14209,22594,82.851369,association:22578
14209,22579,78.226427,association:22595
14209,22169,19.840858,association:22170
14209,21817,13.466988,association:22577
14209,22469,10.811621,association:22577
14209,22573,8.977992,association:22577
14209,21755,6.647059,association:21754
14209,22574,6.026667,association:22577
14209,21811,6.026667,association:22577
14209,22188,4.61224,association:22189
14210,22358,44.64193,association:22357
14210,21535,35.356469,association:21539
14210,84510A,35.3125,association:84509A
14210,85014A,10.59375,association:85014B
14210,21169,9.131304,association:82583
14210,82482,7.293042,association:82583
14210,21212,6.020609,association:21533
14210,82551,5.908491,association:82583
14210,82567,5.65,association:85014B
14210,15056P,5.136364,association:85014B
14211,23199,27.97493,association:23202
14211,22727,16.091908,association:22726
14211,23203,15.864912,association:22726
14211,22624,15.547042,association:22776
14211,22728,13.105337,association:22726
14211,22730,10.787379,association:22726
14211,82486,10.462971,association:82483
14211,22840,10.044434,association:22776
14211,23206,9.91389,association:23202
14211,85099F,9.624159,association:23202
14214,21507,48.541328,association:22714
14214,22027,24.818281,association:22028
14214,22029,19.781412,association:22028
14214,22712,19.618071,association:22028
14214,23200,18.611339,association:23203
14214,23202,13.696349,association:23199
14214,22024,8.370362,association:22028
14214,16156S,8.199538,association:16161P
14214,23207,7.147549,association:23203
14214,23206,7.084235,association:23203
14215,22774,144.64,association:22775
14215,22772,97.064994,association:21672
14215,21668,69.657057,association:21670
14215,21669,54.338695,association:21673
14215,21533,17.142508,association:21539
14215,22771,15.318466,association:21672
14215,22384,11.737163,association:21932
14215,20728,9.734999,association:22326
14215,21531,9.642667,association:21539
14215,22179,9.642667,association:22176
14217,22470,19.705042,association:22578
14217,21817,13.466988,association:22577
14217,22469,11.386255,association:22577
14217,22086,8.804652,association:22759
14217,22158,8.538362,association:22694
14217,21811,6.026667,association:22577
14217,84949,4.658829,association:84970L
14217,21485,4.301033,association:22111
14217,22602,4.058357,association:22595
14217,22464,3.720756,association:84970L
14233,22563,8.193965,association:22568
14233,85227,6.682256,association:22569
14233,21755,6.647059,association:21754
14233,22560,6.427739,association:22570
14233,21217,5.844048,association:21216
14233,84692,5.286544,association:21035
14233,22384,4.462369,association:21216
14233,20969,4.442365,association:22570
14233,22562,4.295736,association:22569
14233,85099B,4.138978,association:20914
14251,22809,28.737827,association:22810
14251,22720,10.482379,association:23158
14251,21733,2.449862,association:72741
14251,21889,2.228135,association:21790
14251,21791,2.138246,association:21790
14251,22138,1.686828,association:21790
14251,21915,1.653133,association:21790
14251,21914,1.537417,association:21790
14251,22561,0.930043,association:21790
14251,21731,0.59309,association:22139
14257,22593,50.446429,association:22594
14257,22566,39.236111,association:22587
14257,22595,29.438691,association:22952
14257,22565,28.25,association:22587
14257,22579,20.545455,association:22594
14257,22577,17.65625,association:22594
14257,22380,17.536269,association:22381
14257,22274,15.882248,association:22273
14257,22379,14.643314,association:22381
14257,22560,13.540166,association:21889
14260,22211,34.876571,association:22208
14260,22210,25.509674,association:22208
14260,84991,22.912518,association:22551
14260,21558,15.084596,association:22352
14260,21892,14.73033,association:21891
14260,21977,13.961237,association:22551
14260,21213,13.862767,association:21212
14260,22951,8.719143,association:22417
14260,22557,8.647954,association:22551
14260,21216,7.969138,association:21217
14262,23388,73.795974,association:23389
14262,22729,49.290769,association:22727
14262,22749,19.465876,association:22144
14262,22149,18.746895,association:22274
14262,22273,17.349744,association:22274
14262,22272,17.089511,association:22271
14262,22629,11.117882,association:21731
14262,21889,8.182847,association:21790
14262,20972,7.990856,association:22147
14262,82551,7.225158,association:22727
14282,20724,29.513529,association:21931
14282,21935,25.913623,association:22379
14282,20725,18.878426,association:20719
14282,20713,17.912738,association:22411
14282,23344,16.385,association:23203
14282,20727,15.802587,association:22411
14282,22386,15.197654,association:23203
14282,22384,15.054989,association:22379
14282,23206,15.008218,association:23203
14282,22355,14.508279,association:21931
14291,22716,52.314832,association:22045
14291,22635,28.603125,association:22634
14291,23209,22.657439,association:22382
14291,22535,22.320965,association:22536
14291,21327,18.900211,association:22554
14291,22333,18.833333,association:22331
14291,20728,17.835023,association:22326
14291,22557,17.485378,association:22629
14291,23206,16.449944,association:22630
14291,22534,16.23343,association:22530
14298,22111,12.992662,association:84029G
14298,22114,9.687095,association:21481
14298,84029E,7.476632,association:21485
14298,22112,7.231748,association:21485
14298,22751,6.277771,association:22834
14298,21175,6.108108,association:85184C
14298,22632,5.286544,association:22834
14298,22750,5.286544,association:22834
14298,22865,5.022217,association:22834
14298,22356,4.960215,association:22041
14305,85049F,122.584095,association:85049C
14305,22142,47.495545,association:22749
14305,22632,27.705737,association:22952
14305,22750,25.832334,association:22749
14305,23323,21.396428,association:23322
14305,20970,19.562452,association:22749
14305,22593,19.53087,association:22595
14305,22271,17.188499,association:22149
14305,22633,14.604901,association:22909
14305,85049D,14.349192,association:85049C
14307,22913,100.444495,association:22914
14307,22739,51.089491,association:22736
14307,22737,46.122468,association:22736
14307,22738,42.169128,association:22736
14307,20983,25.586889,association:20982
14307,22027,24.075432,association:22492
14307,22029,23.763543,association:22492
14307,21504,20.752964,association:21544
14307,22464,18.107339,association:84970L
14307,22422,18.08,association:21832
14309,22421,32.79821,association:22713
14309,84077,14.056376,association:22713
14309,23171,12.755535,association:22699
14309,22582,9.195159,association:22906
14309,23170,8.978537,association:22697
14309,22834,8.047202,association:22750
14309,22940,7.428186,association:22750
14309,22142,7.284804,association:22750
14309,20972,5.693035,association:22750
14309,22554,5.255109,association:22750
14316,21790,2.037755,association:15036
14316,22423,1.188691,association:15036
14321,22133,104.629588,association:22132
14321,22379,28.147509,association:22380
14321,21832,22.6,association:22422
14321,22027,21.093333,association:22029
14321,85061W,11.210326,association:22227
14321,22664,11.160483,association:22380
14321,21507,10.17,association:22029
14321,22025,7.232,association:22029
14321,22712,7.0625,association:22029
14321,22469,6.328692,association:21733
14327,22021,40.68,association:85206A
14327,21169,12.970861,association:82600
14327,21166,11.256854,association:82600
14327,21411,8.025568,association:22508
14327,82583,7.926637,association:82600
14327,22465,6.277778,association:22464
14327,85152,6.238431,association:82600
14327,85123A,5.694357,association:22507
14327,21175,5.146234,association:82600
14327,21181,4.32362,association:82600
14356,23173,97.221592,association:22699
14356,23174,73.795974,association:23175
14356,22535,22.320965,association:22536
14356,23163,16.740724,association:23171
14356,21974,15.535995,association:21984
14356,22423,7.895138,association:22698
14356,23245,4.783064,association:23171
14356,22630,4.740229,association:22697
14356,22663,3.338868,association:22699
14356,22629,3.086372,association:22697
14365,21500,43.944419,association:21499
14365,22557,30.252154,association:22617
14365,22489,22.233725,association:21889
14365,22372,15.890625,association:22371
14365,22147,15.026282,association:21914
14365,22554,14.29817,association:21889
14365,21507,12.767491,association:21498
14365,16161P,12.754837,association:16156S
14365,21915,12.748001,association:22748
14365,22138,12.721514,association:21914
14388,22753,88.133342,association:22754
14388,23156,49.197316,association:23158
14388,22813,34.876571,association:22812
14388,22841,28.25,association:22840
14388,21531,26.785199,association:21535
14388,85099F,23.740475,association:23209
14388,20712,22.034366,association:22386
14388,20727,20.659157,association:22411
14388,23238,19.840858,association:23240
14388,20725,19.229026,association:22423
14390,22577,77.689975,association:21811
14390,22376,50.446429,association:22372
14390,22371,31.78125,association:22372
14390,84997D,31.389535,association:21930
14390,22635,28.603125,association:22634
14390,84997C,28.3382,association:21930
14390,22593,27.041459,association:22578
14390,22646,24.307545,association:22645
14390,20967,22.111683,association:20970
14390,22594,20.522375,association:22578
14401,48129,6.583516,association:48111
14401,48194,4.611299,association:48111
14401,21166,3.338868,association:21165
14401,21175,3.316313,association:21165
14401,21174,2.981138,association:21165
14401,21907,2.861887,association:21165
14401,21181,2.731802,association:21165
14401,21903,2.671095,association:21165
14401,85152,2.651454,association:21165
14401,22558,2.608496,association:21165
14409,20674,12.304445,association:20676
14409,20677,12.053333,association:20676
14409,20675,11.126154,association:20676
14409,85014A,10.59375,association:85014B
14409,21242,10.067273,association:20676
14409,21928,9.651634,association:85099B
14409,21931,9.01865,association:20725
14409,82567,5.65,association:85014B
14409,20713,5.510845,association:22386
14409,20712,5.381879,association:85099F
14419,22736,59.795408,association:22739
14419,22730,46.160571,association:22727
14419,22738,44.512245,association:22739
14419,22564,38.922489,association:22562
14419,22729,32.148261,association:22727
14419,23101,29.884323,association:23100
14419,22271,29.490217,association:22749
14419,23293,28.832555,association:23198
14419,20979,26.785199,association:20978
14419,22556,21.387527,association:22749
14421,22582,26.334108,association:22584
14421,22585,13.754847,association:22584
14421,22457,6.924256,association:22456
14421,21989,6.341585,association:21086
14421,21988,5.698402,association:21086
14421,85099B,4.046372,association:22090
14421,21078,3.642402,association:84520B
14421,20725,3.538998,association:21086
14421,22356,3.487653,association:21080
14421,22355,3.463598,association:21381
14426,85049E,3.642402,association:84347
14426,22139,1.098314,association:84347
14426,85099B,0.460534,association:84347
14428,21713,59.036779,association:21714
14428,22841,28.25,association:22840
14428,22427,13.795091,association:22429
14428,22766,6.69629,association:22776
14428,22624,5.284551,association:22423
14428,21181,3.622336,association:85053
14428,84946,3.395433,association:84947
14428,22720,3.287273,association:22840
14428,22178,2.959436,association:84978
14428,22470,2.324445,association:84978
14439,20749,5.064079,association:20750
14439,37450,5.004842,association:37449
14439,22055,4.549856,association:37449
14439,37448,4.170701,association:37449
14439,21232,2.977683,association:20725
14439,22384,2.894454,association:20725
14439,20728,2.808732,association:20725
14439,21731,2.643272,association:20750
14439,22423,2.388641,association:20725
14439,48138,2.334219,association:20685
14448,85014B,14.125,association:85014A
14448,21212,2.853538,association:85014A
14448,84991,1.969497,association:85014A
14448,21733,1.107683,association:85123A
14448,22457,0.463125,association:85123A
14451,23256,76.870779,association:23254
14451,20675,44.504615,association:21244
14451,22382,41.025371,association:23298
14451,22384,34.085525,association:22630
14451,20724,29.747808,association:22383
14451,84596G,24.609768,association:84596B
14451,22563,22.706454,association:22562
14451,23208,21.996486,association:23206
14451,21181,18.692245,association:21174
14451,23199,18.292887,association:22662
14462,22524,118.268879,association:22523
14462,22525,88.548959,association:22520
14462,21282,49.197316,association:21283
14462,21900,32.996699,association:82580
14462,21899,29.984021,association:22605
14462,21902,25.250215,association:21901
14462,22607,19.796333,association:21901
14462,82581,19.702446,association:82580
14462,21915,14.69801,association:22488
14462,82578,13.145279,association:82580
14471,84997C,43.354642,association:84997A
14471,20970,31.958023,association:20967
14471,21930,8.484943,association:84997B
14471,22645,4.65021,association:47559B
14471,22064,4.464193,association:47559B
14471,22749,4.115831,association:20969
14471,20677,3.891189,association:84997B
14471,22556,3.863244,association:84997A
14471,21232,3.799313,association:47559B
14471,84029E,3.548867,association:84997B
14472,22211,34.876571,association:22208
14472,22295,27.342689,association:22297
14472,22578,24.608889,association:22577
14472,21181,23.955466,association:82600
14472,22579,16.641818,association:22577
14472,85123A,15.218659,association:22178
14472,85150,12.742656,association:21175
14472,82486,10.462971,association:82483
14472,21908,10.037525,association:21175
14472,82580,9.884266,association:85152
14484,22578,22.320998,association:21817
14484,22577,20.088899,association:21817
14489,21668,35.381582,association:21673
14489,21671,27.416779,association:21672
14489,21669,26.840979,association:21673
14489,22772,24.581011,association:21672
14489,21670,23.317453,association:21672
14489,22355,16.742749,association:20724
14489,20719,12.767196,association:22411
14489,85099C,12.043081,association:22356
14489,21431,10.016605,association:21429
14489,20728,8.798705,association:21928
14493,85049G,111.744509,association:85049C
14493,22045,62.77779,association:22716
14493,84279B,44.64193,association:84279P
14493,22028,38.59007,association:22029
14493,21123,33.070917,association:21121
14493,84997D,29.427733,association:84997B
14493,84997C,27.082642,association:84997A
14493,22085,23.907414,association:21207
14493,22089,23.058169,association:21122
14493,22557,22.340721,association:22418
14505,15056P,6.708713,association:15056N
14505,15056BL,5.013312,association:15056N
14505,20679,4.340932,association:15056N
14505,37448,2.402205,association:15056N
14505,21232,0.883197,association:15056N
14505,85123A,0.248504,association:15056N
14507,22427,30.450526,association:22430
14507,22081,17.117143,association:22082
14507,22295,14.056376,association:22296
14507,85099B,12.48018,association:82484
14507,22386,9.946713,association:21929
14507,85099C,9.240311,association:22411
14507,85099F,8.840467,association:22411
14507,22294,8.236155,association:22296
14507,22030,8.199538,association:21506
14507,22297,8.199538,association:22296
14527,22191,26.885554,association:22193
14527,22624,19.251641,association:22776
14527,22840,10.044434,association:22776
14527,22429,9.438737,association:22427
14527,22430,8.013284,association:22427
14527,21216,7.969138,association:21217
14527,22766,6.69629,association:22776
14527,22627,5.705714,association:22625
14527,22423,4.165171,association:22427
14527,21931,3.852273,association:21930
14534,23200,16.682806,association:23199
14534,22726,13.946318,association:22727
14534,22502,13.341191,association:22501
14534,22728,11.3,association:22727
14534,22429,9.438737,association:22427
14534,84992,9.1489,association:84991
14534,22720,9.131318,association:23309
14534,22725,8.136,association:22727
14534,22730,8.102526,association:22727
14534,22430,8.013284,association:22427
14543,22186,24.106667,association:22187
14543,21175,15.636757,association:21529
14543,22605,11.3,association:21781
14543,22139,3.964913,association:21781
14543,85123A,1.948276,association:21781
14547,21819,50.222247,association:21818
14547,23382,25.509674,association:23343
14547,23344,25.111124,association:23343
14547,85152,5.61285,association:21175
14547,21166,4.793546,association:21175
14547,85099B,4.73431,association:22386
14547,21174,4.528014,association:21175
14547,22111,4.254118,association:21810
14547,22694,2.98165,association:22470
14547,85099F,2.914211,association:22386
14562,21900,32.532602,association:23301
14562,21901,27.271394,association:82580
14562,21902,25.250215,association:21899
14562,22750,25.224485,association:20972
14562,22149,19.804086,association:20972
14562,23182,18.954349,association:21899
14562,22749,16.375917,association:20972
14562,23302,15.938339,association:23300
14562,82551,15.73597,association:82581
14562,85152,14.287152,association:21899
14563,20969,49.055294,association:20970
14563,20963,37.666666,association:20961
14563,22607,37.12985,association:21891
14563,22560,15.967701,association:21889
14563,47590A,14.464,association:47590B
14563,21915,12.317499,association:21891
14563,21790,11.710241,association:22558
14563,20981,11.268681,association:20983
14563,22617,11.192256,association:21889
14563,22569,10.558793,association:20970
14569,72800E,115.712,association:72799E
14573,21672,87.560249,association:21670
14573,22144,69.228016,association:22749
14573,22273,32.131212,association:22749
14573,22772,30.598039,association:21669
14573,22138,19.08126,association:20728
14573,22606,18.262677,association:22607
14573,22645,18.230667,association:22646
14573,20682,17.438286,association:20681
14573,21914,16.832379,association:20972
14573,22147,16.129284,association:20971
14577,22374,55.175781,association:22371
14577,85152,33.787688,association:82600
14577,82583,26.501848,association:21181
14577,21175,22.708642,association:82600
14577,20724,13.958535,association:21931
14577,22356,13.56639,association:22382
14577,20725,11.508468,association:21181
14577,82582,11.125403,association:21181
14577,20728,10.776433,association:21181
14577,22384,9.872725,association:21931
14606,51014L,73.795974,association:51014A
14606,22587,63.126571,association:22565
14606,22358,44.64193,association:22357
14606,84510A,35.3125,association:84509A
14606,15056P,33.226259,association:15056N
14606,21239,28.737827,association:21240
14606,22380,27.259292,association:22379
14606,21232,25.168663,association:20728
14606,37450,22.6,association:37448
14606,21935,22.050223,association:22379
14626,23174,130.295974,association:23173
14626,23171,66.781276,association:22699
14626,23172,42.169128,association:23175
14626,23170,29.523991,association:22697
14626,23505,9.416667,association:23344
14626,22630,8.327527,association:22697
14626,22386,7.705847,association:22385
14626,22661,7.174596,association:22663
14626,23581,7.0625,association:23344
14626,20713,6.688119,association:22385
14638,23293,115.052672,association:23318
14638,23319,38.51387,association:23294
14638,22170,19.840858,association:22169
14638,22952,10.731252,association:22909
14638,22910,8.868602,association:22909
14638,23344,6.277771,association:23284
14638,23298,4.781483,association:23295
14638,22086,3.881907,association:23318
14638,22866,3.875174,association:22909
14638,22734,3.188709,association:22909
14640,21528,65.889239,association:21534
14640,21713,59.036779,association:21714
14640,85049G,31.388914,association:85049C
14640,85049F,26.157428,association:85049C
14640,23171,12.755535,association:22699
14640,85049E,9.131304,association:85049C
14640,23170,8.978537,association:22697
14640,85123A,7.568912,association:22423
14640,22465,6.277778,association:22464
14640,23173,5.008303,association:22699
14646,22531,24.450809,association:22534
14646,22553,21.119368,association:21213
14646,21559,19.602033,association:22352
14646,22356,17.76658,association:22382
14646,20725,17.47402,association:20719
14646,20728,16.770174,association:22326
14646,21934,16.405938,association:21935
14646,20727,15.506372,association:22554
14646,22271,14.928732,association:22749
14646,22384,14.743563,association:84997D
14648,20686,44.64193,association:20684
14648,22070,40.177798,association:22071
14648,21531,26.785199,association:21535
14648,21242,17.506169,association:21238
14648,20682,17.438286,association:20684
14648,21241,17.117143,association:21238
14648,21239,14.812912,association:21238
14648,21240,13.754847,association:21238
14648,21561,11.622857,association:21559
14648,21980,10.503984,association:21985
14663,22081,17.117143,association:22082
14663,22381,12.886109,association:22379
14663,22380,10.911713,association:22411
14663,22469,6.71786,association:84836
14663,85152,4.785389,association:21181
14663,22555,4.754762,association:22082
14663,85099B,4.653127,association:22379
14663,21929,4.15676,association:22379
14663,21166,3.720161,association:21181
14663,85123A,3.410474,association:21034
14666,23322,27.163461,association:23321
14666,23332,9.416667,association:23321
14666,84970L,6.68654,association:22464
14666,23103,6.277778,association:23321
14666,85123A,5.963008,association:84945
14666,22457,3.262822,association:84945
14666,84978,2.891108,association:22487
14666,85049C,2.278512,association:22487
14666,23209,2.173077,association:23321
14666,82483,2.092597,association:22464
14667,22866,32.619757,association:22633
14667,23439,27.711083,association:22633
14667,84375,13.735979,association:85231B
14667,84029G,12.923244,association:22111
14667,22114,10.799003,association:84029E
14667,21485,7.33116,association:84029E
14667,22694,6.708713,association:22158
14667,22834,6.352202,association:22865
14667,22557,5.751992,association:22865
14667,22470,5.620603,association:22112
14672,22523,181.69655,association:22520
14672,22525,168.547414,association:22520
14672,22522,101.130357,association:22520
14672,85040B,37.666666,association:85040A
14672,22457,8.254069,association:84970S
14672,84991,6.775237,association:22851
14672,22804,6.291425,association:22851
14672,22646,5.976854,association:22851
14672,85123A,5.573833,association:22178
14672,84970L,5.49077,association:84970S
14680,22356,23.460874,association:85099C
14680,20724,18.268156,association:85099B
14680,21931,18.136823,association:22355
14680,21166,16.444447,association:21930
14680,22383,16.363252,association:20719
14680,85099F,14.997734,association:84997B
14680,20723,14.596174,association:20727
14680,22417,14.025709,association:84991
14680,21533,13.928302,association:21535
14680,21539,13.928302,association:21535
14682,71459,4.269181,association:84755
14682,21326,2.29879,association:84755
14682,22178,1.600943,association:84755
14682,84970S,1.067295,association:84755
14682,21231,0.830119,association:84755
14682,22382,0.609883,association:84755
14682,85123A,0.579652,association:84755
14682,22383,0.563854,association:84755
14682,20725,0.433105,association:84755
14682,22423,0.415059,association:84755
14688,23498,144.64,association:23552
14688,23497,115.712,association:23552
14688,21902,75.750644,association:21901
14688,23300,35.911712,association:23182
14688,20983,25.586889,association:20982
14688,22489,18.262635,association:22491
14688,22422,18.08,association:21832
14688,22380,17.536269,association:22381
14688,22192,15.066667,association:22191
14688,22379,14.643314,association:22381
14693,82581,19.702446,association:82580
14693,21361,14.349192,association:21363
14693,82578,13.145279,association:82580
14693,82552,11.872936,association:82580
14693,23182,10.016606,association:21900
14693,22457,9.012167,association:82580
14693,21212,7.998433,association:21172
14693,22607,7.51246,association:21901
14693,21166,7.482619,association:21172
14693,22605,7.136837,association:21900
14697,22501,10.482379,association:22502
14697,22617,5.393689,association:22138
14697,22469,1.570124,association:22502
14697,21156,1.126128,association:22138
14697,22423,0.797067,association:21034
14697,21731,0.59309,association:22139
14697,20728,0.510941,association:22138
14697,85123A,0.454198,association:22138
14713,22266,80.355596,association:22268
14713,20724,25.823197,association:21931
14713,20719,19.356246,association:22383
14713,85099C,18.893753,association:22356
14713,20723,18.541745,association:20727
14713,22645,18.230667,association:22646
14713,22382,16.266565,association:21929
14713,22386,15.2191,association:22383
14713,22644,14.081539,association:22646
14713,85099F,12.92664,association:22356
14729,21121,62.72422,association:21124
14729,22639,57.396854,association:22643
14729,21865,55.37,association:21867
14729,22755,43.32783,association:22754
14729,22813,34.876571,association:22812
14729,22753,32.763342,association:22754
14729,22584,26.334108,association:22582
14729,22089,23.058169,association:21122
14729,22865,20.289877,association:21985
14729,22866,20.064201,association:22633
14733,22470,6.075769,association:84978
14733,47590B,3.745718,association:47566
14733,23298,3.128031,association:47566
14733,22457,3.106332,association:22469
14733,22332,2.490356,association:22083
14733,85123A,2.454431,association:47566
14733,48138,2.334219,association:20685
14733,48194,2.095263,association:20685
14733,22086,1.989581,association:22083
14733,22087,1.919486,association:22090
14735,23202,9.352896,association:22726
14735,85099C,8.151682,association:23203
14735,82551,7.225158,association:22727
14735,22386,6.696696,association:23203
14735,21914,6.59526,association:22726
14735,85099F,5.681474,association:21928
14735,22411,5.191967,association:23203
14735,22617,4.821333,association:22665
14735,22197,4.287863,association:22667
14735,21929,3.648452,association:85099B
14739,22728,24.405337,association:22727
14739,22735,21.396428,association:22739
14739,22730,18.889905,association:22727
14739,22725,14.688668,association:22726
14739,22729,13.917594,association:22727
14739,22557,7.67419,association:22739
14739,22748,6.963757,association:84077
14739,22421,5.694124,association:84077
14739,22713,4.68545,association:84077
14739,22352,4.07551,association:22739
14745,22501,10.482379,association:22502
14745,22469,1.570124,association:22502
14755,21899,29.654481,association:21900
14755,21901,29.654481,association:21900
14755,21668,26.89589,association:21671
14755,21670,26.148775,association:21671
14755,21902,25.250215,association:21900
14755,22772,25.111111,association:22771
14755,21672,24.626883,association:22771
14755,21669,20.522402,association:22771
14755,22716,18.833333,association:22711
14755,21673,15.564723,association:21671
14764,22643,49.197316,association:22639
14764,22457,4.023447,association:21314
14764,21915,2.380511,association:22488
14764,22666,2.049885,association:21314
14764,22720,1.164707,association:21314
14764,84978,1.130971,association:21314
14764,22423,1.024942,association:21314
14764,47566,1.004845,association:21314
14764,20724,0.840978,association:21314
14764,22178,0.780908,association:21314
14768,22617,5.393689,association:22138
14768,21484,4.982367,association:21481
14768,22941,2.976129,association:21481
14768,21731,2.643272,association:21481
14768,21755,1.890721,association:22619
14768,22114,1.785677,association:21481
14768,21914,1.653405,association:21481
14768,21621,1.594355,association:21481
14768,22139,1.319685,association:22138
14768,21156,1.126128,association:22138
14776,22564,38.922489,association:22562
14776,84991,22.498826,association:21213
14776,21212,15.392948,association:20972
14776,21977,11.914611,association:21213
14776,20971,10.607274,association:20972
14776,22560,9.56628,association:22563
14776,22569,9.022762,association:22562
14776,22951,8.719143,association:22417
14776,22568,7.686057,association:22562
14776,22570,7.589598,association:22562
14790,20728,7.878851,association:20719
14790,22384,6.510305,association:20719
14790,20725,5.362826,association:20719
14790,22605,5.217547,association:20983
14790,20724,5.024254,association:22383
14790,22355,4.781951,association:20727
14790,23209,4.612105,association:22383
14790,22356,4.22359,association:20727
14790,22382,4.157882,association:20727
14790,20723,3.820731,association:20727
14796,23266,45.2,association:23263
14796,23318,40.831199,association:23293
14796,22593,35.112888,association:22577
14796,23264,28.928,association:23263
14796,22594,27.584875,association:22578
14796,23319,23.386267,association:23293
14796,21987,23.30789,association:21989
14796,20727,23.13373,association:21232
14796,37449,21.448318,association:37448
14796,82582,21.223536,association:21175
14798,22332,42.375,association:21679
14798,22437,29.51839,association:21224
14798,16235,28.25,association:21679
14798,21987,17.384615,association:21679
14798,21989,11.894737,association:21679
14798,21232,6.280508,association:51014A
14798,85123A,1.246968,association:22178
14798,22457,1.090364,association:22178
14798,84946,0.965814,association:22178
14798,82482,0.583981,association:22178
14800,22409,29.884268,association:22398
14800,22750,25.832334,association:22749
14800,22272,22.669752,association:22273
14800,22553,22.518531,association:22748
14800,22551,18.50865,association:22748
14800,22751,15.595672,association:22150
14800,22617,15.267392,association:22149
14800,22629,13.908659,association:21731
14800,22557,13.428688,association:22748
14800,20972,12.46194,association:22749
14805,85152,14.853311,association:21908
14805,22059,13.149091,association:22061
14805,85123A,12.559347,association:21908
14805,21181,9.958006,association:21166
14805,82582,9.826087,association:21908
14805,21175,9.283658,association:21908
14805,22692,7.780461,association:21523
14805,22694,6.708713,association:22158
14805,22465,6.277778,association:22464
14805,82581,5.926734,association:21166
14818,21746,28.25,association:21749
14818,84879,6.124455,association:21136
14818,21915,6.118279,association:21790
14818,21914,4.638728,association:21790
14818,84991,4.042352,association:21889
14818,21892,3.618821,association:21889
14818,22561,3.20856,association:21790
14818,21791,3.081078,association:21889
14818,22178,2.408047,association:21889
14818,22551,2.197141,association:21889
14823,23144,82.651429,association:23145
14823,82581,19.702446,association:82580
14823,22624,18.672302,association:22960
14823,22469,16.872203,association:22666
14823,23206,13.286313,association:23204
14823,82578,13.145279,association:82580
14823,23298,12.01636,association:22960
14823,22508,11.673542,association:21411
14823,22720,11.575772,association:22960
14823,22840,10.044434,association:22776
14825,23343,14.125,association:23344
14825,22297,13.893662,association:22295
14825,22573,13.281897,association:22694
14825,22470,11.384499,association:22694
14825,22664,11.160483,association:22380
14825,23321,11.160483,association:23103
14825,23505,9.416667,association:23344
14825,22411,9.02714,association:22386
14825,22158,8.538362,association:22694
14825,85099B,8.256708,association:22380
14849,21122,60.531171,association:21121
14849,22089,14.858631,association:21124
14849,21212,11.828559,association:84380
14849,22417,10.88682,association:84991
14849,21123,10.009683,association:21121
14849,22720,9.423749,association:84380
14849,21213,9.268908,association:84692
14849,21977,9.170971,association:84380
14849,22667,8.035556,association:22665
14849,85099B,6.916549,association:22077
14852,21679,43.956517,association:21989
14852,22437,30.556713,association:21987
14852,21086,12.169395,association:21989
14852,21094,9.985073,association:21989
14852,21509,9.920429,association:21504
14852,22553,8.426204,association:21213
14852,22326,6.14656,association:22328
14852,22382,5.042735,association:22328
14852,20727,4.83326,association:21989
14852,22383,4.662147,association:21213
14854,21902,75.750644,association:21901
14854,20676,42.107697,association:21238
14854,20677,28.974371,association:21238
14854,21240,23.306824,association:20675
14854,21239,21.396429,association:20675
14854,20674,21.396428,association:20675
14854,21241,17.117143,association:21238
14854,21244,17.117143,association:20675
14854,20981,11.268681,association:20983
14854,23182,10.016606,association:21900
14871,22358,44.64193,association:22357
14871,22553,18.553512,association:22551
14871,22555,10.38955,association:22551
14871,20681,9.809028,association:20682
14871,21212,8.120683,association:22556
14871,22430,8.013284,association:22427
14871,21977,7.679558,association:21889
14871,22654,7.0625,association:22652
14871,21915,6.808486,association:22554
14871,21755,6.647059,association:21754
14887,23202,13.281516,association:85099F
14887,22356,10.76643,association:85099F
14887,22386,8.938202,association:23203
14887,21928,7.711048,association:23203
14887,20723,7.682332,association:85099F
14887,23199,7.255058,association:85099F
14887,21931,6.820403,association:23203
14887,23209,5.855139,association:23203
14887,22411,5.302083,association:23203
14887,21993,5.165714,association:23201
14893,22816,29.884323,association:22818
14893,23206,16.998125,association:23203
14893,21165,15.127371,association:82582
14893,82581,15.035665,association:21166
14893,23201,14.430049,association:23203
14893,85150,14.413205,association:21175
14893,23207,13.42532,association:23203
14893,23209,13.031427,association:23202
14893,22386,11.895591,association:23203
14893,82580,11.264389,association:85152
14895,21175,33.15238,association:82582
14895,82580,32.946912,association:85152
14895,21166,31.842721,association:82582
14895,22728,24.307545,association:22729
14895,21908,23.89851,association:21174
14895,85150,20.897389,association:82582
14895,82600,17.220343,association:82583
14895,22730,17.142508,association:22729
14895,22413,14.925364,association:82583
14895,21907,14.491803,association:82582
14898,85040B,37.666666,association:85040A
14898,22294,9.370901,association:22295
14898,22296,9.370901,association:22295
14898,22297,5.694124,association:22295
14898,22457,3.227478,association:22295
14898,22469,3.227478,association:22295
14898,23298,3.128031,association:47566
14898,85123A,2.338334,association:47566
14898,47566B,1.656019,association:47566
14898,47590B,1.112189,association:47566
14911,72799E,115.712,association:72800E
14911,21989,65.522565,association:21207
14911,22027,49.127433,association:21507
14911,22332,48.023499,association:21988
14911,22085,41.024557,association:21987
14911,22729,32.148261,association:22727
14911,22730,31.093905,association:22727
14911,15056N,30.329686,association:15056BL
14911,22725,29.152668,association:22726
14911,22560,26.842139,association:22147
14916,22209,34.876571,association:22208
14916,22210,25.509674,association:22208
14916,22625,13.357932,association:22627
14916,23243,13.33563,association:22993
14916,23206,13.286313,association:23204
14916,22491,12.451778,association:22489
14916,23298,12.01636,association:22960
14916,23196,10.698214,association:23198
14916,22356,9.376432,association:22993
14916,47566,9.049736,association:22961
14920,21933,25.033846,association:21932
14920,82552,23.744582,association:82582
14920,85152,18.33032,association:21901
14920,22606,18.262677,association:22607
14920,21908,14.015656,association:21164
14920,21212,13.267317,association:22607
14920,85123A,13.085401,association:85099B
14920,82580,13.01464,association:84970L
14920,21232,11.640179,association:22558
14920,21175,11.632352,association:21164
14922,21500,43.944419,association:21499
14922,22569,32.184228,association:22568
14922,22607,17.687574,association:21891
14922,22219,12.642882,association:21755
14922,22149,11.16693,association:22617
14922,22606,10.067273,association:22605
14922,22429,9.438737,association:22427
14922,84970L,8.894127,association:84949
14922,22620,8.662226,association:21892
14922,21754,8.602079,association:21755
14944,23145,59.036779,association:23144
14944,22593,19.53087,association:22595
14944,22192,19.06875,association:22193
14944,22594,12.555543,association:22595
14944,21975,11.994355,association:21212
14944,22191,10.814453,association:22193
14944,21411,8.025568,association:22508
14944,22417,7.511119,association:84991
14944,21977,7.221739,association:84992
14944,84970L,6.967024,association:84836
14952,20971,17.776282,association:22150
14952,22081,17.117143,association:22082
14952,22271,7.878764,association:22149
14952,22272,4.904506,association:20972
14952,22555,4.754762,association:22082
14952,22751,4.48784,association:20972
14952,22940,3.52801,association:22149
14952,22077,3.056633,association:22082
14952,22749,2.894496,association:20972
14952,22274,2.29879,association:22150
14955,22087,28.698427,association:22089
14955,21124,21.462506,association:22089
14955,20723,21.328315,association:20727
14955,47590A,14.464,association:47590B
14955,22384,14.124716,association:21479
14955,84375,13.735979,association:85231B
14955,20719,12.8749,association:20727
14955,21122,12.754837,association:22089
14955,20978,10.714088,association:20979
14955,22383,9.754527,association:84755
14971,22900,44.504615,association:23369
14971,22553,39.22043,association:22748
14971,23343,32.79821,association:23382
14971,22417,31.10183,association:84991
14971,22142,29.585455,association:22144
14971,22750,29.558186,association:22554
14971,22534,24.450809,association:22531
14971,21212,20.167788,association:22557
14971,22749,19.5638,association:22554
14971,22147,19.453581,association:21914
14984,22577,7.232,association:23263
14984,22865,7.232,association:23263
14984,48187,4.759844,association:48194
14984,22464,3.488975,association:22487
14984,85123A,3.262957,association:48194
14984,21524,2.568182,association:48184
14984,48138,2.452141,association:48194
14984,85049C,2.278512,association:22487
14984,84978,2.085866,association:22487
14984,48111,2.067139,association:48194
14989,84991,12.977824,association:21212
14989,22951,11.477932,association:21977
14989,84992,9.610468,association:21977
14989,21213,9.033286,association:21977
14989,84987,8.850051,association:21977
14989,21975,7.772525,association:21212
14989,21984,5.723775,association:21974
14989,22197,5.242135,association:22198
14989,22557,3.97013,association:21977
14989,21210,3.247235,association:21212
14997,22593,19.53087,association:22595
14997,22594,12.555543,association:22595
14997,22470,6.815204,association:22595
14997,21231,6.013484,association:21232
14997,22577,5.022217,association:22595
14997,22602,4.058357,association:22595
14997,22579,4.058357,association:22595
14997,22578,3.875174,association:22595
14997,22064,3.314797,association:21232
14997,84970S,2.491184,association:22595
15005,84596F,61.25192,association:84596B
15005,22059,47.799622,association:22649
15005,20728,45.841521,association:85099C
15005,85099B,45.419454,association:21559
15005,20677,33.895561,association:20676
15005,20674,33.700873,association:20676
15005,20723,30.378982,association:23209
15005,85123A,29.335904,association:23209
15005,22381,24.983796,association:20724
15005,23202,24.288137,association:23209
15032,22386,15.842178,association:21929
15032,22411,13.802791,association:85099F
15032,20713,8.855597,association:85099F
15032,20712,8.585628,association:85099F
15032,22620,4.944964,association:21704
15032,20725,4.446756,association:85099C
15032,20724,4.283867,association:21931
15032,22356,4.091392,association:85099F
15032,22383,3.949323,association:85099F
15032,21930,3.693168,association:21929
15033,20982,20.200172,association:20983
15033,23209,19.656888,association:22384
15033,23207,18.58071,association:22382
15033,20728,16.738068,association:22629
15033,20727,14.826812,association:22382
15033,22631,9.506113,association:22630
15033,20724,9.347109,association:22383
15033,23204,9.014598,association:22662
15033,22659,7.928199,association:22629
15033,20726,7.689808,association:22629
15039,22332,48.287376,association:21988
15039,21207,26.66647,association:21989
15039,22085,25.130427,association:21989
15039,21224,20.662857,association:22437
15039,22089,18.448961,association:22087
15039,21679,15.706517,association:21989
15039,22327,12.310204,association:21213
15039,21086,12.169395,association:21989
15039,22435,11.126154,association:22437
15039,21094,9.985073,association:21989
15051,22027,26.584103,association:21506
15051,22219,10.986863,association:84949
15051,21507,10.17,association:22029
15051,84970L,8.894127,association:84949
15051,22030,8.199538,association:21506
15051,22712,7.0625,association:22029
15051,22457,6.991827,association:84946
15051,22178,6.007223,association:84946
15051,82484,5.433503,association:84949
15051,21495,5.165714,association:22029
15058,23396,107.843283,association:23395
15058,21990,42.169128,association:21993
15058,22584,26.334108,association:22582
15058,15056P,19.292307,association:15056N
15058,22993,16.071119,association:22979
15058,20679,14.393204,association:15056N
15058,22621,12.555556,association:22493
15058,22560,11.252762,association:22561
15058,23200,11.091521,association:23203
15058,23196,10.698214,association:23198
15061,85040A,50.222247,association:85040B
15061,22584,12.772358,association:22585
15061,21509,9.920429,association:22023
15061,22327,7.512454,association:22328
15061,22326,7.42721,association:20719
15061,22582,5.676603,association:22585
15061,85065,4.52,association:48187
15061,22355,3.848161,association:20719
15061,22382,3.618027,association:22423
15061,20724,3.318609,association:20719
15073,22379,28.147509,association:22380
15073,22186,24.106667,association:22187
15073,22664,11.160483,association:22380
15073,84970S,7.321016,association:84970L
15073,84029G,5.898714,association:22111
15073,22114,5.817615,association:21485
15073,22112,5.801566,association:21485
15073,85123A,4.871335,association:22138
15073,21495,4.68545,association:21498
15073,84949,4.658829,association:84970L
15091,20969,19.143529,association:20970
15091,20972,8.778445,association:20971
15091,20967,8.035566,association:20970
15091,84839,8.013284,association:21164
15091,22115,7.825488,association:21164
15091,21231,6.013484,association:21232
15091,82578,4.815685,association:21164
15091,82552,4.292831,association:21164
15091,22149,3.941336,association:20971
15091,22749,3.383396,association:20970
15113,22672,89.682504,association:22675
15113,23388,73.795974,association:23389
15113,23145,59.036779,association:23144
15113,84279B,44.64193,association:84279P
15113,22557,18.147674,association:21889
15113,22720,17.867439,association:21977
15113,22081,17.117143,association:22082
15113,20975,16.825368,association:20974
15113,23203,14.206949,association:21931
15113,21668,13.671609,association:21669
15116,21124,51.591567,association:21121
15116,23171,33.481498,association:23163
15116,85049G,23.907414,association:85049E
15116,23301,12.961078,association:23100
15116,85049C,9.961422,association:85049E
15116,22089,8.199538,association:21122
15116,22909,7.429315,association:22952
15116,47566,6.381176,association:23298
15116,84347,6.291425,association:85049E
15116,22087,5.271132,association:21122
15122,82578,30.95099,association:82551
15122,22570,28.28896,association:22568
15122,85152,18.19578,association:82551
15122,22605,15.150129,association:22607
15122,82582,13.906758,association:82552
15122,22625,13.357932,association:22627
15122,21166,11.199189,association:82551
15122,82600,10.653198,association:82552
15122,82583,9.03652,association:82581
15122,20728,8.797343,association:85099B
15129,22114,6.359045,association:22112
15129,22111,3.984087,association:22112
15129,84029G,3.919533,association:22112
15129,22835,3.541416,association:22112
15129,23355,2.425977,association:22112
15129,21485,1.539303,association:22112
15129,22470,0.806301,association:22112
15129,22086,0.511242,association:22112
15129,20727,0.452252,association:22112
15144,22813,34.876571,association:22812
15144,22582,26.334108,association:22584
15144,22585,13.754847,association:22584
15144,22909,9.030785,association:22910
15144,84991,5.608456,association:21977
15144,21212,5.437766,association:20979
15144,22690,4.919723,association:22692
15144,22950,4.776001,association:22952
15144,22734,4.680477,association:22952
15144,85065,4.52,association:48187
15173,22768,56.5,association:22767
15173,22646,23.667236,association:21156
15173,20728,21.521165,association:21935
15173,20719,20.377625,association:22384
15173,21934,16.405938,association:21935
15173,20727,14.107234,association:20724
15173,22295,14.056376,association:22296
15173,22645,12.837857,association:22644
15173,22383,9.948426,association:22356
15173,85099B,9.471357,association:21086
15179,22303,56.5,association:22302
15179,22082,44.504615,association:22081
15179,21746,28.25,association:21749
15179,22568,23.08022,association:22560
15179,84991,17.845653,association:22558
15179,47590A,14.464,association:47590B
15179,22502,13.341191,association:22501
15179,22584,12.772358,association:22585
15179,85123A,12.383134,association:85099B
15179,22418,10.272622,association:22560
15189,84755,3.354357,association:71459
15189,85123A,1.021631,association:22423
15189,22178,0.98834,association:71459
15189,22624,0.917406,association:22423
15189,21755,0.847837,association:71459
15189,22382,0.430619,association:22423
15189,47566,0.413732,association:22423
15189,20725,0.36393,association:22423
15194,72802A,22.6,association:72802C
15194,85099B,8.669292,association:21929
15194,21928,5.564857,association:22386
15194,22411,5.322453,association:22386
15194,85099F,5.166466,association:21929
15194,22720,5.142307,association:21314
15194,85099C,4.893803,association:21929
15194,23198,4.005415,association:22666
15194,21931,3.924302,association:21929
15194,22723,3.857067,association:22666
15203,22356,35.952453,association:85099F
15203,85099B,26.509583,association:22355
15203,20713,21.848304,association:22411
15203,22386,18.634581,association:22383
15203,20728,18.140477,association:85099C
15203,22382,17.159817,association:22411
15203,20725,17.059532,association:22381
15203,22629,16.180332,association:22661
15203,21929,15.30422,association:20723
15203,20727,12.540539,association:22411
15206,23171,12.755535,association:22699
15206,23170,8.978537,association:22697
15206,23173,5.008303,association:22699
15206,22630,4.740229,association:22697
15206,22423,3.795362,association:22698
15206,22663,3.338868,association:22699
15206,22629,3.086372,association:22697
15206,84945,1.643636,association:22697
15206,22178,0.860952,association:22697
15206,22457,0.769362,association:22697
15227,23346,96.426666,association:23345
15227,22818,36.525271,association:22816
15227,16161P,12.754837,association:16156S
15227,22846,9.183503,association:22847
15227,21169,9.131304,association:82583
15227,22427,6.068746,association:22424
15227,82551,5.908491,association:82583
15227,22720,5.519369,association:22847
15227,85123A,4.677238,association:84946
15227,21175,4.455903,association:21755
15235,22195,20.545455,association:22131
15235,22554,11.984066,association:22435
15235,22553,11.537648,association:21985
15235,22437,8.558571,association:22435
15235,84032A,4.549856,association:21980
15235,20725,4.319018,association:21985
15235,21731,3.806316,association:21967
15235,22469,3.802795,association:21980
15235,22352,3.723847,association:21980
15235,21558,3.574887,association:21980
15237,23294,93.243367,association:23293
15237,23295,43.519406,association:23293
15237,22141,31.97066,association:22142
15237,22751,31.614941,association:22749
15237,20983,26.763158,association:20981
15237,23318,24.760088,association:23293
15237,23238,19.840858,association:23240
15237,20972,12.117314,association:22750
15237,23319,10.237177,association:23293
15237,22630,8.164862,association:23293
15241,21533,13.928302,association:21535
15241,21539,13.928302,association:21535
15241,22720,9.710938,association:23243
15241,23198,6.790865,association:23243
15241,22989,5.136364,association:23243
15241,47566,2.492647,association:23243
15241,23298,2.26,association:23243
15241,22993,2.26,association:23243
15241,21232,1.367756,association:21531
15241,22197,1.28569,association:22348
15251,21900,69.634027,association:21899
15251,21901,65.81188,association:21899
15251,85206A,50.85,association:22021
15251,21977,21.395781,association:84992
15251,22494,18.08,association:21260
15251,21975,17.057914,association:21212
15251,22271,14.561485,association:22274
15251,21213,11.823143,association:84991
15251,21974,9.279029,association:84988
15251,22951,8.719143,association:22417
15255,85049G,23.907414,association:85049E
15255,85049C,9.961422,association:85049E
15255,22149,6.350578,association:22147
15255,84879,3.704918,association:21135
15255,22150,3.607429,association:22147
15255,21914,2.685615,association:22147
15255,22271,2.480107,association:22147
15255,21889,2.228135,association:21790
15255,21791,2.138246,association:21790
15255,20971,2.095263,association:22147
15270,84991,5.78792,association:22185
15270,85123A,0.865899,association:71053
15290,22569,12.130981,association:22568
15290,22570,9.979479,association:22568
15290,22634,6.277771,association:22636
15290,22751,5.708513,association:22555
15290,22149,5.659899,association:22150
15290,22147,5.575497,association:22568
15290,22557,4.557203,association:22555
15290,22720,4.058357,association:22838
15290,22554,3.863244,association:22555
15290,22556,3.863244,association:22555
15296,82483,8.370362,association:82486
15296,23307,4.099769,association:23245
15296,22720,2.98165,association:23245
15296,23171,2.733179,association:23245
15296,82482,2.335915,association:82486
15296,22423,1.39506,association:23245
15296,22469,1.367756,association:82486
15296,22961,1.311926,association:23245
15296,22411,0.840978,association:23245
15296,22086,0.713003,association:23245
15301,22866,13.911979,association:22632
15301,22865,12.520781,association:22632
15301,22964,10.705017,association:22966
15301,85231B,9.509524,association:84375
15301,23308,8.035566,association:22966
15301,22633,8.013303,association:22632
15301,48194,7.793103,association:48184
15301,23439,6.955989,association:22632
15301,48187,6.514792,association:48184
15301,22867,6.439246,association:22632
15303,22569,16.225277,association:22489
15303,22560,11.987316,association:22491
15303,20981,11.268681,association:20983
15303,22570,9.979479,association:22568
15303,48111,8.650655,association:48194
15303,47590B,7.784854,association:22605
15303,21621,7.717982,association:22607
15303,21891,7.577048,association:22607
15303,21912,6.352202,association:22605
15303,21936,6.277771,association:21937
15311,22679,80.355596,association:22676
15311,22747,58.840248,association:22746
15311,22672,57.396854,association:22674
15311,21988,56.940229,association:21094
15311,20675,54.568378,association:20677
15311,21124,51.591567,association:21121
15311,22745,48.628309,association:22746
15311,20676,47.432117,association:20677
15311,22564,38.922489,association:22562
15311,22748,38.073101,association:22746
15321,22381,34.319324,association:22379
15321,21679,28.25,association:16235
15321,84997B,27.633637,association:84997D
15321,22272,22.669752,association:22273
15321,21892,21.043527,association:22489
15321,20975,19.182216,association:21891
15321,84997A,18.833333,association:84997C
15321,84991,17.698167,association:22646
15321,84992,16.054507,association:21213
15321,22274,15.882248,association:22273
15351,22841,28.25,association:22840
15351,21933,25.033846,association:21932
15351,20682,17.438286,association:20681
15351,20716,12.555543,association:20717
15351,20718,11.145094,association:21932
15351,22411,10.883713,association:20717
15351,21431,10.016605,association:21429
15351,85099B,9.648113,association:22380
15351,22582,9.195159,association:22906
15351,22382,9.12592,association:21929
15356,22994,82.944193,association:22998
15356,22383,41.679225,association:85099F
15356,21181,41.54779,association:82600
15356,22355,33.529822,association:21931
15356,82582,25.430898,association:21175
15356,20719,23.349901,association:23209
15356,21908,22.677349,association:21175
15356,23323,21.396428,association:23322
15356,85099C,20.387011,association:22356
15356,22900,20.321313,association:22616
15358,22582,32.010712,association:22585
15358,22554,12.44825,association:22561
15358,22489,10.819306,association:22569
15358,22556,10.72764,association:22562
15358,85227,10.326495,association:22569
15358,22418,8.93164,association:22560
15358,22551,8.547512,association:22561
15358,22492,8.425147,association:22560
15358,22557,7.828108,association:22562
15358,22491,7.30604,association:22569
15394,22672,57.396854,association:22674
15394,22698,42.877398,association:22697
15394,22631,18.691601,association:22385
15394,20712,16.619613,association:85099F
15394,85099C,15.850421,association:85099B
15394,21931,12.800085,association:21928
15394,22900,11.126154,association:22659
15394,22411,9.048953,association:22385
15394,23170,8.978537,association:22697
15394,21929,8.557915,association:22386
15410,23175,56.51832,association:23171
15410,23173,34.560205,association:23170
15410,22699,15.116895,association:23171
15410,22697,13.824082,association:23170
15410,22698,6.277771,association:23171
15410,23245,4.783064,association:23171
15413,82494L,6.40032,association:82482
15413,20914,1.799899,association:84050
15413,22139,1.294664,association:84050
15413,22178,0.570399,association:82482
15413,85123A,0.509987,association:82482
15413,85099B,0.455194,association:82482
15421,84997C,32.054642,association:84997B
15421,84997A,24.660774,association:84997D
15421,22431,18.08,association:22433
15421,22381,13.910538,association:85099F
15421,20712,13.864825,association:85099F
15421,22380,10.911713,association:22411
15421,85099C,9.555239,association:85099B
15421,22386,9.482959,association:84997B
15421,21929,9.459886,association:85099B
15421,21931,8.644784,association:85099B
15429,22566,39.236111,association:22587
15429,22208,32.79821,association:22210
15429,22565,32.349769,association:22560
15429,21900,29.654481,association:21901
15429,82580,29.622254,association:85152
15429,22570,29.253045,association:22560
15429,21899,25.832334,association:21901
15429,23296,25.337036,association:23293
15429,21902,25.250215,association:21901
15429,22568,20.091385,association:22489
15443,22725,39.197103,association:22726
15443,22970,34.876571,association:22971
15443,23293,32.233616,association:23319
15443,23294,29.810479,association:23319
15443,85152,19.445929,association:82551
15443,22112,18.301253,association:23355
15443,23296,17.856772,association:23318
15443,21181,17.101515,association:22993
15443,23302,15.938339,association:23300
15443,82581,15.311661,association:82600
15448,22970,34.876571,association:22971
15448,22606,18.262677,association:22607
15448,84380,9.894319,association:22966
15448,22189,8.071428,association:22188
15448,23308,8.035566,association:22966
15448,21891,7.577048,association:22607
15448,21912,6.352202,association:22605
15448,21212,6.006381,association:22607
15448,21899,5.1981,association:22605
15448,POST,5.136363,association:22895
15451,22176,50.85,association:22175
15451,22302,50.222247,association:22303
15451,20979,26.785199,association:20978
15451,21232,22.117756,association:21733
15451,20982,20.200172,association:20983
15451,20974,15.835647,association:20975
15451,37450,14.464823,association:21231
15451,22726,13.946318,association:22727
15451,22728,11.3,association:22727
15451,20981,11.268681,association:20983
15478,23321,69.703569,association:23103
15478,23199,26.957528,association:23201
15478,23300,26.300177,association:23355
15478,23323,21.396428,association:23322
15478,23504,20.662857,association:23503
15478,21327,17.473782,association:21329
15478,21328,16.047321,association:21329
15478,23202,14.636191,association:23201
15478,85099B,11.789752,association:23201
15478,23209,10.217181,association:23301
15481,22816,29.884323,association:22818
15481,21212,17.34953,association:22557
15481,84992,16.710157,association:21977
15481,21213,12.64276,association:21977
15481,23207,12.302938,association:22382
15481,22554,11.949256,association:22557
15481,22910,11.73617,association:22952
15481,21431,10.016605,association:21429
15481,20723,9.999316,association:22382
15481,22631,9.506113,association:22630
15498,23172,82.367119,association:23170
15498,23175,64.795621,association:23171
15498,23174,56.5,association:23173
15498,22697,38.364799,association:23170
15498,22698,28.81517,association:23171
15498,23209,24.573817,association:20728
15498,22382,24.44695,association:22423
15498,20725,17.649377,association:22423
15498,22659,17.117171,association:22900
15498,23369,17.117143,association:22900
15507,22921,494.375,association:22920
15507,22999,109.333811,association:22998
15507,23256,76.870779,association:23254
15507,21175,39.396476,association:22630
15507,22996,36.525271,association:23000
15507,22170,19.840858,association:22169
15507,21361,14.349192,association:21363
15507,22629,13.19263,association:23298
15507,21166,11.705462,association:22630
15507,22993,11.393497,association:22960
15508,22070,40.177798,association:22071
15508,37448,22.413242,association:22059
15508,37450,18.677667,association:22059
15508,72802C,18.08,association:72802A
15508,21967,14.795393,association:21985
15508,21231,14.678171,association:21733
15508,22061,11.953707,association:22059
15508,22989,6.341195,association:22722
15508,22961,5.209106,association:22722
15508,20725,5.173073,association:21985
15527,20679,35.927489,association:15056N
15527,22371,22.070312,association:22374
15527,20713,11.347068,association:85099F
15527,85014A,10.59375,association:85014B
15527,85099B,7.511776,association:22326
15527,85099C,7.262626,association:85099F
15527,22356,6.447403,association:85099F
15527,22554,6.292767,association:22326
15527,82567,5.65,association:85014B
15527,22553,5.143372,association:22556
15529,47591D,4.783064,association:22367
15529,22898,4.464193,association:22367
15529,21156,2.349575,association:22367
15529,22382,0.91106,association:22367
15529,22910,0.826514,association:22197
15529,22356,0.8136,association:22197
15529,21232,0.492392,association:22197
15529,22383,0.436649,association:22197
15529,85123A,0.377186,association:22197
15533,22722,12.036719,association:22720
15533,22666,11.0564,association:22624
15533,23196,10.698214,association:23198
15533,22625,8.412969,association:22624
15533,22627,7.29124,association:22624
15533,22966,5.705714,association:23198
15533,23298,5.388031,association:23243
15533,23293,5.034454,association:23198
15533,22423,4.765998,association:22720
15533,22993,3.455371,association:22720
15542,22372,73.543709,association:22371
15542,21122,58.986461,association:22089
15542,20674,44.641998,association:20677
15542,22087,36.731178,association:22090
15542,21507,29.538485,association:21509
15542,22028,29.427083,association:22712
15542,22635,28.603125,association:22634
15542,20675,23.66238,association:20677
15542,22029,22.270779,association:21731
15542,20725,22.20044,association:22423
15554,22635,28.603125,association:22634
15554,22699,26.763158,association:22698
15554,22697,25.425,association:22698
15554,22728,24.405337,association:22727
15554,22730,18.889905,association:22727
15554,22725,14.688668,association:22726
15554,22729,13.917594,association:22727
15554,85174,12.226531,association:22207
15554,22625,8.412969,association:22624
15554,22627,7.29124,association:22624
15555,22749,60.762738,association:22554
15555,22141,31.97066,association:22142
15555,21932,28.88522,association:21933
15555,20972,26.488396,association:22750
15555,20728,22.087472,association:22138
15555,21915,21.733944,association:22554
15555,22560,21.002079,association:22570
15555,84997C,18.504096,association:22273
15555,22556,17.008209,association:22557
15555,22274,15.882248,association:22273
15556,21509,27.009925,association:21507
15556,21242,22.224334,association:20676
15556,21238,18.656158,association:20676
15556,21244,17.117143,association:20675
15556,22029,16.322217,association:21508
15556,21718,12.226531,association:21715
15556,21240,12.134834,association:20676
15556,22027,11.293354,association:21508
15556,21239,9.365055,association:20676
15556,22035,8.928386,association:21507
15561,22605,20.172346,association:21912
15561,21917,8.828125,association:21918
15561,22606,8.195404,association:22607
15561,21888,7.726488,association:21912
15561,21899,3.294942,association:22607
15561,21891,3.294942,association:22607
15561,21731,2.643272,association:21912
15561,22621,2.225912,association:22607
15561,21900,2.108759,association:22607
15561,21901,2.108759,association:22607
15572,23102,44.64193,association:23101
15572,23100,36.525271,association:23101
15572,22593,35.112888,association:22577
15572,22594,27.584875,association:22578
15572,23322,27.163461,association:23321
15572,22697,24.540717,association:22699
15572,23356,22.706454,association:23535
15572,22698,22.537398,association:22699
15572,22296,22.125738,association:22295
15572,22595,15.036123,association:22578
15579,22843,72.642857,association:22841
15579,37450,65.154605,association:37449
15579,37448,61.144023,association:37449
15579,22771,52.520125,association:21669
15579,22774,44.64193,association:22772
15579,21232,41.171919,association:22197
15579,22775,35.713545,association:22772
15579,21231,34.944392,association:84991
15579,22131,18.677667,association:22195
15579,22111,15.863041,association:84029E
15580,22029,28.858571,association:21498
15580,22149,17.070062,association:22759
15580,22046,16.740724,association:22716
15580,21497,15.066667,association:22711
15580,20723,14.559285,association:22355
15580,20972,14.471481,association:22750
15580,47590A,14.464,association:47590B
15580,22027,12.714173,association:21498
15580,22045,12.555543,association:22716
15580,20724,11.281654,association:20725
15581,22423,0.332733,association:21034
15581,85123A,0.269746,association:21034
15588,85123A,1.030492,association:22215
15601,21671,20.545455,association:21670
15601,22295,14.056376,association:22294
15601,21673,13.836721,association:21670
15601,21669,12.555556,association:21670
15601,22296,11.811042,association:22219
15601,21508,11.393007,association:21509
15601,22111,10.038417,association:21484
15601,84970S,9.982666,association:84755
15601,21507,9.920429,association:21509
15601,22027,8.812348,association:21509
15607,21506,12.754837,association:22030
15607,22423,2.828873,association:22178
15607,22457,1.090364,association:22178
15607,84946,0.965814,association:22178
15607,82482,0.583981,association:22178
15607,84879,0.537675,association:22178
15607,85123A,0.216476,association:22178
15608,23170,49.514546,association:22697
15608,23172,43.944419,association:23171
15608,22699,28.600228,association:23171
15608,22698,26.617771,association:23171
15608,23173,19.618071,association:23171
15608,23163,16.740724,association:23171
15608,23175,14.349192,association:23171
15608,22418,6.612114,association:22492
15608,85152,5.61285,association:21175
15608,21166,4.793546,association:21175
15615,82581,38.064514,association:82551
15615,85099B,28.643795,association:21621
15615,20728,22.800719,association:21210
15615,21212,18.225639,association:20725
15615,20712,18.077357,association:20724
15615,85099C,16.371671,association:22356
15615,20974,15.835647,association:20975
15615,22382,13.411143,association:21929
15615,22383,13.24635,association:85099F
15615,21931,12.488782,association:22355
15621,85049E,3.642402,association:84347
15621,22139,1.098314,association:84347
15621,20728,0.8423,association:71477
15621,85099B,0.460534,association:84347
15621,85123A,0.384844,association:71477
15628,23389,89.682504,association:23390
15628,22573,73.770837,association:22577
15628,22176,50.85,association:22175
15628,23101,29.884323,association:23100
15628,22578,24.608889,association:22577
15628,21987,23.30789,association:21989
15628,23323,21.396428,association:23322
15628,21504,20.752964,association:21544
15628,22332,20.186721,association:21544
15628,22569,20.053247,association:22570
15633,21531,36.427866,association:21539
15633,21533,21.428143,association:21535
15633,20727,8.305565,association:21931
15633,20728,6.515989,association:22138
15633,22384,6.166525,association:21931
15633,85099B,5.76865,association:21212
15633,22617,5.393689,association:22138
15633,84991,4.823932,association:21212
15633,22386,4.434648,association:22383
15633,21975,4.376501,association:21212
15640,84032A,33.962887,association:84032B
15640,85049G,31.388914,association:85049C
15640,85049F,26.157428,association:85049C
15640,21224,20.662857,association:22437
15640,85049D,14.349192,association:85049C
15640,22356,13.201914,association:21977
15640,21988,13.149091,association:22437
15640,85099C,12.774772,association:20724
15640,22114,12.176661,association:21485
15640,22332,12.053333,association:22437
15641,20719,17.294595,association:22382
15641,20712,13.478595,association:20724
15641,22384,13.255264,association:22666
15641,22569,12.130981,association:22568
15641,20728,11.918563,association:22666
15641,85099C,11.222272,association:22356
15641,23243,11.002317,association:22720
15641,22662,10.763816,association:22356
15641,85099B,10.717848,association:22382
15641,22570,9.979479,association:22568
15651,23344,25.111124,association:23505
15651,22659,17.117171,association:22900
15651,22569,12.130981,association:22568
15651,22865,11.3,association:22867
15651,22570,9.979479,association:22568
15651,22632,8.738981,association:22867
15651,23439,8.199538,association:22867
15651,22616,7.780519,association:22900
15651,22633,5.765308,association:22867
15651,20914,2.812345,association:22867
15653,22574,46.502095,association:22573
15653,22694,16.23343,association:22573
15653,22578,9.920429,association:22573
15653,22577,8.928386,association:22573
15653,22469,5.936438,association:22573
15653,22470,4.251613,association:22573
15653,22086,3.881907,association:22573
15654,22176,50.85,association:22175
15654,22356,8.258767,association:21934
15654,20719,6.623901,association:21934
15654,22379,6.589155,association:21935
15654,20712,3.720161,association:21934
15654,22355,3.463598,association:21935
15654,85099C,2.714712,association:21934
15654,20723,2.295876,association:21935
15654,22629,2.008891,association:21935
15654,22138,1.931622,association:22175
15660,21507,19.85001,association:22037
15660,21892,17.441716,association:21915
15660,22712,11.162269,association:22027
15660,21509,10.08572,association:22027
15660,22714,9.851165,association:22027
15660,22028,9.162987,association:22029
15660,22024,8.978926,association:22027
15660,22030,8.199538,association:21506
15660,22716,7.441513,association:22027
15660,21889,7.283012,association:21891
15673,22271,43.191263,association:22149
15673,20972,19.375272,association:22147
15673,22131,18.677667,association:22195
15673,22273,12.555556,association:22272
15673,21213,11.128403,association:22383
15673,21977,9.87967,association:21974
15673,84987,9.653843,association:21974
15673,22951,8.719143,association:22417
15673,22332,8.370362,association:22327
15673,21212,8.013848,association:22328
15674,20725,12.794051,association:22423
15674,20727,9.586149,association:22383
15674,22382,7.960614,association:22423
15674,22421,5.694124,association:84077
15674,23209,5.549624,association:22384
15674,84970L,5.49077,association:84970S
15674,22662,4.767078,association:22384
15674,22713,4.68545,association:84077
15674,22692,4.591752,association:22690
15674,22665,4.464193,association:22667
15689,21164,26.542706,association:82580
15689,82578,24.935545,association:82581
15689,82551,13.778127,association:82581
15689,82582,13.472758,association:82552
15689,85152,11.923153,association:82580
15689,85150,11.45404,association:82580
15689,21908,8.540055,association:82552
15689,21166,8.513711,association:82580
15689,85123A,7.625853,association:22507
15689,21899,7.054505,association:21165
15694,22728,24.405337,association:22727
15694,22730,18.889905,association:22727
15694,22725,14.688668,association:22726
15694,22729,13.917594,association:22727
15694,22041,8.688976,association:21137
15694,21212,7.305054,association:84792
15694,20750,6.330088,association:20749
15694,82551,3.443716,association:22727
15694,21156,2.973684,association:20749
15694,23203,2.930125,association:22727
15738,20674,78.34287,association:20676
15738,21238,69.712113,association:84997C
15738,47599B,65.889239,association:47599A
15738,21749,35.3125,association:21746
15738,21094,25.704044,association:21086
15738,84997D,25.610834,association:84997B
15738,84997A,19.387441,association:84997C
15738,21080,14.767492,association:20676
15738,21241,14.759169,association:21240
15738,47566,11.152128,association:22083
15751,22617,5.393689,association:22138
15751,21212,1.556104,association:21218
15751,22139,1.319685,association:22138
15751,21156,1.126128,association:22138
15751,85123A,1.050351,association:22138
15751,20728,0.510941,association:22138
15751,22423,0.464333,association:22138
15754,22750,30.336845,association:22940
15754,20967,22.111683,association:20970
15754,22569,20.068013,association:22749
15754,22751,18.026387,association:22940
15754,22149,17.277645,association:22749
15754,22272,17.089511,association:22271
15754,22866,13.911979,association:22632
15754,22274,13.598655,association:22749
15754,22865,12.520781,association:22632
15754,22570,12.362737,association:20969
15755,22634,8.35798,association:21888
15755,21912,7.132143,association:21888
15755,21889,2.228135,association:21790
15755,21791,2.138246,association:21790
15755,21733,1.750391,association:20914
15755,22138,1.686828,association:21790
15755,21915,1.653133,association:21790
15755,21914,1.537417,association:21790
15755,21212,1.248562,association:21790
15755,22558,1.097959,association:20914
15769,23200,19.696139,association:23201
15769,84997C,15.782642,association:84997B
15769,84997A,12.607441,association:84997B
15769,23202,11.732888,association:85099F
15769,84997D,9.338834,association:84997B
15769,21931,8.081992,association:85099B
15769,85099C,7.967703,association:85099B
15769,23203,7.810441,association:22385
15769,23206,7.084235,association:23201
15769,21930,6.253911,association:22386
15791,21231,20.408355,association:84520B
15791,37450,11.953707,association:22055
15791,37448,9.961422,association:22055
15791,21094,7.398695,association:84520B
15791,37449,7.031592,association:22055
15791,85099B,6.386723,association:84520B
15791,82482,6.254858,association:82494L
15791,85123A,6.06056,association:21080
15791,21086,5.963301,association:21080
15791,21937,4.708333,association:21936
15795,22371,22.070312,association:22374
15795,21935,22.050223,association:22379
15795,22664,11.160483,association:22380
15795,22356,7.576861,association:22379
15795,22411,5.590057,association:22381
15795,20712,5.05942,association:22379
15795,85099F,4.314525,association:22380
15795,20719,4.147865,association:22379
15795,21929,4.073582,association:22379
15795,85099B,3.522398,association:22380
15805,22355,19.681941,association:20728
15805,21137,18.539563,association:79321
15805,22384,15.255368,association:22356
15805,21975,13.596497,association:21212
15805,20719,12.292656,association:22383
15805,22417,11.483775,association:84991
15805,21213,10.535178,association:22383
15805,22382,10.159923,association:21210
15805,85099B,8.98475,association:21212
15805,21871,8.928386,association:21071
15808,22355,16.742749,association:20724
15808,21485,11.909059,association:22114
15808,22112,11.517759,association:22111
15808,20719,10.105263,association:20724
15808,20712,9.671286,association:20724
15808,23356,9.293255,association:22111
15808,22835,9.148583,association:22111
15808,20728,8.549702,association:85099C
15808,20725,7.54081,association:22114
15808,21931,7.337463,association:22356
15812,22089,18.448961,association:22087
15812,15056P,6.708713,association:15056N
15812,21124,5.676603,association:22087
15812,21122,5.271132,association:22087
15812,15056BL,5.013312,association:15056N
15812,20679,4.340932,association:15056N
15812,22090,3.976075,association:22087
15812,21621,2.635566,association:22087
15812,37448,2.402205,association:15056N
15812,85123A,0.884675,association:15056N
15827,22427,13.795091,association:22429
15827,84991,8.457187,association:84520B
15827,22625,8.412969,association:22624
15827,22627,7.29124,association:22624
15827,84992,5.905017,association:21975
15827,20712,5.357037,association:47556B
15827,22367,4.099769,association:47591D
15827,85099C,3.909189,association:47556B
15827,21213,3.875168,association:21975
15827,21078,3.642402,association:84520B
15838,22380,27.259292,association:22379
15838,23439,24.471759,association:22866
15838,22645,20.509263,association:21231
15838,22867,18.38496,association:22633
15838,22644,14.081539,association:22646
15838,21232,12.659444,association:22646
15838,22411,10.481022,association:85099F
15838,85099C,9.155388,association:85099B
15838,21928,8.685588,association:85099B
15838,20728,8.374507,association:85099B
15841,21035,3.338868,association:84692
15841,23298,3.128031,association:47566
15841,21210,2.318663,association:84692
15841,84992,1.907925,association:84692
15841,47566B,1.656019,association:47566
15841,21929,1.541016,association:84692
15841,22423,1.45359,association:47566
15841,21213,1.252076,association:84692
15841,84991,1.227528,association:84692
15841,21212,1.138253,association:84692
15861,22132,104.629588,association:22133
15861,85049E,61.727668,association:85049C
15861,84596F,29.47067,association:84596B
15861,21242,22.224334,association:20676
15861,21238,18.656158,association:20676
15861,21244,17.117143,association:20675
15861,22712,14.942134,association:21078
15861,21240,12.134834,association:20676
15861,21239,9.365055,association:20676
15861,84596G,8.719143,association:84596B
15863,21668,13.671609,association:21669
15863,21672,11.904515,association:21669
15863,21670,9.765435,association:21669
15863,21671,9.131304,association:21669
15863,21673,8.370362,association:21669
15863,22772,4.960215,association:21669
15863,22692,4.591752,association:22690
15863,22771,3.720161,association:21669
15863,21523,3.571363,association:22690
15863,22966,2.976129,association:21669
15867,21668,13.671609,association:21669
15867,21672,11.904515,association:21669
15867,21670,9.765435,association:21669
15867,21671,9.131304,association:21669
15867,22964,8.986034,association:84380
15867,21673,8.370362,association:21669
15867,23308,8.035566,association:22966
15867,84596B,5.090371,association:84380
15867,22772,4.960215,association:21669
15867,84375,4.944964,association:22966
15881,22751,6.277771,association:22834
15881,22632,5.286544,association:22834
15881,22750,5.286544,association:22834
15881,22865,5.022217,association:22834
15881,21931,3.043768,association:22834
15881,22469,2.137114,association:22834
15881,22382,2.049885,association:22834
15881,22423,0.332733,association:21034
15881,85123A,0.269746,association:21034
15897,21679,28.25,association:16235
15897,21212,2.311364,association:22558
15897,21165,2.065055,association:22558
15897,21899,2.065055,association:22558
15897,21900,2.065055,association:22558
15897,22077,2.017857,association:22558
15897,20914,1.87568,association:22558
15897,22567,1.674077,association:22558
15897,22993,1.569442,association:22558
15897,21164,1.32164,association:22558
15900,20981,11.268681,association:20983
15900,21485,9.542222,association:22111
15900,21891,9.398301,association:22444
15900,22551,8.071428,association:22557
15900,22327,7.512454,association:22328
15900,21481,6.405898,association:21484
15900,22634,6.277771,association:22636
15900,22326,6.14656,association:22328
15900,22114,6.079865,association:21484
15900,22554,5.563077,association:22557
15901,22332,42.375,association:21679
15901,21224,32.285714,association:21679
15901,22713,25.509674,association:22421
15901,84077,20.454809,association:21914
15901,21987,17.384615,association:21679
15901,20974,15.835647,association:20975
15901,21915,15.118868,association:22489
15901,22605,12.47,association:21914
15901,22491,12.451778,association:22489
15901,21989,11.894737,association:21679
15918,23147,44.140625,association:23146
15918,22629,14.913837,association:21558
15918,22179,9.642667,association:22176
15918,22659,8.013303,association:22631
15918,21980,7.355468,association:22352
15918,22326,6.099072,association:21559
15918,21731,5.903441,association:22352
15918,22630,5.723788,association:22631
15918,20727,5.54853,association:21559
15918,47591D,4.783064,association:22367
15953,84970S,1.594355,association:84836
15953,84970L,1.476254,association:84836
15953,21733,1.107683,association:85123A
15953,22469,0.949828,association:84836
15953,21175,0.807683,association:82494L
15953,22470,0.738127,association:84836
15953,21232,0.659603,association:84836
15953,22178,0.570399,association:82482
15953,22457,0.463125,association:85123A
15953,85099B,0.455194,association:82482
15971,22386,2.176696,association:85099B
15971,85099F,2.124681,association:85099B
15971,22411,1.482216,association:85099B
15971,85099C,1.423529,association:85099B
15971,21931,1.306543,association:85099B
15971,21928,1.289896,association:85099B
15971,21929,1.17597,association:85099B
15971,22356,0.746467,association:85099B
15971,20724,0.689046,association:85099B
15971,20725,0.560824,association:85099B
15980,22574,46.502095,association:22573
15980,22694,25.923793,association:22470
15980,22593,19.53087,association:22595
15980,22577,13.950603,association:22595
15980,22578,13.795604,association:22595
15980,22594,12.555543,association:22595
15980,85123A,6.377739,association:22470
15980,84970L,5.49077,association:84970S
15980,22457,4.797511,association:84970S
15980,22219,4.340932,association:22296
15985,21901,58.247515,association:22558
15985,21902,50.500429,association:21900
15985,21175,45.302574,association:82580
15985,82581,37.477338,association:21165
15985,82551,12.791946,association:82580
15985,21164,11.907758,association:22558
15985,23182,10.016606,association:21900
15985,21212,9.619968,association:20754
15985,82552,8.891798,association:82580
15985,82582,8.216496,association:22558
15993,21818,37.666666,association:21819
15993,22727,33.041908,association:22726
15993,23005,31.129445,association:22998
15993,22999,26.682382,association:22998
15993,22729,25.451972,association:22726
15993,22994,23.907414,association:22998
15993,22730,22.991379,association:22726
15993,22725,21.016668,association:22726
15993,23000,19.922845,association:22998
15993,21164,18.585526,association:22115
15996,22692,7.174609,association:48187
15996,22776,5.357044,association:22766
15996,82483,5.357044,association:22766
15996,85065,4.52,association:48187
15996,21523,3.571363,association:22690
15996,20685,3.290021,association:48187
15996,82494L,3.287273,association:22766
15996,22469,3.077447,association:22766
15996,85123A,3.048104,association:22690
15996,22666,2.571381,association:22766
16010,22562,43.664451,association:22564
16010,20963,37.666666,association:20961
16010,21086,29.773694,association:21989
16010,22866,26.467534,association:22865
16010,21987,23.30789,association:21989
16010,22131,18.677667,association:22195
16010,21988,17.551293,association:21094
16010,21080,16.049469,association:21989
16010,21977,15.668869,association:21213
16010,22867,14.349246,association:22632
16011,22772,37.214051,association:21669
16011,21668,33.358734,association:21669
16011,21671,31.411699,association:22771
16011,21673,24.7763,association:21669
16011,21670,16.940031,association:21672
16011,22457,3.952575,association:22077
16011,22966,2.976129,association:21669
16011,82581,2.625996,association:21669
16011,85049C,2.402205,association:22077
16011,82580,1.940954,association:21669
16012,22646,25.419037,association:21231
16012,22272,22.669752,association:22273
16012,21212,22.595367,association:20718
16012,22606,18.262677,association:22607
16012,20972,17.850627,association:21892
16012,22645,16.862524,association:21232
16012,22274,15.882248,association:22273
16012,84992,12.930946,association:21977
16012,20716,12.555543,association:20717
16012,22951,11.477932,association:21977
16013,15056P,6.708713,association:15056N
16013,15056BL,5.013312,association:15056N
16013,20679,4.340932,association:15056N
16013,21181,3.622336,association:85053
16013,23298,3.128031,association:47566
16013,37448,2.402205,association:15056N
16013,85123A,2.283719,association:47566
16013,22423,2.244328,association:47566
16013,21137,2.127059,association:79321
16013,47566B,1.656019,association:47566
16016,22604,57.396854,association:22643
16016,22587,34.876571,association:22566
16016,23199,31.29846,association:23201
16016,23209,27.662429,association:23202
16016,22565,22.320965,association:22566
16016,23207,21.782166,association:20726
16016,23203,21.16789,association:85099C
16016,23206,19.109346,association:23201
16016,20727,18.646581,association:23202
16016,23344,17.327945,association:23202
16017,22736,59.795408,association:22739
16017,22302,50.222247,association:22303
16017,22643,49.197316,association:22639
16017,22738,44.512245,association:22739
16017,15056BL,39.911295,association:20679
16017,22865,32.008409,association:22633
16017,15056N,24.226521,association:20679
16017,22735,21.396428,association:22739
16017,23439,18.193982,association:22866
16017,22952,11.950321,association:22632
16019,21137,2.127059,association:79321
16029,21166,15.514404,association:20713
16029,84596G,14.942134,association:22174
16029,21175,12.382324,association:85150
16029,20712,11.690846,association:20713
16029,82552,8.175246,association:21181
16029,21903,7.925106,association:21181
16029,82582,7.589366,association:21181
16029,21174,7.530165,association:21181
16029,82581,6.854062,association:85152
16029,82600,6.506294,association:85152
16033,21901,57.595573,association:22607
16033,21902,50.500429,association:21900
16033,22728,40.677337,association:22727
16033,22729,31.060102,association:22727
16033,21175,28.303316,association:22726
16033,22725,24.733103,association:22726
16033,22071,24.106667,association:22070
16033,21232,23.337608,association:20728
16033,23323,21.396428,association:23322
16033,21181,20.989628,association:21174
16043,22424,4.471707,association:22427
16043,84755,3.89026,association:21326
16043,22411,2.194505,association:22429
16043,85123A,1.152825,association:21326
16043,84879,0.656827,association:22427
16043,22423,0.556478,association:22427
16059,23396,57.396854,association:23393
16059,22577,52.971701,association:22595
16059,22579,51.438711,association:22595
16059,23395,50.222247,association:23393
16059,22674,49.197316,association:22672
16059,22578,42.054323,association:22595
16059,23264,28.928,association:23263
16059,22720,25.475465,association:22993
16059,22469,12.418808,association:84836
16059,23245,11.863924,association:22961
16076,22266,80.355596,association:22268
16076,23158,57.396854,association:23156
16076,22560,23.223625,association:21889
16076,22492,16.686133,association:21889
16076,23209,16.50462,association:23301
16076,22491,16.341344,association:21889
16076,23302,15.938339,association:23300
16076,82583,14.942161,association:21169
16076,23207,14.125,association:23208
16076,23182,13.946046,association:23300
16079,22768,56.5,association:22767
16079,22909,9.030785,association:22910
16079,16156S,8.199538,association:16161P
16079,22950,4.776001,association:22952
16079,22734,4.680477,association:22952
16079,22942,3.566071,association:23084
16079,23382,3.056633,association:23084
16079,23344,2.0895,association:23084
16079,22748,1.966589,association:23084
16079,23100,1.94513,association:23084
16103,22188,4.61224,association:22189
16103,22804,2.184751,association:22189
16103,21733,1.810767,association:22189
16103,22457,0.463125,association:85123A
16103,85099B,0.331339,association:22189
16110,21902,75.750644,association:21901
16110,22062,49.197316,association:37447
16110,22059,41.090909,association:37450
16110,47590B,36.712854,association:22605
16110,22607,36.060823,association:21901
16110,21123,33.070917,association:21121
16110,22646,30.294763,association:21231
16110,21716,23.827885,association:21715
16110,84991,20.176011,association:22558
16110,21212,17.174118,association:21172
16116,22169,19.840858,association:22170
16116,82494L,12.29907,association:84946
16116,85152,11.641922,association:21175
16116,84949,9.825914,association:82484
16116,21166,8.513707,association:21174
16116,85123A,7.80081,association:22178
16116,82483,7.449641,association:22464
16116,22961,6.472427,association:22960
16116,22465,6.277778,association:22464
16116,22776,5.357044,association:22766
16117,21328,49.528819,association:21329
16117,22587,34.876571,association:22566
16117,85049G,31.388914,association:85049C
16117,84596F,29.47067,association:84596B
16117,85049F,26.157428,association:85049C
16117,22750,25.832334,association:22749
16117,22565,22.320965,association:22566
16117,22494,18.08,association:21260
16117,23302,15.938339,association:23300
16117,85049D,14.349192,association:85049C
16119,23396,50.446429,association:23395
16119,23393,37.666666,association:23395
16119,22584,12.772358,association:22585
16119,22582,5.676603,association:22585
16119,84946,4.361247,association:22178
16119,22754,3.433995,association:22759
16119,21733,2.69943,association:22457
16119,22470,2.324445,association:84978
16119,22577,2.232096,association:22759
16119,22865,2.232096,association:22759
16121,22482,76.870779,association:22480
16121,22768,56.5,association:22767
16121,22737,46.122468,association:22738
16121,22736,42.169128,association:22738
16121,22810,30.94845,association:22809
16121,22409,29.884268,association:22398
16121,22577,29.017285,association:22573
16121,21933,27.100985,association:20718
16121,22739,22.706454,association:22738
16121,22469,14.247811,association:22694
16133,23498,144.64,association:23497
16133,23552,115.712,association:23497
16133,23396,50.446429,association:23395
16133,22755,43.32783,association:22754
16133,23393,37.666666,association:23395
16133,22753,32.763342,association:22754
16133,22627,12.996954,association:22625
16133,84029G,10.731723,association:21485
16133,22960,7.782944,association:22624
16133,22111,7.611711,association:84029E
16134,23234,35.713545,association:23247
16134,22810,30.94845,association:22809
16134,21169,19.99831,association:82583
16134,21166,15.431361,association:82583
16134,85152,12.082892,association:82583
16134,22865,11.160483,association:22909
16134,22952,10.731252,association:22909
16134,21181,8.617531,association:82583
16134,22711,8.035566,association:21497
16134,82551,5.908491,association:82583
16135,22186,24.106667,association:22187
16135,22417,9.381528,association:84991
16135,22551,9.206473,association:21977
16135,84987,6.249999,association:84991
16135,21212,6.115507,association:22557
16135,37449,5.908491,association:37503
16135,21984,5.723775,association:21974
16135,22554,5.563077,association:22557
16135,21975,4.897507,association:21977
16135,22553,4.674534,association:22557
16136,22210,25.509674,association:22208
16136,21980,10.503984,association:21985
16136,21967,6.975314,association:21985
16136,85123A,3.735249,association:21985
16136,22553,2.682813,association:21985
16136,22865,2.232096,association:21985
16136,22457,2.094029,association:21985
16136,22469,2.04477,association:21733
16136,20971,1.539377,association:21985
16136,22557,1.488064,association:21985
16144,22624,0.917406,association:22423
16144,22382,0.430619,association:22423
16144,47566,0.413732,association:22423
16144,20725,0.36393,association:22423
16144,85123A,0.216476,association:22423
16146,21124,27.139109,association:22087
16146,22772,25.111111,association:22771
16146,21122,18.025969,association:22087
16146,22429,9.438737,association:22427
16146,21671,9.131304,association:22771
16146,21733,8.922982,association:85123A
16146,84836,8.388335,association:84970S
16146,21411,8.025568,association:22508
16146,22430,8.013284,association:22427
16146,21755,7.792475,association:84970L
16153,23294,36.608286,association:23295
16153,22840,35.3125,association:22841
16153,23296,26.89589,association:23295
16153,23293,26.568739,association:23198
16153,21533,17.142508,association:21539
16153,23196,10.698214,association:23198
16153,21531,9.642667,association:21539
16153,20725,8.898619,association:84380
16153,22966,8.553851,association:84380
16153,23356,6.511716,association:22111
16161,85040A,50.222247,association:85040B
16161,23382,25.509674,association:23343
16161,22578,24.608889,association:22577
16161,22560,21.52381,association:22587
16161,22579,16.641818,association:22577
16161,21931,16.239287,association:23203
16161,85099F,14.556348,association:23206
16161,22386,14.462298,association:23203
16161,23209,13.527241,association:23202
16161,23200,12.34878,association:23203
16168,21175,6.108108,association:21876
16168,22470,1.403091,association:22457
16168,22469,1.253825,association:22457
16168,85123A,1.143036,association:22457
16168,84978,1.143033,association:22457
16168,22666,1.047643,association:22457
16168,21733,0.998134,association:22457
16168,22178,0.974369,association:22457
16186,23207,25.554868,association:20726
16186,23198,17.384615,association:23196
16186,23206,16.46834,association:20727
16186,23293,14.552731,association:23209
16186,20728,12.831148,association:20719
16186,22382,12.189804,association:84755
16186,22384,11.664294,association:20719
16186,22383,9.223366,association:84755
16186,20725,9.143739,association:84755
16186,23202,8.492429,association:23209
16191,23266,45.2,association:23263
16191,22727,33.041908,association:22726
16191,23264,28.928,association:23263
16191,22729,25.451972,association:22726
16191,22730,22.991379,association:22726
16191,22725,21.016668,association:22726
16191,22193,20.34,association:22192
16191,22191,16.071101,association:22192
16191,22865,8.301821,association:22952
16191,22909,7.429315,association:22952
16202,21671,20.545455,association:21670
16202,21673,13.836721,association:21670
16202,21669,12.555556,association:21670
16202,85014A,10.59375,association:85014B
16202,21154,10.462971,association:21035
16202,22772,8.199538,association:21670
16202,21672,7.687078,association:21670
16202,21668,7.379584,association:21670
16202,82567,5.65,association:85014B
16202,84692,5.286544,association:21035
16206,22573,13.281897,association:22694
16206,23332,9.416667,association:23321
16206,22158,8.538362,association:22694
16206,23103,6.277778,association:23321
16206,84978,4.899507,association:23321
16206,22384,3.465505,association:23321
16206,85123A,3.455483,association:22470
16206,22457,2.82395,association:22469
16206,23209,2.173077,association:23321
16206,82494L,1.94513,association:23322
16210,84380,9.826087,association:22965
16210,22041,8.688976,association:21137
16210,23243,3.53125,association:22720
16210,79321,2.502421,association:21137
16210,22666,2.26,association:22720
16210,22139,2.097142,association:10135
16210,21731,2.057915,association:21137
16210,22138,1.931622,association:22619
16210,21755,1.890721,association:22619
16210,22722,1.660237,association:22720
16214,23172,82.367119,association:23170
16214,23175,64.795621,association:23171
16214,23174,56.5,association:23173
16214,22423,5.190423,association:22698
16214,22630,4.740229,association:22697
16214,23307,4.099769,association:23245
16214,22663,3.338868,association:22699
16214,22629,3.086372,association:22697
16214,22720,2.98165,association:23245
16214,84945,1.643636,association:22697
16218,20724,16.461507,association:22383
16218,22382,13.124377,association:20727
16218,20674,12.304445,association:20676
16218,20677,12.053333,association:20676
16218,20675,11.126154,association:20676
16218,22662,11.029658,association:22356
16218,47559B,10.439254,association:21231
16218,21242,10.067273,association:20676
16218,23207,10.050473,association:20727
16218,21431,10.016605,association:21429
16221,22755,69.2125,association:22753
16221,22754,53.240385,association:22753
16221,22727,16.091908,association:22726
16221,22728,13.105337,association:22726
16221,22730,10.787379,association:22726
16221,22729,7.221305,association:22726
16221,22725,6.552668,association:22726
16221,22055,6.439364,association:21232
16221,22064,5.825913,association:21231
16221,21928,4.314191,association:85099C
16222,22192,34.135416,association:22191
16222,82580,13.140279,association:82600
16222,21181,9.646252,association:82600
16222,84839,8.013284,association:21164
16222,82552,5.39485,association:82600
16222,82578,4.815685,association:21164
16222,22188,4.61224,association:22189
16222,82581,4.483907,association:82600
16222,21166,4.3392,association:82600
16222,85152,3.901059,association:21164
16226,21283,57.396854,association:21282
16226,21671,29.585455,association:21668
16226,21672,29.530667,association:21668
16226,21669,24.608889,association:21668
16226,22593,19.53087,association:22595
16226,21673,18.833333,association:21668
16226,22081,17.117143,association:22082
16226,22594,12.555543,association:22595
16226,21670,10.331428,association:21668
16226,22470,6.107853,association:22595
16232,22644,25.207693,association:22645
16232,21231,24.858969,association:84991
16232,47559B,18.315511,association:84991
16232,21175,9.893446,association:82600
16232,85152,8.751707,association:82600
16232,85123A,8.406108,association:21212
16232,21166,8.059361,association:21174
16232,84596B,8.035556,association:22064
16232,21977,5.620267,association:21212
16232,84992,5.293093,association:21212
16243,23301,30.600273,association:23300
16243,84509A,28.25,association:84510A
16243,47590A,14.464,association:47590B
16243,20716,12.555543,association:20717
16243,21908,7.689974,association:82582
16243,82580,7.361787,association:82582
16243,47589,7.232,association:47590B
16243,23302,7.149774,association:23300
16243,22090,7.109469,association:47566
16243,23182,6.256052,association:23300
16250,22593,19.53087,association:22595
16250,22594,12.555543,association:22595
16250,85061W,11.210326,association:22227
16250,21232,9.421583,association:20719
16250,22219,7.564509,association:21755
16250,22577,5.022217,association:22595
16250,22667,4.789356,association:22666
16250,22055,4.058357,association:21231
16250,22602,4.058357,association:22595
16250,22579,4.058357,association:22595
16253,21679,36.897987,association:21224
16253,22437,29.51839,association:21224
16253,21504,20.752964,association:21544
16253,22029,18.679585,association:21506
16253,22027,17.49183,association:21506
16253,21509,14.020198,association:22037
16253,21889,13.964417,association:22149
16253,21915,11.417716,association:22560
16253,22563,10.7169,association:22568
16253,20978,10.714088,association:20979
16261,23234,35.713545,association:23247
16261,22633,34.336736,association:22865
16261,23293,29.11523,association:23236
16261,22867,27.104084,association:22632
16261,23318,20.752964,association:23319
16261,22666,14.067356,association:22720
16261,23535,12.226531,association:23356
16261,22776,12.053333,association:22840
16261,23294,11.953707,association:23319
16261,23355,10.13515,association:23356
16276,20717,28.25,association:20716
16276,22422,18.08,association:21832
16276,82582,13.940118,association:85152
16276,21166,11.580276,association:21908
16276,21181,10.055793,association:85152
16276,84992,9.1489,association:84991
16276,21175,8.82282,association:21908
16276,21232,8.578158,association:84991
16276,20723,8.071428,association:20716
16276,22114,6.359045,association:22112
16279,84279B,44.64193,association:84279P
16279,20675,32.077107,association:21238
16279,22071,24.106667,association:22070
16279,20677,19.185476,association:21238
16279,21239,17.594451,association:20676
16279,21892,17.441716,association:21915
16279,21241,17.117143,association:21238
16279,21240,16.337704,association:20676
16279,20724,13.462717,association:21080
16279,20674,12.304445,association:20676
16306,22910,4.943555,association:22086
16306,84991,2.836078,association:21749
16306,23319,1.903077,association:22086
16306,22952,1.051621,association:22086
16306,22083,0.951539,association:22086
16306,22197,0.418677,association:22086
16321,22089,18.448961,association:22087
16321,21124,5.676603,association:22087
16321,21122,5.271132,association:22087
16321,22090,3.976075,association:22087
16321,21621,2.635566,association:22087
16321,85123A,0.636171,association:22087
16333,21746,28.25,association:21749
16333,84991,2.836078,association:21749
16341,23504,20.662857,association:23503
16341,23355,11.894737,association:23503
16341,23301,6.288696,association:23503
16353,23005,31.129445,association:22998
16353,22999,26.682382,association:22998
16353,22994,23.907414,association:22998
16353,23000,19.922845,association:22998
16353,22112,12.578593,association:84029E
16353,22114,12.49299,association:84029E
16353,22111,8.543923,association:84029E
16353,85152,8.447677,association:82552
16353,22961,7.667384,association:22720
16353,82494L,7.653256,association:22993
16359,22424,4.471707,association:22427
16359,21385,2.384719,association:84836
16359,22411,2.194505,association:22429
16359,85123A,1.80663,association:84836
16359,84970S,1.594355,association:84836
16359,84970L,1.476254,association:84836
16359,82494L,1.014589,association:84836
16359,22469,0.949828,association:84836
16359,22470,0.738127,association:84836
16359,21232,0.659603,association:84836
16365,47599A,65.889239,association:47599B
16365,22568,10.932737,association:47599B
16365,21156,2.973684,association:20749
16365,21731,2.643272,association:20750
16365,22138,1.781923,association:20750
16365,POST,1.461012,association:20750
16365,20719,1.35736,association:20749
16365,21429,1.32164,association:20749
16365,22326,1.095758,association:20750
16365,20728,1.066038,association:20749
16369,22627,12.996954,association:22625
16369,22423,4.845289,association:22077
16369,22555,4.754762,association:22082
16369,20914,2.754338,association:22624
16369,85049C,2.402205,association:22077
16369,22776,2.278512,association:22624
16369,22666,2.141329,association:22457
16369,22720,1.903077,association:22624
16369,22469,1.835573,association:22624
16369,85123A,1.779208,association:22077
16394,22998,131.051151,association:23000
16394,82580,23.257018,association:82578
16394,82581,15.418043,association:82578
16394,22295,14.056376,association:22294
16394,22296,8.236155,association:22294
16394,82551,7.866334,association:82578
16394,21164,7.038299,association:82578
16394,22219,5.908491,association:22227
16394,22178,3.514088,association:85061W
16394,82494L,3.039265,association:82578
16407,22295,14.056376,association:22296
16407,22294,8.236155,association:22296
16407,22297,8.199538,association:22296
16407,22470,5.892542,association:84836
16407,22776,5.357044,association:22766
16407,22189,5.007067,association:47566B
16407,47566,4.968046,association:47566B
16407,22219,4.340932,association:22296
16407,22464,4.185181,association:82483
16407,21733,4.100453,association:85123A
16411,22738,86.681373,association:22739
16411,22593,35.112888,association:22577
16411,20970,33.780833,association:22569
16411,22635,28.603125,association:22634
16411,22594,27.584875,association:22578
16411,21914,25.246051,association:22553
16411,21559,21.605354,association:22631
16411,22735,21.396428,association:22739
16411,22583,19.103954,association:22582
16411,21915,18.368135,association:22554
16415,21713,59.036779,association:21714
16415,22494,18.08,association:21260
16415,22554,14.435077,association:22561
16415,85099F,14.412041,association:22411
16415,22551,13.82882,association:22561
16415,22457,12.413616,association:21901
16415,22384,10.87361,association:22386
16415,23182,10.016606,association:21900
16415,21929,9.971587,association:22386
16415,21977,9.753166,association:21901
16422,47599B,65.889239,association:47599A
16422,22568,10.932737,association:47599A
16426,82580,4.367145,association:21868
16426,21914,2.092592,association:22371
16426,22727,1.883333,association:22371
16426,22423,0.784722,association:22371
16437,22355,4.987586,association:22269
16437,22219,4.340932,association:22296
16437,85123A,3.556374,association:22294
16437,22469,2.660489,association:22295
16437,22178,2.537952,association:22295
16437,22086,1.860559,association:22809
16437,22457,1.090364,association:22295
16437,21733,0.799955,association:22295
16442,22747,142.291136,association:22748
16442,22643,49.197316,association:22604
16442,23102,44.64193,association:23101
16442,22566,39.236111,association:22587
16442,22209,34.876571,association:22208
16442,22737,34.234341,association:22739
16442,84596F,29.47067,association:84596B
16442,22565,28.25,association:22587
16442,22941,28.211627,association:23084
16442,22736,27.509694,association:22739
16458,82580,26.656222,association:82581
16458,85152,14.997292,association:21165
16458,22411,14.976253,association:85099F
16458,21166,14.225954,association:82581
16458,21175,13.612462,association:82581
16458,82578,11.790267,association:82581
16458,82582,11.614597,association:21165
16458,20713,10.114006,association:22386
16458,21181,9.877068,association:82583
16458,82494L,9.762909,association:82583
16466,22643,98.394632,association:22639
16466,22736,59.795408,association:22739
16466,22738,44.512245,association:22739
16466,22735,21.396428,association:22739
16466,21166,17.067292,association:21930
16466,22573,13.281897,association:22694
16466,23207,12.302938,association:22382
16466,20727,10.977316,association:22382
16466,21181,9.762351,association:21174
16466,20728,9.605057,association:21931
16471,22062,49.197316,association:37447
16471,37450,34.523231,association:37449
16471,37448,28.769359,association:37449
16471,21231,16.953126,association:84991
16471,84992,14.005788,association:84991
16471,21533,13.928302,association:21535
16471,21539,13.928302,association:21535
16471,22055,6.930863,association:21232
16471,21212,6.590127,association:21232
16471,22355,4.987586,association:22269
16478,22620,7.921646,association:21791
16478,22617,5.393689,association:22138
16478,22549,2.442982,association:21791
16478,21889,2.228135,association:21790
16478,21755,1.890721,association:22619
16478,22489,1.758949,association:21791
16478,21915,1.653133,association:21790
16478,21914,1.537417,association:21790
16478,22621,1.492934,association:21791
16478,22139,1.319685,association:22138
16497,23170,130.438489,association:22697
16497,22699,67.258124,association:23171
16497,21509,45.551432,association:22027
16497,23147,44.140625,association:23146
16497,22421,32.79821,association:22713
16497,21078,20.545455,association:22712
16497,22024,17.349288,association:22027
16497,84077,14.056376,association:22713
16497,21914,13.68362,association:21977
16497,22605,13.439729,association:21892
16523,22579,47.33317,association:22577
16523,22193,20.34,association:22192
16523,22593,18.036163,association:22577
16523,22191,16.071101,association:22192
16523,23343,14.125,association:23344
16523,21231,14.112033,association:84755
16523,21817,13.466988,association:22577
16523,22059,13.149091,association:22061
16523,85099B,12.879949,association:48194
16523,22594,12.642741,association:22578
16525,82482,6.254858,association:82494L
16525,21034,4.152738,association:22796
16525,21166,2.73318,association:22173
16525,20685,1.853645,association:48138
16525,21524,1.279651,association:48138
16525,85123A,0.905707,association:82494L
16525,21175,0.807683,association:82494L
16525,85099B,0.32359,association:48138
16539,22694,16.23343,association:22573
16539,22470,14.186488,association:21754
16539,21755,10.580226,association:21756
16539,22086,7.834176,association:22577
16539,85123A,4.556643,association:22577
16539,22111,4.254118,association:21810
16539,22602,4.058357,association:22595
16539,23263,3.616,association:22577
16539,22692,3.188709,association:21523
16539,22690,2.976129,association:21523
16540,22273,32.131212,association:22749
16540,20971,15.687007,association:22749
16540,22149,13.320492,association:22274
16540,22150,9.686501,association:20972
16540,22940,9.359814,association:20972
16540,22147,8.982595,association:20972
16540,22834,8.047202,association:22750
16540,22142,7.284804,association:22750
16540,22554,5.255109,association:22750
16540,22569,4.463927,association:22749
16549,21899,95.466361,association:21901
16549,47599A,65.889239,association:47599B
16549,22381,37.869905,association:20724
16549,22355,32.343044,association:20728
16549,21121,29.949893,association:22554
16549,22409,29.884268,association:22398
16549,20725,27.125438,association:21181
16549,21175,25.953743,association:22662
16549,84991,23.852222,association:21181
16549,22382,23.517734,association:21929
16556,21864,36.16,association:21866
16556,22557,17.175288,association:21977
16556,22192,15.066667,association:22191
16556,21867,14.464,association:21866
16556,22295,14.056376,association:22294
16556,22625,13.357932,association:22627
16556,21506,12.754837,association:22030
16556,22605,12.555558,association:22558
16556,22029,11.3,association:21507
16556,22193,10.814453,association:22191
16558,22312,115.712,association:22314
16558,23174,56.5,association:23173
16558,23175,50.446429,association:23173
16558,23100,36.525271,association:23101
16558,23171,32.765952,association:22699
16558,23170,26.236718,association:22699
16558,84596G,24.609768,association:84596B
16558,22697,24.540717,association:22699
16558,23209,23.121138,association:23202
16558,22698,22.537398,association:22699
16564,21756,3.591867,association:21754
16564,85123A,2.128344,association:21754
16564,22219,1.656019,association:21755
16564,84879,1.038403,association:21755
16564,21733,0.934592,association:21755
16564,21175,0.760873,association:21755
16564,22470,0.71153,association:21754
16564,22178,0.670293,association:21755
16565,21790,2.037755,association:15036
16565,22423,1.188691,association:15036
16574,22584,26.334108,association:22582
16574,23439,24.471759,association:22866
16574,22583,19.103954,association:22582
16574,22867,18.38496,association:22633
16574,21817,13.466988,association:22577
16574,22573,8.977992,association:22577
16574,22557,8.462934,association:22952
16574,84991,7.877999,association:84992
16574,22734,7.869187,association:22909
16574,22906,7.780519,association:22582
16592,22071,24.106667,association:22070
16592,21989,6.341585,association:21086
16592,21231,6.013484,association:21232
16592,21988,5.698402,association:21086
16592,84520B,4.565041,association:21080
16592,22139,4.540319,association:21094
16592,84991,3.929352,association:21210
16592,20728,3.887834,association:21232
16592,22558,3.687114,association:21212
16592,20727,3.644339,association:21232
16607,22675,76.870779,association:22672
16607,22674,49.197316,association:22672
16607,16156S,8.199538,association:16161P
16607,22754,3.433995,association:22759
16607,21385,2.384719,association:84836
16607,22577,2.232096,association:22759
16607,22865,2.232096,association:22759
16607,85123A,2.064253,association:84945
16607,22138,1.931622,association:22619
16607,21755,1.890721,association:22619
16609,85014B,14.125,association:85014A
16609,22381,12.886109,association:22379
16609,22380,9.723022,association:22379
16609,20713,9.525867,association:20712
16609,23207,8.35798,association:23209
16609,21411,8.025568,association:22508
16609,23206,7.70527,association:23209
16609,23208,7.132143,association:23209
16609,22176,6.428453,association:22179
16609,20728,5.813043,association:22379
16618,23175,56.51832,association:23171
16618,23146,44.140625,association:23147
16618,22699,41.880054,association:23171
16618,22697,39.249082,association:23170
16618,23173,34.560205,association:23170
16618,23163,16.740724,association:23171
16618,23245,4.783064,association:23171
16618,22630,2.017857,association:22698
16618,22423,0.784722,association:22698
16628,22753,88.133342,association:22754
16628,22384,27.722053,association:22379
16628,22380,27.259292,association:22379
16628,22632,26.579609,association:22865
16628,23209,22.802361,association:20728
16628,22144,20.507396,association:22141
16628,22662,19.627187,association:20726
16628,22382,19.406934,association:21931
16628,85099C,17.987976,association:22356
16628,85099F,14.737078,association:22356
16648,22582,32.010712,association:22585
16648,22605,15.150129,association:22607
16648,21912,10.471011,association:22607
16648,82580,9.872579,association:82552
16648,22634,8.35798,association:21888
16648,22606,8.195404,association:22607
16648,22189,8.071428,association:22188
16648,84991,7.506989,association:21212
16648,85150,7.284957,association:82551
16648,82583,6.256052,association:82551
16657,22900,30.905998,association:23505
16657,23101,29.884323,association:23100
16657,23503,29.51839,association:23504
16657,23344,27.200624,association:23084
16657,22750,22.488487,association:22751
16657,22081,17.117143,association:22082
16657,22331,15.694457,association:22333
16657,22749,15.054276,association:22751
16657,21507,14.020198,association:22037
16657,21506,12.754837,association:22030
16667,22187,40.177798,association:22186
16667,22085,23.907414,association:21207
16667,21673,23.251047,association:22772
16667,22352,19.479048,association:21559
16667,21669,19.072033,association:22966
16667,21672,18.600804,association:22771
16667,20975,16.825368,association:20974
16667,22835,16.757772,association:22111
16667,21987,14.367437,association:21207
16667,85014B,14.125,association:85014A
16668,22534,24.450809,association:22531
16668,22560,12.896494,association:22531
16668,22491,12.451778,association:22489
16668,21915,5.362301,association:22489
16668,22139,3.964913,association:22535
16668,22621,3.735534,association:22489
16668,22561,2.490356,association:22489
16668,21791,2.318607,association:22489
16668,22418,2.134591,association:22489
16668,21889,2.030186,association:22489
16670,23293,26.916488,association:23240
16670,23319,25.364779,association:23318
16670,23344,25.111124,association:23343
16670,23238,19.840858,association:23240
16670,23294,17.856772,association:23318
16670,23296,17.856772,association:23318
16670,23356,13.446289,association:22111
16670,22114,11.991233,association:23355
16670,23084,11.353227,association:23382
16670,22835,10.877812,association:22111
16679,21137,2.127059,association:79321
16679,22624,0.917406,association:22423
16679,22382,0.430619,association:22423
16679,47566,0.413732,association:22423
16679,20725,0.36393,association:22423
16679,85123A,0.216476,association:22423
16681,85123A,3.463603,association:21586
16681,22086,1.919157,association:22084
16681,21213,1.765625,association:22084
16681,21212,1.027273,association:22084
16681,85099B,0.649425,association:22084
16684,23307,4.099769,association:23245
16684,22720,2.98165,association:23245
16684,23171,2.733179,association:23245
16684,22423,1.39506,association:23245
16684,22961,1.311926,association:23245
16684,22411,0.840978,association:23245
16684,22086,0.713003,association:23245
16686,21238,71.586977,association:20675
16686,20676,68.23908,association:21240
16686,20686,44.64193,association:20684
16686,84997C,38.619663,association:21240
16686,21239,35.321344,association:20675
16686,21329,32.528558,association:21327
16686,84997D,29.427733,association:84997B
16686,22570,23.133078,association:20969
16686,20967,22.111683,association:20970
16686,22553,21.903315,association:22555
16691,84949,7.109162,association:22219
16691,82567,5.65,association:85014B
16691,15056P,5.136364,association:85014B
16691,21755,4.568559,association:22487
16691,21212,4.458651,association:85014B
16691,85123A,4.44833,association:85099C
16691,21928,4.314191,association:85099C
16691,22227,4.170701,association:22219
16691,22296,3.574887,association:22219
16691,20712,3.521789,association:85099C
16699,21509,17.089496,association:21508
16699,21507,12.555556,association:21508
16699,21791,7.178383,association:22556
16699,21914,5.766558,association:22617
16699,22554,5.143372,association:22556
16699,22553,5.143372,association:22556
16699,22029,5.022217,association:21508
16699,21790,4.85331,association:22617
16699,22027,4.783064,association:21508
16699,22557,4.447691,association:22617
16701,21533,17.142508,association:21539
16701,21531,9.642667,association:21539
16701,22909,7.429315,association:22952
16701,21484,4.982367,association:21481
16701,22620,4.944964,association:21704
16701,22950,4.776001,association:22952
16701,22734,4.680477,association:22952
16701,20728,4.669404,association:21479
16701,22114,4.575803,association:21481
16701,20727,4.291306,association:21479
16705,21974,15.535995,association:21984
16705,22138,9.349056,association:22617
16705,22355,7.793103,association:21982
16705,22423,5.913356,association:22617
16705,22748,2.127059,association:22617
16705,22139,1.854697,association:22617
16705,22621,1.395064,association:22617
16705,21914,1.339259,association:22617
16705,22605,1.255558,association:22617
16705,85099B,1.154533,association:22528
16710,22332,36.234042,association:21988
16710,22633,34.336736,association:22865
16710,22867,27.104084,association:22632
16710,21207,26.66647,association:21989
16710,22085,25.130427,association:21989
16710,22437,20.512278,association:21987
16710,21559,19.602033,association:22352
16710,21679,15.706517,association:21989
16710,23171,15.488714,association:23245
16710,22966,15.066667,association:23308
16720,22208,72.034322,association:22210
16720,21867,69.2125,association:21865
16720,37447,57.396854,association:22062
16720,85049G,31.388914,association:85049C
16720,85049F,26.157428,association:85049C
16720,21671,20.545455,association:21670
16720,21914,14.880666,association:22091
16720,85049D,14.349192,association:85049C
16720,21673,13.836721,association:21670
16720,21669,12.555556,association:21670
16730,21818,37.666666,association:21819
16730,22593,35.112888,association:22577
16730,22594,27.584875,association:22578
16730,22595,15.036123,association:22578
16730,23535,12.226531,association:23356
16730,21212,12.063332,association:22553
16730,22086,11.668519,association:21980
16730,23355,10.13515,association:23356
16730,22573,8.977992,association:22577
16730,22041,8.688976,association:21137
16733,22169,19.840858,association:22170
16733,15056P,19.292307,association:15056N
16733,22089,18.448961,association:22087
16733,20679,14.393204,association:15056N
16733,22465,6.277778,association:22464
16733,22178,6.020781,association:84978
16733,21124,5.676603,association:22087
16733,21122,5.271132,association:22087
16733,22090,3.976075,association:22087
16733,22487,3.343603,association:22464
16742,84949,4.658829,association:84970L
16742,22464,3.720756,association:84970L
16742,85123A,3.43682,association:84970L
16742,21385,2.384719,association:84836
16742,22219,1.929303,association:84970L
16742,22595,1.60147,association:84970S
16742,22457,1.58103,association:84970L
16742,82580,1.426007,association:84970L
16742,84978,1.130971,association:84970L
16742,82494L,1.014589,association:84836
16745,21668,83.328666,association:21670
16745,22774,44.64193,association:22772
16745,22775,35.713545,association:22772
16745,22356,25.172777,association:21977
16745,22355,18.51376,association:20728
16745,20725,18.27418,association:20719
16745,84991,14.887069,association:21232
16745,22720,14.650258,association:21977
16745,22383,12.178267,association:20719
16745,22382,10.64688,association:21929
16746,22384,10.090671,association:20712
16746,20713,9.525867,association:20712
16746,21559,8.302033,association:22352
16746,21558,7.174596,association:22352
16746,20726,6.681322,association:20712
16746,22383,6.643664,association:20725
16746,85099B,5.752224,association:20727
16746,85099C,4.826155,association:20712
16746,21561,4.68545,association:22352
16746,20724,4.399273,association:20725
16754,21224,32.285714,association:21679
16754,22437,30.556713,association:21987
16754,16235,28.25,association:21679
16754,22327,18.841373,association:21989
16754,22331,15.694457,association:22333
16754,21213,10.244574,association:21987
16754,21544,9.131304,association:22332
16754,22553,8.838813,association:84077
16754,22421,5.694124,association:84077
16754,22620,4.944964,association:21704
16759,85099B,13.234361,association:20749
16759,21928,10.374336,association:22386
16759,20681,9.809028,association:20682
16759,20684,9.809028,association:20682
16759,85099F,9.546648,association:23201
16759,22411,6.890849,association:22386
16759,20750,6.330088,association:20749
16759,21931,5.346918,association:22386
16759,21993,5.165714,association:23201
16759,22385,4.648409,association:22386
16779,21865,55.37,association:21867
16779,21094,35.487645,association:21989
16779,21987,25.60668,association:21086
16779,37448,24.996687,association:21166
16779,85152,23.833729,association:21930
16779,22386,20.015899,association:20727
16779,22131,18.677667,association:22195
16779,37450,18.677667,association:22059
16779,20725,18.184827,association:21181
16779,21988,17.286394,association:21086
16782,23206,4.783064,association:21937
16782,85099B,4.402405,association:82484
16782,20725,3.963414,association:21937
16782,21080,3.026786,association:21936
16782,20728,2.961214,association:21936
16782,84949,2.716752,association:82484
16782,22384,2.449862,association:21937
16782,22382,2.049885,association:21937
16782,22383,1.895176,association:21937
16782,20750,1.883333,association:21936
16794,20725,49.508892,association:21231
16794,84509A,28.25,association:84510A
16794,23322,27.163461,association:23321
16794,23202,27.057003,association:23209
16794,84596G,24.609768,association:84596B
16794,85123A,22.035446,association:23209
16794,22296,21.181942,association:22219
16794,85099B,20.399361,association:82552
16794,23203,19.365781,association:23206
16794,20718,18.155414,association:20723
16807,20674,66.038426,association:20675
16807,20676,51.861531,association:21240
16807,21242,29.66323,association:20675
16807,84997D,25.610834,association:84997B
16807,84997A,19.387441,association:84997C
16807,21244,17.117143,association:20675
16807,20725,15.672862,association:22617
16807,22384,13.546256,association:22356
16807,20727,12.456134,association:84997B
16807,20726,11.053823,association:84997C
16814,21671,66.133537,association:21669
16814,21670,56.169154,association:21672
16814,22774,44.64193,association:22772
16814,22771,42.558703,association:21669
16814,22775,35.713545,association:22772
16814,85123A,6.38466,association:82482
16814,20750,5.952258,association:21584
16814,22851,3.642402,association:22804
16814,22189,3.219623,association:22804
16814,22139,3.132767,association:21584
16816,21990,42.169128,association:21993
16816,23201,14.759194,association:21993
16818,82578,24.935545,association:82581
16818,22296,22.125738,association:22295
16818,82551,13.778127,association:82581
16818,21668,13.671609,association:21669
16818,21166,13.234203,association:82580
16818,85152,11.994334,association:82580
16818,82494L,11.982908,association:82600
16818,21672,11.904515,association:21669
16818,21169,11.235158,association:82600
16818,82582,10.304733,association:82580
16823,23054,156.944495,association:23051
16823,23049,56.5,association:23051
16823,22087,28.698427,association:22089
16823,22417,22.993757,association:21975
16823,22352,22.773519,association:21559
16823,21124,21.462506,association:22089
16823,21977,15.969109,association:22083
16823,22502,13.341191,association:22501
16823,21122,12.754837,association:22089
16823,84991,12.554499,association:21212
16827,85123A,0.865899,association:71053
16830,22379,28.147509,association:22380
16830,22186,24.106667,association:22187
16830,22356,13.213416,association:21930
16830,22664,11.160483,association:22380
16830,85099B,10.894294,association:22090
16830,85099F,8.364561,association:22090
16830,20723,6.877423,association:20724
16830,22384,6.802756,association:22386
16830,22055,6.439364,association:21232
16830,22383,6.427981,association:84755
16832,22041,8.688976,association:21137
16832,22365,7.142725,association:22366
16832,79321,2.502421,association:21137
16832,21731,2.057915,association:21137
16832,85123A,0.931363,association:22197
16832,22910,0.826514,association:22197
16832,22356,0.8136,association:22197
16832,21232,0.492392,association:22197
16832,22383,0.436649,association:22197
16841,22209,34.876571,association:22208
16841,84596F,29.47067,association:84596B
16841,22534,24.450809,association:22531
16841,20724,15.78068,association:22355
16841,22356,13.924817,association:22355
16841,84596G,8.719143,association:84596B
16841,20719,8.68055,association:20723
16841,22661,6.799777,association:22355
16841,22560,5.692242,association:22531
16841,20725,4.997264,association:84596B
16843,37447,57.396854,association:22062
16843,23266,45.2,association:23263
16843,23202,32.864967,association:23209
16843,22409,29.884268,association:22398
16843,23264,28.928,association:23263
16843,21679,28.25,association:16235
16843,22568,27.071487,association:22570
16843,20728,26.414003,association:23201
16843,23208,23.925019,association:23203
16843,22384,21.994364,association:85099F
16860,21164,30.450526,association:84839
16860,22294,9.370901,association:22295
16860,22296,9.370901,association:22295
16860,22189,8.071428,association:22188
16860,22365,7.142725,association:22366
16860,48184,6.559642,association:48187
16860,22427,6.068746,association:22424
16860,22297,5.694124,association:22295
16860,21733,3.561206,association:48194
16860,22694,2.98165,association:22470
16871,22749,27.271394,association:22569
16871,22751,24.286768,association:22940
16871,22427,13.795091,association:22429
16871,22417,10.808047,association:84991
16871,85231B,9.509524,association:84375
16871,84992,8.727319,association:21977
16871,22563,8.193965,association:22568
16871,21974,7.280509,association:21977
16871,21975,7.219078,association:21212
16871,22966,7.177069,association:21977
16873,22521,71.42717,association:22523
16873,22522,68.358044,association:22523
16873,22520,64.93379,association:22523
16873,22768,56.5,association:22767
16873,23296,43.193808,association:23318
16873,23294,37.876139,association:23318
16873,23319,37.505033,association:22086
16873,22524,35.713545,association:22523
16873,22525,35.713545,association:22523
16873,22993,25.184903,association:22720
16883,22294,17.607055,association:22296
16883,22297,13.893662,association:22295
16883,22059,13.149091,association:22061
16883,22227,9.608847,association:85061W
16883,21754,9.223491,association:22487
16883,22465,6.277778,association:22464
16883,22219,5.99695,association:21755
16883,22457,5.023479,association:85123A
16883,37450,5.004842,association:37449
16883,22055,4.549856,association:37449
16887,22186,24.106667,association:22187
16887,72802A,22.6,association:72802C
16887,21327,17.473782,association:21329
16887,21328,16.047321,association:21329
16887,21561,11.622857,association:21559
16887,22219,10.986863,association:84949
16887,22356,9.863471,association:21931
16887,84970L,8.894127,association:84949
16887,22352,8.717143,association:21559
16887,21558,7.91,association:21559
16892,23254,89.682504,association:23256
16892,22523,76.902778,association:22522
16892,22521,69.2125,association:22522
16892,22520,62.920455,association:22522
16892,23263,57.856,association:23264
16892,21715,22.706454,association:21718
16892,23318,20.752964,association:23319
16892,23293,15.821112,association:23319
16892,22569,12.130959,association:22560
16892,23294,11.953707,association:23319
16895,21900,61.41772,association:22607
16895,21902,50.500429,association:21901
16895,23156,49.197316,association:23158
16895,23266,45.2,association:23263
16895,23264,28.928,association:23263
16895,22563,28.160219,association:22564
16895,21933,27.100985,association:20718
16895,22605,24.791117,association:21899
16895,84596G,24.609768,association:84596B
16895,22562,22.533321,association:22553
16908,21431,10.016605,association:21429
16908,22114,8.619045,association:84029G
16908,22111,6.938333,association:84029G
16908,84029E,6.053571,association:84029G
16908,21485,5.034887,association:22112
16908,22835,5.018543,association:84029G
16908,23355,3.747617,association:84029G
16908,84030E,3.138895,association:84029G
16908,21730,2.790129,association:84029G
16908,20749,1.669434,association:21429
16912,22639,57.396854,association:22643
16912,22112,19.807512,association:84029E
16912,22557,7.67419,association:22739
16912,22835,7.302181,association:84029G
16912,22427,6.068746,association:22424
16912,22086,5.471866,association:84029G
16912,22748,5.034454,association:22739
16912,21484,4.988334,association:22114
16912,23356,4.947101,association:22111
16912,22352,4.07551,association:22739
16919,84596B,52.77257,association:84596G
16919,37450,41.277667,association:22059
16919,85152,40.659846,association:84596F
16919,21232,21.920113,association:21181
16919,21174,17.723017,association:21181
16919,21169,16.402062,association:21181
16919,82583,16.171347,association:21181
16919,21231,15.527268,association:84596F
16919,21908,15.319036,association:21175
16919,37447,14.349192,association:37448
16923,23395,107.875332,association:23393
16923,23321,58.543086,association:23332
16923,21899,55.486814,association:21901
16923,21902,50.500429,association:21901
16923,23209,30.004292,association:22384
16923,20725,24.179621,association:22114
16923,22662,22.415554,association:22356
16923,22355,22.289998,association:22382
16923,20719,20.315138,association:20727
16923,22383,16.683851,association:22356
16928,21673,23.251047,association:22772
16928,21672,18.600804,association:22771
16928,21669,15.500671,association:22771
16928,21670,12.754837,association:22772
16928,21671,9.131304,association:22771
16934,23145,59.036779,association:23144
16934,23322,27.163461,association:23321
16934,22296,17.607055,association:22294
16934,23355,12.769277,association:22835
16934,22111,12.714758,association:22835
16934,23535,12.226531,association:23356
16934,22114,11.480046,association:23356
16934,22227,9.608847,association:85061W
16934,22429,9.438737,association:22427
16934,22595,8.242418,association:84970S
16945,21928,13.903396,association:23203
16945,22411,12.90359,association:23203
16945,21930,12.78341,association:22386
16945,21929,10.577266,association:22386
16945,23199,8.27246,association:85099F
16945,22356,8.226354,association:85099F
16945,23200,8.078187,association:23203
16945,23201,7.832506,association:23203
16945,20725,6.875651,association:85099C
16945,23208,6.199126,association:23203
16946,21746,28.25,association:21749
16946,22071,24.106667,association:22070
16946,20972,8.778445,association:20971
16946,22617,6.289449,association:20971
16946,22139,5.918983,association:20750
16946,20728,5.404082,association:22138
16946,22149,3.941336,association:20971
16946,22356,3.59842,association:20971
16946,21212,3.287273,association:20750
16946,84991,2.836078,association:21749
16960,23294,49.829846,association:23319
16960,22865,43.308409,association:22633
16960,23296,43.193808,association:23318
16960,22144,40.343811,association:22142
16960,22866,29.98463,association:22633
16960,23101,29.884323,association:23100
16960,22046,16.740724,association:22716
16960,22141,15.564723,association:22142
16960,23295,13.933951,association:23293
16960,20727,13.682242,association:22633
16977,22464,16.740749,association:22465
16977,22508,11.673542,association:21411
16977,82482,6.254858,association:82494L
16977,84755,3.354357,association:71459
16977,21733,1.107683,association:85123A
16977,22178,0.98834,association:71459
16977,21755,0.847837,association:71459
16977,21175,0.807683,association:82494L
16977,22457,0.463125,association:85123A
17019,20754,5.765308,association:20751
17019,POST,5.136363,association:22895
17019,85099B,3.716508,association:48138
17019,20685,3.583063,association:21524
17019,20723,2.635566,association:20751
17019,21877,1.867767,association:21524
17019,48184,1.867767,association:21524
17019,22197,1.475917,association:20751
17019,22558,1.245178,association:21524
17019,85123A,1.215823,association:21524
17021,22086,1.860559,association:22809
17027,22961,5.881707,association:22720
17027,23243,4.97765,association:22993
17027,22979,3.857067,association:22993
17027,22666,3.7064,association:22993
17027,22960,3.457409,association:22720
17027,22722,2.945926,association:22993
17027,22998,2.103855,association:22993
17027,22558,1.506667,association:22993
17027,23245,1.42306,association:22720
17027,22197,1.417472,association:22993
17031,23209,20.847883,association:23202
17031,23203,17.067265,association:23199
17031,23206,16.565739,association:20727
17031,23207,12.857814,association:20727
17031,22662,12.838562,association:22384
17031,23201,12.622049,association:23202
17031,22382,12.556309,association:20727
17031,85099F,10.743461,association:23202
17031,22386,10.665189,association:22383
17031,20724,7.754917,association:22383
17033,21715,28.160219,association:21716
17033,21156,2.973684,association:20749
17033,21731,2.643272,association:20750
17033,22138,1.781923,association:20750
17033,POST,1.461012,association:20750
17033,20719,1.35736,association:20749
17033,21429,1.32164,association:20749
17033,22326,1.095758,association:20750
17033,20728,1.066038,association:20749
17033,85099B,1.01671,association:20749
17034,23321,33.431962,association:23322
17034,21544,25.364779,association:21504
17034,21509,9.920429,association:21504
17034,84978,5.995412,association:23322
17034,21213,5.580242,association:21504
17034,22457,4.77188,association:22178
17034,84946,4.361247,association:22178
17034,22470,3.183992,association:23322
17034,22384,2.087456,association:23322
17034,82494L,1.94513,association:23322
17041,23295,83.788497,association:23293
17041,23318,40.831199,association:23293
17041,23319,23.386267,association:23293
17041,23238,19.840858,association:23240
17041,20727,15.762085,association:22382
17041,22383,13.715236,association:20725
17041,23245,12.184965,association:22720
17041,23207,11.205337,association:22382
17041,22662,10.932072,association:22384
17041,20726,8.47237,association:23209
17043,22745,34.408314,association:22748
17043,22746,29.114727,association:22748
17043,22747,28.436601,association:22748
17043,22739,3.849878,association:22748
17043,22940,3.849878,association:22748
17043,22617,3.753631,association:22748
17043,22553,3.007722,association:22748
17043,23084,3.007722,association:22748
17043,21914,2.896326,association:22748
17043,22551,2.792885,association:22748
17044,82581,32.840635,association:85152
17044,21908,22.455876,association:82552
17044,21166,19.652311,association:82582
17044,82578,19.160724,association:82551
17044,85150,18.257567,association:82582
17044,21175,17.996436,association:82580
17044,21174,13.648267,association:82582
17044,82583,13.072781,association:21181
17044,85123A,11.355751,association:21181
17044,21165,8.377609,association:82582
17047,22562,45.617461,association:22569
17047,22570,32.36447,association:22563
17047,82580,19.983539,association:21172
17047,85152,19.519954,association:21164
17047,22560,18.433292,association:22147
17047,22294,17.607055,association:22296
17047,22297,13.893662,association:22295
17047,21166,12.353718,association:82582
17047,85174,12.226531,association:22207
17047,22366,11.904515,association:22365
17065,82580,23.257018,association:82578
17065,82581,15.418043,association:82578
17065,21212,10.557256,association:21216
17065,82551,7.866334,association:82578
17065,21164,7.038299,association:82578
17065,22417,5.903533,association:84991
17065,21975,4.897507,association:21977
17065,84992,4.29485,association:21977
17065,21154,4.285635,association:21216
17065,84987,3.745848,association:84991
17084,22314,115.712,association:22312
17084,22482,76.870779,association:22480
17084,51014L,73.795974,association:51014A
17084,22574,46.502095,association:22573
17084,22358,44.64193,association:22357
17084,22421,40.675873,association:22419
17084,22577,38.503701,association:22759
17084,22209,34.876571,association:22208
17084,22211,34.876571,association:22208
17084,22865,32.144916,association:22952
17088,21238,27.58527,association:21240
17088,20675,15.453222,association:21239
17088,21241,14.759169,association:21240
17088,20981,11.268681,association:20983
17088,22840,10.044434,association:22776
17088,84029G,9.416666,association:84030E
17088,23202,8.334019,association:23203
17088,22189,8.071428,association:22188
17088,84997C,7.969078,association:21240
17088,20676,7.969078,association:21240
17091,22835,10.843597,association:84029G
17091,21481,7.691587,association:22114
17091,21231,6.013484,association:21232
17091,23355,5.650775,association:84029G
17091,23356,4.947101,association:22111
17091,21479,3.831009,association:84029E
17091,85123A,3.426648,association:84029E
17091,22064,3.314797,association:21232
17091,47559B,3.277179,association:21232
17091,84030E,3.138895,association:84029G
17101,23504,20.662857,association:23503
17101,23302,15.938339,association:23300
17101,23182,13.946046,association:23300
17101,22114,7.853263,association:23355
17101,22835,7.391302,association:23355
17101,22111,6.842184,association:23355
17101,84032B,6.113265,association:23356
17101,22113,5.349107,association:23356
17101,21993,5.165714,association:23201
17101,23084,4.958864,association:23201
17135,22055,6.439364,association:21232
17135,22064,5.825913,association:21231
17135,22645,4.024667,association:21232
17135,22646,3.755122,association:21231
17135,85049E,3.642402,association:84347
17135,47559B,2.850124,association:21231
17135,37450,2.511116,association:21231
17135,84991,2.030818,association:21231
17135,22649,1.793654,association:21231
17135,85123A,1.390209,association:21231
17147,84987,4.887549,association:84988
17147,21974,2.634127,association:84988
17147,84992,2.383258,association:84988
17147,21212,1.421833,association:84988
17147,22411,1.283293,association:84988
17147,22720,1.137464,association:84988
17147,84991,0.981342,association:84988
17147,85123A,0.431452,association:84988
17180,21987,48.849341,association:21086
17180,21989,33.784046,association:21213
17180,21080,28.133674,association:21078
17180,21212,25.29339,association:21232
17180,37449,21.448318,association:37448
17180,22712,14.942134,association:21078
17180,23171,12.755535,association:22699
17180,22437,11.953707,association:21988
17180,22951,11.477932,association:21977
17180,21207,10.867007,association:21988
17191,82581,42.619813,association:21174
17191,85152,17.87759,association:82551
17191,21166,16.36603,association:82551
17191,82552,10.228258,association:82580
17191,21169,9.131304,association:82583
17191,85150,8.784747,association:21175
17191,21164,8.477359,association:82580
17191,82482,7.845881,association:21175
17191,82600,7.740651,association:21175
17191,21181,7.231433,association:82583
17204,22846,9.183503,association:22847
17204,22960,3.863244,association:22847
17204,22666,2.571381,association:22847
17204,22726,2.472482,association:22847
17204,22727,2.142818,association:22847
17204,22720,1.461012,association:22847
17204,22457,1.367756,association:22847
17214,23323,21.396428,association:23322
17214,23355,14.464285,association:22114
17214,22835,14.400923,association:22111
17214,23535,12.226531,association:23356
17214,21485,8.207172,association:22112
17214,84029G,8.174483,association:22111
17214,85123A,8.030013,association:21754
17214,21216,7.969138,association:21217
17214,22113,7.108627,association:22111
17214,23103,6.277778,association:23321
17220,22271,19.30136,association:22149
17220,21327,17.473782,association:21329
17220,21328,16.047321,association:21329
17220,22621,15.402617,association:22560
17220,84380,10.220336,association:20682
17220,22489,9.576481,association:22561
17220,20971,8.299979,association:22560
17220,21914,7.601538,association:22147
17220,22273,7.429315,association:22274
17220,20972,6.607325,association:22147
17236,23526,73.795974,association:23535
17236,23146,44.140625,association:23147
17236,22142,43.853143,association:22141
17236,23344,30.574069,association:23203
17236,23382,25.509674,association:23343
17236,22728,24.405337,association:22727
17236,23356,22.706454,association:23535
17236,22632,22.297504,association:22633
17236,22865,19.487628,association:22633
17236,22730,18.889905,association:22727
17238,84032A,33.962887,association:84032B
17238,22900,30.905998,association:23505
17238,22553,22.518531,association:22748
17238,23200,19.696139,association:23201
17238,22551,18.50865,association:22748
17238,22489,18.262635,association:22491
17238,22111,17.363871,association:23355
17238,22557,14.978941,association:23084
17238,22632,14.684872,association:22866
17238,23343,14.125,association:23344
17243,22843,72.642857,association:22841
17243,22835,13.200445,association:84029G
17243,21485,13.193581,association:84029E
17243,22776,12.053333,association:22840
17243,23356,11.881674,association:22111
17243,22720,10.688123,association:82484
17243,82483,8.370362,association:82486
17243,22632,7.612632,association:22633
17243,48129,6.583516,association:48111
17243,48194,6.559575,association:21955
17244,84596G,14.942134,association:22174
17244,21908,7.689974,association:82582
17244,85152,6.081621,association:82582
17244,82581,4.925612,association:82582
17244,22759,4.754762,association:22754
17244,82580,3.64067,association:82582
17244,21164,2.248529,association:82582
17244,21907,1.953011,association:82582
17244,21181,1.864241,association:82582
17244,21175,1.662701,association:82582
17275,22376,63.058036,association:22371
17275,22419,49.714941,association:22421
17275,22713,25.509674,association:22421
17275,22699,23.313684,association:22697
17275,22698,20.34,association:22697
17275,84077,13.286313,association:22421
17275,22374,11.035156,association:22371
17275,21914,8.706212,association:22371
17275,22197,8.345252,association:22649
17275,22632,7.612632,association:22633
17289,22751,33.184388,association:20972
17289,85049G,31.388914,association:85049C
17289,85049F,26.157428,association:85049C
17289,22273,24.701897,association:22749
17289,22149,14.668322,association:22749
17289,85049D,14.349192,association:85049C
17289,22274,13.598655,association:22749
17289,21175,12.677054,association:85152
17289,21980,10.503984,association:21985
17289,21181,9.191514,association:21166
17293,22942,3.566071,association:23084
17293,23382,3.056633,association:23084
17293,23344,2.0895,association:23084
17293,22748,1.966589,association:23084
17293,23100,1.94513,association:23084
17293,21914,1.783036,association:23084
17293,22746,1.645879,association:23084
17293,84032B,1.528316,association:23084
17293,22697,1.494213,association:84945
17293,23301,1.453565,association:23084
17306,22971,39.236111,association:22970
17306,22900,9.195159,association:22616
17306,21166,4.427299,association:22616
17307,21231,6.013484,association:21232
17307,22064,3.314797,association:21232
17307,22055,2.381007,association:21232
17307,22646,2.046175,association:21232
17307,22645,1.746072,association:21232
17307,47559B,1.45506,association:21232
17307,84991,1.155486,association:21232
17307,85123A,0.90314,association:21232
17307,20725,0.854055,association:21232
17307,21213,0.818471,association:21232
17312,23344,6.277771,association:23284
17312,22423,0.332733,association:21034
17312,85123A,0.269746,association:21034
17314,22624,0.917406,association:22423
17314,22910,0.826514,association:22197
17314,22356,0.8136,association:22197
17314,85123A,0.593662,association:22423
17314,21232,0.492392,association:22197
17314,22383,0.436649,association:22197
17314,22382,0.430619,association:22423
17314,47566,0.413732,association:22423
17314,20725,0.36393,association:22423
17315,22699,27.011632,association:23171
17315,22085,23.907414,association:21207
17315,23163,16.740724,association:23171
17315,22372,15.890625,association:22371
17315,21867,14.464,association:21866
17315,21987,14.367437,association:21207
17315,22697,13.824082,association:23170
17315,22376,12.611607,association:22371
17315,22374,11.035156,association:22371
17315,21988,10.867007,association:21207
17338,21239,28.737827,association:21240
17338,21241,14.759169,association:21240
17338,21238,12.772358,association:21240
17338,20675,8.869705,association:21240
17338,21928,5.604087,association:85099B
17338,22386,4.966613,association:85099B
17338,85099F,4.627004,association:85099B
17338,21931,4.188006,association:85099B
17338,84997C,3.689792,association:21240
17338,20676,3.689792,association:21240
17340,22725,39.197103,association:22726
17340,22219,12.916166,association:84970L
17340,23535,12.226531,association:23356
17340,22469,10.240621,association:84946
17340,82582,9.826087,association:21908
17340,22457,9.520279,association:84970L
17340,85123A,9.09969,association:22178
17340,21917,8.828125,association:21918
17340,84970S,8.388312,association:84755
17340,22114,7.853263,association:23355
17346,22480,89.682504,association:22482
17346,22697,49.965717,association:22699
17346,22420,35.713545,association:22421
17346,22630,32.578768,association:22699
17346,22355,31.160375,association:20725
17346,21746,28.25,association:21749
17346,16235,28.25,association:21679
17346,21914,27.533523,association:22553
17346,21363,24.598658,association:21361
17346,21935,22.785992,association:22356
17350,22659,17.117171,association:22900
17350,23369,17.117143,association:22900
17350,23201,14.759194,association:21993
17350,23505,14.264285,association:22900
17350,22711,8.035566,association:21497
17350,22616,7.780519,association:22900
17350,POST,5.136363,association:22895
17350,20751,4.035714,association:20754
17350,21867,3.616,association:20754
17350,20914,1.98439,association:20754
17353,23207,12.302938,association:22382
17353,20728,10.580283,association:22382
17353,22384,10.020747,association:22662
17353,20727,8.644935,association:22382
17353,23209,8.441648,association:22382
17353,20726,4.966646,association:22662
17353,22629,4.912129,association:22382
17353,23206,4.358129,association:22662
17353,20724,4.078676,association:22383
17353,21931,3.928381,association:20725
17354,23294,36.608286,association:23295
17354,23296,26.89589,association:23295
17354,23293,21.534285,association:23295
17354,23355,11.894737,association:23503
17354,21172,11.894737,association:21070
17354,22077,9.047934,association:84380
17354,21977,7.916942,association:84380
17354,22632,7.612632,association:22633
17354,21212,6.917584,association:84380
17354,23301,6.288696,association:23503
17368,21283,57.396854,association:21282
17368,21900,29.654481,association:21901
17368,21899,25.832334,association:21901
17368,21902,25.250215,association:21901
17368,22605,14.430195,association:21901
17368,15056P,12.583594,association:15056BL
17368,85152,11.576664,association:21901
17368,20679,10.052272,association:15056BL
17368,85123A,9.698449,association:15056BL
17368,21754,8.602079,association:21755
17377,22745,103.642596,association:22746
17377,22748,87.055056,association:22739
17377,84279B,44.64193,association:84279P
17377,22737,34.234341,association:22739
17377,22736,27.509694,association:22739
17377,22272,21.994017,association:20972
17377,22633,20.386108,association:22865
17377,22273,18.502687,association:22326
17377,23439,18.193982,association:22866
17377,20971,17.705512,association:22271
17381,22562,26.106129,association:22492
17381,22564,23.827885,association:22563
17381,22900,11.126154,association:22659
17381,22560,8.237754,association:22492
17381,22630,8.071428,association:22659
17381,22631,7.612632,association:22659
17381,22418,6.612114,association:22492
17381,22569,5.814247,association:22563
17381,22421,5.694124,association:84077
17381,22568,4.952877,association:22563
17382,21866,14.464,association:21867
17382,20754,7.232,association:21867
17389,22607,14.392632,association:22605
17389,22606,10.067273,association:22605
17389,84970L,5.49077,association:84970S
17389,21781,4.52,association:22605
17389,21891,4.282105,association:22605
17389,21892,3.323529,association:22605
17389,21912,3.013333,association:22605
17389,21901,2.973684,association:22605
17389,20982,2.410667,association:22605
17389,22464,2.354167,association:84970S
17390,22585,19.868112,association:22582
17390,22583,19.103954,association:22582
17390,22469,8.548468,association:22696
17390,22457,6.924256,association:22456
17390,22556,6.583516,association:22584
17390,84991,6.194841,association:21181
17390,85152,4.785389,association:21181
17390,22632,4.504511,association:22582
17390,22557,4.457589,association:22582
17390,21166,3.720161,association:21181
17402,22138,1.931622,association:22619
17402,21755,1.890721,association:22619
17406,22963,115.712,association:22962
17406,21232,30.361429,association:22197
17406,22841,28.25,association:22840
17406,37450,27.604842,association:37449
17406,22059,27.254168,association:22649
17406,85152,22.859191,association:82580
17406,82482,17.559269,association:82600
17406,21212,17.168575,association:84987
17406,21231,16.535101,association:84991
17406,82551,15.73597,association:82581
17416,21232,3.799313,association:22243
17416,20727,3.433995,association:22243
17416,23298,3.128031,association:47566
17416,47566B,1.656019,association:47566
17416,47590B,1.112189,association:47566
17416,22090,0.767027,association:47566
17416,22423,0.584091,association:47566
17416,84879,0.461513,association:47566
17416,85123A,0.242692,association:47566
17421,22524,115.712,association:22525
17421,22523,64.284445,association:22525
17421,22521,57.856,association:22525
17421,22520,52.596364,association:22525
17421,21327,44.080635,association:22553
17421,22750,37.410303,association:21328
17421,22141,31.97066,association:22142
17421,21329,18.980997,association:22149
17421,22272,17.089511,association:22271
17421,22274,15.897444,association:22150
17428,22812,39.236111,association:22813
17428,21749,35.3125,association:21746
17428,22659,20.96372,association:22629
17428,22382,19.458474,association:22630
17428,22716,18.833333,association:22711
17428,21497,15.066667,association:22711
17428,22720,13.994174,association:22630
17428,23171,12.755535,association:22699
17428,22355,12.31999,association:22993
17428,20723,11.992316,association:22662
17429,22375,44.140625,association:22374
17429,84032A,33.962887,association:84032B
17429,22193,20.34,association:22192
17429,22191,16.071101,association:22192
17429,22372,15.890625,association:22371
17429,22376,12.611607,association:22371
17429,21175,9.893446,association:82600
17429,85152,8.751707,association:82600
17429,21166,8.059361,association:21174
17429,21232,7.850934,association:21231
17430,20975,16.825368,association:20974
17430,22501,10.482379,association:22502
17430,20973,8.071428,association:20974
17430,22418,4.035714,association:20974
17430,22961,3.423429,association:22969
17430,85123A,2.91419,association:71477
17430,84077,2.690476,association:20974
17430,22553,2.173077,association:20974
17430,21213,1.765625,association:20974
17430,22469,1.570124,association:22502
17434,22810,30.94845,association:22809
17434,20983,25.586889,association:20982
17434,85152,23.338374,association:21903
17434,21504,20.752964,association:21544
17434,21166,18.697176,association:21174
17434,21175,18.172196,association:82600
17434,82583,17.380792,association:21181
17434,85150,14.025911,association:21174
17434,22112,12.259426,association:21485
17434,22114,11.948554,association:21485
17442,23526,73.795974,association:23535
17442,22728,24.405337,association:22727
17442,22630,21.271175,association:22726
17442,23240,19.840858,association:23238
17442,22730,18.889905,association:22727
17442,22086,15.484514,association:23356
17442,22725,14.688668,association:22726
17442,22729,13.917594,association:22727
17442,23293,13.294118,association:23236
17442,23355,10.13515,association:23356
17448,21282,49.197316,association:21283
17448,21544,25.364779,association:21504
17448,21509,9.920429,association:21504
17448,84029G,9.525673,association:22111
17448,22294,9.370901,association:22295
17448,22296,9.370901,association:22295
17448,21181,8.697597,association:21165
17448,22149,8.298594,association:21903
17448,84839,8.013284,association:21164
17448,22115,7.825488,association:21164
17449,22208,78.472223,association:22211
17449,21715,50.866673,association:21718
17449,85049C,26.87717,association:22487
17449,21175,24.454297,association:82494L
17449,85152,23.203214,association:21164
17449,22170,19.840858,association:22169
17449,85123A,19.352009,association:22178
17449,82552,18.244936,association:82580
17449,21908,17.619664,association:21174
17449,82600,16.361012,association:21164
17450,22726,36.625127,association:22993
17450,22729,35.373175,association:22730
17450,22727,33.926443,association:22993
17450,22725,24.508434,association:22730
17450,22720,14.2766,association:22993
17450,22961,11.158763,association:22993
17450,22367,8.035556,association:22898
17450,22112,7.885213,association:22114
17450,23198,6.790865,association:23243
17450,22998,5.391127,association:22993
17454,20724,17.983183,association:20749
17454,22355,15.326205,association:20728
17454,20727,12.834983,association:20712
17454,22384,12.138629,association:20712
17454,20723,11.517141,association:20728
17454,85099B,10.330899,association:20749
17454,21431,10.016605,association:21429
17454,85099C,9.593734,association:22356
17454,20726,8.492509,association:21156
17454,20750,7.665635,association:21156
17466,23200,25.845793,association:23201
17466,84997D,25.610834,association:84997B
17466,84997A,19.387441,association:84997C
17466,23203,16.536531,association:85099F
17466,85099B,16.385994,association:84997B
17466,22192,15.066667,association:22191
17466,23206,12.004117,association:23201
17466,22193,10.814453,association:22191
17466,47566,10.532147,association:22423
17466,23209,10.124328,association:23202
17490,22726,32.644429,association:22727
17490,22728,27.572,association:22727
17490,22729,23.838797,association:22727
17490,22725,18.180434,association:22727
17490,23209,9.539866,association:23206
17490,22423,8.277616,association:22558
17490,22961,7.784354,association:23245
17490,22720,7.346536,association:22624
17490,23207,6.277771,association:23206
17490,21936,6.277771,association:21937
17511,20961,50.222247,association:20963
17511,21240,45.666142,association:20676
17511,21500,43.944419,association:21499
17511,22971,39.236111,association:22970
17511,84997B,36.550937,association:21930
17511,21238,36.250609,association:84997C
17511,22027,33.349948,association:22716
17511,21900,31.763239,association:21165
17511,21901,25.832334,association:21899
17511,21902,25.250215,association:21899
17519,47599B,65.889239,association:47599A
17519,21121,28.691279,association:21124
17519,21123,23.061234,association:21122
17519,21080,22.366039,association:21094
17519,22568,10.932737,association:47599A
17519,21989,6.341585,association:21086
17519,21034,5.791485,association:21122
17519,21988,5.698402,association:21086
17519,85123A,3.549527,association:21122
17519,22077,3.056633,association:21124
17530,23393,86.863982,association:23395
17530,23000,39.84569,association:22998
17530,22089,23.058169,association:21122
17530,22605,18.304142,association:22606
17530,82494L,15.24402,association:22998
17530,22607,14.155732,association:22606
17530,22952,13.955951,association:22086
17530,22087,11.384397,association:21122
17530,84375,10.621567,association:22966
17530,23308,8.035566,association:22966
17542,22380,27.259292,association:22379
17542,22562,24.453101,association:22563
17542,22564,23.827885,association:22563
17542,20982,20.200172,association:20983
17542,72802C,18.08,association:72802A
17542,22560,14.870639,association:22621
17542,22417,14.025709,association:84991
17542,21212,13.280564,association:84991
17542,22356,11.805453,association:22379
17542,20981,11.268681,association:20983
17547,22271,24.481914,association:22273
17547,20967,22.111683,association:20970
17547,22749,14.353313,association:22273
17547,22569,13.958827,association:20970
17547,22570,10.886483,association:20969
17547,22179,9.642667,association:22176
17547,22560,8.503225,association:85227
17547,22367,6.325681,association:21156
17547,21790,6.289368,association:22274
17547,22272,5.580241,association:22273
17552,22557,15.066883,association:22554
17552,22553,8.735606,association:22551
17552,22556,8.735606,association:22551
17552,22555,4.980679,association:22551
17552,21889,4.676027,association:22554
17552,22139,4.340288,association:22554
17552,22560,3.779211,association:22561
17552,22530,3.714667,association:22554
17552,22614,2.674553,association:22554
17552,22745,2.620587,association:22551
17553,21137,2.127059,association:79321
17572,22699,23.313684,association:22697
17572,22698,20.34,association:22697
17572,23171,4.708333,association:22697
17572,23170,3.287273,association:22697
17572,84945,1.643636,association:22697
17572,22630,1.291429,association:22697
17572,22629,1.13,association:22697
17572,22178,0.860952,association:22697
17572,22423,0.784722,association:22697
17572,22457,0.769362,association:22697
17591,21181,22.336979,association:82583
17591,22413,17.743668,association:21166
17591,82600,13.881128,association:21175
17591,21174,11.145319,association:21166
17591,21907,9.111975,association:21175
17591,21908,8.215405,association:21175
17591,85150,7.750388,association:21175
17591,82581,6.70362,association:21166
17591,82551,5.908491,association:82583
17591,21165,5.534246,association:85152
17596,23076,34.876571,association:23077
17596,20974,15.835647,association:20975
17596,47590A,14.464,association:47590B
17596,21917,8.828125,association:21918
17596,47589,7.232,association:47590B
17596,22090,7.226287,association:47566
17596,21989,6.341585,association:21086
17596,21988,5.698402,association:21086
17596,21070,5.008303,association:21172
17596,23298,4.574431,association:47590B
17603,22297,13.893662,association:22295
17603,85123A,4.586866,association:22294
17603,22219,4.340932,association:22296
17603,22469,2.660489,association:22295
17603,22178,2.537952,association:22295
17603,22457,1.090364,association:22295
17603,21733,0.799955,association:22295
17611,22524,118.268879,association:22523
17611,22525,88.548959,association:22520
17611,21988,63.089883,association:22332
17611,22085,56.519341,association:21989
17611,20686,44.64193,association:20684
17611,22027,43.181816,association:21509
17611,22046,37.666666,association:22045
17611,22998,36.525271,association:23000
17611,84991,35.913355,association:21889
17611,22211,34.876571,association:22208
17618,20969,57.180242,association:22570
17618,22208,39.236111,association:22209
17618,22751,36.964048,association:22940
17618,22644,25.207693,association:22645
17618,20674,12.304445,association:20676
17618,20677,12.053333,association:20676
17618,47559B,11.67502,association:84991
17618,20675,11.126154,association:20676
17618,22418,11.066231,association:22489
17618,21242,10.067273,association:20676
17621,22810,30.94845,association:22809
17621,23302,15.938339,association:23300
17621,21899,14.143266,association:23301
17621,21900,13.333798,association:23301
17621,20972,8.778445,association:20971
17621,23355,7.353723,association:23301
17621,22457,6.78235,association:23301
17621,23344,6.277771,association:23284
17621,22188,4.61224,association:22189
17621,22197,4.542908,association:22086
17631,22569,12.130981,association:22568
17631,22570,9.979479,association:22568
17631,20681,9.809028,association:20682
17631,20684,9.809028,association:20682
17631,23209,9.539866,association:23206
17631,20725,7.185783,association:22423
17631,23207,6.277771,association:23206
17631,22634,6.277771,association:22636
17631,21217,5.844048,association:21216
17631,23204,5.694124,association:23206
17634,23301,32.541227,association:84596B
17634,20675,25.493591,association:20676
17634,21238,25.0353,association:20676
17634,84596G,24.609768,association:84596B
17634,20723,21.824035,association:20719
17634,21231,21.350636,association:84596F
17634,22372,15.890625,association:22371
17634,23207,14.125,association:23205
17634,22376,12.611607,association:22371
17634,20674,12.304445,association:20676
17639,21668,34.275475,association:21670
17639,21673,29.401443,association:21670
17639,21669,27.497716,association:21670
17639,21672,25.617671,association:21670
17639,22771,9.961422,association:21671
17639,22772,8.199538,association:21670
17639,85123A,1.300238,association:21034
17639,22423,0.332733,association:21034
17651,20724,23.59574,association:21929
17651,22355,19.182249,association:22381
17651,85099C,17.651441,association:22356
17651,20723,14.845485,association:21929
17651,20728,14.462495,association:85099B
17651,85099F,14.439174,association:22356
17651,20725,12.854221,association:22381
17651,22664,11.160483,association:22380
17651,21931,10.955502,association:22356
17651,22386,10.254032,association:22381
17654,22643,49.197316,association:22604
17654,21531,26.785199,association:21535
17654,21671,20.545455,association:21670
17654,21673,13.836721,association:21670
17654,22427,13.795091,association:22429
17654,22627,12.996954,association:22625
17654,21669,12.555556,association:21670
17654,22772,8.199538,association:21670
17654,21672,7.687078,association:21670
17654,21668,7.379584,association:21670
17655,22593,19.53087,association:22595
17655,21169,16.244612,association:85152
17655,21175,15.907785,association:22413
17655,21181,12.813849,association:22413
17655,22594,12.555543,association:22595
17655,22111,11.550233,association:22835
17655,82583,10.685073,association:85152
17655,84029G,8.174483,association:22835
17655,22470,7.621505,association:22112
17655,23355,6.963262,association:22114
17666,22294,17.607055,association:22296
17666,22297,13.893662,association:22295
17666,85061W,11.210326,association:22227
17666,22219,10.249423,association:22296
17666,22189,8.071428,association:22188
17666,85123A,4.510631,association:22295
17666,22469,2.660489,association:22295
17666,48194,1.948276,association:22188
17666,22457,1.090364,association:22295
17666,84879,0.92623,association:22188
17668,23170,46.227273,association:23171
17668,23172,43.944419,association:23171
17668,23173,19.618071,association:23171
17668,23163,16.740724,association:23171
17668,23175,14.349192,association:23171
17668,22627,12.996954,association:22625
17668,22697,7.847228,association:23171
17668,22989,6.341195,association:22722
17668,22698,6.277771,association:23171
17668,22699,5.286544,association:23171
17673,22565,50.570965,association:22566
17673,21864,36.16,association:21866
17673,22085,31.388914,association:22332
17673,21671,29.676758,association:21669
17673,21679,28.25,association:22332
17673,21673,22.207083,association:21669
17673,21166,22.03839,association:82582
17673,82551,21.644461,association:82581
17673,21175,21.637295,association:21164
17673,21668,21.051193,association:21670
17675,21668,47.947084,association:21670
17675,22632,42.931222,association:22633
17675,21673,37.771805,association:21669
17675,21672,37.522186,association:21670
17675,22727,33.502271,association:23203
17675,22728,29.377337,association:22726
17675,23207,29.282831,association:20727
17675,22866,28.628207,association:22633
17675,22729,24.363813,association:22726
17675,22207,22.706454,association:85174
17676,23207,42.885751,association:23206
17676,22632,35.318591,association:22867
17676,23439,19.437531,association:22866
17676,22633,18.138113,association:22865
17676,20724,17.785217,association:23209
17676,20727,13.275142,association:22865
17676,23202,10.932767,association:23209
17676,20719,9.401102,association:23209
17676,23203,8.688726,association:23206
17676,22382,8.555094,association:23206
17677,23390,76.870779,association:23389
17677,22865,37.771409,association:22867
17677,22633,20.614416,association:22867
17677,23439,20.115742,association:22866
17677,22629,19.074002,association:21731
17677,22192,19.06875,association:22193
17677,85014B,14.125,association:85014A
17677,22191,10.814453,association:22193
17677,22942,10.714088,association:22941
17677,20727,10.455834,association:21232
17685,20675,47.530329,association:21238
17685,84997B,26.467993,association:21240
17685,84997C,23.548363,association:21240
17685,84997D,20.088899,association:84997A
17685,20677,19.185476,association:21238
17685,22502,13.341191,association:22501
17685,20674,12.304445,association:20676
17685,21246,7.232,association:20676
17685,20914,6.381043,association:20676
17685,21930,4.185181,association:84997A
17690,21669,53.836473,association:21672
17690,21673,50.803994,association:21671
17690,23102,44.64193,association:23101
17690,21670,43.6548,association:21672
17690,21818,37.666666,association:21819
17690,23100,36.525271,association:23101
17690,85049G,23.907414,association:85049E
17690,22578,22.320998,association:21817
17690,22577,20.088899,association:21817
17690,22771,15.318466,association:21672
17694,21980,23.798101,association:21985
17694,84997C,20.095592,association:21240
17694,84997B,10.488201,association:21240
17694,21080,9.045419,association:22558
17694,20914,8.899431,association:21733
17694,85099B,7.550708,association:21733
17694,21246,7.232,association:20676
17694,22557,6.881754,association:21985
17694,20725,5.850772,association:21985
17694,85123A,5.645102,association:21985
17706,21534,65.889239,association:21528
17706,21531,19.285334,association:21539
17706,85152,14.293377,association:21165
17706,21166,11.852575,association:21165
17706,48187,11.3,association:85065
17706,21535,8.57127,association:21539
17706,21181,7.849503,association:21174
17706,21843,7.142709,association:21527
17706,21907,6.902618,association:21175
17706,21733,6.619878,association:85123A
17714,85049E,3.642402,association:84347
17714,22139,1.098314,association:84347
17714,85099B,0.460534,association:84347
17722,23171,54.025741,association:23175
17722,22726,43.500164,association:22729
17722,23172,42.169128,association:23175
17722,22730,37.449034,association:22727
17722,20676,28.928,association:21246
17722,22725,22.6,association:22727
17722,23170,20.545455,association:23173
17722,22699,11.894737,association:23173
17722,21212,5.67983,association:21216
17722,82494L,5.204854,association:22728
17730,22579,47.33317,association:22577
17730,22142,29.585455,association:22144
17730,23264,28.928,association:23263
17730,22712,19.618071,association:22028
17730,22593,18.036163,association:22577
17730,22141,16.405938,association:22144
17730,21918,14.125,association:21917
17730,21817,13.466988,association:22577
17730,22594,12.642741,association:22578
17730,22866,12.555556,association:22865
17735,23077,39.236111,association:23076
17735,20728,33.159927,association:85099B
17735,22384,30.214549,association:22386
17735,23203,27.326625,association:21931
17735,23208,26.267078,association:23202
17735,20724,20.651953,association:21931
17735,22629,20.519737,association:23209
17735,22431,18.08,association:22433
17735,23201,16.669055,association:23206
17735,84380,14.193232,association:22966
17757,21534,65.889239,association:21528
17757,23000,19.922845,association:22996
17757,22720,15.990557,association:22624
17757,22192,15.066667,association:22191
17757,21892,14.73033,association:21891
17757,22193,10.814453,association:22191
17757,22666,8.7964,association:22624
17757,22625,8.412969,association:22624
17757,22627,7.29124,association:22624
17757,22966,5.705714,association:23198
17758,23182,13.946046,association:23300
17758,23355,7.353723,association:23301
17758,23084,3.568095,association:23301
17758,21914,3.435944,association:23301
17758,23101,3.038016,association:23301
17758,23503,2.734215,association:23301
17758,23100,2.48565,association:23301
17758,21899,2.248529,association:23301
17758,22197,2.110859,association:23301
17758,22457,1.97384,association:23301
17764,22726,13.946318,association:22727
17764,22728,11.3,association:22727
17764,22725,8.136,association:22727
17764,22730,8.102526,association:22727
17764,22729,6.69629,association:22727
17764,20717,3.821904,association:20718
17764,22139,3.132767,association:22170
17764,21932,2.579792,association:20718
17764,21933,2.067139,association:20718
17764,20724,1.763956,association:20718
17774,23147,44.140625,association:23146
17774,23323,21.396428,association:23322
17774,22629,19.944519,association:23298
17774,23240,19.840858,association:23238
17774,22489,18.262635,association:22491
17774,72802C,18.08,association:72802A
17774,23198,17.384615,association:23196
17774,22720,15.191485,association:22630
17774,22966,15.066667,association:23308
17774,22712,14.942134,association:21078
17785,22818,36.525271,association:22816
17785,22573,13.281897,association:22694
17785,22750,10.795936,association:22940
17785,22942,10.714088,association:22941
17785,22749,9.674821,association:22144
17785,22469,8.311373,association:22694
17785,22617,6.201002,association:22940
17785,22751,5.349107,association:22940
17785,22748,5.034454,association:22940
17785,22086,4.809328,association:22144
17799,20675,65.694532,association:20676
17799,22605,33.454271,association:22607
17799,21121,28.691279,association:21124
17799,21123,23.061234,association:21122
17799,22089,23.058169,association:21122
17799,20969,20.901427,association:84997B
17799,22195,20.545455,association:22131
17799,22431,18.08,association:22433
17799,85099B,16.080066,association:22326
17799,22274,15.882248,association:22273
17800,22570,30.672218,association:20969
17800,22587,28.25,association:22565
17800,22566,25.111111,association:22565
17800,21987,23.30789,association:21989
17800,20967,22.111683,association:20970
17800,22560,16.225559,association:22147
17800,21988,14.569643,association:21989
17800,22749,11.832784,association:20972
17800,22150,10.385643,association:20971
17800,22332,10.225299,association:21989
17811,22523,117.412105,association:22520
17811,22522,101.130357,association:22520
17811,22524,82.555334,association:22520
17811,22525,52.835414,association:22520
17811,21987,46.550551,association:21988
17811,21989,25.165734,association:21988
17811,22029,14.759194,association:21495
17811,21498,14.056376,association:21495
17811,22437,11.953707,association:21988
17811,21213,11.21187,association:22084
17817,22577,57.601076,association:22578
17817,22728,40.228,association:22727
17817,85049C,34.56008,association:85049E
17817,22726,30.983241,association:22727
17817,22593,27.041459,association:22578
17817,85049G,23.907414,association:85049E
17817,22730,23.169192,association:22727
17817,22594,20.522375,association:22578
17817,20982,20.200172,association:20983
17817,22595,17.157071,association:22578
17837,21749,35.3125,association:21746
17837,22605,18.304142,association:22606
17837,22607,14.155732,association:22606
17837,21166,11.310263,association:21175
17837,21174,8.251861,association:85152
17837,21181,7.526114,association:21175
17837,22617,7.277023,association:22634
17837,22910,7.183572,association:22634
17837,21888,6.790865,association:22634
17837,47590B,5.976854,association:22606
17841,23050,84.75,association:23051
17841,23052,84.75,association:23051
17841,23049,56.5,association:23051
17841,23053,56.5,association:23051
17841,23054,56.5,association:23051
17841,22754,56.326154,association:22755
17841,22753,55.37,association:22755
17841,84032B,44.753828,association:23084
17841,23146,44.140625,association:23147
17841,22421,40.675873,association:22419
17850,20679,35.927489,association:15056N
17850,22381,34.319324,association:22379
17850,21544,25.364779,association:21504
17850,21507,22.475985,association:21509
17850,22664,11.160483,association:22380
17850,22029,8.509875,association:21509
17850,22027,8.104642,association:21509
17850,85014B,7.471067,association:15056P
17850,48194,6.770055,association:21172
17850,22766,6.69629,association:82483
17858,82551,24.588486,association:85150
17858,21908,21.974975,association:82552
17858,21166,21.214133,association:82582
17858,21175,20.201668,association:82494L
17858,21181,14.829594,association:82600
17858,21174,13.57392,association:82582
17858,48187,11.3,association:85065
17858,22115,11.243256,association:82580
17858,84839,8.013284,association:21164
17858,21899,7.054505,association:21164
17861,22028,46.960432,association:22029
17861,22420,35.713545,association:22421
17861,21914,29.46842,association:84077
17861,21508,25.509882,association:22027
17861,21078,20.545455,association:22712
17861,22384,15.206609,association:21232
17861,21231,15.053484,association:21232
17861,84991,14.96526,association:84378
17861,21975,13.911381,association:20749
17861,16161P,12.754837,association:16156S
17862,84997A,33.533371,association:21930
17862,21327,17.473782,association:21329
17862,21328,16.047321,association:21329
17862,22192,15.066667,association:22191
17862,22193,10.814453,association:22191
17862,21175,8.656623,association:21930
17862,20677,8.599522,association:84997B
17862,22910,7.183572,association:22634
17862,21912,7.132143,association:21888
17862,85152,6.767636,association:21930
17863,21500,43.944419,association:21499
17863,21679,36.897987,association:21224
17863,21121,28.691279,association:21124
17863,22716,26.274846,association:22027
17863,22712,25.461653,association:22027
17863,21123,23.061234,association:21122
17863,22089,23.058169,association:21122
17863,21497,15.066667,association:22711
17863,21988,13.149091,association:22437
17863,22024,12.699087,association:21509
17865,22998,59.888988,association:21166
17865,21672,59.365775,association:21669
17865,21670,46.245638,association:21669
17865,21673,42.768418,association:21669
17865,23077,39.236111,association:23076
17865,82578,24.935545,association:82581
17865,37450,22.6,association:37448
17865,21175,22.238155,association:82580
17865,21181,21.551213,association:82600
17865,22059,20.545455,association:37448
17873,85152,26.498203,association:82580
17873,82551,18.679995,association:85150
17873,21164,15.709591,association:82580
17873,82552,15.443512,association:82582
17873,21166,15.421775,association:82582
17873,21181,13.341859,association:82582
17873,21175,13.002211,association:82580
17873,21174,9.496336,association:82582
17873,82600,9.341271,association:82580
17873,21903,8.189514,association:21908
17880,20983,52.350047,association:20982
17880,22605,3.214226,association:20982
17880,21754,1.461012,association:20982
17880,22139,1.127799,association:20982
17880,85123A,0.554177,association:20982
17889,21935,20.507396,association:21934
17889,22379,7.441202,association:21577
17889,20712,3.720161,association:21934
17889,22356,2.790121,association:21934
17889,20719,2.714712,association:21934
17889,85099C,2.714712,association:21934
17913,21086,32.891363,association:21080
17913,22271,24.481914,association:22273
17913,22535,22.320965,association:22536
17913,23207,12.302938,association:22382
17913,20725,11.537365,association:21507
17913,22029,11.3,association:21507
17913,20727,10.23083,association:22382
17913,23209,10.22405,association:22382
17913,21431,10.016605,association:21429
17913,22384,9.959906,association:22662
17920,21864,36.16,association:21866
17920,22356,19.629129,association:85099C
17920,20723,14.225872,association:22382
17920,20713,13.178592,association:22355
17920,21169,11.949608,association:21166
17920,20719,11.790461,association:22382
17920,85152,11.160497,association:82583
17920,21175,10.263975,association:82583
17920,22900,9.195159,association:22616
17920,20725,8.530158,association:84380
17923,22087,28.698427,association:22089
17923,21124,21.462506,association:22089
17923,21122,12.754837,association:22089
17923,23298,3.128031,association:47566
17923,85123A,1.78207,association:47566
17923,47566B,1.656019,association:47566
17923,47590B,1.112189,association:47566
17923,22090,0.767027,association:47566
17923,22423,0.584091,association:47566
17923,84879,0.461513,association:47566
17928,22046,54.40739,association:22716
17928,22381,21.433215,association:22380
17928,21671,20.545455,association:21670
17928,22081,17.117143,association:22082
17928,21497,15.066667,association:22711
17928,21673,13.836721,association:21670
17928,22379,13.504195,association:22380
17928,21669,12.555556,association:21670
17928,22664,11.160483,association:22380
17928,85231B,9.509524,association:84375
17932,82581,19.702446,association:82580
17932,22431,18.08,association:22433
17932,22494,18.08,association:21260
17932,22081,17.117143,association:22082
17932,82578,13.145279,association:82580
17932,82551,4.925612,association:82580
17932,22555,4.754762,association:22082
17932,82582,3.64067,association:82580
17932,22115,3.417769,association:82580
17932,82552,2.929522,association:82580
17949,22910,0.826514,association:22197
17949,22356,0.8136,association:22197
17949,21232,0.492392,association:22197
17949,22383,0.436649,association:22197
17949,85123A,0.377186,association:22197
17960,22745,138.05091,association:22748
17960,22587,34.876571,association:22566
17960,22534,24.450809,association:22531
17960,22565,22.320965,association:22566
17960,22489,18.262635,association:22491
17960,22553,15.334813,association:22748
17960,22617,13.447089,association:23084
17960,22551,11.838055,association:22748
17960,22560,10.475305,association:22491
17960,22557,10.157333,association:23084
17961,85040B,37.666666,association:85040A
17961,20712,5.357037,association:47556B
17961,85099C,3.909189,association:47556B
17961,85099B,2.597701,association:47556B
17961,85123A,1.030492,association:22215
17975,22562,43.664451,association:22564
17975,85152,27.412269,association:82551
17975,21166,27.399875,association:82551
17975,21175,21.805629,association:21755
17975,82552,17.493302,association:21181
17975,21867,14.464,association:21866
17975,22560,14.445892,association:22147
17975,85150,11.977668,association:82551
17975,22569,11.011511,association:22564
17975,21908,10.622664,association:21181
17981,22531,24.450809,association:22534
17981,22554,22.236,association:22556
17981,22735,21.396428,association:22739
17981,22530,13.281897,association:22534
17981,22748,10.173844,association:22557
17981,22555,8.903687,association:22553
17981,22139,5.937307,association:22556
17981,22560,5.692242,association:22534
17981,22745,5.659861,association:22551
17981,22562,4.850287,association:22556
18007,22085,56.519341,association:21989
18007,21819,50.222247,association:21818
18007,22579,47.33317,association:22577
18007,22187,40.177798,association:22186
18007,21207,35.797774,association:21989
18007,22554,25.552562,association:22435
18007,22327,18.841373,association:21989
18007,22593,18.036163,association:22577
18007,22534,16.23343,association:22530
18007,21213,16.163692,association:22386
18011,22582,35.478821,association:22583
18011,72802A,22.6,association:72802C
18011,20681,9.809028,association:20682
18011,20684,9.809028,association:20682
18011,20725,9.425952,association:20682
18011,20728,9.076435,association:20682
18011,22734,7.869187,association:22909
18011,20727,6.520038,association:20682
18011,22382,5.854404,association:22384
18011,22866,5.063865,association:22952
18016,23390,76.870779,association:23389
18016,23388,73.795974,association:23389
18016,22726,44.890933,association:22633
18016,23102,44.64193,association:23101
18016,22866,42.540186,association:22633
18016,22730,37.449034,association:22727
18016,23234,35.713545,association:23247
18016,22867,31.139798,association:22633
18016,22999,26.682382,association:22998
18016,22994,23.907414,association:22998
18025,22522,169.488401,association:22520
18025,22021,40.68,association:85206A
18025,82580,4.367145,association:21868
18025,21523,3.138889,association:21955
18025,21790,3.096764,association:21791
18025,22620,2.976683,association:21791
18025,21172,2.973684,association:21955
18025,22549,2.442982,association:21791
18025,22139,2.097142,association:10135
18025,85099B,1.955252,association:48138
18049,22645,18.230667,association:22646
18049,22652,14.125,association:22654
18049,22644,14.081539,association:22646
18049,21508,11.393007,association:21509
18049,21507,9.920429,association:21509
18049,22711,8.035566,association:21497
18049,21232,5.758339,association:21509
18049,22712,5.580241,association:21509
18049,22457,5.534023,association:84978
18049,21504,4.960215,association:21509
18053,22635,28.603125,association:22634
18053,21888,6.790865,association:22634
18053,22636,4.708333,association:22634
18053,22492,2.26,association:22634
18053,22556,2.173077,association:22634
18053,22910,2.017857,association:22634
18053,21791,1.948276,association:22634
18053,22086,1.919157,association:22634
18053,22617,1.883333,association:22634
18053,22629,1.765625,association:22634
18061,84970L,5.49077,association:84970S
18061,22464,2.354167,association:84970S
18061,22595,1.60147,association:84970S
18061,84836,1.537417,association:84970S
18061,85123A,0.994019,association:84970S
18061,22457,0.883197,association:84970S
18064,21928,5.604087,association:85099B
18064,22386,4.966613,association:85099B
18064,85099F,4.627004,association:85099B
18064,21931,4.188006,association:85099B
18064,20712,3.521789,association:85099C
18064,22411,3.175383,association:85099B
18064,21929,2.801411,association:85099B
18064,20713,2.431235,association:85099C
18064,20724,1.772673,association:85099B
18064,22356,1.406802,association:85099C
18065,20686,44.64193,association:20684
18065,15056P,19.292307,association:15056N
18065,20682,17.438286,association:20684
18065,20679,14.393204,association:15056N
18065,23196,10.698214,association:23198
18065,23243,8.35798,association:23198
18065,22666,7.702714,association:23198
18065,22966,5.705714,association:23198
18065,23293,5.034454,association:23198
18065,22720,4.376542,association:23198
18075,22574,46.502095,association:22573
18075,22578,9.920429,association:22573
18075,22577,8.928386,association:22573
18075,84029G,7.440322,association:21730
18075,85123A,6.664071,association:84879
18075,22111,4.254118,association:21810
18075,22086,3.881907,association:22573
18075,85049E,3.642402,association:84347
18075,84949,2.716752,association:82484
18075,84947,1.67955,association:84978
18078,22085,23.907414,association:21207
18078,22607,14.392632,association:22605
18078,21987,14.367437,association:21207
18078,21988,10.867007,association:21207
18078,22606,10.067273,association:22605
18078,22332,9.961422,association:21207
18078,22582,9.195159,association:22906
18078,84839,8.013284,association:21164
18078,22115,7.825488,association:21164
18078,21989,6.291425,association:21207
18083,22420,35.713545,association:22421
18083,22866,31.531399,association:22952
18083,22551,30.448635,association:22748
18083,22713,30.195125,association:84077
18083,21914,27.519229,association:22553
18083,22633,21.547708,association:22909
18083,23439,21.433305,association:22865
18083,22617,15.412665,association:22557
18083,22147,13.878084,association:22748
18083,22554,10.706449,association:22553
18084,22178,1.757044,association:21136
18084,22423,1.024942,association:21136
18084,85123A,0.410494,association:84879
18097,21232,13.009234,association:21733
18097,85123A,8.679253,association:84879
18097,22568,8.37037,association:22693
18097,21411,8.025568,association:22508
18097,20971,7.793103,association:22693
18097,22059,6.708713,association:22649
18097,22961,6.472427,association:22960
18097,22469,5.153727,association:21733
18097,21977,4.187668,association:22960
18097,22055,4.058357,association:21231
18101,85049C,24.598658,association:85049D
18102,21327,17.473782,association:21329
18102,21328,16.047321,association:21329
18102,22776,12.053333,association:22840
18102,21843,11.807356,association:22846
18102,22508,11.673542,association:21411
18102,23198,10.796281,association:22666
18102,85123A,9.102118,association:22720
18102,22961,8.593494,association:22666
18102,21980,7.031592,association:84032A
18102,22993,6.827449,association:22720
18105,21993,42.169128,association:21990
18105,21328,36.267498,association:22553
18105,22557,15.42327,association:22556
18105,21329,15.143942,association:21327
18105,22551,14.614536,association:22553
18105,84380,7.219158,association:22964
18105,22555,6.537798,association:22553
18105,84375,5.676603,association:22964
18105,22966,4.919723,association:22964
18105,POST,4.382126,association:22554
18106,21137,16.412504,association:22041
18106,21094,10.912783,association:84520B
18106,21755,10.580226,association:21756
18106,20724,10.105258,association:21080
18106,22114,9.518994,association:21481
18106,21980,7.031592,association:84032A
18106,21877,6.952767,association:21524
18106,48194,6.849056,association:21955
18106,22111,6.782716,association:84032B
18106,21479,6.640948,association:84032A
18109,23318,40.831199,association:23293
18109,23319,23.386267,association:23293
18109,22993,8.76107,association:84380
18109,82483,8.370362,association:82486
18109,22960,8.186024,association:22720
18109,22966,7.656052,association:21977
18109,84987,6.873877,association:21977
18109,22694,6.708713,association:22158
18109,84991,6.589797,association:84988
18109,22989,6.341195,association:22722
18116,22720,31.625843,association:21977
18116,84596G,24.609768,association:84596B
18116,22966,15.98201,association:21977
18116,84992,14.192351,association:21977
18116,22554,11.949256,association:22557
18116,21232,10.497408,association:22993
18116,82567,10.114193,association:84596B
18116,22417,9.279235,association:84991
18116,23243,8.917467,association:22993
18116,21212,8.86728,association:22557
18118,22737,80.356809,association:22739
18118,21865,55.37,association:21867
18118,22738,54.395658,association:22739
18118,84596B,52.77257,association:84596G
18118,84032A,42.5711,association:21479
18118,22332,36.234042,association:21988
18118,21864,36.16,association:21866
18118,22840,35.3125,association:22841
18118,22593,35.112888,association:22577
18118,21329,32.528558,association:21327
18119,21329,32.528558,association:21327
18119,22534,16.23343,association:22530
18119,22372,15.890625,association:22371
18119,22192,15.066667,association:22191
18119,22726,13.946318,association:22727
18119,22554,13.203734,association:21327
18119,20754,12.997308,association:20751
18119,22376,12.611607,association:22371
18119,22728,11.3,association:22727
18119,22374,11.035156,association:22371
18125,85040B,37.666666,association:85040A
18125,20724,28.56067,association:20719
18125,22999,26.682382,association:22998
18125,22713,25.509674,association:22421
18125,22994,23.907414,association:22998
18125,84077,20.454809,association:21914
18125,21892,19.265324,association:21914
18125,20754,17.065308,association:20751
18125,21361,14.349192,association:21363
18125,82600,13.881128,association:21175
18130,22662,17.38263,association:22382
18130,23209,15.333951,association:22382
18130,23208,10.59375,association:23207
18130,21559,8.302033,association:22352
18130,23206,8.239583,association:23207
18130,21232,7.850934,association:21231
18130,21558,7.174596,association:22352
18130,23205,7.0625,association:23207
18130,22384,6.701433,association:22352
18130,20725,6.322755,association:21231
18131,22431,18.08,association:22433
18131,84991,6.224593,association:21975
18131,84992,5.905017,association:21975
18131,21213,3.875168,association:21975
18131,22417,3.375702,association:21975
18131,21212,2.254643,association:21975
18131,21977,1.898832,association:21975
18131,85099B,1.662529,association:22433
18131,22423,0.620027,association:21975
18131,22139,0.543883,association:21975
18135,22582,35.478821,association:22583
18135,21984,5.723775,association:21974
18135,85123A,3.925647,association:22423
18135,22417,3.477995,association:21974
18135,22487,3.343603,association:22464
18135,21977,2.81717,association:21974
18135,84970S,2.746531,association:22464
18135,84987,2.504151,association:21974
18135,84988,2.356848,association:21974
18135,82483,2.092597,association:22464
18136,20969,19.143529,association:20970
18136,22114,15.618015,association:22111
18136,84029G,8.090234,association:22835
18136,20967,8.035566,association:20970
18136,22654,7.0625,association:22652
18136,22961,6.472427,association:22960
18136,23356,6.015441,association:22111
18136,21485,5.840335,association:22112
18136,21984,5.723775,association:21974
18136,22147,5.195927,association:22149
18142,22491,15.868252,association:22560
18142,22418,12.407213,association:22489
18142,22147,11.137323,association:22560
18142,22561,8.206467,association:22492
18142,21914,7.394995,association:20972
18142,22150,6.778214,association:20971
18142,22621,6.582595,association:22560
18142,22569,5.666461,association:22489
18142,22271,5.398656,association:22149
18142,21889,5.364686,association:22149
18144,23298,3.128031,association:47566
18144,47566B,1.656019,association:47566
18144,47590B,1.112189,association:47566
18144,22090,0.767027,association:47566
18144,85123A,0.653186,association:47566
18144,22423,0.584091,association:47566
18151,22376,63.058036,association:22371
18151,22716,18.833333,association:22711
18151,22374,11.035156,association:22371
18151,22846,9.183503,association:22847
18151,15056P,6.708713,association:15056N
18151,15056BL,5.013312,association:15056N
18151,20679,4.340932,association:15056N
18151,22727,4.026151,association:22371
18151,22960,3.863244,association:22847
18151,22423,2.702505,association:22371
18168,37450,60.747332,association:21231
18168,21535,31.070834,association:21539
18168,21533,26.785174,association:21531
18168,22192,19.06875,association:22193
18168,37447,14.349192,association:37448
18168,85123A,11.395887,association:20728
18168,22191,10.814453,association:22193
18168,22064,10.290106,association:21231
18168,84991,9.533944,association:21231
18168,22645,8.674877,association:21232
18172,22751,33.184388,association:20972
18172,22141,31.97066,association:22142
18172,22149,10.52541,association:22749
18172,22940,9.958624,association:20972
18172,22554,9.942402,association:22750
18172,22553,8.577917,association:84077
18172,22271,8.147192,association:20972
18172,20973,8.071428,association:20974
18172,21889,7.337114,association:84077
18172,22176,6.428453,association:22179
18177,22379,29.312426,association:22411
18177,85099B,16.372356,association:22383
18177,21931,13.464595,association:22411
18177,22664,11.160483,association:22380
18177,20727,10.989127,association:22411
18177,85099F,10.065821,association:22411
18177,20728,9.934077,association:21930
18177,20725,9.828696,association:22381
18177,22382,9.517629,association:22411
18177,20724,8.981415,association:22383
18179,20686,44.64193,association:20684
18179,20963,37.666666,association:20961
18179,21328,33.481498,association:21327
18179,20682,17.438286,association:20684
18179,21329,15.143942,association:21327
18179,21122,14.299548,association:21121
18179,22114,11.747077,association:84029G
18179,20724,11.167027,association:22383
18179,21123,10.009683,association:21121
18179,21485,9.33592,association:22112
18198,21175,38.518483,association:22920
18198,21508,11.393007,association:21509
18198,21507,9.920429,association:21509
18198,22712,5.580241,association:21509
18198,21504,4.960215,association:21509
18198,22023,4.960215,association:21509
18198,23198,4.005415,association:22666
18198,22720,3.9776,association:22666
18198,22723,3.857067,association:22666
18198,22024,3.720161,association:21509
18218,22021,40.68,association:85206A
18218,21328,33.481498,association:21327
18218,21679,28.25,association:16235
18218,21329,15.143942,association:21327
18218,22356,8.258767,association:21934
18218,20719,6.623901,association:21934
18218,22379,6.589155,association:21935
18218,22964,4.394282,association:84380
18218,22553,3.863244,association:21327
18218,84378,3.844997,association:84380
18221,22737,34.234341,association:22739
18221,22816,29.884323,association:22818
18221,22736,27.509694,association:22739
18221,22735,21.396428,association:22739
18221,22738,12.226531,association:22739
18221,22748,5.034454,association:22739
18221,22910,4.269181,association:22818
18221,22352,4.07551,association:22739
18221,22726,3.291758,association:22739
18221,22551,3.056633,association:22739
18229,22727,43.500818,association:22847
18229,22726,36.546329,association:22847
18229,22730,27.270667,association:22728
18229,20727,20.771945,association:22382
18229,23206,20.302983,association:22662
18229,22192,19.06875,association:22193
18229,22729,18.230667,association:22728
18229,23208,17.725893,association:23209
18229,22384,15.702457,association:22662
18229,20725,14.67039,association:22382
18246,85123A,0.865899,association:71053
18258,21914,5.016999,association:21915
18258,21889,3.312858,association:21915
18258,21212,2.92088,association:21915
18258,21892,2.711386,association:21915
18258,22558,2.678522,association:22567
18258,22620,2.604974,association:21915
18258,21790,2.239733,association:21915
18258,21891,1.78235,association:21915
18258,21080,1.530584,association:22567
18258,22748,1.38336,association:21915
18272,23343,32.79821,association:23382
18272,22720,21.641311,association:22993
18272,23504,20.662857,association:23503
18272,22086,16.673484,association:22557
18272,22551,14.948852,association:22554
18272,22910,13.198201,association:22554
18272,23355,11.894737,association:23503
18272,23084,11.353227,association:23382
18272,23196,10.698214,association:23198
18272,22553,9.817906,association:22557
18274,84510A,35.3125,association:84509A
18274,22722,12.036719,association:22720
18274,21232,10.394276,association:22851
18274,22646,7.6858,association:21231
18274,84987,7.391701,association:21974
18274,23198,6.790865,association:23243
18274,22804,6.291425,association:22851
18274,21984,5.723775,association:21974
18274,84991,4.200538,association:21231
18274,23307,4.099769,association:23245
18281,22372,57.653084,association:22376
18281,22371,28.826542,association:22376
18281,22712,19.881412,association:22027
18281,84997C,17.460604,association:20719
18281,22714,16.228583,association:22027
18281,21509,15.90638,association:22027
18281,21508,14.116875,association:22027
18281,84997A,12.053333,association:84997D
18281,84997B,10.272728,association:84997D
18281,22037,9.432075,association:22029
