customer_id,product_id,score,reason
12346,47566,0.882649,multi_behavior_sequence
12346,23298,0.804644,multi_behavior_sequence
12346,22178,0.803691,multi_behavior_sequence
12346,85099B,0.747481,multi_behavior_sequence
12346,84879,0.731705,multi_behavior_sequence
12346,22470,0.721905,multi_behavior_sequence
12346,85123A,0.710298,multi_behavior_sequence
12346,23084,0.70075,multi_behavior_sequence
12346,22469,0.68692,multi_behavior_sequence
12346,84945,0.684558,multi_behavior_sequence
12347,23355,4.041166,multi_behavior_sequence
12347,21485,3.699907,multi_behavior_sequence
12347,23238,3.699339,multi_behavior_sequence
12347,23084,3.602283,multi_behavior_sequence
12347,22554,3.528298,multi_behavior_sequence
12347,85099C,3.460937,multi_behavior_sequence
12347,22112,3.433403,multi_behavior_sequence
12347,22720,3.397829,multi_behavior_sequence
12347,23382,3.296062,multi_behavior_sequence
12347,22960,3.269667,multi_behavior_sequence
12358,21166,3.40995,multi_behavior_sequence
12358,21034,3.333606,multi_behavior_sequence
12358,23500,3.135453,multi_behavior_sequence
12358,23147,3.059118,multi_behavior_sequence
12358,23198,3.056317,multi_behavior_sequence
12358,84380,2.89989,multi_behavior_sequence
12358,23295,2.879721,multi_behavior_sequence
12358,85014A,2.816368,multi_behavior_sequence
12358,84991,2.797723,multi_behavior_sequence
12358,23294,2.768503,multi_behavior_sequence
12359,85036C,2.207312,multi_behavior_sequence
12359,37449,2.112975,multi_behavior_sequence
12359,84931B,1.931953,multi_behavior_sequence
12359,21843,1.858028,multi_behavior_sequence
12359,22325,1.80327,multi_behavior_sequence
12359,22766,1.733535,multi_behavior_sequence
12359,84459A,1.731234,multi_behavior_sequence
12359,23146,1.691376,multi_behavior_sequence
12359,22121,1.674947,multi_behavior_sequence
12359,20767,1.65667,multi_behavior_sequence
12360,22751,2.760862,multi_behavior_sequence
12360,23371,2.374627,multi_behavior_sequence
12360,22910,2.27211,multi_behavior_sequence
12360,22867,2.201675,multi_behavior_sequence
12360,22699,2.196916,multi_behavior_sequence
12360,82582,2.14913,multi_behavior_sequence
12360,22633,2.145601,multi_behavior_sequence
12360,22273,2.145191,multi_behavior_sequence
12360,22606,2.065212,multi_behavior_sequence
12360,23198,2.04863,multi_behavior_sequence
12362,22720,5.193171,multi_behavior_sequence
12362,23084,4.92892,multi_behavior_sequence
12362,22960,4.60715,multi_behavior_sequence
12362,84992,4.104887,multi_behavior_sequence
12362,23493,4.020144,multi_behavior_sequence
12362,22178,3.973485,multi_behavior_sequence
12362,22577,3.933184,multi_behavior_sequence
12362,22759,3.920074,multi_behavior_sequence
12362,23355,3.901732,multi_behavior_sequence
12362,85048,3.662981,multi_behavior_sequence
12373,23200,1.865491,multi_behavior_sequence
12373,23581,1.727002,multi_behavior_sequence
12373,23202,1.711816,multi_behavior_sequence
12373,23355,1.705299,multi_behavior_sequence
12373,22469,1.701283,multi_behavior_sequence
12373,23206,1.679101,multi_behavior_sequence
12373,85099C,1.678345,multi_behavior_sequence
12373,85099F,1.615257,multi_behavior_sequence
12373,23209,1.607071,multi_behavior_sequence
12373,22720,1.606217,multi_behavior_sequence
12376,85123A,2.454407,multi_behavior_sequence
12376,23321,2.357169,multi_behavior_sequence
12376,22294,2.239731,multi_behavior_sequence
12376,23322,2.101789,multi_behavior_sequence
12376,23399,1.876256,multi_behavior_sequence
12376,21733,1.845775,multi_behavior_sequence
12376,23484,1.804581,multi_behavior_sequence
12376,22625,1.793515,multi_behavior_sequence
12376,23144,1.781705,multi_behavior_sequence
12376,84836,1.768845,multi_behavior_sequence
12377,23382,2.331234,multi_behavior_sequence
12377,20974,2.206036,multi_behavior_sequence
12377,20971,2.126959,multi_behavior_sequence
12377,23084,2.062156,multi_behavior_sequence
12377,23501,2.035639,multi_behavior_sequence
12377,23201,1.924114,multi_behavior_sequence
12377,22900,1.872457,multi_behavior_sequence
12377,23284,1.867823,multi_behavior_sequence
12377,23194,1.865004,multi_behavior_sequence
12377,21990,1.835149,multi_behavior_sequence
12381,85123A,5.200756,multi_behavior_sequence
12381,23355,4.883904,multi_behavior_sequence
12381,23322,4.643816,multi_behavior_sequence
12381,23306,4.369563,multi_behavior_sequence
12381,22367,4.355592,multi_behavior_sequence
12381,22469,4.348807,multi_behavior_sequence
12381,22114,4.145748,multi_behavior_sequence
12381,22144,4.113103,multi_behavior_sequence
12381,22697,4.060542,multi_behavior_sequence
12381,20724,4.035954,multi_behavior_sequence
12388,85123A,3.527677,multi_behavior_sequence
12388,23108,3.433464,multi_behavior_sequence
12388,84879,3.257661,multi_behavior_sequence
12388,23194,3.233137,multi_behavior_sequence
12388,23238,3.19201,multi_behavior_sequence
12388,23320,3.047527,multi_behavior_sequence
12388,22492,3.046698,multi_behavior_sequence
12388,84991,2.89162,multi_behavior_sequence
12388,22423,2.882088,multi_behavior_sequence
12388,23355,2.859855,multi_behavior_sequence
12410,22149,3.093239,multi_behavior_sequence
12410,23322,2.958228,multi_behavior_sequence
12410,23434,2.93544,multi_behavior_sequence
12410,23321,2.610053,multi_behavior_sequence
12410,23349,2.564421,multi_behavior_sequence
12410,21671,2.493852,multi_behavior_sequence
12410,20969,2.351113,multi_behavior_sequence
12410,23168,2.341847,multi_behavior_sequence
12410,21314,2.336195,multi_behavior_sequence
12410,84879,2.275586,multi_behavior_sequence
12413,22865,4.977517,multi_behavior_sequence
12413,21790,4.495783,multi_behavior_sequence
12413,22139,4.194365,multi_behavior_sequence
12413,22727,3.648151,multi_behavior_sequence
12413,23084,3.583136,multi_behavior_sequence
12413,20971,3.554781,multi_behavior_sequence
12413,21985,3.534523,multi_behavior_sequence
12413,23103,3.524209,multi_behavior_sequence
12413,23344,3.491639,multi_behavior_sequence
12413,22867,3.463285,multi_behavior_sequence
12423,22469,2.816682,multi_behavior_sequence
12423,22139,2.723913,multi_behavior_sequence
12423,21922,2.709556,multi_behavior_sequence
12423,22138,2.473419,multi_behavior_sequence
12423,23217,2.338655,multi_behavior_sequence
12423,72741,2.134069,multi_behavior_sequence
12423,22759,2.100547,multi_behavior_sequence
12423,21666,2.094401,multi_behavior_sequence
12423,47566B,2.008176,multi_behavior_sequence
12423,23322,2.007209,multi_behavior_sequence
12425,23500,3.095816,multi_behavior_sequence
12425,20969,2.473429,multi_behavior_sequence
12425,21507,2.439558,multi_behavior_sequence
12425,23433,2.386034,multi_behavior_sequence
12425,22315,2.334876,multi_behavior_sequence
12425,22181,2.272266,multi_behavior_sequence
12425,22749,2.240311,multi_behavior_sequence
12425,22988,2.166031,multi_behavior_sequence
12425,72799C,2.150266,multi_behavior_sequence
12425,23416,2.039345,multi_behavior_sequence
12429,22964,2.749798,multi_behavior_sequence
12429,22111,2.571404,multi_behavior_sequence
12429,21080,2.452636,multi_behavior_sequence
12429,84375,2.415345,multi_behavior_sequence
12429,21754,2.398127,multi_behavior_sequence
12429,82583,2.376168,multi_behavior_sequence
12429,23101,2.367558,multi_behavior_sequence
12429,22659,2.340202,multi_behavior_sequence
12429,23295,2.314908,multi_behavior_sequence
12429,22720,2.306897,multi_behavior_sequence
12430,22326,4.470713,multi_behavior_sequence
12430,20726,4.373937,multi_behavior_sequence
12430,21730,3.901373,multi_behavior_sequence
12430,23583,3.816245,multi_behavior_sequence
12430,20728,3.489647,multi_behavior_sequence
12430,23389,3.482722,multi_behavior_sequence
12430,23201,3.376618,multi_behavior_sequence
12430,85099C,3.355272,multi_behavior_sequence
12430,23503,3.336382,multi_behavior_sequence
12430,23256,3.24793,multi_behavior_sequence
12439,47566,1.518721,multi_behavior_sequence
12439,22423,1.512761,multi_behavior_sequence
12439,23355,1.449898,multi_behavior_sequence
12439,22469,1.379165,multi_behavior_sequence
12439,23301,1.300781,multi_behavior_sequence
12439,22382,1.248056,multi_behavior_sequence
12439,22910,1.242001,multi_behavior_sequence
12439,23298,1.226159,multi_behavior_sequence
12439,22139,1.189605,multi_behavior_sequence
12439,22197,1.169389,multi_behavior_sequence
12455,47566,2.894636,multi_behavior_sequence
12455,22782,2.436257,multi_behavior_sequence
12455,23091,2.336143,multi_behavior_sequence
12455,23215,2.334198,multi_behavior_sequence
12455,21174,2.294183,multi_behavior_sequence
12455,23118,2.231532,multi_behavior_sequence
12455,23035,2.134525,multi_behavior_sequence
12455,21810,2.116974,multi_behavior_sequence
12455,21181,2.069569,multi_behavior_sequence
12455,48138,2.061804,multi_behavior_sequence
12471,23344,4.330285,multi_behavior_sequence
12471,21790,4.189459,multi_behavior_sequence
12471,23301,3.97297,multi_behavior_sequence
12471,22629,3.711974,multi_behavior_sequence
12471,23581,3.689984,multi_behavior_sequence
12471,23571,3.630445,multi_behavior_sequence
12471,23199,3.619459,multi_behavior_sequence
12471,23355,3.595199,multi_behavior_sequence
12471,22909,3.573661,multi_behavior_sequence
12471,23100,3.565492,multi_behavior_sequence
12476,23108,2.278209,multi_behavior_sequence
12476,22086,2.078752,multi_behavior_sequence
12476,22629,1.988042,multi_behavior_sequence
12476,22138,1.906107,multi_behavior_sequence
12476,22621,1.897104,multi_behavior_sequence
12476,22838,1.875053,multi_behavior_sequence
12476,21790,1.861864,multi_behavior_sequence
12476,21591,1.826671,multi_behavior_sequence
12476,71477,1.821568,multi_behavior_sequence
12476,22720,1.812123,multi_behavior_sequence
12482,84945,1.764092,multi_behavior_sequence
12482,85099B,1.265629,multi_behavior_sequence
12482,23198,1.204094,multi_behavior_sequence
12482,84836,1.185003,multi_behavior_sequence
12482,23199,1.184388,multi_behavior_sequence
12482,23243,1.182803,multi_behavior_sequence
12482,85099F,1.173917,multi_behavior_sequence
12482,22197,1.094218,multi_behavior_sequence
12482,23331,1.091772,multi_behavior_sequence
12482,22909,1.077419,multi_behavior_sequence
12484,23084,1.247647,multi_behavior_sequence
12484,23489,1.064244,multi_behavior_sequence
12484,23535,0.985736,multi_behavior_sequence
12484,23100,0.876625,multi_behavior_sequence
12484,21137,0.87265,multi_behavior_sequence
12484,23526,0.868569,multi_behavior_sequence
12484,23194,0.819694,multi_behavior_sequence
12484,22726,0.816966,multi_behavior_sequence
12484,22197,0.812644,multi_behavior_sequence
12484,23503,0.811582,multi_behavior_sequence
12490,23581,3.92764,multi_behavior_sequence
12490,85099C,3.61436,multi_behavior_sequence
12490,23356,3.321473,multi_behavior_sequence
12490,22577,3.300062,multi_behavior_sequence
12490,22086,3.234626,multi_behavior_sequence
12490,23344,3.177614,multi_behavior_sequence
12490,21507,3.109754,multi_behavior_sequence
12490,23202,3.074055,multi_behavior_sequence
12490,20728,3.0181,multi_behavior_sequence
12490,23355,2.885187,multi_behavior_sequence
12493,22382,4.41896,multi_behavior_sequence
12493,22469,3.918617,multi_behavior_sequence
12493,23355,3.452015,multi_behavior_sequence
12493,21175,3.451257,multi_behavior_sequence
12493,22662,3.446583,multi_behavior_sequence
12493,82583,3.423832,multi_behavior_sequence
12493,23322,3.386882,multi_behavior_sequence
12493,21874,3.316626,multi_behavior_sequence
12493,85099B,3.271532,multi_behavior_sequence
12493,22413,3.251719,multi_behavior_sequence
12510,22423,2.813934,multi_behavior_sequence
12510,20726,2.760625,multi_behavior_sequence
12510,23208,2.388566,multi_behavior_sequence
12510,23200,2.384844,multi_behavior_sequence
12510,23206,2.330761,multi_behavior_sequence
12510,23355,2.305357,multi_behavior_sequence
12510,20728,2.266684,multi_behavior_sequence
12510,23389,2.252313,multi_behavior_sequence
12510,85099C,2.241679,multi_behavior_sequence
12510,22326,2.191796,multi_behavior_sequence
12551,20724,3.159965,multi_behavior_sequence
12551,22720,3.080175,multi_behavior_sequence
12551,82582,3.035899,multi_behavior_sequence
12551,23344,2.98039,multi_behavior_sequence
12551,85099F,2.926055,multi_behavior_sequence
12551,21174,2.901026,multi_behavior_sequence
12551,23202,2.841226,multi_behavior_sequence
12551,22411,2.736314,multi_behavior_sequence
12551,23203,2.71512,multi_behavior_sequence
12551,22961,2.619507,multi_behavior_sequence
12553,23198,4.241961,multi_behavior_sequence
12553,85099F,3.916865,multi_behavior_sequence
12553,21034,3.850838,multi_behavior_sequence
12553,23199,3.700815,multi_behavior_sequence
12553,22386,3.679082,multi_behavior_sequence
12553,23103,3.598116,multi_behavior_sequence
12553,20974,3.411878,multi_behavior_sequence
12553,20971,3.191995,multi_behavior_sequence
12553,23344,3.125798,multi_behavior_sequence
12553,85099C,3.110542,multi_behavior_sequence
12561,22910,3.089023,multi_behavior_sequence
12561,23439,2.999499,multi_behavior_sequence
12561,22423,2.927705,multi_behavior_sequence
12561,82484,2.730632,multi_behavior_sequence
12561,85099B,2.709176,multi_behavior_sequence
12561,22726,2.697964,multi_behavior_sequence
12561,22727,2.691759,multi_behavior_sequence
12561,22818,2.688132,multi_behavior_sequence
12561,21181,2.648177,multi_behavior_sequence
12561,82582,2.596601,multi_behavior_sequence
12567,20728,4.557249,multi_behavior_sequence
12567,22466,4.504136,multi_behavior_sequence
12567,22634,4.451691,multi_behavior_sequence
12567,22144,4.168159,multi_behavior_sequence
12567,22617,3.991835,multi_behavior_sequence
12567,23583,3.971919,multi_behavior_sequence
12567,21704,3.961072,multi_behavior_sequence
12567,22635,3.958881,multi_behavior_sequence
12567,23108,3.928914,multi_behavior_sequence
12567,22142,3.835867,multi_behavior_sequence
12569,22138,2.842211,multi_behavior_sequence
12569,22294,2.61219,multi_behavior_sequence
12569,23399,2.590452,multi_behavior_sequence
12569,23322,2.589868,multi_behavior_sequence
12569,22139,2.577387,multi_behavior_sequence
12569,20749,2.541384,multi_behavior_sequence
12569,23103,2.528388,multi_behavior_sequence
12569,20728,2.436035,multi_behavior_sequence
12569,23206,2.322157,multi_behavior_sequence
12569,23403,2.305749,multi_behavior_sequence
12576,23170,2.646339,multi_behavior_sequence
12576,23188,2.342772,multi_behavior_sequence
12576,23012,2.316446,multi_behavior_sequence
12576,84050,2.292862,multi_behavior_sequence
12576,23284,2.184429,multi_behavior_sequence
12576,20974,2.164477,multi_behavior_sequence
12576,23344,2.123609,multi_behavior_sequence
12576,20972,2.114472,multi_behavior_sequence
12576,22620,2.105932,multi_behavior_sequence
12576,21212,2.068145,multi_behavior_sequence
12583,21790,3.346617,multi_behavior_sequence
12583,22138,3.224009,multi_behavior_sequence
12583,23084,3.095971,multi_behavior_sequence
12583,21704,3.081863,multi_behavior_sequence
12583,22617,3.00712,multi_behavior_sequence
12583,22866,2.904925,multi_behavior_sequence
12583,23236,2.827163,multi_behavior_sequence
12583,22697,2.826055,multi_behavior_sequence
12583,23480,2.80083,multi_behavior_sequence
12583,22619,2.791617,multi_behavior_sequence
12584,23103,2.773605,multi_behavior_sequence
12584,23355,2.725571,multi_behavior_sequence
12584,23215,2.624005,multi_behavior_sequence
12584,21733,2.589467,multi_behavior_sequence
12584,23298,2.526798,multi_behavior_sequence
12584,23351,2.4675,multi_behavior_sequence
12584,48194,2.460821,multi_behavior_sequence
12584,23321,2.454105,multi_behavior_sequence
12584,22423,2.367006,multi_behavior_sequence
12584,23332,2.309614,multi_behavior_sequence
12592,84945,2.13136,multi_behavior_sequence
12592,85099B,2.127937,multi_behavior_sequence
12592,23199,1.869414,multi_behavior_sequence
12592,85099F,1.716806,multi_behavior_sequence
12592,22139,1.62802,multi_behavior_sequence
12592,22662,1.605659,multi_behavior_sequence
12592,22112,1.57332,multi_behavior_sequence
12592,85123A,1.566298,multi_behavior_sequence
12592,23215,1.533592,multi_behavior_sequence
12592,23198,1.522864,multi_behavior_sequence
12598,21790,4.731208,multi_behavior_sequence
12598,22492,4.53671,multi_behavior_sequence
12598,22941,4.452854,multi_behavior_sequence
12598,22466,4.438871,multi_behavior_sequence
12598,22144,4.359249,multi_behavior_sequence
12598,22629,4.07379,multi_behavior_sequence
12598,22423,3.97117,multi_behavior_sequence
12598,21915,3.91028,multi_behavior_sequence
12598,23236,3.86608,multi_behavior_sequence
12598,22940,3.830817,multi_behavior_sequence
12600,84347,2.532862,multi_behavior_sequence
12600,21034,2.375738,multi_behavior_sequence
12600,22386,1.969258,multi_behavior_sequence
12600,23284,1.949224,multi_behavior_sequence
12600,22139,1.871681,multi_behavior_sequence
12600,84945,1.801672,multi_behavior_sequence
12600,23445,1.770227,multi_behavior_sequence
12600,23493,1.748754,multi_behavior_sequence
12600,46000S,1.742079,multi_behavior_sequence
12600,23329,1.714333,multi_behavior_sequence
12609,22138,3.561891,multi_behavior_sequence
12609,22139,3.347207,multi_behavior_sequence
12609,21790,2.555043,multi_behavior_sequence
12609,22617,2.510656,multi_behavior_sequence
12609,23108,2.351736,multi_behavior_sequence
12609,22619,2.168612,multi_behavior_sequence
12609,22749,2.131916,multi_behavior_sequence
12609,21985,2.120598,multi_behavior_sequence
12609,22907,2.096633,multi_behavior_sequence
12609,22178,2.083277,multi_behavior_sequence
12615,22469,4.765319,multi_behavior_sequence
12615,23355,3.608229,multi_behavior_sequence
12615,22694,3.416509,multi_behavior_sequence
12615,22139,3.303469,multi_behavior_sequence
12615,22910,3.277871,multi_behavior_sequence
12615,85099C,3.265491,multi_behavior_sequence
12615,22423,3.112414,multi_behavior_sequence
12615,23077,3.107072,multi_behavior_sequence
12615,22629,3.003869,multi_behavior_sequence
12615,23247,2.971538,multi_behavior_sequence
12628,22086,3.417583,multi_behavior_sequence
12628,23293,3.018656,multi_behavior_sequence
12628,22720,2.909809,multi_behavior_sequence
12628,23314,2.652877,multi_behavior_sequence
12628,23318,2.615468,multi_behavior_sequence
12628,23451,2.553211,multi_behavior_sequence
12628,22767,2.528447,multi_behavior_sequence
12628,22435,2.512099,multi_behavior_sequence
12628,23284,2.487436,multi_behavior_sequence
12628,23344,2.46661,multi_behavior_sequence
12633,22469,2.943294,multi_behavior_sequence
12633,22138,2.676132,multi_behavior_sequence
12633,20728,2.629694,multi_behavior_sequence
12633,21790,2.567857,multi_behavior_sequence
12633,22662,2.553308,multi_behavior_sequence
12633,22112,2.550076,multi_behavior_sequence
12633,21833,2.541135,multi_behavior_sequence
12633,84380,2.480279,multi_behavior_sequence
12633,20727,2.474918,multi_behavior_sequence
12633,22111,2.376976,multi_behavior_sequence
12647,22139,2.740164,multi_behavior_sequence
12647,22382,2.515349,multi_behavior_sequence
12647,22469,2.117978,multi_behavior_sequence
12647,22112,1.817409,multi_behavior_sequence
12647,21314,1.811994,multi_behavior_sequence
12647,22138,1.795568,multi_behavior_sequence
12647,22384,1.769996,multi_behavior_sequence
12647,84879,1.700917,multi_behavior_sequence
12647,23207,1.663399,multi_behavior_sequence
12647,23322,1.647544,multi_behavior_sequence
12655,23206,2.960624,multi_behavior_sequence
12655,22469,2.934777,multi_behavior_sequence
12655,23349,2.829184,multi_behavior_sequence
12655,22624,2.790572,multi_behavior_sequence
12655,20723,2.706297,multi_behavior_sequence
12655,22423,2.690898,multi_behavior_sequence
12655,23426,2.596988,multi_behavior_sequence
12655,22907,2.491373,multi_behavior_sequence
12655,21874,2.404676,multi_behavior_sequence
12655,23280,2.392686,multi_behavior_sequence
12677,22423,1.912893,multi_behavior_sequence
12677,22469,1.889687,multi_behavior_sequence
12677,20728,1.853441,multi_behavior_sequence
12677,22720,1.648872,multi_behavior_sequence
12677,22138,1.644548,multi_behavior_sequence
12677,23355,1.595026,multi_behavior_sequence
12677,23206,1.590897,multi_behavior_sequence
12677,22666,1.584693,multi_behavior_sequence
12677,23503,1.575699,multi_behavior_sequence
12677,22326,1.572934,multi_behavior_sequence
12681,22568,2.861301,multi_behavior_sequence
12681,23209,2.255947,multi_behavior_sequence
12681,22867,2.174031,multi_behavior_sequence
12681,23203,2.097734,multi_behavior_sequence
12681,23200,2.093811,multi_behavior_sequence
12681,23208,2.076434,multi_behavior_sequence
12681,22138,2.037216,multi_behavior_sequence
12681,22139,1.992391,multi_behavior_sequence
12681,20969,1.924392,multi_behavior_sequence
12681,20728,1.900829,multi_behavior_sequence
12682,22720,3.666829,multi_behavior_sequence
12682,22865,3.490929,multi_behavior_sequence
12682,23389,3.478254,multi_behavior_sequence
12682,22423,3.460432,multi_behavior_sequence
12682,22382,3.396263,multi_behavior_sequence
12682,23355,3.265133,multi_behavior_sequence
12682,21790,3.241268,multi_behavior_sequence
12682,23206,3.214831,multi_behavior_sequence
12682,20724,3.208141,multi_behavior_sequence
12682,23236,3.178568,multi_behavior_sequence
12684,84945,2.843746,multi_behavior_sequence
12684,85099B,2.342432,multi_behavior_sequence
12684,21390,2.081791,multi_behavior_sequence
12684,22662,2.069882,multi_behavior_sequence
12684,23215,2.053844,multi_behavior_sequence
12684,23483,2.023457,multi_behavior_sequence
12684,84836,2.020969,multi_behavior_sequence
12684,22112,2.000175,multi_behavior_sequence
12684,23321,1.99771,multi_behavior_sequence
12684,85123A,1.941068,multi_behavior_sequence
12686,22643,2.159616,multi_behavior_sequence
12686,22424,2.106703,multi_behavior_sequence
12686,21790,2.058552,multi_behavior_sequence
12686,22639,1.924679,multi_behavior_sequence
12686,23328,1.923862,multi_behavior_sequence
12686,21914,1.870078,multi_behavior_sequence
12686,22075,1.831336,multi_behavior_sequence
12686,23168,1.824583,multi_behavior_sequence
12686,20728,1.789486,multi_behavior_sequence
12686,21787,1.764575,multi_behavior_sequence
12703,85123A,1.293918,multi_behavior_sequence
12703,84836,1.289173,multi_behavior_sequence
12703,23321,1.122609,multi_behavior_sequence
12703,22838,1.046082,multi_behavior_sequence
12703,22619,0.979965,multi_behavior_sequence
12703,23489,0.976571,multi_behavior_sequence
12703,23243,0.966223,multi_behavior_sequence
12703,84945,0.942705,multi_behavior_sequence
12703,23293,0.9405,multi_behavior_sequence
12703,21166,0.933635,multi_behavior_sequence
12709,23202,2.270448,multi_behavior_sequence
12709,22961,2.028205,multi_behavior_sequence
12709,71477,2.00688,multi_behavior_sequence
12709,23344,1.955977,multi_behavior_sequence
12709,22383,1.908066,multi_behavior_sequence
12709,23209,1.841756,multi_behavior_sequence
12709,22352,1.786732,multi_behavior_sequence
12709,20728,1.776735,multi_behavior_sequence
12709,22326,1.767533,multi_behavior_sequence
12709,23581,1.767386,multi_behavior_sequence
12712,21034,1.81878,multi_behavior_sequence
12712,22751,1.809819,multi_behavior_sequence
12712,23198,1.798208,multi_behavior_sequence
12712,22139,1.761502,multi_behavior_sequence
12712,22739,1.746019,multi_behavior_sequence
12712,22606,1.711757,multi_behavior_sequence
12712,15039,1.665909,multi_behavior_sequence
12712,21166,1.64422,multi_behavior_sequence
12712,22569,1.615231,multi_behavior_sequence
12712,22834,1.598257,multi_behavior_sequence
12720,23403,3.185573,multi_behavior_sequence
12720,23349,2.977102,multi_behavior_sequence
12720,22423,2.739997,multi_behavior_sequence
12720,M,2.606118,multi_behavior_sequence
12720,22383,2.545509,multi_behavior_sequence
12720,23242,2.527248,multi_behavior_sequence
12720,23420,2.476045,multi_behavior_sequence
12720,23247,2.450195,multi_behavior_sequence
12720,22139,2.412402,multi_behavior_sequence
12720,22294,2.387744,multi_behavior_sequence
12724,23236,5.04271,multi_behavior_sequence
12724,23345,4.925426,multi_behavior_sequence
12724,23329,4.307609,multi_behavior_sequence
12724,23307,4.086178,multi_behavior_sequence
12724,23503,4.060759,multi_behavior_sequence
12724,23569,4.010191,multi_behavior_sequence
12724,23308,3.991672,multi_behavior_sequence
12724,22697,3.889298,multi_behavior_sequence
12724,21181,3.879721,multi_behavior_sequence
12724,20726,3.826632,multi_behavior_sequence
12726,23489,3.428265,multi_behavior_sequence
12726,22466,3.282924,multi_behavior_sequence
12726,23084,3.165014,multi_behavior_sequence
12726,22940,3.140882,multi_behavior_sequence
12726,23100,3.13347,multi_behavior_sequence
12726,21791,3.123645,multi_behavior_sequence
12726,23505,3.108325,multi_behavior_sequence
12726,21636,3.062921,multi_behavior_sequence
12726,21790,3.056736,multi_behavior_sequence
12726,22138,3.028908,multi_behavior_sequence
12727,23403,1.458249,multi_behavior_sequence
12727,21108,1.443657,multi_behavior_sequence
12727,72802B,1.394602,multi_behavior_sequence
12727,72800B,1.368859,multi_behavior_sequence
12727,47590A,1.315845,multi_behavior_sequence
12727,23349,1.286667,multi_behavior_sequence
12727,20751,1.272386,multi_behavior_sequence
12727,22592,1.252205,multi_behavior_sequence
12727,21498,1.247913,multi_behavior_sequence
12727,21015,1.228183,multi_behavior_sequence
12739,22910,5.412964,multi_behavior_sequence
12739,22720,4.558064,multi_behavior_sequence
12739,23355,4.42206,multi_behavior_sequence
12739,47566,4.407316,multi_behavior_sequence
12739,84879,4.338989,multi_behavior_sequence
12739,22469,4.279826,multi_behavior_sequence
12739,22697,4.265463,multi_behavior_sequence
12739,21915,3.878438,multi_behavior_sequence
12739,22666,3.875391,multi_behavior_sequence
12739,23108,3.857138,multi_behavior_sequence
12744,84945,2.838825,multi_behavior_sequence
12744,21314,2.383667,multi_behavior_sequence
12744,22139,2.363,multi_behavior_sequence
12744,23198,2.300717,multi_behavior_sequence
12744,84836,2.291627,multi_behavior_sequence
12744,23199,2.252378,multi_behavior_sequence
12744,22662,2.14119,multi_behavior_sequence
12744,22112,2.138509,multi_behavior_sequence
12744,21390,2.101697,multi_behavior_sequence
12744,22382,2.097413,multi_behavior_sequence
12748,22423,3.506135,multi_behavior_sequence
12748,79302M,3.424407,multi_behavior_sequence
12748,22784,3.099209,multi_behavior_sequence
12748,22983,3.052352,multi_behavior_sequence
12748,22624,2.818289,multi_behavior_sequence
12748,21108,2.734846,multi_behavior_sequence
12748,23114,2.708463,multi_behavior_sequence
12748,47566,2.58542,multi_behavior_sequence
12748,23243,2.456856,multi_behavior_sequence
12748,22907,2.449807,multi_behavior_sequence
12755,22720,2.891146,multi_behavior_sequence
12755,22112,2.711686,multi_behavior_sequence
12755,20724,2.388775,multi_behavior_sequence
12755,23247,2.254669,multi_behavior_sequence
12755,85099B,2.222353,multi_behavior_sequence
12755,20718,2.153608,multi_behavior_sequence
12755,21181,2.153259,multi_behavior_sequence
12755,22835,2.123879,multi_behavior_sequence
12755,20717,2.117213,multi_behavior_sequence
12755,21174,2.021281,multi_behavior_sequence
12779,21166,3.155231,multi_behavior_sequence
12779,23294,2.969034,multi_behavior_sequence
12779,23296,2.796477,multi_behavior_sequence
12779,20679,2.656994,multi_behavior_sequence
12779,23243,2.631249,multi_behavior_sequence
12779,21818,2.52282,multi_behavior_sequence
12779,22659,2.482884,multi_behavior_sequence
12779,84707A,2.474354,multi_behavior_sequence
12779,23295,2.471719,multi_behavior_sequence
12779,21158,2.459383,multi_behavior_sequence
12783,23294,3.731094,multi_behavior_sequence
12783,23012,3.508047,multi_behavior_sequence
12783,23077,3.379726,multi_behavior_sequence
12783,22993,3.288592,multi_behavior_sequence
12783,21818,3.261704,multi_behavior_sequence
12783,23453,3.247357,multi_behavior_sequence
12783,85123A,3.231092,multi_behavior_sequence
12783,23013,3.18317,multi_behavior_sequence
12783,22059,3.13308,multi_behavior_sequence
12783,23091,2.883712,multi_behavior_sequence
12792,21790,3.404858,multi_behavior_sequence
12792,22139,3.365586,multi_behavior_sequence
12792,22178,3.040152,multi_behavior_sequence
12792,22457,2.813716,multi_behavior_sequence
12792,21314,2.698517,multi_behavior_sequence
12792,23119,2.544865,multi_behavior_sequence
12792,22113,2.529799,multi_behavior_sequence
12792,22726,2.505009,multi_behavior_sequence
12792,22111,2.497553,multi_behavior_sequence
12792,22075,2.484658,multi_behavior_sequence
12808,23291,2.430472,multi_behavior_sequence
12808,23241,2.405697,multi_behavior_sequence
12808,23089,2.236677,multi_behavior_sequence
12808,20866,2.208883,multi_behavior_sequence
12808,22673,2.198681,multi_behavior_sequence
12808,20728,2.133036,multi_behavior_sequence
12808,72741,2.095967,multi_behavior_sequence
12808,22271,2.042211,multi_behavior_sequence
12808,21749,1.996405,multi_behavior_sequence
12808,20665,1.994442,multi_behavior_sequence
12810,21620,0.874202,multi_behavior_sequence
12810,21314,0.866416,multi_behavior_sequence
12810,22672,0.849238,multi_behavior_sequence
12810,M,0.81175,multi_behavior_sequence
12810,23500,0.811238,multi_behavior_sequence
12810,23483,0.804204,multi_behavior_sequence
12810,22595,0.80011,multi_behavior_sequence
12810,84945,0.794514,multi_behavior_sequence
12810,22487,0.782619,multi_behavior_sequence
12810,23422,0.780315,multi_behavior_sequence
12817,22138,3.696138,multi_behavior_sequence
12817,21790,2.784436,multi_behavior_sequence
12817,23103,2.743193,multi_behavior_sequence
12817,22838,2.708316,multi_behavior_sequence
12817,22112,2.522847,multi_behavior_sequence
12817,22749,2.398623,multi_behavior_sequence
12817,20724,2.316396,multi_behavior_sequence
12817,23209,2.288101,multi_behavior_sequence
12817,23208,2.253289,multi_behavior_sequence
12817,22750,2.23625,multi_behavior_sequence
12826,22139,2.818688,multi_behavior_sequence
12826,21733,2.599262,multi_behavior_sequence
12826,22469,2.500084,multi_behavior_sequence
12826,82483,2.494226,multi_behavior_sequence
12826,22568,2.336808,multi_behavior_sequence
12826,21871,2.321006,multi_behavior_sequence
12826,85152,2.295652,multi_behavior_sequence
12826,21231,2.148449,multi_behavior_sequence
12826,82582,2.132189,multi_behavior_sequence
12826,20727,2.106859,multi_behavior_sequence
12827,23322,4.466429,multi_behavior_sequence
12827,22617,3.828937,multi_behavior_sequence
12827,22423,3.530382,multi_behavior_sequence
12827,22469,3.497086,multi_behavior_sequence
12827,23328,3.432749,multi_behavior_sequence
12827,82494L,3.3259,multi_behavior_sequence
12827,23426,3.24049,multi_behavior_sequence
12827,23439,3.100971,multi_behavior_sequence
12827,20728,3.083925,multi_behavior_sequence
12827,20723,3.080913,multi_behavior_sequence
12830,23100,4.41703,multi_behavior_sequence
12830,23498,3.453302,multi_behavior_sequence
12830,23489,3.269658,multi_behavior_sequence
12830,23497,3.164916,multi_behavior_sequence
12830,23552,3.054907,multi_behavior_sequence
12830,22642,3.016115,multi_behavior_sequence
12830,23084,3.00561,multi_behavior_sequence
12830,23343,2.98613,multi_behavior_sequence
12830,23505,2.971065,multi_behavior_sequence
12830,23101,2.868825,multi_behavior_sequence
12840,23355,4.342165,multi_behavior_sequence
12840,23200,4.151631,multi_behavior_sequence
12840,22469,4.002759,multi_behavior_sequence
12840,85099C,3.814537,multi_behavior_sequence
12840,82582,3.604264,multi_behavior_sequence
12840,20727,3.533965,multi_behavior_sequence
12840,22111,3.449837,multi_behavior_sequence
12840,23202,3.441632,multi_behavior_sequence
12840,23581,3.432078,multi_behavior_sequence
12840,22488,3.36864,multi_behavior_sequence
12841,22846,2.435206,multi_behavior_sequence
12841,22720,2.168787,multi_behavior_sequence
12841,37449,2.115612,multi_behavior_sequence
12841,20971,2.080428,multi_behavior_sequence
12841,71477,2.041328,multi_behavior_sequence
12841,22961,1.996652,multi_behavior_sequence
12841,22411,1.993632,multi_behavior_sequence
12841,48194,1.968828,multi_behavior_sequence
12841,85049E,1.936813,multi_behavior_sequence
12841,23320,1.873845,multi_behavior_sequence
12843,47566B,2.04195,multi_behavior_sequence
12843,23176,1.936753,multi_behavior_sequence
12843,22083,1.886365,multi_behavior_sequence
12843,82582,1.834478,multi_behavior_sequence
12843,82482,1.769946,multi_behavior_sequence
12843,21984,1.730737,multi_behavior_sequence
12843,84050,1.703223,multi_behavior_sequence
12843,22189,1.656388,multi_behavior_sequence
12843,22791,1.652939,multi_behavior_sequence
12843,22311,1.628103,multi_behavior_sequence
12844,84946,1.720702,multi_behavior_sequence
12844,22311,1.628335,multi_behavior_sequence
12844,21154,1.609531,multi_behavior_sequence
12844,23374,1.5824,multi_behavior_sequence
12844,22690,1.579666,multi_behavior_sequence
12844,22891,1.431385,multi_behavior_sequence
12844,23422,1.421432,multi_behavior_sequence
12844,23176,1.420807,multi_behavior_sequence
12844,23154,1.41982,multi_behavior_sequence
12844,48194,1.37513,multi_behavior_sequence
12868,22469,3.768736,multi_behavior_sequence
12868,22423,3.734827,multi_behavior_sequence
12868,23322,3.037794,multi_behavior_sequence
12868,23208,3.023625,multi_behavior_sequence
12868,22617,2.797588,multi_behavior_sequence
12868,20726,2.723973,multi_behavior_sequence
12868,22139,2.721775,multi_behavior_sequence
12868,22355,2.603324,multi_behavior_sequence
12868,22138,2.586926,multi_behavior_sequence
12868,22382,2.577215,multi_behavior_sequence
12873,23293,2.929757,multi_behavior_sequence
12873,84945,2.861404,multi_behavior_sequence
12873,23247,2.815689,multi_behavior_sequence
12873,22989,2.785983,multi_behavior_sequence
12873,22139,2.593379,multi_behavior_sequence
12873,22720,2.586139,multi_behavior_sequence
12873,POST,2.483862,multi_behavior_sequence
12873,23505,2.45083,multi_behavior_sequence
12873,21034,2.447731,multi_behavior_sequence
12873,23128,2.357882,multi_behavior_sequence
12878,23094,3.671711,multi_behavior_sequence
12878,21985,3.222258,multi_behavior_sequence
12878,22947,3.191921,multi_behavior_sequence
12878,22565,2.821421,multi_behavior_sequence
12878,20972,2.804736,multi_behavior_sequence
12878,22943,2.797167,multi_behavior_sequence
12878,22175,2.768999,multi_behavior_sequence
12878,20727,2.73648,multi_behavior_sequence
12878,22423,2.718547,multi_behavior_sequence
12878,47599A,2.571771,multi_behavior_sequence
12880,22469,2.742704,multi_behavior_sequence
12880,23203,2.686085,multi_behavior_sequence
12880,21034,2.66365,multi_behavior_sequence
12880,84947,2.521777,multi_behavior_sequence
12880,22457,2.403405,multi_behavior_sequence
12880,84945,2.394351,multi_behavior_sequence
12880,22961,2.315279,multi_behavior_sequence
12880,23119,2.186428,multi_behavior_sequence
12880,22966,2.179389,multi_behavior_sequence
12880,84375,2.12473,multi_behavior_sequence
12898,21791,1.581518,multi_behavior_sequence
12898,22466,1.562901,multi_behavior_sequence
12898,22492,1.559417,multi_behavior_sequence
12898,20970,1.425327,multi_behavior_sequence
12898,23489,1.423584,multi_behavior_sequence
12898,20969,1.382042,multi_behavior_sequence
12898,84978,1.37872,multi_behavior_sequence
12898,23280,1.337484,multi_behavior_sequence
12898,23194,1.288519,multi_behavior_sequence
12898,20750,1.282334,multi_behavior_sequence
12901,23293,2.871959,multi_behavior_sequence
12901,23247,2.604307,multi_behavior_sequence
12901,22457,2.492718,multi_behavior_sequence
12901,20718,2.484381,multi_behavior_sequence
12901,84947,2.447878,multi_behavior_sequence
12901,82582,2.36392,multi_behavior_sequence
12901,23182,2.326629,multi_behavior_sequence
12901,22197,2.233434,multi_behavior_sequence
12901,82483,2.210885,multi_behavior_sequence
12901,84988,2.206554,multi_behavior_sequence
12921,21914,2.763115,multi_behavior_sequence
12921,21790,2.548884,multi_behavior_sequence
12921,23570,2.536011,multi_behavior_sequence
12921,23100,2.529169,multi_behavior_sequence
12921,22144,2.127249,multi_behavior_sequence
12921,23480,2.10118,multi_behavior_sequence
12921,20679,2.068232,multi_behavior_sequence
12921,23301,2.034338,multi_behavior_sequence
12921,23489,1.99179,multi_behavior_sequence
12921,23505,1.983581,multi_behavior_sequence
12927,22585,2.556662,multi_behavior_sequence
12927,22138,2.523171,multi_behavior_sequence
12927,20972,2.518856,multi_behavior_sequence
12927,22815,2.472711,multi_behavior_sequence
12927,85099C,2.409432,multi_behavior_sequence
12927,23208,2.376392,multi_behavior_sequence
12927,85049E,2.158759,multi_behavior_sequence
12927,15036,2.09182,multi_behavior_sequence
12927,71477,2.042641,multi_behavior_sequence
12927,23350,2.01357,multi_behavior_sequence
12931,22138,3.877641,multi_behavior_sequence
12931,22617,2.612349,multi_behavior_sequence
12931,21790,2.556064,multi_behavior_sequence
12931,22749,2.369231,multi_behavior_sequence
12931,22178,2.245212,multi_behavior_sequence
12931,21034,2.17734,multi_behavior_sequence
12931,22619,2.151927,multi_behavior_sequence
12931,22386,2.059836,multi_behavior_sequence
12931,22469,2.049577,multi_behavior_sequence
12931,21314,2.047734,multi_behavior_sequence
12933,23084,1.953241,multi_behavior_sequence
12933,22812,1.907841,multi_behavior_sequence
12933,23480,1.836121,multi_behavior_sequence
12933,23194,1.773754,multi_behavior_sequence
12933,22224,1.758412,multi_behavior_sequence
12933,22321,1.678376,multi_behavior_sequence
12933,23434,1.655726,multi_behavior_sequence
12933,23372,1.64622,multi_behavior_sequence
12933,23382,1.627868,multi_behavior_sequence
12933,21791,1.569216,multi_behavior_sequence
12937,22469,3.837348,multi_behavior_sequence
12937,20724,3.579623,multi_behavior_sequence
12937,21733,3.354468,multi_behavior_sequence
12937,22112,3.262566,multi_behavior_sequence
12937,23206,3.18499,multi_behavior_sequence
12937,22382,3.110495,multi_behavior_sequence
12937,23322,3.022449,multi_behavior_sequence
12937,20718,2.990294,multi_behavior_sequence
12937,23215,2.880012,multi_behavior_sequence
12937,23355,2.873125,multi_behavior_sequence
12939,84945,3.086661,multi_behavior_sequence
12939,22498,2.858573,multi_behavior_sequence
12939,20828,2.687417,multi_behavior_sequence
12939,46000S,2.679785,multi_behavior_sequence
12939,22619,2.645718,multi_behavior_sequence
12939,15034,2.580291,multi_behavior_sequence
12939,23500,2.515268,multi_behavior_sequence
12939,23233,2.507557,multi_behavior_sequence
12939,22255,2.413473,multi_behavior_sequence
12939,21262,2.404702,multi_behavior_sequence
12947,22423,4.40475,multi_behavior_sequence
12947,22382,4.141632,multi_behavior_sequence
12947,20726,3.801081,multi_behavior_sequence
12947,23208,3.754836,multi_behavior_sequence
12947,21485,3.736727,multi_behavior_sequence
12947,22469,3.58785,multi_behavior_sequence
12947,23207,3.563851,multi_behavior_sequence
12947,23355,3.529538,multi_behavior_sequence
12947,23201,3.418718,multi_behavior_sequence
12947,22617,3.362411,multi_behavior_sequence
12949,84945,1.586484,multi_behavior_sequence
12949,23084,1.5444,multi_behavior_sequence
12949,23499,1.421217,multi_behavior_sequence
12949,23128,1.318673,multi_behavior_sequence
12949,22178,1.28202,multi_behavior_sequence
12949,23505,1.276548,multi_behavior_sequence
12949,22138,1.27524,multi_behavior_sequence
12949,23203,1.186623,multi_behavior_sequence
12949,23480,1.160422,multi_behavior_sequence
12949,22224,1.141591,multi_behavior_sequence
12951,23356,2.855824,multi_behavior_sequence
12951,22138,2.836942,multi_behavior_sequence
12951,23298,2.755547,multi_behavior_sequence
12951,22910,2.733021,multi_behavior_sequence
12951,22114,2.56425,multi_behavior_sequence
12951,22178,2.560049,multi_behavior_sequence
12951,22139,2.485927,multi_behavior_sequence
12951,23080,2.430792,multi_behavior_sequence
12951,22111,2.42828,multi_behavior_sequence
12951,21915,2.426933,multi_behavior_sequence
12955,22138,3.747386,multi_behavior_sequence
12955,22139,3.371458,multi_behavior_sequence
12955,20971,3.367839,multi_behavior_sequence
12955,23344,3.355517,multi_behavior_sequence
12955,20974,3.337931,multi_behavior_sequence
12955,23301,3.130046,multi_behavior_sequence
12955,20972,3.066464,multi_behavior_sequence
12955,23084,2.98059,multi_behavior_sequence
12955,21915,2.854175,multi_behavior_sequence
12955,23234,2.836149,multi_behavior_sequence
12971,22138,3.178098,multi_behavior_sequence
12971,23084,3.114653,multi_behavior_sequence
12971,21985,2.903184,multi_behavior_sequence
12971,84347,2.829475,multi_behavior_sequence
12971,22940,2.707091,multi_behavior_sequence
12971,22139,2.679946,multi_behavior_sequence
12971,22493,2.652987,multi_behavior_sequence
12971,23344,2.635093,multi_behavior_sequence
12971,23188,2.542133,multi_behavior_sequence
12971,22197,2.505158,multi_behavior_sequence
12982,21497,1.872233,multi_behavior_sequence
12982,20754,1.759395,multi_behavior_sequence
12982,47566,1.759174,multi_behavior_sequence
12982,21843,1.680666,multi_behavior_sequence
12982,22904,1.564265,multi_behavior_sequence
12982,22771,1.544162,multi_behavior_sequence
12982,84510A,1.513742,multi_behavior_sequence
12982,22047,1.506208,multi_behavior_sequence
12982,23191,1.487269,multi_behavior_sequence
12982,23170,1.426457,multi_behavior_sequence
12984,85099B,3.391465,multi_behavior_sequence
12984,22952,3.229822,multi_behavior_sequence
12984,22457,3.170501,multi_behavior_sequence
12984,23439,2.945412,multi_behavior_sequence
12984,22728,2.836578,multi_behavior_sequence
12984,23328,2.806451,multi_behavior_sequence
12984,22867,2.770133,multi_behavior_sequence
12984,22139,2.760155,multi_behavior_sequence
12984,22726,2.759637,multi_behavior_sequence
12984,23203,2.726507,multi_behavior_sequence
12986,22178,2.669358,multi_behavior_sequence
12986,22791,2.60454,multi_behavior_sequence
12986,23215,2.512365,multi_behavior_sequence
12986,22139,2.422569,multi_behavior_sequence
12986,21326,2.393146,multi_behavior_sequence
12986,22113,2.268062,multi_behavior_sequence
12986,21174,2.225127,multi_behavior_sequence
12986,22846,2.179199,multi_behavior_sequence
12986,23132,2.082325,multi_behavior_sequence
12986,22960,2.078066,multi_behavior_sequence
12987,22791,1.297551,multi_behavior_sequence
12987,82578,1.282807,multi_behavior_sequence
12987,47566,1.227471,multi_behavior_sequence
12987,23321,1.217983,multi_behavior_sequence
12987,85123A,1.211355,multi_behavior_sequence
12987,22188,1.148514,multi_behavior_sequence
12987,23322,1.139714,multi_behavior_sequence
12987,22729,1.13151,multi_behavior_sequence
12987,23534,1.123896,multi_behavior_sequence
12987,22487,1.09835,multi_behavior_sequence
13001,23284,4.202629,multi_behavior_sequence
13001,23344,3.998503,multi_behavior_sequence
13001,23084,3.645702,multi_behavior_sequence
13001,20971,3.616603,multi_behavior_sequence
13001,23314,3.536555,multi_behavior_sequence
13001,23499,3.450804,multi_behavior_sequence
13001,22582,3.43562,multi_behavior_sequence
13001,23234,3.435142,multi_behavior_sequence
13001,84945,3.39021,multi_behavior_sequence
13001,22866,3.383373,multi_behavior_sequence
13010,20971,1.195842,multi_behavior_sequence
13010,20972,1.183514,multi_behavior_sequence
13010,22138,1.179529,multi_behavior_sequence
13010,23503,1.1791,multi_behavior_sequence
13010,22666,1.141952,multi_behavior_sequence
13010,23084,1.117343,multi_behavior_sequence
13010,21791,1.109352,multi_behavior_sequence
13010,23170,1.071859,multi_behavior_sequence
13010,22617,1.068333,multi_behavior_sequence
13010,21985,1.059504,multi_behavior_sequence
13013,22197,4.82922,multi_behavior_sequence
13013,85099B,3.865888,multi_behavior_sequence
13013,22818,3.77088,multi_behavior_sequence
13013,84029E,3.476064,multi_behavior_sequence
13013,22383,3.435111,multi_behavior_sequence
13013,21903,3.294158,multi_behavior_sequence
13013,23213,3.117448,multi_behavior_sequence
13013,23247,3.045646,multi_behavior_sequence
13013,23356,3.022097,multi_behavior_sequence
13013,22112,3.017302,multi_behavior_sequence
13014,23322,3.390578,multi_behavior_sequence
13014,23191,3.048909,multi_behavior_sequence
13014,21137,2.885392,multi_behavior_sequence
13014,23321,2.676122,multi_behavior_sequence
13014,23332,2.533046,multi_behavior_sequence
13014,21497,2.44486,multi_behavior_sequence
13014,23192,2.434454,multi_behavior_sequence
13014,47566,2.398804,multi_behavior_sequence
13014,23290,2.390252,multi_behavior_sequence
13014,21756,2.386904,multi_behavior_sequence
13023,21790,2.413636,multi_behavior_sequence
13023,22411,2.392426,multi_behavior_sequence
13023,84945,2.3691,multi_behavior_sequence
13023,22423,2.33209,multi_behavior_sequence
13023,22086,2.315848,multi_behavior_sequence
13023,22469,2.305173,multi_behavior_sequence
13023,23322,2.216388,multi_behavior_sequence
13023,23208,2.191144,multi_behavior_sequence
13023,23499,2.190509,multi_behavior_sequence
13023,20972,2.175025,multi_behavior_sequence
13026,21620,0.822287,multi_behavior_sequence
13026,22075,0.811082,multi_behavior_sequence
13026,22469,0.786676,multi_behavior_sequence
13026,23080,0.781821,multi_behavior_sequence
13026,23403,0.777694,multi_behavior_sequence
13026,20970,0.773052,multi_behavior_sequence
13026,22294,0.748117,multi_behavior_sequence
13026,23349,0.741803,multi_behavior_sequence
13026,21874,0.740227,multi_behavior_sequence
13026,20749,0.711607,multi_behavior_sequence
13027,22720,3.920466,multi_behavior_sequence
13027,22960,3.493363,multi_behavior_sequence
13027,22961,3.45446,multi_behavior_sequence
13027,22727,3.369998,multi_behavior_sequence
13027,22577,3.219917,multi_behavior_sequence
13027,84945,3.155885,multi_behavior_sequence
13027,23356,3.084514,multi_behavior_sequence
13027,22385,2.91353,multi_behavior_sequence
13027,23355,2.900788,multi_behavior_sequence
13027,23493,2.853916,multi_behavior_sequence
13032,23322,3.345712,multi_behavior_sequence
13032,22423,2.893661,multi_behavior_sequence
13032,22624,2.811294,multi_behavior_sequence
13032,22469,2.717139,multi_behavior_sequence
13032,22666,2.523843,multi_behavior_sequence
13032,23332,2.449142,multi_behavior_sequence
13032,23108,2.407313,multi_behavior_sequence
13032,23205,2.386735,multi_behavior_sequence
13032,22625,2.343206,multi_behavior_sequence
13032,85123A,2.325863,multi_behavior_sequence
13047,84945,3.086443,multi_behavior_sequence
13047,22662,2.831952,multi_behavior_sequence
13047,85099B,2.812125,multi_behavior_sequence
13047,23321,2.713592,multi_behavior_sequence
13047,22383,2.538791,multi_behavior_sequence
13047,85099F,2.463948,multi_behavior_sequence
13047,84836,2.409782,multi_behavior_sequence
13047,23199,2.356288,multi_behavior_sequence
13047,23209,2.299567,multi_behavior_sequence
13047,22112,2.254506,multi_behavior_sequence
13049,22469,3.304922,multi_behavior_sequence
13049,23322,3.18847,multi_behavior_sequence
13049,22952,2.963219,multi_behavior_sequence
13049,22720,2.962014,multi_behavior_sequence
13049,21790,2.918101,multi_behavior_sequence
13049,22139,2.915929,multi_behavior_sequence
13049,23243,2.842209,multi_behavior_sequence
13049,84947,2.77951,multi_behavior_sequence
13049,82494L,2.684157,multi_behavior_sequence
13049,82583,2.583403,multi_behavior_sequence
13050,20724,3.800691,multi_behavior_sequence
13050,22423,3.635803,multi_behavior_sequence
13050,23247,3.515005,multi_behavior_sequence
13050,23355,3.28808,multi_behavior_sequence
13050,22666,3.213263,multi_behavior_sequence
13050,22993,3.209542,multi_behavior_sequence
13050,23293,3.136937,multi_behavior_sequence
13050,22989,3.118396,multi_behavior_sequence
13050,20718,2.941967,multi_behavior_sequence
13050,84029G,2.862732,multi_behavior_sequence
13067,22139,4.428406,multi_behavior_sequence
13067,82578,3.673197,multi_behavior_sequence
13067,21314,3.290901,multi_behavior_sequence
13067,22386,3.168588,multi_behavior_sequence
13067,82482,3.059412,multi_behavior_sequence
13067,22998,3.022689,multi_behavior_sequence
13067,22138,2.979416,multi_behavior_sequence
13067,21931,2.942914,multi_behavior_sequence
13067,23322,2.925826,multi_behavior_sequence
13067,21928,2.90693,multi_behavior_sequence
13069,22910,3.371108,multi_behavior_sequence
13069,22941,3.212278,multi_behavior_sequence
13069,22469,3.166642,multi_behavior_sequence
13069,22114,3.046806,multi_behavior_sequence
13069,20682,3.016519,multi_behavior_sequence
13069,22729,2.952816,multi_behavior_sequence
13069,22111,2.877002,multi_behavior_sequence
13069,23077,2.867742,multi_behavior_sequence
13069,23510,2.831588,multi_behavior_sequence
13069,22320,2.818694,multi_behavior_sequence
13078,85099B,4.443036,multi_behavior_sequence
13078,22077,4.198971,multi_behavior_sequence
13078,22818,4.025909,multi_behavior_sequence
13078,21524,3.555068,multi_behavior_sequence
13078,23571,3.336302,multi_behavior_sequence
13078,21931,3.320299,multi_behavior_sequence
13078,22620,3.315075,multi_behavior_sequence
13078,23077,3.300395,multi_behavior_sequence
13078,21172,3.216491,multi_behavior_sequence
13078,21231,3.195581,multi_behavior_sequence
13089,20981,2.552322,multi_behavior_sequence
13089,22627,2.458982,multi_behavior_sequence
13089,22624,2.356316,multi_behavior_sequence
13089,16169E,2.28858,multi_behavior_sequence
13089,23167,2.270061,multi_behavior_sequence
13089,22978,2.24818,multi_behavior_sequence
13089,20974,2.247449,multi_behavior_sequence
13089,21833,2.219719,multi_behavior_sequence
13089,23191,2.178265,multi_behavior_sequence
13089,20754,2.166726,multi_behavior_sequence
13093,85123A,3.276992,multi_behavior_sequence
13093,22624,3.268306,multi_behavior_sequence
13093,23322,3.249152,multi_behavior_sequence
13093,22112,3.168735,multi_behavior_sequence
13093,23355,3.072086,multi_behavior_sequence
13093,84029G,3.058258,multi_behavior_sequence
13093,20724,2.909365,multi_behavior_sequence
13093,22835,2.822186,multi_behavior_sequence
13093,23321,2.818043,multi_behavior_sequence
13093,22427,2.729265,multi_behavior_sequence
13094,23534,2.379189,multi_behavior_sequence
13094,23399,2.18048,multi_behavior_sequence
13094,84029G,2.155044,multi_behavior_sequence
13094,23247,2.126385,multi_behavior_sequence
13094,21524,1.99173,multi_behavior_sequence
13094,22470,1.970307,multi_behavior_sequence
13094,23077,1.935032,multi_behavior_sequence
13094,22694,1.880475,multi_behavior_sequence
13094,48194,1.849867,multi_behavior_sequence
13094,21874,1.820873,multi_behavior_sequence
13097,22139,1.525123,multi_behavior_sequence
13097,21191,1.262995,multi_behavior_sequence
13097,72760B,1.256793,multi_behavior_sequence
13097,21928,1.243101,multi_behavior_sequence
13097,22722,1.231412,multi_behavior_sequence
13097,22776,1.228578,multi_behavior_sequence
13097,22470,1.19654,multi_behavior_sequence
13097,22907,1.196421,multi_behavior_sequence
13097,20982,1.180928,multi_behavior_sequence
13097,23322,1.174162,multi_behavior_sequence
13102,22382,4.268541,multi_behavior_sequence
13102,22112,3.776046,multi_behavior_sequence
13102,22383,3.279658,multi_behavior_sequence
13102,22720,3.105645,multi_behavior_sequence
13102,22835,2.988995,multi_behavior_sequence
13102,23209,2.979918,multi_behavior_sequence
13102,22662,2.921037,multi_behavior_sequence
13102,23355,2.897212,multi_behavior_sequence
13102,20727,2.876941,multi_behavior_sequence
13102,22865,2.819973,multi_behavior_sequence
13133,23084,2.535736,multi_behavior_sequence
13133,22809,2.455813,multi_behavior_sequence
13133,23480,2.280167,multi_behavior_sequence
13133,22810,2.227381,multi_behavior_sequence
13133,23280,2.097268,multi_behavior_sequence
13133,22666,2.07482,multi_behavior_sequence
13133,20750,2.049041,multi_behavior_sequence
13133,22423,2.019989,multi_behavior_sequence
13133,23382,1.965893,multi_behavior_sequence
13133,21485,1.937055,multi_behavior_sequence
13144,22470,3.027267,multi_behavior_sequence
13144,22139,2.980148,multi_behavior_sequence
13144,85099B,2.968263,multi_behavior_sequence
13144,21314,2.658076,multi_behavior_sequence
13144,22791,2.498478,multi_behavior_sequence
13144,21928,2.427016,multi_behavior_sequence
13144,20682,2.392365,multi_behavior_sequence
13144,23534,2.341758,multi_behavior_sequence
13144,47566,2.335073,multi_behavior_sequence
13144,23203,2.31819,multi_behavior_sequence
13148,23489,2.449131,multi_behavior_sequence
13148,23100,2.416096,multi_behavior_sequence
13148,23091,2.200796,multi_behavior_sequence
13148,85123A,2.018254,multi_behavior_sequence
13148,23570,1.955876,multi_behavior_sequence
13148,23321,1.94785,multi_behavior_sequence
13148,23108,1.921582,multi_behavior_sequence
13148,22593,1.914274,multi_behavior_sequence
13148,23101,1.867996,multi_behavior_sequence
13148,84978,1.8437,multi_behavior_sequence
13149,22457,3.371003,multi_behavior_sequence
13149,22952,2.98236,multi_behavior_sequence
13149,23101,2.883373,multi_behavior_sequence
13149,84945,2.814302,multi_behavior_sequence
13149,23203,2.711245,multi_behavior_sequence
13149,21034,2.633265,multi_behavior_sequence
13149,22086,2.614076,multi_behavior_sequence
13149,22197,2.536973,multi_behavior_sequence
13149,35970,2.491312,multi_behavior_sequence
13149,23202,2.428514,multi_behavior_sequence
13165,23484,2.840973,multi_behavior_sequence
13165,22220,2.64352,multi_behavior_sequence
13165,23399,2.614806,multi_behavior_sequence
13165,23107,2.415186,multi_behavior_sequence
13165,POST,2.347571,multi_behavior_sequence
13165,21535,2.299165,multi_behavior_sequence
13165,21841,2.260012,multi_behavior_sequence
13165,21287,2.252512,multi_behavior_sequence
13165,23456,2.244689,multi_behavior_sequence
13165,21749,2.177144,multi_behavior_sequence
13171,23322,3.640628,multi_behavior_sequence
13171,85123A,3.296996,multi_behavior_sequence
13171,82494L,3.080124,multi_behavior_sequence
13171,82583,3.040735,multi_behavior_sequence
13171,23321,2.847253,multi_behavior_sequence
13171,23243,2.818512,multi_behavior_sequence
13171,22384,2.721302,multi_behavior_sequence
13171,47566,2.647142,multi_behavior_sequence
13171,23293,2.600785,multi_behavior_sequence
13171,22692,2.448765,multi_behavior_sequence
13192,22295,1.379805,multi_behavior_sequence
13192,22423,1.315509,multi_behavior_sequence
13192,23456,1.233963,multi_behavior_sequence
13192,22469,1.176147,multi_behavior_sequence
13192,22617,1.175759,multi_behavior_sequence
13192,23420,1.142181,multi_behavior_sequence
13192,23130,1.140395,multi_behavior_sequence
13192,22150,1.108892,multi_behavior_sequence
13192,23322,1.102293,multi_behavior_sequence
13192,22427,1.101109,multi_behavior_sequence
13198,22382,5.176041,multi_behavior_sequence
13198,23207,4.525018,multi_behavior_sequence
13198,22662,3.907729,multi_behavior_sequence
13198,22112,3.890241,multi_behavior_sequence
13198,21733,3.878925,multi_behavior_sequence
13198,23355,3.801616,multi_behavior_sequence
13198,21070,3.615779,multi_behavior_sequence
13198,22383,3.614419,multi_behavior_sequence
13198,22469,3.572673,multi_behavior_sequence
13198,23144,3.565479,multi_behavior_sequence
13199,23534,3.425608,multi_behavior_sequence
13199,22457,3.228695,multi_behavior_sequence
13199,23356,3.158348,multi_behavior_sequence
13199,23355,3.043453,multi_behavior_sequence
13199,84029G,3.029837,multi_behavior_sequence
13199,22197,3.008821,multi_behavior_sequence
13199,22114,2.973445,multi_behavior_sequence
13199,23203,2.886249,multi_behavior_sequence
13199,82494L,2.79481,multi_behavior_sequence
13199,22961,2.727936,multi_behavior_sequence
13201,23322,4.027424,multi_behavior_sequence
13201,22469,3.388974,multi_behavior_sequence
13201,23321,2.976743,multi_behavior_sequence
13201,23206,2.858961,multi_behavior_sequence
13201,22139,2.805911,multi_behavior_sequence
13201,23209,2.781092,multi_behavior_sequence
13201,20724,2.753046,multi_behavior_sequence
13201,23355,2.660234,multi_behavior_sequence
13201,22423,2.586129,multi_behavior_sequence
13201,23205,2.580121,multi_behavior_sequence
13208,21034,0.960106,multi_behavior_sequence
13208,22722,0.910132,multi_behavior_sequence
13208,22720,0.901162,multi_behavior_sequence
13208,22851,0.875899,multi_behavior_sequence
13208,22138,0.867851,multi_behavior_sequence
13208,22423,0.85827,multi_behavior_sequence
13208,22989,0.835055,multi_behavior_sequence
13208,21791,0.831642,multi_behavior_sequence
13208,84836,0.809879,multi_behavior_sequence
13208,22910,0.796882,multi_behavior_sequence
13209,23422,2.081642,multi_behavior_sequence
13209,23526,1.757927,multi_behavior_sequence
13209,21914,1.71893,multi_behavior_sequence
13209,23328,1.686933,multi_behavior_sequence
13209,20969,1.633136,multi_behavior_sequence
13209,23084,1.593969,multi_behavior_sequence
13209,22632,1.526588,multi_behavior_sequence
13209,23489,1.499028,multi_behavior_sequence
13209,20970,1.496304,multi_behavior_sequence
13209,84012,1.470777,multi_behavior_sequence
13225,85152,1.694255,multi_behavior_sequence
13225,82582,1.676403,multi_behavior_sequence
13225,85099B,1.634026,multi_behavior_sequence
13225,23355,1.617282,multi_behavior_sequence
13225,22720,1.558392,multi_behavior_sequence
13225,22382,1.48185,multi_behavior_sequence
13225,21174,1.479335,multi_behavior_sequence
13225,22961,1.43771,multi_behavior_sequence
13225,22112,1.395062,multi_behavior_sequence
13225,22086,1.369086,multi_behavior_sequence
13230,22423,2.895556,multi_behavior_sequence
13230,22138,2.883938,multi_behavior_sequence
13230,22469,2.678472,multi_behavior_sequence
13230,23200,2.643465,multi_behavior_sequence
13230,22139,2.622612,multi_behavior_sequence
13230,23206,2.361547,multi_behavior_sequence
13230,21899,2.302048,multi_behavior_sequence
13230,22295,2.26349,multi_behavior_sequence
13230,85099F,2.212543,multi_behavior_sequence
13230,22627,2.166905,multi_behavior_sequence
13238,23199,4.401978,multi_behavior_sequence
13238,84945,4.356733,multi_behavior_sequence
13238,22663,4.113952,multi_behavior_sequence
13238,21174,3.65465,multi_behavior_sequence
13238,23298,3.621246,multi_behavior_sequence
13238,23581,3.534938,multi_behavior_sequence
13238,22729,3.530382,multi_behavior_sequence
13238,23200,3.396092,multi_behavior_sequence
13238,22457,3.371037,multi_behavior_sequence
13238,84347,3.237573,multi_behavior_sequence
13239,21749,2.486701,multi_behavior_sequence
13239,21623,2.401628,multi_behavior_sequence
13239,20749,2.165891,multi_behavior_sequence
13239,22222,2.121735,multi_behavior_sequence
13239,22747,1.979872,multi_behavior_sequence
13239,21207,1.972753,multi_behavior_sequence
13239,22931,1.927209,multi_behavior_sequence
13239,22178,1.922597,multi_behavior_sequence
13239,17107D,1.886486,multi_behavior_sequence
13239,23337,1.844518,multi_behavior_sequence
13246,22197,5.025755,multi_behavior_sequence
13246,22865,4.617442,multi_behavior_sequence
13246,22457,4.599698,multi_behavior_sequence
13246,82482,4.382409,multi_behavior_sequence
13246,22727,4.277334,multi_behavior_sequence
13246,23356,4.270391,multi_behavior_sequence
13246,21231,4.129167,multi_behavior_sequence
13246,21790,4.086403,multi_behavior_sequence
13246,82494L,4.058603,multi_behavior_sequence
13246,23247,4.048,multi_behavior_sequence
13258,23322,3.132056,multi_behavior_sequence
13258,23321,3.116207,multi_behavior_sequence
13258,23302,2.85417,multi_behavior_sequence
13258,23215,2.812199,multi_behavior_sequence
13258,22487,2.704673,multi_behavior_sequence
13258,23355,2.563021,multi_behavior_sequence
13258,22385,2.525713,multi_behavior_sequence
13258,84970S,2.51575,multi_behavior_sequence
13258,23091,2.485846,multi_behavior_sequence
13258,21326,2.47237,multi_behavior_sequence
13259,22457,1.504797,multi_behavior_sequence
13259,84947,1.308537,multi_behavior_sequence
13259,22178,1.30375,multi_behavior_sequence
13259,22075,1.253773,multi_behavior_sequence
13259,85099B,1.221059,multi_behavior_sequence
13259,22952,1.193202,multi_behavior_sequence
13259,23403,1.188814,multi_behavior_sequence
13259,22139,1.1859,multi_behavior_sequence
13259,23168,1.154147,multi_behavior_sequence
13259,23349,1.13392,multi_behavior_sequence
13263,22818,3.272672,multi_behavior_sequence
13263,23302,3.268367,multi_behavior_sequence
13263,22533,3.01386,multi_behavior_sequence
13263,47566B,2.888752,multi_behavior_sequence
13263,22197,2.857648,multi_behavior_sequence
13263,21931,2.832097,multi_behavior_sequence
13263,22910,2.806575,multi_behavior_sequence
13263,22082,2.795948,multi_behavior_sequence
13263,21907,2.784456,multi_behavior_sequence
13263,22384,2.689482,multi_behavior_sequence
13265,21485,2.246193,multi_behavior_sequence
13265,20682,2.239443,multi_behavior_sequence
13265,47566,2.003389,multi_behavior_sequence
13265,22469,1.963514,multi_behavior_sequence
13265,22423,1.829648,multi_behavior_sequence
13265,47566B,1.820271,multi_behavior_sequence
13265,21843,1.818008,multi_behavior_sequence
13265,21730,1.807598,multi_behavior_sequence
13265,21668,1.756974,multi_behavior_sequence
13265,85099C,1.742337,multi_behavior_sequence
13267,22727,4.684422,multi_behavior_sequence
13267,22624,4.365032,multi_behavior_sequence
13267,22726,4.113897,multi_behavior_sequence
13267,22382,3.803423,multi_behavior_sequence
13267,22865,3.669092,multi_behavior_sequence
13267,22633,3.641343,multi_behavior_sequence
13267,22983,3.564763,multi_behavior_sequence
13267,21731,3.33339,multi_behavior_sequence
13267,22728,3.299809,multi_behavior_sequence
13267,22197,3.210586,multi_behavior_sequence
13269,22423,4.622164,multi_behavior_sequence
13269,23247,4.149439,multi_behavior_sequence
13269,22720,4.121577,multi_behavior_sequence
13269,23355,4.114799,multi_behavior_sequence
13269,22469,4.112767,multi_behavior_sequence
13269,20724,4.063946,multi_behavior_sequence
13269,23203,3.917634,multi_behavior_sequence
13269,23439,3.75561,multi_behavior_sequence
13269,22382,3.697346,multi_behavior_sequence
13269,22666,3.479758,multi_behavior_sequence
13276,23007,3.684727,multi_behavior_sequence
13276,21704,3.470602,multi_behavior_sequence
13276,22635,3.307301,multi_behavior_sequence
13276,23080,3.293729,multi_behavior_sequence
13276,20750,3.214081,multi_behavior_sequence
13276,22469,3.176901,multi_behavior_sequence
13276,47590B,3.131091,multi_behavior_sequence
13276,23008,3.099359,multi_behavior_sequence
13276,23254,3.085477,multi_behavior_sequence
13276,22150,3.064288,multi_behavior_sequence
13300,22138,1.883675,multi_behavior_sequence
13300,22469,1.755018,multi_behavior_sequence
13300,23284,1.708623,multi_behavior_sequence
13300,84030E,1.575931,multi_behavior_sequence
13300,22423,1.544188,multi_behavior_sequence
13300,85099C,1.543244,multi_behavior_sequence
13300,22720,1.52572,multi_behavior_sequence
13300,22411,1.505448,multi_behavior_sequence
13300,22961,1.47789,multi_behavior_sequence
13300,23469,1.465188,multi_behavior_sequence
13305,22720,5.15048,multi_behavior_sequence
13305,22411,4.300289,multi_behavior_sequence
13305,22979,4.125082,multi_behavior_sequence
13305,84347,3.850772,multi_behavior_sequence
13305,22457,3.619754,multi_behavior_sequence
13305,22138,3.547225,multi_behavior_sequence
13305,22727,3.546838,multi_behavior_sequence
13305,23084,3.453155,multi_behavior_sequence
13305,20718,3.34427,multi_behavior_sequence
13305,22086,3.34356,multi_behavior_sequence
13308,21034,3.996278,multi_behavior_sequence
13308,23439,3.928433,multi_behavior_sequence
13308,23247,3.753454,multi_behavior_sequence
13308,21790,3.630132,multi_behavior_sequence
13308,84347,3.358101,multi_behavior_sequence
13308,22606,3.347024,multi_behavior_sequence
13308,21932,3.199525,multi_behavior_sequence
13308,23198,3.17623,multi_behavior_sequence
13308,21231,3.175857,multi_behavior_sequence
13308,20727,3.081374,multi_behavior_sequence
13313,22662,3.223896,multi_behavior_sequence
13313,22469,3.084037,multi_behavior_sequence
13313,22382,2.970583,multi_behavior_sequence
13313,23209,2.916268,multi_behavior_sequence
13313,23206,2.908157,multi_behavior_sequence
13313,22413,2.871891,multi_behavior_sequence
13313,23426,2.674159,multi_behavior_sequence
13313,22112,2.669069,multi_behavior_sequence
13313,22193,2.633529,multi_behavior_sequence
13313,23207,2.589657,multi_behavior_sequence
13318,22617,4.641416,multi_behavior_sequence
13318,22138,4.285373,multi_behavior_sequence
13318,21914,3.791419,multi_behavior_sequence
13318,22634,3.736852,multi_behavior_sequence
13318,21915,3.732873,multi_behavior_sequence
13318,23254,3.729873,multi_behavior_sequence
13318,22940,3.649703,multi_behavior_sequence
13318,21790,3.539759,multi_behavior_sequence
13318,22635,3.533279,multi_behavior_sequence
13318,22144,3.202797,multi_behavior_sequence
13319,22469,5.714857,multi_behavior_sequence
13319,23355,5.612218,multi_behavior_sequence
13319,23206,4.683755,multi_behavior_sequence
13319,20724,4.683424,multi_behavior_sequence
13319,23426,4.208067,multi_behavior_sequence
13319,22961,3.951962,multi_behavior_sequence
13319,85099C,3.921762,multi_behavior_sequence
13319,22382,3.835393,multi_behavior_sequence
13319,23247,3.825012,multi_behavior_sequence
13319,22720,3.811812,multi_behavior_sequence
13320,22720,6.163306,multi_behavior_sequence
13320,22469,5.156,multi_behavior_sequence
13320,22961,5.088953,multi_behavior_sequence
13320,23243,4.805063,multi_behavior_sequence
13320,23206,4.645611,multi_behavior_sequence
13320,22423,4.5747,multi_behavior_sequence
13320,20727,4.377976,multi_behavior_sequence
13320,23426,4.339612,multi_behavior_sequence
13320,22662,4.083256,multi_behavior_sequence
13320,22630,4.076876,multi_behavior_sequence
13327,22382,0.978928,multi_behavior_sequence
13327,22423,0.895434,multi_behavior_sequence
13327,23322,0.816407,multi_behavior_sequence
13327,22470,0.778947,multi_behavior_sequence
13327,22469,0.777565,multi_behavior_sequence
13327,23243,0.773059,multi_behavior_sequence
13327,22112,0.758124,multi_behavior_sequence
13327,47566,0.741363,multi_behavior_sequence
13327,22624,0.734145,multi_behavior_sequence
13327,22139,0.733948,multi_behavior_sequence
13340,23333,2.976822,multi_behavior_sequence
13340,20751,2.83628,multi_behavior_sequence
13340,23349,2.62647,multi_behavior_sequence
13340,21015,2.616086,multi_behavior_sequence
13340,22581,2.606215,multi_behavior_sequence
13340,23433,2.597019,multi_behavior_sequence
13340,20970,2.577886,multi_behavior_sequence
13340,23403,2.489222,multi_behavior_sequence
13340,22149,2.484926,multi_behavior_sequence
13340,21967,2.313908,multi_behavior_sequence
13352,22791,3.144325,multi_behavior_sequence
13352,22694,2.950797,multi_behavior_sequence
13352,22109,2.839918,multi_behavior_sequence
13352,22139,2.75121,multi_behavior_sequence
13352,22507,2.744252,multi_behavior_sequence
13352,47566,2.666025,multi_behavior_sequence
13352,21745,2.664138,multi_behavior_sequence
13352,20682,2.576944,multi_behavior_sequence
13352,22470,2.563378,multi_behavior_sequence
13352,23434,2.552972,multi_behavior_sequence
13372,22726,3.904509,multi_behavior_sequence
13372,22469,3.69771,multi_behavior_sequence
13372,22993,3.63089,multi_behavior_sequence
13372,22730,3.63014,multi_behavior_sequence
13372,22470,3.244971,multi_behavior_sequence
13372,22150,3.242235,multi_behavior_sequence
13372,22178,3.134446,multi_behavior_sequence
13372,22910,3.11185,multi_behavior_sequence
13372,22674,3.070515,multi_behavior_sequence
13372,23322,3.063289,multi_behavior_sequence
13373,23503,1.176398,multi_behavior_sequence
13373,22382,1.149121,multi_behavior_sequence
13373,22139,1.086118,multi_behavior_sequence
13373,84347,1.037475,multi_behavior_sequence
13373,84945,1.01182,multi_behavior_sequence
13373,23321,0.957404,multi_behavior_sequence
13373,22178,0.950887,multi_behavior_sequence
13373,23084,0.929668,multi_behavior_sequence
13373,21790,0.920585,multi_behavior_sequence
13373,23301,0.906659,multi_behavior_sequence
13375,85099B,4.743908,multi_behavior_sequence
13375,21931,4.524719,multi_behavior_sequence
13375,22197,4.468966,multi_behavior_sequence
13375,82494L,4.287828,multi_behavior_sequence
13375,23355,4.126113,multi_behavior_sequence
13375,22457,4.112401,multi_behavior_sequence
13375,21928,4.089014,multi_behavior_sequence
13375,22382,4.047585,multi_behavior_sequence
13375,22726,4.04509,multi_behavior_sequence
13375,21174,4.042753,multi_behavior_sequence
13407,22382,1.799021,multi_behavior_sequence
13407,23191,1.54181,multi_behavior_sequence
13407,23207,1.513072,multi_behavior_sequence
13407,22423,1.426985,multi_behavior_sequence
13407,22964,1.392034,multi_behavior_sequence
13407,22165,1.347689,multi_behavior_sequence
13407,23201,1.207531,multi_behavior_sequence
13407,23355,1.199366,multi_behavior_sequence
13407,22996,1.196363,multi_behavior_sequence
13407,82482,1.186385,multi_behavior_sequence
13408,23084,4.244942,multi_behavior_sequence
13408,21790,3.110623,multi_behavior_sequence
13408,22617,3.054709,multi_behavior_sequence
13408,22941,2.845151,multi_behavior_sequence
13408,21791,2.817612,multi_behavior_sequence
13408,23570,2.657244,multi_behavior_sequence
13408,22423,2.61184,multi_behavior_sequence
13408,22138,2.554456,multi_behavior_sequence
13408,22139,2.4793,multi_behavior_sequence
13408,21485,2.465407,multi_behavior_sequence
13410,22577,3.063736,multi_behavior_sequence
13410,22630,3.018784,multi_behavior_sequence
13410,22727,2.987451,multi_behavior_sequence
13410,23236,2.927191,multi_behavior_sequence
13410,23108,2.763597,multi_behavior_sequence
13410,23389,2.710363,multi_behavior_sequence
13410,22720,2.705744,multi_behavior_sequence
13410,20726,2.59466,multi_behavior_sequence
13410,22697,2.56604,multi_behavior_sequence
13410,22423,2.551477,multi_behavior_sequence
13411,23322,5.015257,multi_behavior_sequence
13411,22469,4.047272,multi_behavior_sequence
13411,23323,3.150055,multi_behavior_sequence
13411,22625,3.147711,multi_behavior_sequence
13411,22384,3.069613,multi_behavior_sequence
13411,22602,3.047403,multi_behavior_sequence
13411,23399,3.004094,multi_behavior_sequence
13411,22508,2.942832,multi_behavior_sequence
13411,23302,2.93134,multi_behavior_sequence
13411,22694,2.912516,multi_behavior_sequence
13414,22178,1.493901,multi_behavior_sequence
13414,22810,1.447529,multi_behavior_sequence
13414,15056BL,1.437671,multi_behavior_sequence
13414,23080,1.399428,multi_behavior_sequence
13414,21620,1.223489,multi_behavior_sequence
13414,21531,1.173214,multi_behavior_sequence
13414,15056P,1.113629,multi_behavior_sequence
13414,23084,1.099477,multi_behavior_sequence
13414,22075,1.097159,multi_behavior_sequence
13414,22493,1.090297,multi_behavior_sequence
13416,22720,4.285375,multi_behavior_sequence
13416,22197,4.02579,multi_behavior_sequence
13416,22961,3.990666,multi_behavior_sequence
13416,20724,3.98789,multi_behavior_sequence
13416,22383,3.927979,multi_behavior_sequence
13416,23203,3.92369,multi_behavior_sequence
13416,22960,3.76662,multi_behavior_sequence
13416,85099B,3.760343,multi_behavior_sequence
13416,23356,3.626316,multi_behavior_sequence
13416,22382,3.56745,multi_behavior_sequence
13418,22423,4.242955,multi_behavior_sequence
13418,22910,3.522046,multi_behavior_sequence
13418,22469,3.399018,multi_behavior_sequence
13418,23290,3.17495,multi_behavior_sequence
13418,22150,3.011166,multi_behavior_sequence
13418,23254,2.714547,multi_behavior_sequence
13418,22144,2.669397,multi_behavior_sequence
13418,21731,2.661849,multi_behavior_sequence
13418,23355,2.654327,multi_behavior_sequence
13418,22617,2.65214,multi_behavior_sequence
13427,23322,3.144544,multi_behavior_sequence
13427,22469,2.954783,multi_behavior_sequence
13427,22470,2.831519,multi_behavior_sequence
13427,84510A,2.673398,multi_behavior_sequence
13427,23355,2.406222,multi_behavior_sequence
13427,22382,2.324923,multi_behavior_sequence
13427,84947,2.256733,multi_behavior_sequence
13427,22904,2.255364,multi_behavior_sequence
13427,47566,2.239094,multi_behavior_sequence
13427,22384,2.230618,multi_behavior_sequence
13444,23562,2.669719,multi_behavior_sequence
13444,22208,2.549059,multi_behavior_sequence
13444,23109,2.509906,multi_behavior_sequence
13444,23503,2.45387,multi_behavior_sequence
13444,21159,2.421228,multi_behavior_sequence
13444,84997D,2.418953,multi_behavior_sequence
13444,21832,2.349616,multi_behavior_sequence
13444,23438,2.34088,multi_behavior_sequence
13444,21561,2.340172,multi_behavior_sequence
13444,22604,2.301488,multi_behavior_sequence
13450,23084,2.659451,multi_behavior_sequence
13450,22748,2.657932,multi_behavior_sequence
13450,23480,2.585023,multi_behavior_sequence
13450,22940,2.433445,multi_behavior_sequence
13450,23510,2.354904,multi_behavior_sequence
13450,22621,2.324913,multi_behavior_sequence
13450,22942,2.27181,multi_behavior_sequence
13450,22941,2.199723,multi_behavior_sequence
13450,22138,2.172597,multi_behavior_sequence
13450,71477,2.160226,multi_behavior_sequence
13455,20679,2.487914,multi_behavior_sequence
13455,23080,2.076197,multi_behavior_sequence
13455,23504,1.996761,multi_behavior_sequence
13455,84032B,1.983386,multi_behavior_sequence
13455,22727,1.936469,multi_behavior_sequence
13455,23396,1.934452,multi_behavior_sequence
13455,22960,1.931387,multi_behavior_sequence
13455,15056BL,1.803316,multi_behavior_sequence
13455,23328,1.767246,multi_behavior_sequence
13455,84707A,1.766718,multi_behavior_sequence
13458,21754,4.229369,multi_behavior_sequence
13458,82494L,4.109722,multi_behavior_sequence
13458,23301,3.804827,multi_behavior_sequence
13458,22382,3.785222,multi_behavior_sequence
13458,23439,3.680823,multi_behavior_sequence
13458,23247,3.559566,multi_behavior_sequence
13458,82552,3.482406,multi_behavior_sequence
13458,23355,3.452096,multi_behavior_sequence
13458,22720,3.423092,multi_behavior_sequence
13458,21770,3.409382,multi_behavior_sequence
13468,22197,3.514408,multi_behavior_sequence
13468,84029G,2.319913,multi_behavior_sequence
13468,22960,2.217697,multi_behavior_sequence
13468,20679,2.200465,multi_behavior_sequence
13468,21787,2.184085,multi_behavior_sequence
13468,23356,2.149637,multi_behavior_sequence
13468,84879,2.13569,multi_behavior_sequence
13468,22150,2.065661,multi_behavior_sequence
13468,22423,2.064035,multi_behavior_sequence
13468,22993,2.047427,multi_behavior_sequence
13475,82582,3.203729,multi_behavior_sequence
13475,22114,2.767996,multi_behavior_sequence
13475,22197,2.543043,multi_behavior_sequence
13475,22112,2.518596,multi_behavior_sequence
13475,84029G,2.518083,multi_behavior_sequence
13475,21166,2.467155,multi_behavior_sequence
13475,23355,2.440056,multi_behavior_sequence
13475,22960,2.422475,multi_behavior_sequence
13475,22835,2.376629,multi_behavior_sequence
13475,23243,2.311644,multi_behavior_sequence
13476,20914,3.564748,multi_behavior_sequence
13476,22960,3.461492,multi_behavior_sequence
13476,22114,3.308019,multi_behavior_sequence
13476,84380,3.189233,multi_behavior_sequence
13476,22371,3.167443,multi_behavior_sequence
13476,22112,3.065035,multi_behavior_sequence
13476,21166,3.049307,multi_behavior_sequence
13476,23201,2.988245,multi_behavior_sequence
13476,21843,2.962851,multi_behavior_sequence
13476,21990,2.932603,multi_behavior_sequence
13491,21166,2.569529,multi_behavior_sequence
13491,21668,2.478364,multi_behavior_sequence
13491,22692,2.324342,multi_behavior_sequence
13491,23399,2.308918,multi_behavior_sequence
13491,23130,2.304289,multi_behavior_sequence
13491,23012,2.230374,multi_behavior_sequence
13491,21326,2.177786,multi_behavior_sequence
13491,21109,2.11202,multi_behavior_sequence
13491,21749,2.055689,multi_behavior_sequence
13491,23094,2.055203,multi_behavior_sequence
13500,22197,5.165025,multi_behavior_sequence
13500,22728,4.497109,multi_behavior_sequence
13500,23355,4.399138,multi_behavior_sequence
13500,22726,4.383451,multi_behavior_sequence
13500,22818,4.23467,multi_behavior_sequence
13500,23243,4.05302,multi_behavior_sequence
13500,22662,3.588915,multi_behavior_sequence
13500,22727,3.56532,multi_behavior_sequence
13500,23356,3.55233,multi_behavior_sequence
13500,85099B,3.505472,multi_behavior_sequence
13506,22382,4.006045,multi_behavior_sequence
13506,22662,3.390359,multi_behavior_sequence
13506,23355,3.29045,multi_behavior_sequence
13506,22865,3.167324,multi_behavior_sequence
13506,20728,3.073723,multi_behavior_sequence
13506,23207,3.070871,multi_behavior_sequence
13506,21137,3.059327,multi_behavior_sequence
13506,22193,3.036546,multi_behavior_sequence
13506,23206,2.944229,multi_behavior_sequence
13506,23503,2.931866,multi_behavior_sequence
13510,23284,1.21747,multi_behavior_sequence
13510,84347,1.18074,multi_behavior_sequence
13510,22138,1.171303,multi_behavior_sequence
13510,23203,1.153368,multi_behavior_sequence
13510,22386,1.150112,multi_behavior_sequence
13510,21928,1.123173,multi_behavior_sequence
13510,48194,1.086978,multi_behavior_sequence
13510,85099C,1.0673,multi_behavior_sequence
13510,72760B,1.062618,multi_behavior_sequence
13510,20914,1.048708,multi_behavior_sequence
13515,23203,4.138596,multi_behavior_sequence
13515,84945,3.821147,multi_behavior_sequence
13515,22086,3.579305,multi_behavior_sequence
13515,85099B,3.544791,multi_behavior_sequence
13515,22111,3.445268,multi_behavior_sequence
13515,22114,3.428259,multi_behavior_sequence
13515,23355,3.283459,multi_behavior_sequence
13515,22720,3.2556,multi_behavior_sequence
13515,23356,3.237088,multi_behavior_sequence
13515,23202,3.202328,multi_behavior_sequence
13521,22727,4.609311,multi_behavior_sequence
13521,22726,4.079136,multi_behavior_sequence
13521,23369,4.059039,multi_behavior_sequence
13521,22728,3.968292,multi_behavior_sequence
13521,23505,3.616917,multi_behavior_sequence
13521,22144,3.556489,multi_behavior_sequence
13521,21754,3.501628,multi_behavior_sequence
13521,21080,3.475457,multi_behavior_sequence
13521,22844,3.457474,multi_behavior_sequence
13521,90099,3.416704,multi_behavior_sequence
13534,23199,4.241232,multi_behavior_sequence
13534,21174,4.231777,multi_behavior_sequence
13534,22139,4.158874,multi_behavior_sequence
13534,85099F,3.968102,multi_behavior_sequence
13534,23344,3.827221,multi_behavior_sequence
13534,84945,3.673014,multi_behavior_sequence
13534,23355,3.539717,multi_behavior_sequence
13534,23084,3.259555,multi_behavior_sequence
13534,23301,3.246926,multi_behavior_sequence
13534,23203,3.150084,multi_behavior_sequence
13542,22469,1.97957,multi_behavior_sequence
13542,22961,1.442909,multi_behavior_sequence
13542,20724,1.313704,multi_behavior_sequence
13542,23284,1.303243,multi_behavior_sequence
13542,22577,1.291579,multi_behavior_sequence
13542,23355,1.279528,multi_behavior_sequence
13542,22809,1.263493,multi_behavior_sequence
13542,20914,1.258525,multi_behavior_sequence
13542,22112,1.254976,multi_behavior_sequence
13542,84945,1.228476,multi_behavior_sequence
13571,22961,5.057706,multi_behavior_sequence
13571,22720,5.00538,multi_behavior_sequence
13571,22835,4.581798,multi_behavior_sequence
13571,23355,4.530225,multi_behavior_sequence
13571,22112,4.227243,multi_behavior_sequence
13571,20718,4.221733,multi_behavior_sequence
13571,22838,4.187818,multi_behavior_sequence
13571,23319,4.159161,multi_behavior_sequence
13571,22960,4.133202,multi_behavior_sequence
13571,20679,4.082066,multi_behavior_sequence
13573,23422,2.529758,multi_behavior_sequence
13573,22952,2.164653,multi_behavior_sequence
13573,22186,2.142368,multi_behavior_sequence
13573,21400,2.096304,multi_behavior_sequence
13573,85178,2.083769,multi_behavior_sequence
13573,23543,2.037646,multi_behavior_sequence
13573,23500,1.991039,multi_behavior_sequence
13573,84707A,1.946251,multi_behavior_sequence
13573,22457,1.917093,multi_behavior_sequence
13573,84832,1.896142,multi_behavior_sequence
13577,22720,5.09393,multi_behavior_sequence
13577,23355,4.556479,multi_behavior_sequence
13577,22469,4.339197,multi_behavior_sequence
13577,23247,4.116912,multi_behavior_sequence
13577,22697,4.019288,multi_behavior_sequence
13577,23206,3.968986,multi_behavior_sequence
13577,23202,3.963255,multi_behavior_sequence
13577,22086,3.955391,multi_behavior_sequence
13577,22961,3.951777,multi_behavior_sequence
13577,22577,3.944999,multi_behavior_sequence
13588,23084,4.654335,multi_behavior_sequence
13588,22745,4.32914,multi_behavior_sequence
13588,23505,4.26738,multi_behavior_sequence
13588,22617,4.190505,multi_behavior_sequence
13588,23480,4.187188,multi_behavior_sequence
13588,85099C,4.116343,multi_behavior_sequence
13588,71477,3.829214,multi_behavior_sequence
13588,23499,3.821048,multi_behavior_sequence
13588,23581,3.519174,multi_behavior_sequence
13588,22138,3.493605,multi_behavior_sequence
13589,23084,1.157334,multi_behavior_sequence
13589,82582,0.954728,multi_behavior_sequence
13589,22197,0.941501,multi_behavior_sequence
13589,23301,0.897568,multi_behavior_sequence
13589,23355,0.891248,multi_behavior_sequence
13589,22816,0.889885,multi_behavior_sequence
13589,23356,0.88215,multi_behavior_sequence
13589,22791,0.864534,multi_behavior_sequence
13589,22077,0.857835,multi_behavior_sequence
13589,84946,0.850771,multi_behavior_sequence
13599,22197,5.09057,multi_behavior_sequence
13599,22728,4.994494,multi_behavior_sequence
13599,23355,4.456644,multi_behavior_sequence
13599,23301,4.324471,multi_behavior_sequence
13599,23356,4.237188,multi_behavior_sequence
13599,23080,4.182561,multi_behavior_sequence
13599,23192,4.111845,multi_behavior_sequence
13599,23328,4.10013,multi_behavior_sequence
13599,23494,4.079338,multi_behavior_sequence
13599,22960,4.048589,multi_behavior_sequence
13625,22791,2.219353,multi_behavior_sequence
13625,22457,1.675921,multi_behavior_sequence
13625,23403,1.59656,multi_behavior_sequence
13625,23322,1.586845,multi_behavior_sequence
13625,21668,1.569743,multi_behavior_sequence
13625,23321,1.505953,multi_behavior_sequence
13625,23349,1.47888,multi_behavior_sequence
13625,20682,1.477657,multi_behavior_sequence
13625,22580,1.458133,multi_behavior_sequence
13625,23093,1.432533,multi_behavior_sequence
13628,23501,1.257882,multi_behavior_sequence
13628,22113,1.243626,multi_behavior_sequence
13628,22585,1.138667,multi_behavior_sequence
13628,23301,1.129266,multi_behavior_sequence
13628,23504,1.116325,multi_behavior_sequence
13628,23503,1.095564,multi_behavior_sequence
13628,23100,1.053776,multi_behavior_sequence
13628,22382,1.040298,multi_behavior_sequence
13628,21166,1.014873,multi_behavior_sequence
13628,21559,0.989172,multi_behavior_sequence
13629,23199,2.991816,multi_behavior_sequence
13629,21907,2.969256,multi_behavior_sequence
13629,21931,2.792311,multi_behavior_sequence
13629,23202,2.721319,multi_behavior_sequence
13629,85152,2.655906,multi_behavior_sequence
13629,82484,2.590388,multi_behavior_sequence
13629,21928,2.545187,multi_behavior_sequence
13629,23203,2.544706,multi_behavior_sequence
13629,23200,2.522836,multi_behavior_sequence
13629,84945,2.51396,multi_behavior_sequence
13630,22139,3.893411,multi_behavior_sequence
13630,22138,3.75982,multi_behavior_sequence
13630,22907,3.098198,multi_behavior_sequence
13630,23349,2.506838,multi_behavior_sequence
13630,22776,2.483994,multi_behavior_sequence
13630,20914,2.463492,multi_behavior_sequence
13630,23403,2.447051,multi_behavior_sequence
13630,22386,2.41664,multi_behavior_sequence
13630,22469,2.350123,multi_behavior_sequence
13630,22617,2.28594,multi_behavior_sequence
13634,21175,3.006981,multi_behavior_sequence
13634,23206,2.820572,multi_behavior_sequence
13634,22469,2.709989,multi_behavior_sequence
13634,23247,2.695883,multi_behavior_sequence
13634,23534,2.660088,multi_behavior_sequence
13634,21174,2.633752,multi_behavior_sequence
13634,23322,2.596497,multi_behavior_sequence
13634,20724,2.561495,multi_behavior_sequence
13634,21931,2.51866,multi_behavior_sequence
13634,82578,2.516706,multi_behavior_sequence
13662,23510,3.736751,multi_behavior_sequence
13662,23108,3.010831,multi_behavior_sequence
13662,22423,2.953265,multi_behavior_sequence
13662,22492,2.904198,multi_behavior_sequence
13662,22751,2.899769,multi_behavior_sequence
13662,23507,2.76261,multi_behavior_sequence
13662,23489,2.74831,multi_behavior_sequence
13662,22606,2.667749,multi_behavior_sequence
13662,22629,2.58309,multi_behavior_sequence
13662,23318,2.581051,multi_behavior_sequence
13663,20726,4.068724,multi_behavior_sequence
13663,20728,3.837855,multi_behavior_sequence
13663,23200,3.556924,multi_behavior_sequence
13663,21731,3.518685,multi_behavior_sequence
13663,22423,3.364858,multi_behavior_sequence
13663,22469,3.337492,multi_behavior_sequence
13663,22382,3.314902,multi_behavior_sequence
13663,22568,3.218716,multi_behavior_sequence
13663,21094,3.143303,multi_behavior_sequence
13663,23176,3.110281,multi_behavior_sequence
13672,21620,2.390805,multi_behavior_sequence
13672,22222,2.28141,multi_behavior_sequence
13672,22101,2.16708,multi_behavior_sequence
13672,20749,2.161688,multi_behavior_sequence
13672,72800B,2.022456,multi_behavior_sequence
13672,21042,1.980851,multi_behavior_sequence
13672,21749,1.980693,multi_behavior_sequence
13672,21206,1.935812,multi_behavior_sequence
13672,35646,1.92882,multi_behavior_sequence
13672,84925D,1.862201,multi_behavior_sequence
13680,23091,2.741919,multi_behavior_sequence
13680,21166,2.725078,multi_behavior_sequence
13680,23101,2.169547,multi_behavior_sequence
13680,22424,2.124457,multi_behavior_sequence
13680,22659,2.06683,multi_behavior_sequence
13680,21818,2.046982,multi_behavior_sequence
13680,21154,2.030589,multi_behavior_sequence
13680,22673,1.985204,multi_behavior_sequence
13680,82583,1.900115,multi_behavior_sequence
13680,23453,1.867129,multi_behavior_sequence
13694,21224,3.899005,multi_behavior_sequence
13694,20974,3.752656,multi_behavior_sequence
13694,22047,3.384622,multi_behavior_sequence
13694,22437,3.293386,multi_behavior_sequence
13694,22481,3.292279,multi_behavior_sequence
13694,21828,3.273759,multi_behavior_sequence
13694,22562,3.191148,multi_behavior_sequence
13694,22199,3.152208,multi_behavior_sequence
13694,22332,3.069869,multi_behavior_sequence
13694,21432,3.05171,multi_behavior_sequence
13695,84997D,2.892037,multi_behavior_sequence
13695,46000S,2.827421,multi_behavior_sequence
13695,23497,2.806944,multi_behavior_sequence
13695,23438,2.715929,multi_behavior_sequence
13695,20971,2.714559,multi_behavior_sequence
13695,23498,2.679178,multi_behavior_sequence
13695,23500,2.655843,multi_behavior_sequence
13695,23101,2.615281,multi_behavior_sequence
13695,21535,2.593446,multi_behavior_sequence
13695,23382,2.588786,multi_behavior_sequence
13700,22727,4.697343,multi_behavior_sequence
13700,22633,4.654473,multi_behavior_sequence
13700,22726,4.371275,multi_behavior_sequence
13700,22197,4.138086,multi_behavior_sequence
13700,23328,4.097484,multi_behavior_sequence
13700,23439,3.874699,multi_behavior_sequence
13700,22728,3.85916,multi_behavior_sequence
13700,23344,3.747526,multi_behavior_sequence
13700,23084,3.695073,multi_behavior_sequence
13700,22144,3.428973,multi_behavior_sequence
13704,22728,4.602909,multi_behavior_sequence
13704,22726,4.433599,multi_behavior_sequence
13704,22818,4.357964,multi_behavior_sequence
13704,22633,4.280722,multi_behavior_sequence
13704,22197,4.167311,multi_behavior_sequence
13704,22865,4.018822,multi_behavior_sequence
13704,22909,3.898451,multi_behavior_sequence
13704,23328,3.895622,multi_behavior_sequence
13704,22866,3.62852,multi_behavior_sequence
13704,23439,3.561782,multi_behavior_sequence
13707,84879,2.469245,multi_behavior_sequence
13707,21207,2.215169,multi_behavior_sequence
13707,20750,2.059628,multi_behavior_sequence
13707,21791,2.031333,multi_behavior_sequence
13707,23241,1.993837,multi_behavior_sequence
13707,22549,1.947853,multi_behavior_sequence
13707,20981,1.908766,multi_behavior_sequence
13707,21121,1.863209,multi_behavior_sequence
13707,47566,1.859238,multi_behavior_sequence
13707,21704,1.845415,multi_behavior_sequence
13720,23355,4.112692,multi_behavior_sequence
13720,22624,3.900008,multi_behavior_sequence
13720,22726,3.776852,multi_behavior_sequence
13720,22423,3.763327,multi_behavior_sequence
13720,23541,3.663218,multi_behavior_sequence
13720,82552,3.550698,multi_behavior_sequence
13720,85123A,3.416737,multi_behavior_sequence
13720,22382,3.413931,multi_behavior_sequence
13720,22993,3.390712,multi_behavior_sequence
13720,22727,3.32588,multi_behavior_sequence
13722,23203,4.116265,multi_behavior_sequence
13722,20724,3.605703,multi_behavior_sequence
13722,23355,3.486794,multi_behavior_sequence
13722,22469,3.459036,multi_behavior_sequence
13722,85099B,3.453946,multi_behavior_sequence
13722,22385,3.343342,multi_behavior_sequence
13722,22720,3.317719,multi_behavior_sequence
13722,22726,3.174847,multi_behavior_sequence
13722,23344,3.143207,multi_behavior_sequence
13722,22457,3.087271,multi_behavior_sequence
13733,82582,3.007938,multi_behavior_sequence
13733,21166,2.986547,multi_behavior_sequence
13733,22082,2.91651,multi_behavior_sequence
13733,22112,2.841995,multi_behavior_sequence
13733,35953,2.636179,multi_behavior_sequence
13733,22791,2.536398,multi_behavior_sequence
13733,21326,2.536022,multi_behavior_sequence
13733,22818,2.476631,multi_behavior_sequence
13733,85099B,2.419846,multi_behavior_sequence
13733,22771,2.388732,multi_behavior_sequence
13748,23108,2.941934,multi_behavior_sequence
13748,22144,2.736308,multi_behavior_sequence
13748,22596,2.590713,multi_behavior_sequence
13748,23014,2.542899,multi_behavior_sequence
13748,22577,2.51157,multi_behavior_sequence
13748,22423,2.458769,multi_behavior_sequence
13748,21166,2.373325,multi_behavior_sequence
13748,22727,2.34624,multi_behavior_sequence
13748,22382,2.323622,multi_behavior_sequence
13748,23198,2.254938,multi_behavior_sequence
13760,M,3.093076,multi_behavior_sequence
13760,85014A,3.073089,multi_behavior_sequence
13760,22994,2.895411,multi_behavior_sequence
13760,21479,2.850734,multi_behavior_sequence
13760,22999,2.748461,multi_behavior_sequence
13760,21207,2.649335,multi_behavior_sequence
13760,85049A,2.510115,multi_behavior_sequence
13760,22186,2.481131,multi_behavior_sequence
13760,85130C,2.327871,multi_behavior_sequence
13760,23002,2.28892,multi_behavior_sequence
13769,22720,3.19592,multi_behavior_sequence
13769,84030E,2.619884,multi_behavior_sequence
13769,22469,2.515332,multi_behavior_sequence
13769,23328,2.492483,multi_behavior_sequence
13769,23426,2.485786,multi_behavior_sequence
13769,23209,2.475206,multi_behavior_sequence
13769,22355,2.415056,multi_behavior_sequence
13769,20728,2.367139,multi_behavior_sequence
13769,84978,2.360664,multi_behavior_sequence
13769,22983,2.350162,multi_behavior_sequence
13777,22727,3.092575,multi_behavior_sequence
13777,22382,2.614134,multi_behavior_sequence
13777,22423,2.593436,multi_behavior_sequence
13777,20679,2.589656,multi_behavior_sequence
13777,23084,2.579588,multi_behavior_sequence
13777,15056BL,2.560074,multi_behavior_sequence
13777,22643,2.449412,multi_behavior_sequence
13777,22178,2.440124,multi_behavior_sequence
13777,22759,2.365043,multi_behavior_sequence
13777,22624,2.339357,multi_behavior_sequence
13797,22139,3.451831,multi_behavior_sequence
13797,22751,3.06468,multi_behavior_sequence
13797,22617,2.976983,multi_behavior_sequence
13797,23510,2.886756,multi_behavior_sequence
13797,23507,2.682099,multi_behavior_sequence
13797,85099C,2.487998,multi_behavior_sequence
13797,23311,2.471787,multi_behavior_sequence
13797,22941,2.444127,multi_behavior_sequence
13797,23108,2.428884,multi_behavior_sequence
13797,23371,2.409924,multi_behavior_sequence
13798,84347,4.156708,multi_behavior_sequence
13798,22178,3.551482,multi_behavior_sequence
13798,21034,3.380075,multi_behavior_sequence
13798,84947,3.181142,multi_behavior_sequence
13798,23203,3.131659,multi_behavior_sequence
13798,22900,3.062141,multi_behavior_sequence
13798,82483,3.038982,multi_behavior_sequence
13798,84380,2.998708,multi_behavior_sequence
13798,23201,2.977682,multi_behavior_sequence
13798,23395,2.863148,multi_behavior_sequence
13799,72741,1.106336,multi_behavior_sequence
13799,23504,1.10324,multi_behavior_sequence
13799,23176,1.101537,multi_behavior_sequence
13799,22690,1.066719,multi_behavior_sequence
13799,23154,1.001982,multi_behavior_sequence
13799,85014A,0.992315,multi_behavior_sequence
13799,23420,0.989826,multi_behavior_sequence
13799,21166,0.96916,multi_behavior_sequence
13799,22751,0.96587,multi_behavior_sequence
13799,23012,0.952965,multi_behavior_sequence
13810,22114,3.703566,multi_behavior_sequence
13810,22737,3.2974,multi_behavior_sequence
13810,23199,3.25272,multi_behavior_sequence
13810,23203,3.139675,multi_behavior_sequence
13810,23355,3.114826,multi_behavior_sequence
13810,22111,3.086549,multi_behavior_sequence
13810,85099B,3.03814,multi_behavior_sequence
13810,22457,2.952709,multi_behavior_sequence
13810,22423,2.94385,multi_behavior_sequence
13810,22385,2.935208,multi_behavior_sequence
13824,22423,3.206124,multi_behavior_sequence
13824,22382,2.880397,multi_behavior_sequence
13824,22865,2.522067,multi_behavior_sequence
13824,23355,2.496685,multi_behavior_sequence
13824,22197,2.47052,multi_behavior_sequence
13824,85099B,2.433989,multi_behavior_sequence
13824,82482,2.420025,multi_behavior_sequence
13824,22139,2.4006,multi_behavior_sequence
13824,23207,2.400377,multi_behavior_sequence
13824,23201,2.312013,multi_behavior_sequence
13831,22846,3.151345,multi_behavior_sequence
13831,23351,3.065843,multi_behavior_sequence
13831,23091,2.896359,multi_behavior_sequence
13831,23320,2.815318,multi_behavior_sequence
13831,23535,2.676367,multi_behavior_sequence
13831,22197,2.599831,multi_behavior_sequence
13831,23294,2.599371,multi_behavior_sequence
13831,23012,2.467831,multi_behavior_sequence
13831,23298,2.436411,multi_behavior_sequence
13831,21446,2.401404,multi_behavior_sequence
13835,84931B,1.006759,multi_behavior_sequence
13835,23234,0.993809,multi_behavior_sequence
13835,22749,0.975873,multi_behavior_sequence
13835,22851,0.942405,multi_behavior_sequence
13835,21791,0.902182,multi_behavior_sequence
13835,22138,0.879595,multi_behavior_sequence
13835,22619,0.842675,multi_behavior_sequence
13835,22139,0.834341,multi_behavior_sequence
13835,22568,0.828228,multi_behavior_sequence
13835,22750,0.826774,multi_behavior_sequence
13846,22138,3.097949,multi_behavior_sequence
13846,23371,2.342259,multi_behavior_sequence
13846,22492,2.336836,multi_behavior_sequence
13846,21791,2.282927,multi_behavior_sequence
13846,20750,2.222535,multi_behavior_sequence
13846,22748,2.179645,multi_behavior_sequence
13846,22749,2.171055,multi_behavior_sequence
13846,22813,2.160534,multi_behavior_sequence
13846,22948,2.099205,multi_behavior_sequence
13846,22617,2.058061,multi_behavior_sequence
13848,20974,2.732541,multi_behavior_sequence
13848,21070,2.265162,multi_behavior_sequence
13848,23170,2.244154,multi_behavior_sequence
13848,22904,2.119658,multi_behavior_sequence
13848,84945,2.070914,multi_behavior_sequence
13848,22966,2.008319,multi_behavior_sequence
13848,21212,1.998949,multi_behavior_sequence
13848,22964,1.989194,multi_behavior_sequence
13848,84380,1.967553,multi_behavior_sequence
13848,23503,1.939729,multi_behavior_sequence
13854,23503,3.261972,multi_behavior_sequence
13854,23382,2.974735,multi_behavior_sequence
13854,22371,2.85852,multi_behavior_sequence
13854,22352,2.794882,multi_behavior_sequence
13854,23191,2.702178,multi_behavior_sequence
13854,84380,2.681125,multi_behavior_sequence
13854,23355,2.649549,multi_behavior_sequence
13854,22697,2.562959,multi_behavior_sequence
13854,22423,2.555692,multi_behavior_sequence
13854,23236,2.485899,multi_behavior_sequence
13862,22728,5.312424,multi_behavior_sequence
13862,22726,4.84872,multi_behavior_sequence
13862,22727,4.433546,multi_behavior_sequence
13862,22720,4.227144,multi_behavior_sequence
13862,23494,3.929372,multi_behavior_sequence
13862,22086,3.924287,multi_behavior_sequence
13862,23243,3.86516,multi_behavior_sequence
13862,23489,3.782917,multi_behavior_sequence
13862,22729,3.685721,multi_behavior_sequence
13862,22910,3.588617,multi_behavior_sequence
13871,22382,1.903821,multi_behavior_sequence
13871,23322,1.868971,multi_behavior_sequence
13871,22469,1.603389,multi_behavior_sequence
13871,20727,1.495324,multi_behavior_sequence
13871,22720,1.444644,multi_behavior_sequence
13871,22470,1.428434,multi_behavior_sequence
13871,23209,1.420598,multi_behavior_sequence
13871,82494L,1.420533,multi_behavior_sequence
13871,22423,1.417117,multi_behavior_sequence
13871,22457,1.394324,multi_behavior_sequence
13873,23171,2.980622,multi_behavior_sequence
13873,22625,2.974319,multi_behavior_sequence
13873,22624,2.810679,multi_behavior_sequence
13873,20754,2.78977,multi_behavior_sequence
13873,20719,2.747573,multi_behavior_sequence
13873,22083,2.738898,multi_behavior_sequence
13873,20974,2.562062,multi_behavior_sequence
13873,21990,2.526653,multi_behavior_sequence
13873,37449,2.503252,multi_behavior_sequence
13873,22895,2.492671,multi_behavior_sequence
13874,22489,1.85284,multi_behavior_sequence
13874,23234,1.814697,multi_behavior_sequence
13874,21591,1.795249,multi_behavior_sequence
13874,84946,1.78587,multi_behavior_sequence
13874,22666,1.67547,multi_behavior_sequence
13874,22791,1.668866,multi_behavior_sequence
13874,22470,1.62857,multi_behavior_sequence
13874,23534,1.59465,multi_behavior_sequence
13874,84029G,1.564459,multi_behavior_sequence
13874,22560,1.545328,multi_behavior_sequence
13880,23355,3.805469,multi_behavior_sequence
13880,22910,3.643747,multi_behavior_sequence
13880,22114,3.311804,multi_behavior_sequence
13880,22086,3.274214,multi_behavior_sequence
13880,85099C,3.189422,multi_behavior_sequence
13880,22386,3.110925,multi_behavior_sequence
13880,23356,3.020084,multi_behavior_sequence
13880,47566,2.983565,multi_behavior_sequence
13880,22423,2.813891,multi_behavior_sequence
13880,84991,2.769646,multi_behavior_sequence
13881,22086,3.516527,multi_behavior_sequence
13881,23247,3.506255,multi_behavior_sequence
13881,23355,3.171157,multi_behavior_sequence
13881,82494L,3.16643,multi_behavior_sequence
13881,22197,3.105828,multi_behavior_sequence
13881,23301,3.01324,multi_behavior_sequence
13881,22139,3.008561,multi_behavior_sequence
13881,23344,2.907815,multi_behavior_sequence
13881,22469,2.86501,multi_behavior_sequence
13881,23439,2.860993,multi_behavior_sequence
13936,84945,2.517172,multi_behavior_sequence
13936,23076,2.29456,multi_behavior_sequence
13936,22585,2.21886,multi_behavior_sequence
13936,85099C,2.113436,multi_behavior_sequence
13936,21620,1.928794,multi_behavior_sequence
13936,23170,1.910144,multi_behavior_sequence
13936,21559,1.874032,multi_behavior_sequence
13936,22386,1.810336,multi_behavior_sequence
13936,22584,1.810065,multi_behavior_sequence
13936,23201,1.795615,multi_behavior_sequence
13940,23247,3.744214,multi_behavior_sequence
13940,22729,3.662657,multi_behavior_sequence
13940,82494L,3.578433,multi_behavior_sequence
13940,22910,3.378902,multi_behavior_sequence
13940,22720,3.315249,multi_behavior_sequence
13940,22909,3.132874,multi_behavior_sequence
13940,82583,3.070465,multi_behavior_sequence
13940,22989,2.964345,multi_behavior_sequence
13940,23271,2.962002,multi_behavior_sequence
13940,47566,2.941096,multi_behavior_sequence
13941,23202,3.88021,multi_behavior_sequence
13941,85099B,3.842744,multi_behavior_sequence
13941,21497,3.497118,multi_behavior_sequence
13941,21429,3.446302,multi_behavior_sequence
13941,23344,3.431858,multi_behavior_sequence
13941,22865,3.424017,multi_behavior_sequence
13941,21094,3.416817,multi_behavior_sequence
13941,85099F,3.31771,multi_behavior_sequence
13941,23201,3.120883,multi_behavior_sequence
13941,22904,3.109412,multi_behavior_sequence
13953,85123A,1.459222,multi_behavior_sequence
13953,23321,1.327166,multi_behavior_sequence
13953,21843,1.10642,multi_behavior_sequence
13953,POST,1.093657,multi_behavior_sequence
13953,21166,0.998609,multi_behavior_sequence
13953,22294,0.993991,multi_behavior_sequence
13953,23332,0.989085,multi_behavior_sequence
13953,22992,0.976918,multi_behavior_sequence
13953,21733,0.96743,multi_behavior_sequence
13953,23322,0.95705,multi_behavior_sequence
13957,22469,1.546364,multi_behavior_sequence
13957,21166,1.393502,multi_behavior_sequence
13957,22690,1.347282,multi_behavior_sequence
13957,22294,1.274822,multi_behavior_sequence
13957,84946,1.192051,multi_behavior_sequence
13957,23077,1.164563,multi_behavior_sequence
13957,23355,1.130569,multi_behavior_sequence
13957,21070,1.104819,multi_behavior_sequence
13957,22692,1.07491,multi_behavior_sequence
13957,84510A,1.067974,multi_behavior_sequence
13969,22720,5.371955,multi_behavior_sequence
13969,23247,5.213767,multi_behavior_sequence
13969,20724,4.871127,multi_behavior_sequence
13969,23355,4.465105,multi_behavior_sequence
13969,20718,4.420914,multi_behavior_sequence
13969,22469,4.40361,multi_behavior_sequence
13969,23439,4.273457,multi_behavior_sequence
13969,23581,4.148743,multi_behavior_sequence
13969,22727,4.145314,multi_behavior_sequence
13969,22197,3.933358,multi_behavior_sequence
13982,82578,2.637928,multi_behavior_sequence
13982,79302M,2.53532,multi_behavior_sequence
13982,23035,2.447283,multi_behavior_sequence
13982,23322,2.400566,multi_behavior_sequence
13982,22782,2.381794,multi_behavior_sequence
13982,23321,2.351805,multi_behavior_sequence
13982,23399,2.217335,multi_behavior_sequence
13982,C2,2.199794,multi_behavior_sequence
13982,22470,2.130681,multi_behavior_sequence
13982,21314,1.993744,multi_behavior_sequence
13984,23284,2.739501,multi_behavior_sequence
13984,84029G,2.480371,multi_behavior_sequence
13984,22144,2.460746,multi_behavior_sequence
13984,23503,2.35939,multi_behavior_sequence
13984,20724,2.320462,multi_behavior_sequence
13984,84879,2.253805,multi_behavior_sequence
13984,22961,2.219976,multi_behavior_sequence
13984,22666,2.180518,multi_behavior_sequence
13984,22560,2.125792,multi_behavior_sequence
13984,23084,2.107898,multi_behavior_sequence
13993,85099B,1.82194,multi_behavior_sequence
13993,22112,1.722919,multi_behavior_sequence
13993,23355,1.638252,multi_behavior_sequence
13993,84945,1.518218,multi_behavior_sequence
13993,85123A,1.461061,multi_behavior_sequence
13993,23199,1.40318,multi_behavior_sequence
13993,22114,1.366745,multi_behavior_sequence
13993,22469,1.359041,multi_behavior_sequence
13993,22835,1.358654,multi_behavior_sequence
13993,22382,1.34626,multi_behavior_sequence
13996,47566,2.059408,multi_behavior_sequence
13996,23298,1.814222,multi_behavior_sequence
13996,84945,1.804647,multi_behavior_sequence
13996,POST,1.781391,multi_behavior_sequence
13996,22600,1.762223,multi_behavior_sequence
13996,21122,1.708261,multi_behavior_sequence
13996,85099C,1.678607,multi_behavior_sequence
13996,23331,1.678566,multi_behavior_sequence
13996,22111,1.644589,multi_behavior_sequence
13996,23329,1.625099,multi_behavior_sequence
13999,84945,4.584232,multi_behavior_sequence
13999,22114,3.608937,multi_behavior_sequence
13999,23203,3.582402,multi_behavior_sequence
13999,22720,3.512248,multi_behavior_sequence
13999,21174,3.481079,multi_behavior_sequence
13999,22112,3.421947,multi_behavior_sequence
13999,23355,3.419788,multi_behavior_sequence
13999,22835,3.417673,multi_behavior_sequence
13999,22961,3.337354,multi_behavior_sequence
13999,22457,3.266162,multi_behavior_sequence
14010,23321,1.643079,multi_behavior_sequence
14010,84912A,1.547217,multi_behavior_sequence
14010,85123A,1.505657,multi_behavior_sequence
14010,23035,1.481633,multi_behavior_sequence
14010,22161,1.466929,multi_behavior_sequence
14010,85036C,1.412934,multi_behavior_sequence
14010,22294,1.397787,multi_behavior_sequence
14010,23403,1.385664,multi_behavior_sequence
14010,M,1.377714,multi_behavior_sequence
14010,23484,1.28564,multi_behavior_sequence
14020,22619,5.256274,multi_behavior_sequence
14020,22952,4.007961,multi_behavior_sequence
14020,23489,3.945262,multi_behavior_sequence
14020,22865,3.898506,multi_behavior_sequence
14020,22138,3.674181,multi_behavior_sequence
14020,22983,3.47224,multi_behavior_sequence
14020,23263,3.450435,multi_behavior_sequence
14020,84997D,3.422574,multi_behavior_sequence
14020,22728,3.34831,multi_behavior_sequence
14020,22726,3.347245,multi_behavior_sequence
14024,22469,4.016144,multi_behavior_sequence
14024,22720,3.665057,multi_behavior_sequence
14024,22993,3.504972,multi_behavior_sequence
14024,23108,3.279031,multi_behavior_sequence
14024,23247,2.951195,multi_behavior_sequence
14024,23355,2.795416,multi_behavior_sequence
14024,22629,2.719931,multi_behavior_sequence
14024,22960,2.712453,multi_behavior_sequence
14024,23293,2.565412,multi_behavior_sequence
14024,22910,2.557892,multi_behavior_sequence
14025,22178,2.518982,multi_behavior_sequence
14025,23355,2.225773,multi_behavior_sequence
14025,22726,2.166254,multi_behavior_sequence
14025,22423,2.037402,multi_behavior_sequence
14025,22728,2.024611,multi_behavior_sequence
14025,22595,2.020012,multi_behavior_sequence
14025,85123A,1.997857,multi_behavior_sequence
14025,23298,1.973132,multi_behavior_sequence
14025,23400,1.943226,multi_behavior_sequence
14025,22114,1.923802,multi_behavior_sequence
14027,20829,2.843845,multi_behavior_sequence
14027,84946,2.71543,multi_behavior_sequence
14027,22952,2.699881,multi_behavior_sequence
14027,21015,2.688593,multi_behavior_sequence
14027,21874,2.573523,multi_behavior_sequence
14027,23126,2.495034,multi_behavior_sequence
14027,84947,2.486015,multi_behavior_sequence
14027,22983,2.473808,multi_behavior_sequence
14027,22386,2.435759,multi_behavior_sequence
14027,22457,2.410513,multi_behavior_sequence
14028,22382,2.964057,multi_behavior_sequence
14028,22383,2.715265,multi_behavior_sequence
14028,22662,2.574743,multi_behavior_sequence
14028,23206,2.532878,multi_behavior_sequence
14028,22423,2.530422,multi_behavior_sequence
14028,23355,2.425694,multi_behavior_sequence
14028,23209,2.382244,multi_behavior_sequence
14028,23207,2.307429,multi_behavior_sequence
14028,22624,2.232413,multi_behavior_sequence
14028,22469,2.207504,multi_behavior_sequence
14031,22382,4.566768,multi_behavior_sequence
14031,20724,4.226963,multi_behavior_sequence
14031,23503,3.643973,multi_behavior_sequence
14031,22144,3.635629,multi_behavior_sequence
14031,22898,3.50149,multi_behavior_sequence
14031,23294,3.427998,multi_behavior_sequence
14031,22992,3.358596,multi_behavior_sequence
14031,23302,3.34806,multi_behavior_sequence
14031,22112,3.343733,multi_behavior_sequence
14031,84879,3.233916,multi_behavior_sequence
14032,23247,4.10119,multi_behavior_sequence
14032,22720,3.879719,multi_behavior_sequence
14032,23344,3.780989,multi_behavior_sequence
14032,22086,3.753334,multi_behavior_sequence
14032,21034,3.647308,multi_behavior_sequence
14032,84347,3.563225,multi_behavior_sequence
14032,23293,3.527209,multi_behavior_sequence
14032,23439,3.521825,multi_behavior_sequence
14032,22457,3.494356,multi_behavior_sequence
14032,22727,3.487607,multi_behavior_sequence
14040,23355,4.71892,multi_behavior_sequence
14040,22469,4.098693,multi_behavior_sequence
14040,22726,4.098249,multi_behavior_sequence
14040,23202,3.941331,multi_behavior_sequence
14040,23344,3.929103,multi_behavior_sequence
14040,22382,3.807982,multi_behavior_sequence
14040,22197,3.757251,multi_behavior_sequence
14040,22727,3.626657,multi_behavior_sequence
14040,23206,3.516122,multi_behavior_sequence
14040,23581,3.458086,multi_behavior_sequence
14047,22720,2.94722,multi_behavior_sequence
14047,23084,2.75157,multi_behavior_sequence
14047,22469,2.736027,multi_behavior_sequence
14047,23355,2.690774,multi_behavior_sequence
14047,22423,2.625082,multi_behavior_sequence
14047,23108,2.538703,multi_behavior_sequence
14047,21914,2.529706,multi_behavior_sequence
14047,23293,2.519938,multi_behavior_sequence
14047,22617,2.477918,multi_behavior_sequence
14047,22086,2.459375,multi_behavior_sequence
14051,22469,2.829609,multi_behavior_sequence
14051,84947,2.782001,multi_behavior_sequence
14051,22386,2.77183,multi_behavior_sequence
14051,21620,2.722514,multi_behavior_sequence
14051,20829,2.677613,multi_behavior_sequence
14051,21070,2.60879,multi_behavior_sequence
14051,23203,2.555007,multi_behavior_sequence
14051,23202,2.51976,multi_behavior_sequence
14051,23271,2.457392,multi_behavior_sequence
14051,21907,2.430251,multi_behavior_sequence
14056,22469,3.580165,multi_behavior_sequence
14056,20724,3.261921,multi_behavior_sequence
14056,23355,3.257468,multi_behavior_sequence
14056,23322,3.132288,multi_behavior_sequence
14056,22139,3.131215,multi_behavior_sequence
14056,23209,3.090966,multi_behavior_sequence
14056,23293,3.053522,multi_behavior_sequence
14056,22384,3.02184,multi_behavior_sequence
14056,20723,2.930518,multi_behavior_sequence
14056,22720,2.907578,multi_behavior_sequence
14057,20974,3.013097,multi_behavior_sequence
14057,23194,2.656369,multi_behavior_sequence
14057,72760B,2.546169,multi_behavior_sequence
14057,23469,2.374348,multi_behavior_sequence
14057,22585,2.200369,multi_behavior_sequence
14057,23501,2.177257,multi_behavior_sequence
14057,23480,2.149565,multi_behavior_sequence
14057,85152,2.126269,multi_behavior_sequence
14057,23340,2.072468,multi_behavior_sequence
14057,22584,2.059409,multi_behavior_sequence
14060,22941,2.569077,multi_behavior_sequence
14060,22910,2.462994,multi_behavior_sequence
14060,23209,2.40647,multi_behavior_sequence
14060,23480,2.342822,multi_behavior_sequence
14060,23199,2.341011,multi_behavior_sequence
14060,20726,2.290426,multi_behavior_sequence
14060,47566,2.286385,multi_behavior_sequence
14060,22109,2.213766,multi_behavior_sequence
14060,22086,2.202012,multi_behavior_sequence
14060,23084,2.19271,multi_behavior_sequence
14083,23416,2.614365,multi_behavior_sequence
14083,23150,2.202517,multi_behavior_sequence
14083,84356,2.164883,multi_behavior_sequence
14083,23462,2.094544,multi_behavior_sequence
14083,72800E,2.091297,multi_behavior_sequence
14083,72799C,2.086979,multi_behavior_sequence
14083,47369A,2.027907,multi_behavior_sequence
14083,20866,2.01109,multi_behavior_sequence
14083,72800C,2.008613,multi_behavior_sequence
14083,20901,2.005576,multi_behavior_sequence
14089,23191,3.553163,multi_behavior_sequence
14089,22371,2.994575,multi_behavior_sequence
14089,22224,2.919351,multi_behavior_sequence
14089,22165,2.856832,multi_behavior_sequence
14089,22625,2.851582,multi_behavior_sequence
14089,22481,2.831488,multi_behavior_sequence
14089,22041,2.829193,multi_behavior_sequence
14089,21497,2.824846,multi_behavior_sequence
14089,23165,2.800498,multi_behavior_sequence
14089,23170,2.793899,multi_behavior_sequence
14096,23344,6.523039,multi_behavior_sequence
14096,23581,4.79796,multi_behavior_sequence
14096,85099C,4.701217,multi_behavior_sequence
14096,23355,4.481425,multi_behavior_sequence
14096,23504,4.440307,multi_behavior_sequence
14096,20724,4.324798,multi_behavior_sequence
14096,21429,4.316597,multi_behavior_sequence
14096,20718,4.291147,multi_behavior_sequence
14096,23374,4.143352,multi_behavior_sequence
14096,23439,4.116768,multi_behavior_sequence
14129,22867,2.429318,multi_behavior_sequence
14129,22699,2.411142,multi_behavior_sequence
14129,23292,2.094449,multi_behavior_sequence
14129,22609,2.002918,multi_behavior_sequence
14129,21892,1.975174,multi_behavior_sequence
14129,21088,1.972588,multi_behavior_sequence
14129,22813,1.967804,multi_behavior_sequence
14129,85199S,1.934396,multi_behavior_sequence
14129,23290,1.8813,multi_behavior_sequence
14129,22311,1.877196,multi_behavior_sequence
14133,21790,3.472501,multi_behavior_sequence
14133,23199,3.024298,multi_behavior_sequence
14133,84945,2.919405,multi_behavior_sequence
14133,23344,2.855063,multi_behavior_sequence
14133,22909,2.84106,multi_behavior_sequence
14133,22662,2.797086,multi_behavior_sequence
14133,22086,2.687676,multi_behavior_sequence
14133,22111,2.603489,multi_behavior_sequence
14133,23328,2.591732,multi_behavior_sequence
14133,85099B,2.540608,multi_behavior_sequence
14134,POST,2.294486,multi_behavior_sequence
14134,23345,1.935395,multi_behavior_sequence
14134,21756,1.925278,multi_behavior_sequence
14134,21742,1.90452,multi_behavior_sequence
14134,21754,1.889224,multi_behavior_sequence
14134,21899,1.829162,multi_behavior_sequence
14134,21115,1.805025,multi_behavior_sequence
14134,22666,1.759975,multi_behavior_sequence
14134,22367,1.757524,multi_behavior_sequence
14134,22189,1.712241,multi_behavior_sequence
14156,22720,2.653313,multi_behavior_sequence
14156,23351,2.595757,multi_behavior_sequence
14156,23503,2.52551,multi_behavior_sequence
14156,23321,2.467559,multi_behavior_sequence
14156,22728,2.357038,multi_behavior_sequence
14156,22112,2.348743,multi_behavior_sequence
14156,21754,2.346039,multi_behavior_sequence
14156,22141,2.282868,multi_behavior_sequence
14156,23100,2.28015,multi_behavior_sequence
14156,23243,2.279744,multi_behavior_sequence
14159,22904,3.390789,multi_behavior_sequence
14159,22720,3.376644,multi_behavior_sequence
14159,82583,3.331754,multi_behavior_sequence
14159,20718,3.234443,multi_behavior_sequence
14159,23426,3.219844,multi_behavior_sequence
14159,23247,3.176264,multi_behavior_sequence
14159,23439,3.082302,multi_behavior_sequence
14159,23206,3.078063,multi_behavior_sequence
14159,23243,3.07557,multi_behavior_sequence
14159,22624,3.048071,multi_behavior_sequence
14178,85152,4.579314,multi_behavior_sequence
14178,22867,4.340877,multi_behavior_sequence
14178,22909,4.3341,multi_behavior_sequence
14178,22866,4.274206,multi_behavior_sequence
14178,23439,4.049895,multi_behavior_sequence
14178,22077,4.036599,multi_behavior_sequence
14178,22697,3.995107,multi_behavior_sequence
14178,22632,3.959522,multi_behavior_sequence
14178,22139,3.908345,multi_behavior_sequence
14178,22633,3.881153,multi_behavior_sequence
14180,22112,2.355423,multi_behavior_sequence
14180,37449,2.253296,multi_behavior_sequence
14180,23320,2.248779,multi_behavior_sequence
14180,21154,2.214917,multi_behavior_sequence
14180,22722,2.131026,multi_behavior_sequence
14180,22960,2.09096,multi_behavior_sequence
14180,22625,1.987723,multi_behavior_sequence
14180,23345,1.910175,multi_behavior_sequence
14180,48188,1.891079,multi_behavior_sequence
14180,23076,1.891044,multi_behavior_sequence
14192,22727,2.548744,multi_behavior_sequence
14192,22720,2.472373,multi_behavior_sequence
14192,23084,2.273159,multi_behavior_sequence
14192,22866,2.203345,multi_behavior_sequence
14192,84945,2.202081,multi_behavior_sequence
14192,23489,2.186692,multi_behavior_sequence
14192,23328,2.127881,multi_behavior_sequence
14192,22726,2.087388,multi_behavior_sequence
14192,23243,2.086803,multi_behavior_sequence
14192,15056N,2.084058,multi_behavior_sequence
14194,22197,6.159928,multi_behavior_sequence
14194,82582,5.577875,multi_behavior_sequence
14194,85099B,5.380488,multi_behavior_sequence
14194,23344,4.790351,multi_behavior_sequence
14194,23199,4.736126,multi_behavior_sequence
14194,22941,4.645519,multi_behavior_sequence
14194,23084,4.527168,multi_behavior_sequence
14194,22457,4.476578,multi_behavior_sequence
14194,22077,4.409421,multi_behavior_sequence
14194,23300,4.170329,multi_behavior_sequence
14195,22720,3.140698,multi_behavior_sequence
14195,22423,2.937555,multi_behavior_sequence
14195,22469,2.583778,multi_behavior_sequence
14195,48194,2.495036,multi_behavior_sequence
14195,23426,2.459051,multi_behavior_sequence
14195,22727,2.433102,multi_behavior_sequence
14195,22993,2.432647,multi_behavior_sequence
14195,84378,2.311337,multi_behavior_sequence
14195,22625,2.301097,multi_behavior_sequence
14195,22960,2.240041,multi_behavior_sequence
14209,23489,1.945382,multi_behavior_sequence
14209,23243,1.939672,multi_behavior_sequence
14209,23322,1.862233,multi_behavior_sequence
14209,22624,1.820255,multi_behavior_sequence
14209,22720,1.809025,multi_behavior_sequence
14209,23108,1.775023,multi_behavior_sequence
14209,23293,1.752994,multi_behavior_sequence
14209,22722,1.736565,multi_behavior_sequence
14209,84836,1.717155,multi_behavior_sequence
14209,23321,1.69295,multi_behavior_sequence
14210,23322,2.933384,multi_behavior_sequence
14210,22624,2.786716,multi_behavior_sequence
14210,22382,2.621529,multi_behavior_sequence
14210,22469,2.598844,multi_behavior_sequence
14210,21874,2.502549,multi_behavior_sequence
14210,22383,2.398467,multi_behavior_sequence
14210,22112,2.385724,multi_behavior_sequence
14210,21497,2.340585,multi_behavior_sequence
14210,22384,2.309412,multi_behavior_sequence
14210,23207,2.223829,multi_behavior_sequence
14211,22809,3.409369,multi_behavior_sequence
14211,23247,3.279989,multi_behavior_sequence
14211,22720,3.247052,multi_behavior_sequence
14211,22727,3.199945,multi_behavior_sequence
14211,82582,3.184204,multi_behavior_sequence
14211,23439,3.174098,multi_behavior_sequence
14211,22577,2.992152,multi_behavior_sequence
14211,21908,2.986659,multi_behavior_sequence
14211,22818,2.96201,multi_behavior_sequence
14211,21903,2.948762,multi_behavior_sequence
14214,20974,3.82699,multi_behavior_sequence
14214,22382,3.181338,multi_behavior_sequence
14214,22112,3.165524,multi_behavior_sequence
14214,22193,3.154933,multi_behavior_sequence
14214,21191,2.977463,multi_behavior_sequence
14214,22197,2.95179,multi_behavior_sequence
14214,21558,2.930315,multi_behavior_sequence
14214,23434,2.851687,multi_behavior_sequence
14214,85099B,2.83109,multi_behavior_sequence
14214,21928,2.804854,multi_behavior_sequence
14215,20727,3.446402,multi_behavior_sequence
14215,23439,3.196197,multi_behavior_sequence
14215,22964,2.955703,multi_behavior_sequence
14215,22867,2.872117,multi_behavior_sequence
14215,22622,2.737248,multi_behavior_sequence
14215,22488,2.714812,multi_behavior_sequence
14215,22662,2.652956,multi_behavior_sequence
14215,23203,2.637535,multi_behavior_sequence
14215,85099B,2.560871,multi_behavior_sequence
14215,22556,2.531766,multi_behavior_sequence
14217,22727,3.61489,multi_behavior_sequence
14217,23266,3.404741,multi_behavior_sequence
14217,22993,3.333856,multi_behavior_sequence
14217,22726,3.303687,multi_behavior_sequence
14217,23080,3.28616,multi_behavior_sequence
14217,22423,3.213958,multi_behavior_sequence
14217,22728,3.209721,multi_behavior_sequence
14217,22725,2.981725,multi_behavior_sequence
14217,84992,2.949857,multi_behavior_sequence
14217,23355,2.858784,multi_behavior_sequence
14233,22139,4.225861,multi_behavior_sequence
14233,22138,3.896643,multi_behavior_sequence
14233,22382,3.880312,multi_behavior_sequence
14233,20728,3.31932,multi_behavior_sequence
14233,23301,3.253008,multi_behavior_sequence
14233,23182,3.225572,multi_behavior_sequence
14233,22469,3.150071,multi_behavior_sequence
14233,23322,3.148209,multi_behavior_sequence
14233,22114,3.003848,multi_behavior_sequence
14233,23356,2.981894,multi_behavior_sequence
14251,22178,4.071795,multi_behavior_sequence
14251,22138,4.026153,multi_behavior_sequence
14251,82483,3.417742,multi_behavior_sequence
14251,23504,3.081685,multi_behavior_sequence
14251,22386,3.051069,multi_behavior_sequence
14251,23084,3.001766,multi_behavior_sequence
14251,22751,3.000173,multi_behavior_sequence
14251,20679,2.970805,multi_behavior_sequence
14251,23198,2.933258,multi_behavior_sequence
14251,20725,2.915062,multi_behavior_sequence
14257,21507,2.484817,multi_behavior_sequence
14257,21790,2.438017,multi_behavior_sequence
14257,22867,2.361155,multi_behavior_sequence
14257,22632,2.337071,multi_behavior_sequence
14257,21791,2.281758,multi_behavior_sequence
14257,20969,2.199781,multi_behavior_sequence
14257,23349,2.174086,multi_behavior_sequence
14257,22568,2.171705,multi_behavior_sequence
14257,22138,2.15375,multi_behavior_sequence
14257,23328,2.14952,multi_behavior_sequence
14260,21733,2.443962,multi_behavior_sequence
14260,22189,2.232687,multi_behavior_sequence
14260,POST,2.217192,multi_behavior_sequence
14260,22470,2.170583,multi_behavior_sequence
14260,22488,2.086756,multi_behavior_sequence
14260,23199,2.052393,multi_behavior_sequence
14260,23301,2.048709,multi_behavior_sequence
14260,22694,2.005191,multi_behavior_sequence
14260,23322,1.959111,multi_behavior_sequence
14260,22938,1.9203,multi_behavior_sequence
14262,23328,5.634137,multi_behavior_sequence
14262,23241,4.615091,multi_behavior_sequence
14262,23100,4.561119,multi_behavior_sequence
14262,22549,4.314255,multi_behavior_sequence
14262,22423,4.307913,multi_behavior_sequence
14262,22617,4.207059,multi_behavior_sequence
14262,21754,4.086151,multi_behavior_sequence
14262,23108,4.060149,multi_behavior_sequence
14262,23298,4.019124,multi_behavior_sequence
14262,23243,3.995645,multi_behavior_sequence
14282,23344,4.881152,multi_behavior_sequence
14282,23202,4.269453,multi_behavior_sequence
14282,23355,4.060235,multi_behavior_sequence
14282,23199,3.897187,multi_behavior_sequence
14282,22720,3.890308,multi_behavior_sequence
14282,23084,3.788511,multi_behavior_sequence
14282,22197,3.778356,multi_behavior_sequence
14282,21174,3.618995,multi_behavior_sequence
14282,85099F,3.599384,multi_behavior_sequence
14282,84945,3.538665,multi_behavior_sequence
14291,22617,4.883263,multi_behavior_sequence
14291,21731,4.877746,multi_behavior_sequence
14291,20728,4.658297,multi_behavior_sequence
14291,22568,4.052864,multi_behavior_sequence
14291,22138,4.041744,multi_behavior_sequence
14291,85099C,3.786769,multi_behavior_sequence
14291,22111,3.649994,multi_behavior_sequence
14291,23192,3.574838,multi_behavior_sequence
14291,23206,3.566292,multi_behavior_sequence
14291,23355,3.525497,multi_behavior_sequence
14298,21642,2.769834,multi_behavior_sequence
14298,84997C,2.513089,multi_behavior_sequence
14298,22309,2.221196,multi_behavior_sequence
14298,21749,2.136482,multi_behavior_sequence
14298,23373,2.132574,multi_behavior_sequence
14298,23420,2.114583,multi_behavior_sequence
14298,21432,2.09575,multi_behavior_sequence
14298,23438,2.043689,multi_behavior_sequence
14298,84968A,1.959994,multi_behavior_sequence
14298,23529,1.891626,multi_behavior_sequence
14305,21790,5.343488,multi_behavior_sequence
14305,22382,5.074592,multi_behavior_sequence
14305,22139,4.904282,multi_behavior_sequence
14305,22867,3.832367,multi_behavior_sequence
14305,22193,3.664763,multi_behavior_sequence
14305,22147,3.599994,multi_behavior_sequence
14305,23209,3.587677,multi_behavior_sequence
14305,20974,3.571628,multi_behavior_sequence
14305,23301,3.537317,multi_behavior_sequence
14305,23100,3.449172,multi_behavior_sequence
14307,85123A,3.068292,multi_behavior_sequence
14307,23301,3.051739,multi_behavior_sequence
14307,23100,2.950923,multi_behavior_sequence
14307,22382,2.856655,multi_behavior_sequence
14307,23504,2.83706,multi_behavior_sequence
14307,22992,2.801493,multi_behavior_sequence
14307,22197,2.774666,multi_behavior_sequence
14307,23355,2.771982,multi_behavior_sequence
14307,23571,2.771589,multi_behavior_sequence
14307,22818,2.766259,multi_behavior_sequence
14309,22619,2.333506,multi_behavior_sequence
14309,20971,2.121276,multi_behavior_sequence
14309,POST,2.057603,multi_behavior_sequence
14309,22139,1.904598,multi_behavior_sequence
14309,23284,1.817369,multi_behavior_sequence
14309,84836,1.774458,multi_behavior_sequence
14309,21754,1.746216,multi_behavior_sequence
14309,22086,1.683445,multi_behavior_sequence
14309,23234,1.682625,multi_behavior_sequence
14309,21755,1.65083,multi_behavior_sequence
14316,23503,1.741949,multi_behavior_sequence
14316,23480,1.66394,multi_behavior_sequence
14316,21791,1.610674,multi_behavior_sequence
14316,22492,1.517524,multi_behavior_sequence
14316,22138,1.467442,multi_behavior_sequence
14316,22748,1.464927,multi_behavior_sequence
14316,23084,1.426931,multi_behavior_sequence
14316,22585,1.351345,multi_behavior_sequence
14316,POST,1.310485,multi_behavior_sequence
14316,22815,1.293954,multi_behavior_sequence
14321,23456,1.632231,multi_behavior_sequence
14321,21679,1.620603,multi_behavior_sequence
14321,22085,1.518686,multi_behavior_sequence
14321,23056,1.498099,multi_behavior_sequence
14321,23029,1.453936,multi_behavior_sequence
14321,21224,1.45211,multi_behavior_sequence
14321,84912A,1.436207,multi_behavior_sequence
14321,21843,1.425323,multi_behavior_sequence
14321,84912B,1.407077,multi_behavior_sequence
14321,22189,1.387845,multi_behavior_sequence
14327,47566,1.699723,multi_behavior_sequence
14327,22139,1.652836,multi_behavior_sequence
14327,22470,1.583941,multi_behavior_sequence
14327,23322,1.464375,multi_behavior_sequence
14327,22941,1.389443,multi_behavior_sequence
14327,21314,1.377049,multi_behavior_sequence
14327,22722,1.29779,multi_behavior_sequence
14327,22086,1.296687,multi_behavior_sequence
14327,84945,1.291894,multi_behavior_sequence
14327,22469,1.290903,multi_behavior_sequence
14356,22423,4.787745,multi_behavior_sequence
14356,23382,3.872271,multi_behavior_sequence
14356,23503,3.7092,multi_behavior_sequence
14356,85099C,3.415423,multi_behavior_sequence
14356,20974,3.407024,multi_behavior_sequence
14356,23191,3.386324,multi_behavior_sequence
14356,22666,3.337571,multi_behavior_sequence
14356,22629,3.283783,multi_behavior_sequence
14356,22371,3.270777,multi_behavior_sequence
14356,22810,3.122031,multi_behavior_sequence
14365,23084,2.974101,multi_behavior_sequence
14365,22138,2.921372,multi_behavior_sequence
14365,23356,2.634254,multi_behavior_sequence
14365,21790,2.56218,multi_behavior_sequence
14365,22111,2.550238,multi_behavior_sequence
14365,23344,2.516872,multi_behavior_sequence
14365,23581,2.41369,multi_behavior_sequence
14365,23301,2.404303,multi_behavior_sequence
14365,22139,2.387112,multi_behavior_sequence
14365,23505,2.382228,multi_behavior_sequence
14388,22086,5.373262,multi_behavior_sequence
14388,84945,5.108478,multi_behavior_sequence
14388,23247,4.409054,multi_behavior_sequence
14388,22197,4.345487,multi_behavior_sequence
14388,22697,4.229668,multi_behavior_sequence
14388,23355,4.134696,multi_behavior_sequence
14388,23236,4.066305,multi_behavior_sequence
14388,84380,3.973637,multi_behavior_sequence
14388,22629,3.874091,multi_behavior_sequence
14388,22865,3.81554,multi_behavior_sequence
14390,23355,3.229457,multi_behavior_sequence
14390,23356,3.140595,multi_behavior_sequence
14390,22197,3.02454,multi_behavior_sequence
14390,20682,3.02408,multi_behavior_sequence
14390,22960,2.819453,multi_behavior_sequence
14390,23203,2.796138,multi_behavior_sequence
14390,22577,2.787977,multi_behavior_sequence
14390,22114,2.755438,multi_behavior_sequence
14390,22469,2.744667,multi_behavior_sequence
14390,84945,2.737235,multi_behavior_sequence
14401,22294,1.066364,multi_behavior_sequence
14401,23399,0.988149,multi_behavior_sequence
14401,POST,0.980378,multi_behavior_sequence
14401,84946,0.95417,multi_behavior_sequence
14401,23456,0.939555,multi_behavior_sequence
14401,21620,0.892897,multi_behavior_sequence
14401,21535,0.853141,multi_behavior_sequence
14401,21531,0.849214,multi_behavior_sequence
14401,48194,0.844518,multi_behavior_sequence
14401,22722,0.818878,multi_behavior_sequence
14409,22139,3.642308,multi_behavior_sequence
14409,84945,3.39232,multi_behavior_sequence
14409,23203,3.387087,multi_behavior_sequence
14409,23103,3.181181,multi_behavior_sequence
14409,23202,3.142145,multi_behavior_sequence
14409,22138,2.859375,multi_behavior_sequence
14409,22750,2.857232,multi_behavior_sequence
14409,23199,2.827033,multi_behavior_sequence
14409,23206,2.78017,multi_behavior_sequence
14409,22411,2.728987,multi_behavior_sequence
14419,22699,5.39728,multi_behavior_sequence
14419,21790,5.385457,multi_behavior_sequence
14419,23373,4.613089,multi_behavior_sequence
14419,22556,4.273198,multi_behavior_sequence
14419,22629,3.985154,multi_behavior_sequence
14419,21932,3.956865,multi_behavior_sequence
14419,22909,3.912788,multi_behavior_sequence
14419,23158,3.905863,multi_behavior_sequence
14419,22697,3.774233,multi_behavior_sequence
14419,23343,3.736863,multi_behavior_sequence
14421,POST,2.321645,multi_behavior_sequence
14421,21181,2.270908,multi_behavior_sequence
14421,23076,2.074717,multi_behavior_sequence
14421,85099B,2.010912,multi_behavior_sequence
14421,22112,1.965902,multi_behavior_sequence
14421,23077,1.925017,multi_behavior_sequence
14421,23445,1.863591,multi_behavior_sequence
14421,23353,1.836858,multi_behavior_sequence
14421,20728,1.81812,multi_behavior_sequence
14421,21174,1.813295,multi_behavior_sequence
14426,23331,4.129095,multi_behavior_sequence
14426,23330,3.826777,multi_behavior_sequence
14426,22909,3.705992,multi_behavior_sequence
14426,84988,3.270382,multi_behavior_sequence
14426,82494L,3.227768,multi_behavior_sequence
14426,23002,3.212026,multi_behavior_sequence
14426,23328,3.20866,multi_behavior_sequence
14426,22729,3.19251,multi_behavior_sequence
14426,23394,3.10736,multi_behavior_sequence
14426,23395,3.102122,multi_behavior_sequence
14428,84945,2.86222,multi_behavior_sequence
14428,22952,2.610567,multi_behavior_sequence
14428,21314,2.415548,multi_behavior_sequence
14428,22950,2.400775,multi_behavior_sequence
14428,22188,2.352995,multi_behavior_sequence
14428,20974,2.343873,multi_behavior_sequence
14428,48138,2.276411,multi_behavior_sequence
14428,21790,2.230426,multi_behavior_sequence
14428,23390,2.211681,multi_behavior_sequence
14428,22784,2.160992,multi_behavior_sequence
14439,22423,1.010515,multi_behavior_sequence
14439,22941,0.985706,multi_behavior_sequence
14439,21791,0.92379,multi_behavior_sequence
14439,20726,0.918754,multi_behavior_sequence
14439,47566,0.869131,multi_behavior_sequence
14439,47590B,0.861373,multi_behavior_sequence
14439,21485,0.825596,multi_behavior_sequence
14439,85099C,0.822206,multi_behavior_sequence
14439,23256,0.814264,multi_behavior_sequence
14439,23480,0.812484,multi_behavior_sequence
14448,23196,2.848416,multi_behavior_sequence
14448,23198,2.766487,multi_behavior_sequence
14448,22992,2.687333,multi_behavior_sequence
14448,23321,2.587014,multi_behavior_sequence
14448,23108,2.386584,multi_behavior_sequence
14448,23437,2.378605,multi_behavior_sequence
14448,22139,2.349939,multi_behavior_sequence
14448,23100,2.347228,multi_behavior_sequence
14448,21755,2.335436,multi_behavior_sequence
14448,23345,2.307044,multi_behavior_sequence
14451,21733,4.875973,multi_behavior_sequence
14451,22112,4.832,multi_behavior_sequence
14451,20724,4.482352,multi_behavior_sequence
14451,22382,4.192495,multi_behavior_sequence
14451,85099B,4.084626,multi_behavior_sequence
14451,23199,3.949074,multi_behavior_sequence
14451,82582,3.843446,multi_behavior_sequence
14451,20718,3.795193,multi_behavior_sequence
14451,23437,3.685084,multi_behavior_sequence
14451,23215,3.601044,multi_behavior_sequence
14462,22818,2.027852,multi_behavior_sequence
14462,21907,1.90606,multi_behavior_sequence
14462,82582,1.885204,multi_behavior_sequence
14462,85099B,1.838755,multi_behavior_sequence
14462,82484,1.79573,multi_behavior_sequence
14462,21326,1.697748,multi_behavior_sequence
14462,23321,1.692473,multi_behavior_sequence
14462,22139,1.666841,multi_behavior_sequence
14462,22654,1.640953,multi_behavior_sequence
14462,21166,1.640585,multi_behavior_sequence
14471,22112,1.742919,multi_behavior_sequence
14471,21620,1.686203,multi_behavior_sequence
14471,22776,1.672828,multi_behavior_sequence
14471,21833,1.612678,multi_behavior_sequence
14471,21749,1.593442,multi_behavior_sequence
14471,21558,1.572147,multi_behavior_sequence
14471,23170,1.55241,multi_behavior_sequence
14471,84997C,1.542871,multi_behavior_sequence
14471,20970,1.485468,multi_behavior_sequence
14471,23094,1.425846,multi_behavior_sequence
14472,23399,3.459824,multi_behavior_sequence
14472,48111,3.124035,multi_behavior_sequence
14472,21287,2.983832,multi_behavior_sequence
14472,23284,2.845916,multi_behavior_sequence
14472,22294,2.739731,multi_behavior_sequence
14472,22295,2.678789,multi_behavior_sequence
14472,23452,2.587045,multi_behavior_sequence
14472,23470,2.465686,multi_behavior_sequence
14472,23107,2.445694,multi_behavior_sequence
14472,23469,2.400903,multi_behavior_sequence
14484,22500,2.65201,multi_behavior_sequence
14484,22585,2.071301,multi_behavior_sequence
14484,22566,2.04596,multi_behavior_sequence
14484,22457,2.039838,multi_behavior_sequence
14484,20767,2.029325,multi_behavior_sequence
14484,22586,1.99995,multi_behavior_sequence
14484,22600,1.933437,multi_behavior_sequence
14484,21756,1.904248,multi_behavior_sequence
14484,21641,1.88306,multi_behavior_sequence
14484,85099C,1.877779,multi_behavior_sequence
14489,23206,2.978455,multi_behavior_sequence
14489,22469,2.793608,multi_behavior_sequence
14489,20727,2.632159,multi_behavior_sequence
14489,85099C,2.631327,multi_behavior_sequence
14489,23200,2.564513,multi_behavior_sequence
14489,23199,2.550722,multi_behavior_sequence
14489,23202,2.465112,multi_behavior_sequence
14489,23203,2.462811,multi_behavior_sequence
14489,23355,2.41889,multi_behavior_sequence
14489,23247,2.411944,multi_behavior_sequence
14493,20974,1.993077,multi_behavior_sequence
14493,22749,1.876593,multi_behavior_sequence
14493,21262,1.771604,multi_behavior_sequence
14493,22622,1.754005,multi_behavior_sequence
14493,23329,1.748659,multi_behavior_sequence
14493,22273,1.693088,multi_behavior_sequence
14493,84945,1.648467,multi_behavior_sequence
14493,22750,1.592594,multi_behavior_sequence
14493,22909,1.538604,multi_behavior_sequence
14493,16014,1.523283,multi_behavior_sequence
14505,23294,1.287922,multi_behavior_sequence
14505,20679,1.267464,multi_behavior_sequence
14505,23295,1.251106,multi_behavior_sequence
14505,23296,1.203061,multi_behavior_sequence
14505,23293,1.124967,multi_behavior_sequence
14505,23500,1.098336,multi_behavior_sequence
14505,21166,1.088382,multi_behavior_sequence
14505,21620,1.08189,multi_behavior_sequence
14505,84988,1.064663,multi_behavior_sequence
14505,23489,1.053107,multi_behavior_sequence
14507,85099F,3.605405,multi_behavior_sequence
14507,85099B,3.330642,multi_behavior_sequence
14507,23132,3.241584,multi_behavior_sequence
14507,84945,3.060176,multi_behavior_sequence
14507,22950,2.700463,multi_behavior_sequence
14507,23035,2.698797,multi_behavior_sequence
14507,22193,2.669334,multi_behavior_sequence
14507,21326,2.632958,multi_behavior_sequence
14507,M,2.598204,multi_behavior_sequence
14507,22952,2.574507,multi_behavior_sequence
14527,21314,3.257413,multi_behavior_sequence
14527,23094,3.166192,multi_behavior_sequence
14527,23322,3.156684,multi_behavior_sequence
14527,23349,2.807474,multi_behavior_sequence
14527,22722,2.791701,multi_behavior_sequence
14527,23321,2.767363,multi_behavior_sequence
14527,22044,2.697505,multi_behavior_sequence
14527,21670,2.598732,multi_behavior_sequence
14527,22950,2.495202,multi_behavior_sequence
14527,22706,2.465084,multi_behavior_sequence
14534,85099F,3.411872,multi_behavior_sequence
14534,21833,3.382733,multi_behavior_sequence
14534,23202,3.315885,multi_behavior_sequence
14534,84879,2.844876,multi_behavior_sequence
14534,23117,2.779672,multi_behavior_sequence
14534,84945,2.760211,multi_behavior_sequence
14534,23203,2.747543,multi_behavior_sequence
14534,22556,2.72845,multi_behavior_sequence
14534,21174,2.631813,multi_behavior_sequence
14534,22631,2.584426,multi_behavior_sequence
14543,23321,1.089783,multi_behavior_sequence
14543,85123A,0.902114,multi_behavior_sequence
14543,23322,0.85851,multi_behavior_sequence
14543,84836,0.829495,multi_behavior_sequence
14543,POST,0.813171,multi_behavior_sequence
14543,23503,0.772588,multi_behavior_sequence
14543,22113,0.72411,multi_behavior_sequence
14543,21166,0.719233,multi_behavior_sequence
14543,22749,0.715644,multi_behavior_sequence
14543,22139,0.700039,multi_behavior_sequence
14547,22577,4.644686,multi_behavior_sequence
14547,23284,4.474873,multi_behavior_sequence
14547,22578,4.348341,multi_behavior_sequence
14547,84946,4.006701,multi_behavior_sequence
14547,20724,3.867326,multi_behavior_sequence
14547,21210,3.767721,multi_behavior_sequence
14547,23322,3.548822,multi_behavior_sequence
14547,22720,3.523519,multi_behavior_sequence
14547,23302,3.396934,multi_behavior_sequence
14547,23314,3.347322,multi_behavior_sequence
14562,22178,3.556925,multi_behavior_sequence
14562,82552,3.492368,multi_behavior_sequence
14562,23355,3.302778,multi_behavior_sequence
14562,22730,3.162686,multi_behavior_sequence
14562,21137,3.126596,multi_behavior_sequence
14562,23165,3.118877,multi_behavior_sequence
14562,23322,3.097216,multi_behavior_sequence
14562,22726,3.094712,multi_behavior_sequence
14562,22725,2.949958,multi_behavior_sequence
14562,21172,2.94069,multi_behavior_sequence
14563,POST,1.697711,multi_behavior_sequence
14563,21843,1.645733,multi_behavior_sequence
14563,23103,1.626928,multi_behavior_sequence
14563,21922,1.615366,multi_behavior_sequence
14563,72799C,1.578191,multi_behavior_sequence
14563,72800B,1.577308,multi_behavior_sequence
14563,84356,1.557548,multi_behavior_sequence
14563,21985,1.523126,multi_behavior_sequence
14563,22907,1.508349,multi_behavior_sequence
14563,72800E,1.487043,multi_behavior_sequence
14569,22820,2.371218,multi_behavior_sequence
14569,22341,2.13344,multi_behavior_sequence
14569,23422,2.095028,multi_behavior_sequence
14569,23455,2.081891,multi_behavior_sequence
14569,C2,2.068672,multi_behavior_sequence
14569,23191,2.037307,multi_behavior_sequence
14569,22309,2.030588,multi_behavior_sequence
14569,22224,2.014886,multi_behavior_sequence
14569,21042,1.934347,multi_behavior_sequence
14569,22308,1.876203,multi_behavior_sequence
14573,22139,3.738539,multi_behavior_sequence
14573,22138,3.39947,multi_behavior_sequence
14573,23322,3.024358,multi_behavior_sequence
14573,20727,2.963692,multi_behavior_sequence
14573,22114,2.956354,multi_behavior_sequence
14573,22867,2.910637,multi_behavior_sequence
14573,21672,2.898718,multi_behavior_sequence
14573,22898,2.744052,multi_behavior_sequence
14573,22910,2.734022,multi_behavior_sequence
14573,22144,2.667953,multi_behavior_sequence
14577,23355,4.035598,multi_behavior_sequence
14577,22469,3.979688,multi_behavior_sequence
14577,22112,3.807634,multi_behavior_sequence
14577,82582,3.756037,multi_behavior_sequence
14577,85099B,3.591979,multi_behavior_sequence
14577,21733,3.571295,multi_behavior_sequence
14577,22960,3.246146,multi_behavior_sequence
14577,22961,3.232963,multi_behavior_sequence
14577,21485,3.198696,multi_behavior_sequence
14577,22423,3.180535,multi_behavior_sequence
14606,22662,2.669626,multi_behavior_sequence
14606,20726,2.646136,multi_behavior_sequence
14606,23206,2.427173,multi_behavior_sequence
14606,20713,2.417783,multi_behavior_sequence
14606,22382,2.397879,multi_behavior_sequence
14606,23209,2.357665,multi_behavior_sequence
14606,23200,2.356896,multi_behavior_sequence
14606,22568,2.347449,multi_behavior_sequence
14606,23322,2.259392,multi_behavior_sequence
14606,21314,2.232764,multi_behavior_sequence
14626,22086,4.18735,multi_behavior_sequence
14626,22411,4.149798,multi_behavior_sequence
14626,23100,4.005547,multi_behavior_sequence
14626,23581,3.99879,multi_behavior_sequence
14626,22551,3.797518,multi_behavior_sequence
14626,21914,3.692442,multi_behavior_sequence
14626,21704,3.582692,multi_behavior_sequence
14626,23298,3.536139,multi_behavior_sequence
14626,22727,3.507506,multi_behavior_sequence
14626,85099C,3.471322,multi_behavior_sequence
14638,23293,3.739594,multi_behavior_sequence
14638,22578,3.402307,multi_behavior_sequence
14638,23089,3.371556,multi_behavior_sequence
14638,23451,3.353821,multi_behavior_sequence
14638,23333,3.233747,multi_behavior_sequence
14638,21015,3.113534,multi_behavior_sequence
14638,23328,3.073345,multi_behavior_sequence
14638,23080,2.922441,multi_behavior_sequence
14638,47566,2.878301,multi_behavior_sequence
14638,23493,2.852379,multi_behavior_sequence
14640,23489,4.47762,multi_behavior_sequence
14640,23100,4.161382,multi_behavior_sequence
14640,23293,3.925965,multi_behavior_sequence
14640,22086,3.706532,multi_behavior_sequence
14640,23328,3.683213,multi_behavior_sequence
14640,23321,3.466497,multi_behavior_sequence
14640,21754,3.417983,multi_behavior_sequence
14640,22470,3.376665,multi_behavior_sequence
14640,23322,3.360694,multi_behavior_sequence
14640,22950,3.269834,multi_behavior_sequence
14646,22771,2.330539,multi_behavior_sequence
14646,22662,2.253257,multi_behavior_sequence
14646,23201,2.215934,multi_behavior_sequence
14646,23569,2.153867,multi_behavior_sequence
14646,23170,2.142083,multi_behavior_sequence
14646,21207,2.02291,multi_behavior_sequence
14646,22112,1.986741,multi_behavior_sequence
14646,84380,1.979945,multi_behavior_sequence
14646,21428,1.972761,multi_behavior_sequence
14646,85014A,1.971938,multi_behavior_sequence
14648,22749,1.312762,multi_behavior_sequence
14648,21791,1.143667,multi_behavior_sequence
14648,22139,1.083744,multi_behavior_sequence
14648,22488,1.06061,multi_behavior_sequence
14648,20974,1.026169,multi_behavior_sequence
14648,22750,1.016119,multi_behavior_sequence
14648,21790,0.983362,multi_behavior_sequence
14648,21206,0.937728,multi_behavior_sequence
14648,22867,0.926574,multi_behavior_sequence
14648,22622,0.918677,multi_behavior_sequence
14663,85014A,2.597056,multi_behavior_sequence
14663,M,2.504497,multi_behavior_sequence
14663,22749,2.407408,multi_behavior_sequence
14663,23198,2.369273,multi_behavior_sequence
14663,20974,2.156451,multi_behavior_sequence
14663,22556,2.099308,multi_behavior_sequence
14663,22498,2.018579,multi_behavior_sequence
14663,22139,1.97638,multi_behavior_sequence
14663,23196,1.948646,multi_behavior_sequence
14663,21329,1.883468,multi_behavior_sequence
14666,84836,3.725696,multi_behavior_sequence
14666,23215,3.695567,multi_behavior_sequence
14666,22675,3.674612,multi_behavior_sequence
14666,22080,3.620068,multi_behavior_sequence
14666,85123A,3.284727,multi_behavior_sequence
14666,21314,3.270257,multi_behavior_sequence
14666,22950,3.151499,multi_behavior_sequence
14666,22654,2.96548,multi_behavior_sequence
14666,21071,2.949891,multi_behavior_sequence
14666,23534,2.930221,multi_behavior_sequence
14667,23198,3.30297,multi_behavior_sequence
14667,84347,3.255404,multi_behavior_sequence
14667,22750,3.232525,multi_behavior_sequence
14667,21034,3.178807,multi_behavior_sequence
14667,23439,3.065496,multi_behavior_sequence
14667,22720,2.911992,multi_behavior_sequence
14667,22749,2.808582,multi_behavior_sequence
14667,22979,2.754614,multi_behavior_sequence
14667,23247,2.746504,multi_behavior_sequence
14667,20971,2.572027,multi_behavior_sequence
14672,21166,2.584472,multi_behavior_sequence
14672,21115,1.914552,multi_behavior_sequence
14672,22496,1.913007,multi_behavior_sequence
14672,21326,1.907951,multi_behavior_sequence
14672,22600,1.902695,multi_behavior_sequence
14672,85071A,1.843563,multi_behavior_sequence
14672,21109,1.837641,multi_behavior_sequence
14672,23091,1.831603,multi_behavior_sequence
14672,22772,1.779911,multi_behavior_sequence
14672,22203,1.742784,multi_behavior_sequence
14680,22469,3.527973,multi_behavior_sequence
14680,22662,3.429049,multi_behavior_sequence
14680,82583,3.233475,multi_behavior_sequence
14680,22383,3.160378,multi_behavior_sequence
14680,21070,3.124696,multi_behavior_sequence
14680,22382,2.989133,multi_behavior_sequence
14680,23426,2.94918,multi_behavior_sequence
14680,22835,2.945811,multi_behavior_sequence
14680,22112,2.917837,multi_behavior_sequence
14680,22413,2.842336,multi_behavior_sequence
14682,48184,1.829017,multi_behavior_sequence
14682,20726,1.818603,multi_behavior_sequence
14682,22627,1.816485,multi_behavior_sequence
14682,22809,1.811673,multi_behavior_sequence
14682,79321,1.702196,multi_behavior_sequence
14682,85099C,1.669632,multi_behavior_sequence
14682,21485,1.668026,multi_behavior_sequence
14682,23200,1.625107,multi_behavior_sequence
14682,23583,1.619963,multi_behavior_sequence
14682,20682,1.5576,multi_behavior_sequence
14688,23504,4.381116,multi_behavior_sequence
14688,47566,4.05169,multi_behavior_sequence
14688,22907,3.98946,multi_behavior_sequence
14688,84347,3.898986,multi_behavior_sequence
14688,22748,3.739796,multi_behavior_sequence
14688,23298,3.715687,multi_behavior_sequence
14688,22607,3.684333,multi_behavior_sequence
14688,22745,3.518631,multi_behavior_sequence
14688,22617,3.502407,multi_behavior_sequence
14688,23505,3.379828,multi_behavior_sequence
14693,23322,3.45768,multi_behavior_sequence
14693,82494L,3.401076,multi_behavior_sequence
14693,20724,3.359859,multi_behavior_sequence
14693,23355,3.16122,multi_behavior_sequence
14693,23323,3.088336,multi_behavior_sequence
14693,22469,3.055097,multi_behavior_sequence
14693,84510A,3.033886,multi_behavior_sequence
14693,84029G,2.913624,multi_behavior_sequence
14693,22427,2.879352,multi_behavior_sequence
14693,22961,2.826695,multi_behavior_sequence
14697,15039,2.990741,multi_behavior_sequence
14697,22619,2.96581,multi_behavior_sequence
14697,72799C,2.736936,multi_behavior_sequence
14697,21891,2.639132,multi_behavior_sequence
14697,22222,2.533042,multi_behavior_sequence
14697,21374,2.512149,multi_behavior_sequence
14697,22749,2.492938,multi_behavior_sequence
14697,84356,2.478832,multi_behavior_sequence
14697,85035C,2.432785,multi_behavior_sequence
14697,22936,2.421697,multi_behavior_sequence
14713,22469,4.812398,multi_behavior_sequence
14713,20724,4.108135,multi_behavior_sequence
14713,22382,4.084906,multi_behavior_sequence
14713,82582,4.069175,multi_behavior_sequence
14713,20718,3.950235,multi_behavior_sequence
14713,23206,3.906511,multi_behavior_sequence
14713,21070,3.764177,multi_behavior_sequence
14713,23439,3.737939,multi_behavior_sequence
14713,23247,3.725746,multi_behavior_sequence
14713,23355,3.677697,multi_behavior_sequence
14729,22983,2.737207,multi_behavior_sequence
14729,22178,2.574347,multi_behavior_sequence
14729,22457,2.319138,multi_behavior_sequence
14729,22423,2.281343,multi_behavior_sequence
14729,21519,2.252828,multi_behavior_sequence
14729,22910,2.251056,multi_behavior_sequence
14729,23147,2.157252,multi_behavior_sequence
14729,23243,2.147251,multi_behavior_sequence
14729,85130C,2.107318,multi_behavior_sequence
14729,22690,2.08786,multi_behavior_sequence
14733,23322,3.955015,multi_behavior_sequence
14733,23355,3.553636,multi_behavior_sequence
14733,85123A,3.042428,multi_behavior_sequence
14733,20724,2.715499,multi_behavior_sequence
14733,47566B,2.712425,multi_behavior_sequence
14733,23300,2.663174,multi_behavior_sequence
14733,23206,2.626456,multi_behavior_sequence
14733,21485,2.604513,multi_behavior_sequence
14733,22423,2.587926,multi_behavior_sequence
14733,22791,2.571265,multi_behavior_sequence
14735,22457,4.028419,multi_behavior_sequence
14735,22952,4.019491,multi_behavior_sequence
14735,23355,3.884309,multi_behavior_sequence
14735,22197,3.843066,multi_behavior_sequence
14735,22720,3.762434,multi_behavior_sequence
14735,82494L,3.594883,multi_behavior_sequence
14735,84947,3.55634,multi_behavior_sequence
14735,23328,3.552933,multi_behavior_sequence
14735,22818,3.453119,multi_behavior_sequence
14735,22909,3.443311,multi_behavior_sequence
14737,20974,2.268797,multi_behavior_sequence
14737,22139,2.169566,multi_behavior_sequence
14737,84347,2.011943,multi_behavior_sequence
14737,M,1.975277,multi_behavior_sequence
14737,22138,1.918504,multi_behavior_sequence
14737,22895,1.899635,multi_behavior_sequence
14737,22464,1.89429,multi_behavior_sequence
14737,23503,1.853597,multi_behavior_sequence
14737,23299,1.838506,multi_behavior_sequence
14737,23483,1.836206,multi_behavior_sequence
14739,22720,4.586369,multi_behavior_sequence
14739,22423,4.280116,multi_behavior_sequence
14739,22469,3.820896,multi_behavior_sequence
14739,22624,3.669621,multi_behavior_sequence
14739,22728,3.65341,multi_behavior_sequence
14739,23355,3.442301,multi_behavior_sequence
14739,22960,3.311944,multi_behavior_sequence
14739,22966,3.301249,multi_behavior_sequence
14739,23084,3.287112,multi_behavior_sequence
14739,22993,3.256319,multi_behavior_sequence
14745,71477,1.739835,multi_behavior_sequence
14745,22748,1.316795,multi_behavior_sequence
14745,22224,1.249759,multi_behavior_sequence
14745,21591,1.240364,multi_behavior_sequence
14745,23382,1.237931,multi_behavior_sequence
14745,85099C,1.215014,multi_behavior_sequence
14745,22985,1.21295,multi_behavior_sequence
14745,23194,1.124521,multi_behavior_sequence
14745,22745,1.094084,multi_behavior_sequence
14745,21191,1.085112,multi_behavior_sequence
14755,85123A,3.307345,multi_behavior_sequence
14755,23322,2.957793,multi_behavior_sequence
14755,22382,2.946981,multi_behavior_sequence
14755,23504,2.797858,multi_behavior_sequence
14755,23321,2.76877,multi_behavior_sequence
14755,23301,2.766811,multi_behavior_sequence
14755,23192,2.700061,multi_behavior_sequence
14755,23270,2.667992,multi_behavior_sequence
14755,22846,2.632444,multi_behavior_sequence
14755,22158,2.565828,multi_behavior_sequence
14764,22139,3.128462,multi_behavior_sequence
14764,82482,2.907966,multi_behavior_sequence
14764,22941,2.829598,multi_behavior_sequence
14764,23199,2.797354,multi_behavior_sequence
14764,20682,2.771605,multi_behavior_sequence
14764,71477,2.707031,multi_behavior_sequence
14764,23434,2.696775,multi_behavior_sequence
14764,22791,2.645918,multi_behavior_sequence
14764,23344,2.639773,multi_behavior_sequence
14764,22694,2.411245,multi_behavior_sequence
14768,22139,4.65847,multi_behavior_sequence
14768,21791,3.847667,multi_behavior_sequence
14768,22617,3.651344,multi_behavior_sequence
14768,23084,3.075616,multi_behavior_sequence
14768,22941,3.046676,multi_behavior_sequence
14768,22423,2.851559,multi_behavior_sequence
14768,84879,2.84909,multi_behavior_sequence
14768,22866,2.838178,multi_behavior_sequence
14768,21790,2.80654,multi_behavior_sequence
14768,22178,2.799516,multi_behavior_sequence
14776,23382,3.246447,multi_behavior_sequence
14776,22138,3.198988,multi_behavior_sequence
14776,23158,3.112462,multi_behavior_sequence
14776,23084,3.081462,multi_behavior_sequence
14776,22748,3.010709,multi_behavior_sequence
14776,22810,3.002182,multi_behavior_sequence
14776,22619,2.926366,multi_behavior_sequence
14776,71477,2.729639,multi_behavior_sequence
14776,23344,2.694569,multi_behavior_sequence
14776,22739,2.583107,multi_behavior_sequence
14790,23390,3.63444,multi_behavior_sequence
14790,22382,3.59366,multi_behavior_sequence
14790,22112,3.191175,multi_behavior_sequence
14790,20713,3.168452,multi_behavior_sequence
14790,23322,3.059927,multi_behavior_sequence
14790,23209,3.027095,multi_behavior_sequence
14790,22998,2.956016,multi_behavior_sequence
14790,22964,2.940155,multi_behavior_sequence
14790,47566,2.939081,multi_behavior_sequence
14790,23389,2.935015,multi_behavior_sequence
14796,84380,5.469443,multi_behavior_sequence
14796,82582,4.860301,multi_behavior_sequence
14796,22964,4.695483,multi_behavior_sequence
14796,23119,4.596622,multi_behavior_sequence
14796,23319,4.403183,multi_behavior_sequence
14796,23504,4.378502,multi_behavior_sequence
14796,85049A,4.37801,multi_behavior_sequence
14796,23329,4.233259,multi_behavior_sequence
14796,22960,4.185992,multi_behavior_sequence
14796,22075,4.089148,multi_behavior_sequence
14798,23176,1.373675,multi_behavior_sequence
14798,22382,1.329621,multi_behavior_sequence
14798,22139,1.310342,multi_behavior_sequence
14798,22138,1.225303,multi_behavior_sequence
14798,23194,1.223588,multi_behavior_sequence
14798,72741,1.192906,multi_behavior_sequence
14798,22083,1.167416,multi_behavior_sequence
14798,22469,1.153294,multi_behavior_sequence
14798,23504,1.153018,multi_behavior_sequence
14798,22423,1.140099,multi_behavior_sequence
14800,21790,2.907,multi_behavior_sequence
14800,23328,2.762533,multi_behavior_sequence
14800,23241,2.627103,multi_behavior_sequence
14800,22138,2.273003,multi_behavior_sequence
14800,23100,2.208249,multi_behavior_sequence
14800,22866,2.124699,multi_behavior_sequence
14800,21791,2.093234,multi_behavior_sequence
14800,22605,2.055786,multi_behavior_sequence
14800,22632,2.01661,multi_behavior_sequence
14800,23182,2.014795,multi_behavior_sequence
14805,21535,2.280589,multi_behavior_sequence
14805,23399,2.275967,multi_behavior_sequence
14805,23451,2.070308,multi_behavior_sequence
14805,85034B,2.061585,multi_behavior_sequence
14805,84946,2.034787,multi_behavior_sequence
14805,85178,1.995596,multi_behavior_sequence
14805,35646,1.994128,multi_behavior_sequence
14805,22196,1.951841,multi_behavior_sequence
14805,21287,1.909179,multi_behavior_sequence
14805,22424,1.856956,multi_behavior_sequence
14818,23084,2.256094,multi_behavior_sequence
14818,22320,2.235888,multi_behavior_sequence
14818,22941,2.057162,multi_behavior_sequence
14818,47590B,2.043051,multi_behavior_sequence
14818,22605,2.040669,multi_behavior_sequence
14818,22745,1.967599,multi_behavior_sequence
14818,84032B,1.909285,multi_behavior_sequence
14818,85034C,1.875096,multi_behavior_sequence
14818,22178,1.873619,multi_behavior_sequence
14818,85038,1.852608,multi_behavior_sequence
14823,23355,4.393247,multi_behavior_sequence
14823,23247,3.977966,multi_behavior_sequence
14823,22730,3.964364,multi_behavior_sequence
14823,22423,3.943992,multi_behavior_sequence
14823,82494L,3.852071,multi_behavior_sequence
14823,85099B,3.809976,multi_behavior_sequence
14823,82482,3.695872,multi_behavior_sequence
14823,22114,3.506039,multi_behavior_sequence
14823,20724,3.44523,multi_behavior_sequence
14823,47566,3.35941,multi_behavior_sequence
14825,22139,4.440948,multi_behavior_sequence
14825,22138,3.993262,multi_behavior_sequence
14825,22469,3.503049,multi_behavior_sequence
14825,48194,3.431743,multi_behavior_sequence
14825,23247,3.252869,multi_behavior_sequence
14825,85099C,3.221958,multi_behavior_sequence
14825,22627,2.797969,multi_behavior_sequence
14825,85099B,2.774199,multi_behavior_sequence
14825,82483,2.714101,multi_behavior_sequence
14825,22411,2.696924,multi_behavior_sequence
14849,23108,3.348524,multi_behavior_sequence
14849,22138,3.073862,multi_behavior_sequence
14849,23355,3.011636,multi_behavior_sequence
14849,85099C,2.908192,multi_behavior_sequence
14849,22111,2.894198,multi_behavior_sequence
14849,22469,2.825545,multi_behavior_sequence
14849,22629,2.799821,multi_behavior_sequence
14849,47566,2.787804,multi_behavior_sequence
14849,22630,2.76621,multi_behavior_sequence
14849,22114,2.748332,multi_behavior_sequence
14852,22720,1.57176,multi_behavior_sequence
14852,22112,1.542189,multi_behavior_sequence
14852,22423,1.35628,multi_behavior_sequence
14852,22838,1.327457,multi_behavior_sequence
14852,23355,1.311246,multi_behavior_sequence
14852,22960,1.304349,multi_behavior_sequence
14852,22469,1.238342,multi_behavior_sequence
14852,22961,1.235313,multi_behavior_sequence
14852,23243,1.211602,multi_behavior_sequence
14852,23503,1.197078,multi_behavior_sequence
14854,22139,4.236958,multi_behavior_sequence
14854,22138,3.944169,multi_behavior_sequence
14854,23301,3.323343,multi_behavior_sequence
14854,21790,3.209583,multi_behavior_sequence
14854,22617,3.175762,multi_behavior_sequence
14854,23241,2.739758,multi_behavior_sequence
14854,23199,2.734015,multi_behavior_sequence
14854,22274,2.671768,multi_behavior_sequence
14854,23298,2.562988,multi_behavior_sequence
14854,21915,2.552822,multi_behavior_sequence
14871,23084,4.325009,multi_behavior_sequence
14871,22941,3.285869,multi_behavior_sequence
14871,23100,3.056659,multi_behavior_sequence
14871,23571,2.817146,multi_behavior_sequence
14871,23570,2.78204,multi_behavior_sequence
14871,21914,2.612178,multi_behavior_sequence
14871,23480,2.549658,multi_behavior_sequence
14871,21915,2.495844,multi_behavior_sequence
14871,23499,2.456867,multi_behavior_sequence
14871,22111,2.453637,multi_behavior_sequence
14887,23202,4.112686,multi_behavior_sequence
14887,23344,4.104217,multi_behavior_sequence
14887,23355,3.652217,multi_behavior_sequence
14887,22197,3.53358,multi_behavior_sequence
14887,23581,3.40449,multi_behavior_sequence
14887,23199,3.402609,multi_behavior_sequence
14887,22411,3.25563,multi_behavior_sequence
14887,84945,3.11334,multi_behavior_sequence
14887,23084,3.112712,multi_behavior_sequence
14887,22720,3.099387,multi_behavior_sequence
14893,21928,4.06504,multi_behavior_sequence
14893,21931,3.970811,multi_behavior_sequence
14893,21871,3.437961,multi_behavior_sequence
14893,84947,3.235971,multi_behavior_sequence
14893,84945,3.205778,multi_behavior_sequence
14893,22998,3.199313,multi_behavior_sequence
14893,23581,3.189612,multi_behavior_sequence
14893,22555,3.080089,multi_behavior_sequence
14893,23076,3.006109,multi_behavior_sequence
14893,22109,2.986142,multi_behavior_sequence
14895,85099B,4.519776,multi_behavior_sequence
14895,85099F,3.477228,multi_behavior_sequence
14895,23199,3.37759,multi_behavior_sequence
14895,21908,3.371634,multi_behavior_sequence
14895,21931,3.188865,multi_behavior_sequence
14895,23571,3.098146,multi_behavior_sequence
14895,21871,3.067024,multi_behavior_sequence
14895,22818,3.022898,multi_behavior_sequence
14895,21928,2.967771,multi_behavior_sequence
14895,85049A,2.789833,multi_behavior_sequence
14898,22469,3.447838,multi_behavior_sequence
14898,21990,3.220246,multi_behavior_sequence
14898,21231,3.055794,multi_behavior_sequence
14898,23176,3.044453,multi_behavior_sequence
14898,22810,2.957501,multi_behavior_sequence
14898,22083,2.917106,multi_behavior_sequence
14898,22423,2.84602,multi_behavior_sequence
14898,84050,2.812577,multi_behavior_sequence
14898,22666,2.722571,multi_behavior_sequence
14898,82483,2.665518,multi_behavior_sequence
14900,22383,1.722052,multi_behavior_sequence
14900,84029E,1.715824,multi_behavior_sequence
14900,20718,1.652826,multi_behavior_sequence
14900,85099B,1.623907,multi_behavior_sequence
14900,22720,1.607726,multi_behavior_sequence
14900,82583,1.592008,multi_behavior_sequence
14900,23247,1.538273,multi_behavior_sequence
14900,20727,1.533928,multi_behavior_sequence
14900,21874,1.487668,multi_behavior_sequence
14900,82484,1.475733,multi_behavior_sequence
14911,15056N,3.580887,multi_behavior_sequence
14911,84947,3.555578,multi_behavior_sequence
14911,23500,3.297564,multi_behavior_sequence
14911,23084,3.28297,multi_behavior_sequence
14911,84347,3.275363,multi_behavior_sequence
14911,22979,3.239472,multi_behavior_sequence
14911,84375,3.20484,multi_behavior_sequence
14911,23203,3.167064,multi_behavior_sequence
14911,23080,3.094652,multi_behavior_sequence
14911,22653,3.087933,multi_behavior_sequence
14916,22423,4.383497,multi_behavior_sequence
14916,23355,4.036122,multi_behavior_sequence
14916,23503,4.009921,multi_behavior_sequence
14916,22112,4.002467,multi_behavior_sequence
14916,20718,3.486551,multi_behavior_sequence
14916,22382,3.27334,multi_behavior_sequence
14916,22979,3.245566,multi_behavior_sequence
14916,22865,3.225034,multi_behavior_sequence
14916,23243,3.217073,multi_behavior_sequence
14916,23171,3.187746,multi_behavior_sequence
14920,22384,3.07393,multi_behavior_sequence
14920,82494L,2.723019,multi_behavior_sequence
14920,22294,2.660925,multi_behavior_sequence
14920,22692,2.636675,multi_behavior_sequence
14920,23322,2.524086,multi_behavior_sequence
14920,22469,2.450037,multi_behavior_sequence
14920,23243,2.430631,multi_behavior_sequence
14920,23302,2.408628,multi_behavior_sequence
14920,21166,2.394206,multi_behavior_sequence
14920,22114,2.3933,multi_behavior_sequence
14922,23322,2.693226,multi_behavior_sequence
14922,22139,2.532771,multi_behavior_sequence
14922,21314,2.265976,multi_behavior_sequence
14922,22694,2.236102,multi_behavior_sequence
14922,23321,2.006825,multi_behavior_sequence
14922,23403,1.937819,multi_behavior_sequence
14922,22382,1.856706,multi_behavior_sequence
14922,15039,1.821813,multi_behavior_sequence
14922,23094,1.806646,multi_behavior_sequence
14922,22625,1.758333,multi_behavior_sequence
14944,23355,4.920093,multi_behavior_sequence
14944,22423,4.635684,multi_behavior_sequence
14944,20724,4.558895,multi_behavior_sequence
14944,22720,4.487706,multi_behavior_sequence
14944,20718,4.211004,multi_behavior_sequence
14944,22624,3.758113,multi_behavior_sequence
14944,23206,3.738843,multi_behavior_sequence
14944,22382,3.578757,multi_behavior_sequence
14944,23243,3.553396,multi_behavior_sequence
14944,23247,3.526606,multi_behavior_sequence
14952,23300,2.711665,multi_behavior_sequence
14952,23321,2.537072,multi_behavior_sequence
14952,85123A,2.524321,multi_behavior_sequence
14952,22139,2.296816,multi_behavior_sequence
14952,21914,2.296782,multi_behavior_sequence
14952,23406,2.253041,multi_behavior_sequence
14952,23301,2.159525,multi_behavior_sequence
14952,23302,2.065592,multi_behavior_sequence
14952,22138,1.986106,multi_behavior_sequence
14952,23322,1.978693,multi_behavior_sequence
14955,47566,1.331019,multi_behavior_sequence
14955,22423,1.328635,multi_behavior_sequence
14955,22138,1.211584,multi_behavior_sequence
14955,22139,1.202592,multi_behavior_sequence
14955,22469,1.182498,multi_behavior_sequence
14955,22178,1.117429,multi_behavior_sequence
14955,23328,1.105793,multi_behavior_sequence
14955,23243,1.092851,multi_behavior_sequence
14955,23322,1.061971,multi_behavior_sequence
14955,21899,1.044404,multi_behavior_sequence
14971,23489,5.78421,multi_behavior_sequence
14971,22727,4.441288,multi_behavior_sequence
14971,23100,4.178193,multi_behavior_sequence
14971,23318,4.147546,multi_behavior_sequence
14971,23080,4.081419,multi_behavior_sequence
14971,23505,4.025523,multi_behavior_sequence
14971,23319,4.002072,multi_behavior_sequence
14971,23041,3.931961,multi_behavior_sequence
14971,22697,3.82206,multi_behavior_sequence
14971,23581,3.804345,multi_behavior_sequence
14984,22627,4.243709,multi_behavior_sequence
14984,22624,4.053362,multi_behavior_sequence
14984,22720,3.607192,multi_behavior_sequence
14984,23202,3.555092,multi_behavior_sequence
14984,22383,3.390978,multi_behavior_sequence
14984,22728,3.371388,multi_behavior_sequence
14984,23426,3.30373,multi_behavior_sequence
14984,85099B,3.243494,multi_behavior_sequence
14984,22726,3.242911,multi_behavior_sequence
14984,22193,3.208629,multi_behavior_sequence
14987,84945,0.944688,multi_behavior_sequence
14987,22423,0.884928,multi_behavior_sequence
14987,22720,0.854447,multi_behavior_sequence
14987,23321,0.811248,multi_behavior_sequence
14987,84836,0.794902,multi_behavior_sequence
14987,22469,0.792222,multi_behavior_sequence
14987,POST,0.78917,multi_behavior_sequence
14987,22470,0.787522,multi_behavior_sequence
14987,22961,0.762995,multi_behavior_sequence
14987,23243,0.753678,multi_behavior_sequence
14989,22469,1.594572,multi_behavior_sequence
14989,23284,1.594115,multi_behavior_sequence
14989,22961,1.495314,multi_behavior_sequence
14989,22178,1.484113,multi_behavior_sequence
14989,84347,1.462104,multi_behavior_sequence
14989,47566,1.450883,multi_behavior_sequence
14989,22666,1.344316,multi_behavior_sequence
14989,23470,1.322612,multi_behavior_sequence
14989,22138,1.29171,multi_behavior_sequence
14989,48194,1.276944,multi_behavior_sequence
14997,21166,3.512514,multi_behavior_sequence
14997,23100,3.471525,multi_behavior_sequence
14997,22966,3.450512,multi_behavior_sequence
14997,23108,3.283071,multi_behavior_sequence
14997,22082,3.264199,multi_behavior_sequence
14997,22113,3.242776,multi_behavior_sequence
14997,22992,3.185977,multi_behavior_sequence
14997,23080,3.045875,multi_behavior_sequence
14997,21179,2.937558,multi_behavior_sequence
14997,85014A,2.930223,multi_behavior_sequence
15005,23426,3.919151,multi_behavior_sequence
15005,23355,3.882256,multi_behavior_sequence
15005,23199,3.876249,multi_behavior_sequence
15005,22457,3.766071,multi_behavior_sequence
15005,85099B,3.736774,multi_behavior_sequence
15005,23202,3.686693,multi_behavior_sequence
15005,20728,3.404326,multi_behavior_sequence
15005,84029G,3.391758,multi_behavior_sequence
15005,23271,3.381967,multi_behavior_sequence
15005,21070,3.33843,multi_behavior_sequence
15032,23199,3.359781,multi_behavior_sequence
15032,23202,3.028185,multi_behavior_sequence
15032,82582,2.752432,multi_behavior_sequence
15032,22818,2.749221,multi_behavior_sequence
15032,85152,2.723737,multi_behavior_sequence
15032,23203,2.654825,multi_behavior_sequence
15032,84945,2.633344,multi_behavior_sequence
15032,23200,2.563383,multi_behavior_sequence
15032,21174,2.463332,multi_behavior_sequence
15032,82484,2.428409,multi_behavior_sequence
15033,22469,4.341999,multi_behavior_sequence
15033,20727,4.331252,multi_behavior_sequence
15033,23209,4.199074,multi_behavior_sequence
15033,20724,4.144423,multi_behavior_sequence
15033,20728,4.018382,multi_behavior_sequence
15033,23322,3.9589,multi_behavior_sequence
15033,22112,3.865549,multi_behavior_sequence
15033,20723,3.766476,multi_behavior_sequence
15033,23355,3.752122,multi_behavior_sequence
15033,22720,3.611909,multi_behavior_sequence
15039,84510A,1.895178,multi_behavior_sequence
15039,22294,1.890636,multi_behavior_sequence
15039,22469,1.862468,multi_behavior_sequence
15039,22027,1.7974,multi_behavior_sequence
15039,84459A,1.769238,multi_behavior_sequence
15039,20719,1.691825,multi_behavior_sequence
15039,22533,1.645879,multi_behavior_sequence
15039,22694,1.613829,multi_behavior_sequence
15039,22083,1.606489,multi_behavior_sequence
15039,22722,1.597617,multi_behavior_sequence
15051,23322,1.903726,multi_behavior_sequence
15051,23321,1.642477,multi_behavior_sequence
15051,22457,1.580262,multi_behavior_sequence
15051,85123A,1.498651,multi_behavior_sequence
15051,21314,1.490135,multi_behavior_sequence
15051,22952,1.440383,multi_behavior_sequence
15051,22470,1.356604,multi_behavior_sequence
15051,22791,1.329052,multi_behavior_sequence
15051,22487,1.32244,multi_behavior_sequence
15051,23323,1.311814,multi_behavior_sequence
15058,84347,5.611203,multi_behavior_sequence
15058,22865,5.133398,multi_behavior_sequence
15058,20971,5.014199,multi_behavior_sequence
15058,22983,4.532718,multi_behavior_sequence
15058,22904,4.443375,multi_behavior_sequence
15058,22727,4.399518,multi_behavior_sequence
15058,22633,4.344694,multi_behavior_sequence
15058,23274,4.289196,multi_behavior_sequence
15058,22866,4.219053,multi_behavior_sequence
15058,84378,4.014675,multi_behavior_sequence
15061,85123A,2.592315,multi_behavior_sequence
15061,20974,2.452254,multi_behavior_sequence
15061,23146,2.391049,multi_behavior_sequence
15061,48138,2.342593,multi_behavior_sequence
15061,23321,2.293051,multi_behavior_sequence
15061,21533,2.210805,multi_behavior_sequence
15061,23350,2.174427,multi_behavior_sequence
15061,20726,2.133629,multi_behavior_sequence
15061,22815,2.123829,multi_behavior_sequence
15061,22326,2.02522,multi_behavior_sequence
15073,22423,2.351093,multi_behavior_sequence
15073,47566,2.246688,multi_behavior_sequence
15073,84879,1.9631,multi_behavior_sequence
15073,82482,1.959823,multi_behavior_sequence
15073,22112,1.915082,multi_behavior_sequence
15073,20727,1.902359,multi_behavior_sequence
15073,23355,1.860037,multi_behavior_sequence
15073,22469,1.856165,multi_behavior_sequence
15073,23322,1.852387,multi_behavior_sequence
15073,20724,1.809948,multi_behavior_sequence
15091,22139,1.521122,multi_behavior_sequence
15091,22197,1.483249,multi_behavior_sequence
15091,85099B,1.45579,multi_behavior_sequence
15091,23344,1.358787,multi_behavior_sequence
15091,84029G,1.315954,multi_behavior_sequence
15091,82482,1.307106,multi_behavior_sequence
15091,22865,1.261014,multi_behavior_sequence
15091,84946,1.258274,multi_behavior_sequence
15091,22382,1.24245,multi_behavior_sequence
15091,22457,1.233232,multi_behavior_sequence
15097,20974,1.196141,multi_behavior_sequence
15097,23094,1.114408,multi_behavior_sequence
15097,22771,1.084173,multi_behavior_sequence
15097,22749,1.082615,multi_behavior_sequence
15097,85099F,1.06243,multi_behavior_sequence
15097,23321,1.012483,multi_behavior_sequence
15097,22622,1.005021,multi_behavior_sequence
15097,84997C,1.002145,multi_behavior_sequence
15097,21682,0.970178,multi_behavior_sequence
15097,22772,0.95807,multi_behavior_sequence
15100,21137,2.613851,multi_behavior_sequence
15100,23191,2.480178,multi_behavior_sequence
15100,84510A,2.330331,multi_behavior_sequence
15100,22382,2.22431,multi_behavior_sequence
15100,47566,2.163486,multi_behavior_sequence
15100,23207,1.994356,multi_behavior_sequence
15100,23165,1.967284,multi_behavior_sequence
15100,22423,1.947966,multi_behavior_sequence
15100,22730,1.938088,multi_behavior_sequence
15100,82552,1.87346,multi_behavior_sequence
15113,23199,5.841781,multi_behavior_sequence
15113,23355,5.373854,multi_behavior_sequence
15113,22197,5.032039,multi_behavior_sequence
15113,22998,4.723417,multi_behavior_sequence
15113,82582,4.649655,multi_behavior_sequence
15113,85099F,4.579016,multi_behavior_sequence
15113,23005,4.5542,multi_behavior_sequence
15113,22114,4.516821,multi_behavior_sequence
15113,22964,4.506882,multi_behavior_sequence
15113,84380,4.476687,multi_behavior_sequence
15116,23329,3.714147,multi_behavior_sequence
15116,23489,3.252048,multi_behavior_sequence
15116,22114,3.11725,multi_behavior_sequence
15116,22950,3.029904,multi_behavior_sequence
15116,23330,2.999788,multi_behavior_sequence
15116,23505,2.962836,multi_behavior_sequence
15116,23331,2.962529,multi_behavior_sequence
15116,85066,2.694092,multi_behavior_sequence
15116,47566,2.622907,multi_behavior_sequence
15116,21326,2.617837,multi_behavior_sequence
15122,22469,2.607021,multi_behavior_sequence
15122,22139,2.601104,multi_behavior_sequence
15122,22138,2.523268,multi_behavior_sequence
15122,23200,2.358541,multi_behavior_sequence
15122,85099C,2.354008,multi_behavior_sequence
15122,23322,2.323379,multi_behavior_sequence
15122,21928,2.176915,multi_behavior_sequence
15122,23301,2.097072,multi_behavior_sequence
15122,21900,2.017858,multi_behavior_sequence
15122,20728,2.015123,multi_behavior_sequence
15129,22835,2.711324,multi_behavior_sequence
15129,21733,2.476258,multi_behavior_sequence
15129,21181,2.39914,multi_behavior_sequence
15129,22469,2.350095,multi_behavior_sequence
15129,23355,2.344754,multi_behavior_sequence
15129,22382,2.282773,multi_behavior_sequence
15129,22804,2.24194,multi_behavior_sequence
15129,85099B,2.211651,multi_behavior_sequence
15129,20728,2.166966,multi_behavior_sequence
15129,22662,2.147818,multi_behavior_sequence
15144,23100,3.025046,multi_behavior_sequence
15144,23503,2.881995,multi_behavior_sequence
15144,21790,2.647549,multi_behavior_sequence
15144,21034,2.519904,multi_behavior_sequence
15144,21559,2.495753,multi_behavior_sequence
15144,23329,2.366224,multi_behavior_sequence
15144,23101,2.324849,multi_behavior_sequence
15144,22900,2.310465,multi_behavior_sequence
15144,23505,2.301542,multi_behavior_sequence
15144,23198,2.243842,multi_behavior_sequence
15149,84945,1.837405,multi_behavior_sequence
15149,85099B,1.686619,multi_behavior_sequence
15149,85099F,1.420058,multi_behavior_sequence
15149,22139,1.414544,multi_behavior_sequence
15149,23199,1.40528,multi_behavior_sequence
15149,85123A,1.368248,multi_behavior_sequence
15149,23321,1.317732,multi_behavior_sequence
15149,23215,1.30523,multi_behavior_sequence
15149,21931,1.25989,multi_behavior_sequence
15149,84836,1.245861,multi_behavior_sequence
15173,22469,3.286571,multi_behavior_sequence
15173,22720,2.986224,multi_behavior_sequence
15173,84947,2.594041,multi_behavior_sequence
15173,22983,2.568006,multi_behavior_sequence
15173,22382,2.462983,multi_behavior_sequence
15173,20718,2.335236,multi_behavior_sequence
15173,22423,2.334361,multi_behavior_sequence
15173,22178,2.314003,multi_behavior_sequence
15173,22457,2.289251,multi_behavior_sequence
15173,23247,2.255188,multi_behavior_sequence
15179,85123A,2.835213,multi_behavior_sequence
15179,22382,2.262028,multi_behavior_sequence
15179,23570,2.191417,multi_behavior_sequence
15179,22617,2.155715,multi_behavior_sequence
15179,23321,2.073655,multi_behavior_sequence
15179,23322,2.069561,multi_behavior_sequence
15179,21790,2.069257,multi_behavior_sequence
15179,22992,1.966787,multi_behavior_sequence
15179,22112,1.955579,multi_behavior_sequence
15179,23300,1.86207,multi_behavior_sequence
15189,22470,3.465525,multi_behavior_sequence
15189,22910,3.352778,multi_behavior_sequence
15189,22989,3.110615,multi_behavior_sequence
15189,22086,2.958879,multi_behavior_sequence
15189,23330,2.957705,multi_behavior_sequence
15189,23293,2.944312,multi_behavior_sequence
15189,22722,2.886417,multi_behavior_sequence
15189,23331,2.883,multi_behavior_sequence
15189,22720,2.844618,multi_behavior_sequence
15189,21974,2.842539,multi_behavior_sequence
15194,22469,3.650278,multi_behavior_sequence
15194,20724,3.384027,multi_behavior_sequence
15194,22382,3.364134,multi_behavior_sequence
15194,20725,3.259928,multi_behavior_sequence
15194,23209,3.250852,multi_behavior_sequence
15194,22139,3.200826,multi_behavior_sequence
15194,20723,2.892799,multi_behavior_sequence
15194,22720,2.837419,multi_behavior_sequence
15194,23293,2.828985,multi_behavior_sequence
15194,22141,2.801448,multi_behavior_sequence
15202,84945,2.665426,multi_behavior_sequence
15202,85099B,2.604042,multi_behavior_sequence
15202,85099F,2.137104,multi_behavior_sequence
15202,22662,2.075939,multi_behavior_sequence
15202,23199,2.069155,multi_behavior_sequence
15202,23483,1.984179,multi_behavior_sequence
15202,22112,1.930355,multi_behavior_sequence
15202,23321,1.911812,multi_behavior_sequence
15202,22383,1.901915,multi_behavior_sequence
15202,82578,1.849326,multi_behavior_sequence
15203,20727,3.689097,multi_behavior_sequence
15203,22382,3.471465,multi_behavior_sequence
15203,23206,3.40089,multi_behavior_sequence
15203,22423,3.370784,multi_behavior_sequence
15203,22469,3.282021,multi_behavior_sequence
15203,23207,3.227829,multi_behavior_sequence
15203,22662,3.18923,multi_behavior_sequence
15203,23199,3.170864,multi_behavior_sequence
15203,85099B,3.093339,multi_behavior_sequence
15203,23200,2.997426,multi_behavior_sequence
15206,22629,3.240664,multi_behavior_sequence
15206,23240,3.089891,multi_behavior_sequence
15206,22086,3.054156,multi_behavior_sequence
15206,23236,2.951557,multi_behavior_sequence
15206,23382,2.908172,multi_behavior_sequence
15206,22423,2.882999,multi_behavior_sequence
15206,22632,2.864281,multi_behavior_sequence
15206,23489,2.760575,multi_behavior_sequence
15206,23371,2.729212,multi_behavior_sequence
15206,22551,2.716371,multi_behavior_sequence
15227,22720,4.412033,multi_behavior_sequence
15227,23293,3.615444,multi_behavior_sequence
15227,23247,3.493413,multi_behavior_sequence
15227,23243,3.233111,multi_behavior_sequence
15227,22577,3.19637,multi_behavior_sequence
15227,22578,3.102799,multi_behavior_sequence
15227,22993,3.09357,multi_behavior_sequence
15227,23439,3.059805,multi_behavior_sequence
15227,22865,2.99192,multi_behavior_sequence
15227,22960,2.958566,multi_behavior_sequence
15235,23439,3.984528,multi_behavior_sequence
15235,22138,3.792569,multi_behavior_sequence
15235,23344,3.69824,multi_behavior_sequence
15235,22720,3.520481,multi_behavior_sequence
15235,23084,3.518771,multi_behavior_sequence
15235,23247,3.464164,multi_behavior_sequence
15235,22727,3.433566,multi_behavior_sequence
15235,22866,3.377152,multi_behavior_sequence
15235,23581,3.187664,multi_behavior_sequence
15235,22197,3.155707,multi_behavior_sequence
15237,20723,3.216156,multi_behavior_sequence
15237,22141,3.175189,multi_behavior_sequence
15237,23322,3.0446,multi_behavior_sequence
15237,23198,3.036404,multi_behavior_sequence
15237,22979,3.036028,multi_behavior_sequence
15237,23301,2.961553,multi_behavior_sequence
15237,23343,2.958013,multi_behavior_sequence
15237,22720,2.954389,multi_behavior_sequence
15237,21790,2.946996,multi_behavior_sequence
15237,23360,2.898524,multi_behavior_sequence
15241,22993,2.902005,multi_behavior_sequence
15241,23101,2.696012,multi_behavior_sequence
15241,85178,2.680759,multi_behavior_sequence
15241,22690,2.425968,multi_behavior_sequence
15241,23498,2.276106,multi_behavior_sequence
15241,21109,2.257449,multi_behavior_sequence
15241,23497,2.251037,multi_behavior_sequence
15241,22199,2.23622,multi_behavior_sequence
15241,22196,2.215575,multi_behavior_sequence
15241,22496,2.198549,multi_behavior_sequence
15251,23322,1.807268,multi_behavior_sequence
15251,22470,1.443928,multi_behavior_sequence
15251,47566,1.326728,multi_behavior_sequence
15251,22722,1.318266,multi_behavior_sequence
15251,22423,1.3171,multi_behavior_sequence
15251,23321,1.223305,multi_behavior_sequence
15251,72802B,1.167161,multi_behavior_sequence
15251,84978,1.159384,multi_behavior_sequence
15251,22625,1.15104,multi_behavior_sequence
15251,22907,1.145613,multi_behavior_sequence
15255,22470,0.858804,multi_behavior_sequence
15255,21166,0.757516,multi_behavior_sequence
15255,POST,0.752554,multi_behavior_sequence
15255,84836,0.751589,multi_behavior_sequence
15255,85123A,0.733883,multi_behavior_sequence
15255,23284,0.731273,multi_behavior_sequence
15255,23321,0.719678,multi_behavior_sequence
15255,22294,0.717732,multi_behavior_sequence
15255,22224,0.695425,multi_behavior_sequence
15255,23503,0.689848,multi_behavior_sequence
15270,22139,1.235133,multi_behavior_sequence
15270,15039,1.130539,multi_behavior_sequence
15270,22294,1.061729,multi_behavior_sequence
15270,M,1.054107,multi_behavior_sequence
15270,21843,1.020409,multi_behavior_sequence
15270,85099F,0.983019,multi_behavior_sequence
15270,22138,0.957152,multi_behavior_sequence
15270,23103,0.953916,multi_behavior_sequence
15270,23420,0.942716,multi_behavior_sequence
15270,23094,0.929756,multi_behavior_sequence
15290,21790,3.056371,multi_behavior_sequence
15290,22492,2.695205,multi_behavior_sequence
15290,21791,2.687912,multi_behavior_sequence
15290,23254,2.685322,multi_behavior_sequence
15290,85123A,2.5066,multi_behavior_sequence
15290,84879,2.385572,multi_behavior_sequence
15290,22139,2.372026,multi_behavior_sequence
15290,22138,2.370473,multi_behavior_sequence
15290,21915,2.339355,multi_behavior_sequence
15290,22466,2.334537,multi_behavior_sequence
15296,22720,4.715609,multi_behavior_sequence
15296,23247,4.103763,multi_behavior_sequence
15296,23293,3.655159,multi_behavior_sequence
15296,22961,3.333777,multi_behavior_sequence
15296,84029E,3.291642,multi_behavior_sequence
15296,22838,3.228055,multi_behavior_sequence
15296,20718,3.226179,multi_behavior_sequence
15296,20724,3.137456,multi_behavior_sequence
15296,22086,3.121028,multi_behavior_sequence
15296,23439,2.991512,multi_behavior_sequence
15301,22993,2.978296,multi_behavior_sequence
15301,22727,2.912335,multi_behavior_sequence
15301,22469,2.708534,multi_behavior_sequence
15301,22726,2.646498,multi_behavior_sequence
15301,22728,2.552047,multi_behavior_sequence
15301,22457,2.478965,multi_behavior_sequence
15301,22720,2.472925,multi_behavior_sequence
15301,84946,2.410779,multi_behavior_sequence
15301,84947,2.352547,multi_behavior_sequence
15301,22969,2.335965,multi_behavior_sequence
15303,22139,3.047255,multi_behavior_sequence
15303,22138,2.591556,multi_behavior_sequence
15303,22989,2.523131,multi_behavior_sequence
15303,23356,2.466165,multi_behavior_sequence
15303,23293,2.357084,multi_behavior_sequence
15303,22720,2.32947,multi_behavior_sequence
15303,23247,2.298684,multi_behavior_sequence
15303,82494L,2.156384,multi_behavior_sequence
15303,22086,2.152715,multi_behavior_sequence
15303,22457,2.046633,multi_behavior_sequence
15311,23192,4.573961,multi_behavior_sequence
15311,22382,4.194114,multi_behavior_sequence
15311,21497,4.068053,multi_behavior_sequence
15311,20914,3.798721,multi_behavior_sequence
15311,22781,3.752202,multi_behavior_sequence
15311,85150,3.731048,multi_behavior_sequence
15311,23203,3.557773,multi_behavior_sequence
15311,22178,3.486946,multi_behavior_sequence
15311,21931,3.395738,multi_behavior_sequence
15311,20970,3.387329,multi_behavior_sequence
15321,22138,2.327111,multi_behavior_sequence
15321,22139,2.094565,multi_behavior_sequence
15321,22423,2.082211,multi_behavior_sequence
15321,21791,2.049254,multi_behavior_sequence
15321,21985,1.956653,multi_behavior_sequence
15321,23208,1.952311,multi_behavior_sequence
15321,23094,1.949189,multi_behavior_sequence
15321,84945,1.912739,multi_behavior_sequence
15321,22867,1.830129,multi_behavior_sequence
15321,23103,1.771446,multi_behavior_sequence
15351,48188,2.314209,multi_behavior_sequence
15351,22112,2.279779,multi_behavior_sequence
15351,22556,1.982064,multi_behavior_sequence
15351,23500,1.874962,multi_behavior_sequence
15351,23236,1.852652,multi_behavior_sequence
15351,23196,1.810562,multi_behavior_sequence
15351,22624,1.808905,multi_behavior_sequence
15351,23103,1.79476,multi_behavior_sequence
15351,84997C,1.778111,multi_behavior_sequence
15351,22865,1.77521,multi_behavior_sequence
15356,23355,6.512064,multi_behavior_sequence
15356,22469,5.447963,multi_behavior_sequence
15356,23301,5.097863,multi_behavior_sequence
15356,23439,5.085281,multi_behavior_sequence
15356,21770,4.934134,multi_behavior_sequence
15356,23247,4.853969,multi_behavior_sequence
15356,21928,4.850738,multi_behavior_sequence
15356,23271,4.817264,multi_behavior_sequence
15356,23344,4.702843,multi_behavior_sequence
15356,82582,4.590493,multi_behavior_sequence
15358,22622,2.097466,multi_behavior_sequence
15358,23382,1.924796,multi_behavior_sequence
15358,20726,1.917327,multi_behavior_sequence
15358,23170,1.862363,multi_behavior_sequence
15358,23201,1.800429,multi_behavior_sequence
15358,23569,1.789335,multi_behavior_sequence
15358,22536,1.7769,multi_behavior_sequence
15358,23480,1.753622,multi_behavior_sequence
15358,71477,1.734063,multi_behavior_sequence
15358,23372,1.726515,multi_behavior_sequence
15389,21907,2.096145,multi_behavior_sequence
15389,23470,1.905541,multi_behavior_sequence
15389,23469,1.887784,multi_behavior_sequence
15389,84836,1.88249,multi_behavior_sequence
15389,23130,1.85217,multi_behavior_sequence
15389,85152,1.786467,multi_behavior_sequence
15389,22427,1.770714,multi_behavior_sequence
15389,85062,1.743127,multi_behavior_sequence
15389,23205,1.688008,multi_behavior_sequence
15389,21166,1.613857,multi_behavior_sequence
15394,85123A,3.671789,multi_behavior_sequence
15394,23355,3.361078,multi_behavior_sequence
15394,22139,3.35448,multi_behavior_sequence
15394,22998,3.28335,multi_behavior_sequence
15394,23199,3.254217,multi_behavior_sequence
15394,22726,3.234255,multi_behavior_sequence
15394,23298,3.231792,multi_behavior_sequence
15394,22941,3.200928,multi_behavior_sequence
15394,21931,3.149587,multi_behavior_sequence
15394,23322,3.125357,multi_behavior_sequence
15410,23503,2.591067,multi_behavior_sequence
15410,22585,2.334945,multi_behavior_sequence
15410,22352,1.964273,multi_behavior_sequence
15410,23355,1.944489,multi_behavior_sequence
15410,23207,1.874016,multi_behavior_sequence
15410,21558,1.843536,multi_behavior_sequence
15410,85123A,1.807529,multi_behavior_sequence
15410,23438,1.806023,multi_behavior_sequence
15410,22371,1.80243,multi_behavior_sequence
15410,16014,1.773098,multi_behavior_sequence
15413,22469,0.931494,multi_behavior_sequence
15413,22139,0.883634,multi_behavior_sequence
15413,22423,0.875984,multi_behavior_sequence
15413,22086,0.87345,multi_behavior_sequence
15413,22470,0.855031,multi_behavior_sequence
15413,85099B,0.847412,multi_behavior_sequence
15413,22666,0.829815,multi_behavior_sequence
15413,22910,0.809001,multi_behavior_sequence
15413,22720,0.807545,multi_behavior_sequence
15413,23355,0.803447,multi_behavior_sequence
15421,21931,2.542682,multi_behavior_sequence
15421,21174,2.4404,multi_behavior_sequence
15421,84945,2.377407,multi_behavior_sequence
15421,85099C,2.253154,multi_behavior_sequence
15421,23215,2.175871,multi_behavior_sequence
15421,23202,2.170092,multi_behavior_sequence
15421,22386,1.910346,multi_behavior_sequence
15421,23203,1.905308,multi_behavior_sequence
15421,21928,1.87807,multi_behavior_sequence
15421,20685,1.783358,multi_behavior_sequence
15429,23301,5.112183,multi_behavior_sequence
15429,23084,4.678267,multi_behavior_sequence
15429,21791,4.416121,multi_behavior_sequence
15429,22866,4.099618,multi_behavior_sequence
15429,22865,4.074726,multi_behavior_sequence
15429,23300,4.002304,multi_behavior_sequence
15429,23100,3.995626,multi_behavior_sequence
15429,22621,3.986161,multi_behavior_sequence
15429,22633,3.909997,multi_behavior_sequence
15429,22551,3.900656,multi_behavior_sequence
15443,22720,5.601515,multi_behavior_sequence
15443,23247,5.416014,multi_behavior_sequence
15443,22197,5.249269,multi_behavior_sequence
15443,23298,5.153854,multi_behavior_sequence
15443,22457,5.029188,multi_behavior_sequence
15443,23439,4.624749,multi_behavior_sequence
15443,22111,4.547563,multi_behavior_sequence
15443,23581,4.256618,multi_behavior_sequence
15443,22952,4.181995,multi_behavior_sequence
15443,22411,4.064391,multi_behavior_sequence
15448,22139,3.469497,multi_behavior_sequence
15448,21034,2.798113,multi_behavior_sequence
15448,22457,2.573496,multi_behavior_sequence
15448,22138,2.553279,multi_behavior_sequence
15448,22178,2.533985,multi_behavior_sequence
15448,21928,2.439486,multi_behavior_sequence
15448,84347,2.407837,multi_behavior_sequence
15448,85150,2.353095,multi_behavior_sequence
15448,23203,2.278259,multi_behavior_sequence
15448,22749,2.257935,multi_behavior_sequence
15451,21833,2.571163,multi_behavior_sequence
15451,22624,2.234296,multi_behavior_sequence
15451,20866,2.222257,multi_behavior_sequence
15451,22775,2.136245,multi_behavior_sequence
15451,20727,2.113127,multi_behavior_sequence
15451,20981,2.099054,multi_behavior_sequence
15451,22112,2.078928,multi_behavior_sequence
15451,23551,2.067443,multi_behavior_sequence
15451,22279,2.065429,multi_behavior_sequence
15451,22749,2.048563,multi_behavior_sequence
15478,23199,4.026385,multi_behavior_sequence
15478,85152,3.922504,multi_behavior_sequence
15478,85099F,3.80987,multi_behavior_sequence
15478,20974,3.756881,multi_behavior_sequence
15478,22469,3.709181,multi_behavior_sequence
15478,20728,3.658654,multi_behavior_sequence
15478,22139,3.6268,multi_behavior_sequence
15478,22630,3.547954,multi_behavior_sequence
15478,23206,3.518021,multi_behavior_sequence
15478,22423,3.469162,multi_behavior_sequence
15481,23504,2.796617,multi_behavior_sequence
15481,23328,2.61621,multi_behavior_sequence
15481,21907,2.575663,multi_behavior_sequence
15481,23301,2.546719,multi_behavior_sequence
15481,21166,2.534625,multi_behavior_sequence
15481,82552,2.513161,multi_behavior_sequence
15481,23100,2.487757,multi_behavior_sequence
15481,21080,2.484798,multi_behavior_sequence
15481,22113,2.431548,multi_behavior_sequence
15481,22727,2.277531,multi_behavior_sequence
15498,23355,4.561942,multi_behavior_sequence
15498,23503,3.581706,multi_behavior_sequence
15498,23201,3.547917,multi_behavior_sequence
15498,22865,3.523853,multi_behavior_sequence
15498,23344,3.463449,multi_behavior_sequence
15498,22197,3.411372,multi_behavior_sequence
15498,23202,3.409228,multi_behavior_sequence
15498,23103,3.403789,multi_behavior_sequence
15498,22382,3.346487,multi_behavior_sequence
15498,23206,3.335278,multi_behavior_sequence
15507,22469,4.030288,multi_behavior_sequence
15507,23355,3.777656,multi_behavior_sequence
15507,22178,3.733031,multi_behavior_sequence
15507,23207,3.488535,multi_behavior_sequence
15507,82482,3.360086,multi_behavior_sequence
15507,82578,3.281987,multi_behavior_sequence
15507,85099C,3.20901,multi_behavior_sequence
15507,23191,3.099854,multi_behavior_sequence
15507,23199,3.068084,multi_behavior_sequence
15507,22382,3.044879,multi_behavior_sequence
15508,22112,3.495111,multi_behavior_sequence
15508,22993,3.030103,multi_behavior_sequence
15508,23103,3.00305,multi_behavior_sequence
15508,22720,2.911,multi_behavior_sequence
15508,22624,2.909292,multi_behavior_sequence
15508,22423,2.860775,multi_behavior_sequence
15508,22960,2.782662,multi_behavior_sequence
15508,22469,2.705041,multi_behavior_sequence
15508,21903,2.672226,multi_behavior_sequence
15508,23355,2.646066,multi_behavior_sequence
15514,20726,2.67762,multi_behavior_sequence
15514,84380,2.627189,multi_behavior_sequence
15514,23329,2.589554,multi_behavior_sequence
15514,22910,2.572678,multi_behavior_sequence
15514,22964,2.521903,multi_behavior_sequence
15514,22966,2.397048,multi_behavior_sequence
15514,22629,2.328813,multi_behavior_sequence
15514,23236,2.300693,multi_behavior_sequence
15514,21034,2.293399,multi_behavior_sequence
15514,22622,2.279559,multi_behavior_sequence
15527,23194,1.463267,multi_behavior_sequence
15527,22309,1.374681,multi_behavior_sequence
15527,23501,1.335906,multi_behavior_sequence
15527,16219,1.280673,multi_behavior_sequence
15527,23080,1.26005,multi_behavior_sequence
15527,84818,1.248137,multi_behavior_sequence
15527,23583,1.246556,multi_behavior_sequence
15527,85026B,1.234134,multi_behavior_sequence
15527,85111,1.199266,multi_behavior_sequence
15527,22165,1.158389,multi_behavior_sequence
15529,22382,3.143863,multi_behavior_sequence
15529,22633,3.114846,multi_behavior_sequence
15529,22726,3.052413,multi_behavior_sequence
15529,23355,2.95769,multi_behavior_sequence
15529,22728,2.926245,multi_behavior_sequence
15529,22457,2.9019,multi_behavior_sequence
15529,22966,2.790926,multi_behavior_sequence
15529,23100,2.555879,multi_behavior_sequence
15529,82494L,2.526196,multi_behavior_sequence
15529,22964,2.47704,multi_behavior_sequence
15533,21034,3.965984,multi_behavior_sequence
15533,22423,3.646133,multi_behavior_sequence
15533,23293,3.201376,multi_behavior_sequence
15533,22866,3.191456,multi_behavior_sequence
15533,22910,3.181395,multi_behavior_sequence
15533,22727,2.964278,multi_behavior_sequence
15533,22993,2.918393,multi_behavior_sequence
15533,35970,2.758103,multi_behavior_sequence
15533,20723,2.733008,multi_behavior_sequence
15533,23426,2.70144,multi_behavior_sequence
15542,22139,2.096908,multi_behavior_sequence
15542,22568,2.034585,multi_behavior_sequence
15542,22138,1.869824,multi_behavior_sequence
15542,20726,1.848367,multi_behavior_sequence
15542,85099C,1.798097,multi_behavior_sequence
15542,22585,1.733445,multi_behavior_sequence
15542,22622,1.687042,multi_behavior_sequence
15542,23480,1.562831,multi_behavior_sequence
15542,22326,1.54252,multi_behavior_sequence
15542,21591,1.528988,multi_behavior_sequence
15547,21166,2.457812,multi_behavior_sequence
15547,22059,2.015699,multi_behavior_sequence
15547,22951,1.936682,multi_behavior_sequence
15547,23346,1.931461,multi_behavior_sequence
15547,23076,1.911436,multi_behavior_sequence
15547,POST,1.874825,multi_behavior_sequence
15547,22062,1.864429,multi_behavior_sequence
15547,22113,1.857574,multi_behavior_sequence
15547,85049A,1.828857,multi_behavior_sequence
15547,21819,1.812696,multi_behavior_sequence
15554,23108,3.534777,multi_behavior_sequence
15554,23080,3.14134,multi_behavior_sequence
15554,22492,3.028988,multi_behavior_sequence
15554,22466,3.011123,multi_behavior_sequence
15554,22629,2.975418,multi_behavior_sequence
15554,23382,2.967357,multi_behavior_sequence
15554,23256,2.923029,multi_behavior_sequence
15554,22554,2.889194,multi_behavior_sequence
15554,21731,2.841849,multi_behavior_sequence
15554,23319,2.77299,multi_behavior_sequence
15555,22161,3.809505,multi_behavior_sequence
15555,20914,3.267009,multi_behavior_sequence
15555,21666,3.248777,multi_behavior_sequence
15555,22295,3.050801,multi_behavior_sequence
15555,23404,2.988151,multi_behavior_sequence
15555,23176,2.980945,multi_behavior_sequence
15555,21922,2.980413,multi_behavior_sequence
15555,22296,2.976387,multi_behavior_sequence
15555,22178,2.947036,multi_behavior_sequence
15555,21524,2.924105,multi_behavior_sequence
15556,23489,4.508153,multi_behavior_sequence
15556,21034,3.435446,multi_behavior_sequence
15556,23451,3.331622,multi_behavior_sequence
15556,22842,3.086986,multi_behavior_sequence
15556,22579,3.083538,multi_behavior_sequence
15556,22632,3.073062,multi_behavior_sequence
15556,22578,3.041005,multi_behavior_sequence
15556,23493,2.985318,multi_behavior_sequence
15556,22348,2.829782,multi_behavior_sequence
15556,23022,2.785263,multi_behavior_sequence
15561,23489,3.512262,multi_behavior_sequence
15561,23182,3.454602,multi_behavior_sequence
15561,22621,3.272043,multi_behavior_sequence
15561,23301,3.097747,multi_behavior_sequence
15561,21914,3.059779,multi_behavior_sequence
15561,22942,3.025305,multi_behavior_sequence
15561,23353,2.869941,multi_behavior_sequence
15561,23552,2.807872,multi_behavior_sequence
15561,21588,2.771918,multi_behavior_sequence
15561,22605,2.746093,multi_behavior_sequence
15572,21636,3.587879,multi_behavior_sequence
15572,22842,3.428303,multi_behavior_sequence
15572,22847,3.253122,multi_behavior_sequence
15572,22727,3.226278,multi_behavior_sequence
15572,22846,3.128729,multi_behavior_sequence
15572,23108,3.118969,multi_behavior_sequence
15572,21508,3.102776,multi_behavior_sequence
15572,23328,3.029183,multi_behavior_sequence
15572,23193,2.963044,multi_behavior_sequence
15572,23493,2.898695,multi_behavior_sequence
15579,22114,4.101258,multi_behavior_sequence
15579,23355,4.072697,multi_behavior_sequence
15579,22835,4.043824,multi_behavior_sequence
15579,20724,3.659882,multi_behavior_sequence
15579,22961,3.656613,multi_behavior_sequence
15579,22469,3.53727,multi_behavior_sequence
15579,85099B,3.534503,multi_behavior_sequence
15579,23215,3.534426,multi_behavior_sequence
15579,22960,3.342934,multi_behavior_sequence
15579,20682,3.340921,multi_behavior_sequence
15580,22867,3.720197,multi_behavior_sequence
15580,23439,3.404052,multi_behavior_sequence
15580,22423,3.36821,multi_behavior_sequence
15580,22865,3.186991,multi_behavior_sequence
15580,22720,3.130437,multi_behavior_sequence
15580,22632,2.946994,multi_behavior_sequence
15580,23198,2.910982,multi_behavior_sequence
15580,23209,2.797686,multi_behavior_sequence
15580,20723,2.746454,multi_behavior_sequence
15580,21754,2.579447,multi_behavior_sequence
15581,21166,1.168946,multi_behavior_sequence
15581,22909,0.952793,multi_behavior_sequence
15581,23489,0.885606,multi_behavior_sequence
15581,22692,0.877164,multi_behavior_sequence
15581,84836,0.842556,multi_behavior_sequence
15581,22851,0.825984,multi_behavior_sequence
15581,22952,0.821009,multi_behavior_sequence
15581,23492,0.809882,multi_behavior_sequence
15581,21907,0.802021,multi_behavior_sequence
15581,22424,0.792631,multi_behavior_sequence
15588,22139,1.123526,multi_behavior_sequence
15588,22138,1.12085,multi_behavior_sequence
15588,21749,1.116875,multi_behavior_sequence
15588,22294,1.048124,multi_behavior_sequence
15588,21843,0.981683,multi_behavior_sequence
15588,21207,0.97624,multi_behavior_sequence
15588,POST,0.976003,multi_behavior_sequence
15588,23094,0.939065,multi_behavior_sequence
15588,21791,0.92808,multi_behavior_sequence
15588,21206,0.880793,multi_behavior_sequence
15601,23355,1.516976,multi_behavior_sequence
15601,22469,1.515453,multi_behavior_sequence
15601,22423,1.510801,multi_behavior_sequence
15601,23322,1.456922,multi_behavior_sequence
15601,22382,1.456225,multi_behavior_sequence
15601,47566,1.331088,multi_behavior_sequence
15601,22666,1.236398,multi_behavior_sequence
15601,22139,1.219446,multi_behavior_sequence
15601,22720,1.169747,multi_behavior_sequence
15601,23084,1.169378,multi_behavior_sequence
15607,23456,1.559558,multi_behavior_sequence
15607,23022,1.463613,multi_behavior_sequence
15607,21749,1.460514,multi_behavior_sequence
15607,23422,1.444271,multi_behavior_sequence
15607,22592,1.435641,multi_behavior_sequence
15607,85036C,1.411238,multi_behavior_sequence
15607,23074,1.357097,multi_behavior_sequence
15607,23455,1.346253,multi_behavior_sequence
15607,23433,1.328106,multi_behavior_sequence
15607,22236,1.309513,multi_behavior_sequence
15608,22720,4.793021,multi_behavior_sequence
15608,23247,4.570416,multi_behavior_sequence
15608,22989,3.820354,multi_behavior_sequence
15608,23439,3.582099,multi_behavior_sequence
15608,22138,3.489748,multi_behavior_sequence
15608,23242,3.454335,multi_behavior_sequence
15608,22086,3.422728,multi_behavior_sequence
15608,22632,3.343296,multi_behavior_sequence
15608,22139,3.27497,multi_behavior_sequence
15608,22423,3.237989,multi_behavior_sequence
15611,23334,1.766499,multi_behavior_sequence
15611,22487,1.426061,multi_behavior_sequence
15611,22950,1.40879,multi_behavior_sequence
15611,22465,1.380117,multi_behavior_sequence
15611,23091,1.31012,multi_behavior_sequence
15611,22593,1.261315,multi_behavior_sequence
15611,22784,1.236561,multi_behavior_sequence
15611,84945,1.23072,multi_behavior_sequence
15611,84997C,1.22488,multi_behavior_sequence
15611,22600,1.224574,multi_behavior_sequence
15615,22139,2.815614,multi_behavior_sequence
15615,22469,2.683064,multi_behavior_sequence
15615,84030E,2.283978,multi_behavior_sequence
15615,22138,2.233113,multi_behavior_sequence
15615,21314,2.217208,multi_behavior_sequence
15615,21790,2.16575,multi_behavior_sequence
15615,23119,2.052511,multi_behavior_sequence
15615,23322,2.049529,multi_behavior_sequence
15615,22386,2.026037,multi_behavior_sequence
15615,22423,1.9936,multi_behavior_sequence
15621,22139,3.477846,multi_behavior_sequence
15621,22138,3.473749,multi_behavior_sequence
15621,23505,3.101468,multi_behavior_sequence
15621,23499,3.058787,multi_behavior_sequence
15621,23084,2.963735,multi_behavior_sequence
15621,85035C,2.951343,multi_behavior_sequence
15621,22178,2.922591,multi_behavior_sequence
15621,21790,2.922225,multi_behavior_sequence
15621,22505,2.828368,multi_behavior_sequence
15621,84032B,2.803873,multi_behavior_sequence
15628,22469,3.967994,multi_behavior_sequence
15628,22423,3.844661,multi_behavior_sequence
15628,23355,3.667725,multi_behavior_sequence
15628,22697,3.596388,multi_behavior_sequence
15628,22720,3.55744,multi_behavior_sequence
15628,23293,3.409912,multi_behavior_sequence
15628,22086,3.369619,multi_behavior_sequence
15628,22630,3.320763,multi_behavior_sequence
15628,23306,3.247086,multi_behavior_sequence
15628,21754,3.16916,multi_behavior_sequence
15633,84347,2.875722,multi_behavior_sequence
15633,23301,2.652355,multi_behavior_sequence
15633,84947,2.609546,multi_behavior_sequence
15633,22382,2.438204,multi_behavior_sequence
15633,22457,2.437614,multi_behavior_sequence
15633,23344,2.375517,multi_behavior_sequence
15633,22139,2.176009,multi_behavior_sequence
15633,23192,2.169655,multi_behavior_sequence
15633,23203,2.160398,multi_behavior_sequence
15633,23356,2.144108,multi_behavior_sequence
15640,22469,4.41531,multi_behavior_sequence
15640,23355,4.210311,multi_behavior_sequence
15640,22386,3.967194,multi_behavior_sequence
15640,22139,3.842548,multi_behavior_sequence
15640,23344,3.726348,multi_behavior_sequence
15640,23203,3.665385,multi_behavior_sequence
15640,23199,3.358992,multi_behavior_sequence
15640,21175,3.354819,multi_behavior_sequence
15640,22457,3.353583,multi_behavior_sequence
15640,23301,3.352189,multi_behavior_sequence
15641,22423,2.892251,multi_behavior_sequence
15641,21974,2.620873,multi_behavior_sequence
15641,22979,2.535418,multi_behavior_sequence
15641,20725,2.480046,multi_behavior_sequence
15641,21981,2.461304,multi_behavior_sequence
15641,21985,2.42907,multi_behavior_sequence
15641,22469,2.374698,multi_behavior_sequence
15641,22983,2.323661,multi_behavior_sequence
15641,23292,2.23885,multi_behavior_sequence
15641,23280,2.234308,multi_behavior_sequence
15651,21790,3.524578,multi_behavior_sequence
15651,23209,3.470642,multi_behavior_sequence
15651,23203,3.398584,multi_behavior_sequence
15651,23439,3.355954,multi_behavior_sequence
15651,22457,3.244255,multi_behavior_sequence
15651,22086,3.161002,multi_behavior_sequence
15651,23344,3.153907,multi_behavior_sequence
15651,23182,3.089658,multi_behavior_sequence
15651,23581,3.071269,multi_behavior_sequence
15651,23293,3.048048,multi_behavior_sequence
15653,22024,2.945628,multi_behavior_sequence
15653,21929,2.91178,multi_behavior_sequence
15653,22379,2.779989,multi_behavior_sequence
15653,23188,2.711813,multi_behavior_sequence
15653,85099C,2.70318,multi_behavior_sequence
15653,22865,2.63564,multi_behavior_sequence
15653,21090,2.496714,multi_behavior_sequence
15653,23176,2.488474,multi_behavior_sequence
15653,23480,2.477583,multi_behavior_sequence
15653,84661B,2.44006,multi_behavior_sequence
15654,22838,3.225278,multi_behavior_sequence
15654,21704,2.860019,multi_behavior_sequence
15654,22653,2.82661,multi_behavior_sequence
15654,20971,2.807389,multi_behavior_sequence
15654,21974,2.803651,multi_behavior_sequence
15654,22622,2.759208,multi_behavior_sequence
15654,22989,2.698539,multi_behavior_sequence
15654,22554,2.613242,multi_behavior_sequence
15654,37449,2.54934,multi_behavior_sequence
15654,85199S,2.540067,multi_behavior_sequence
15660,22139,4.097014,multi_behavior_sequence
15660,22694,4.055561,multi_behavior_sequence
15660,23199,3.885089,multi_behavior_sequence
15660,21314,3.813124,multi_behavior_sequence
15660,22941,3.652681,multi_behavior_sequence
15660,21591,3.450891,multi_behavior_sequence
15660,85099B,3.435191,multi_behavior_sequence
15660,22470,3.4114,multi_behavior_sequence
15660,22910,3.353379,multi_behavior_sequence
15660,23322,3.315563,multi_behavior_sequence
15673,22720,2.84619,multi_behavior_sequence
15673,23247,2.731461,multi_behavior_sequence
15673,23355,2.667192,multi_behavior_sequence
15673,23439,2.562443,multi_behavior_sequence
15673,22197,2.552246,multi_behavior_sequence
15673,22865,2.485638,multi_behavior_sequence
15673,23344,2.45254,multi_behavior_sequence
15673,23581,2.311832,multi_behavior_sequence
15673,20718,2.302683,multi_behavior_sequence
15673,23301,2.300761,multi_behavior_sequence
15674,23322,3.443491,multi_behavior_sequence
15674,23321,3.164212,multi_behavior_sequence
15674,23426,2.93794,multi_behavior_sequence
15674,22624,2.730609,multi_behavior_sequence
15674,23243,2.705619,multi_behavior_sequence
15674,23209,2.697051,multi_behavior_sequence
15674,82583,2.633638,multi_behavior_sequence
15674,22662,2.627641,multi_behavior_sequence
15674,20727,2.582355,multi_behavior_sequence
15674,22382,2.518744,multi_behavior_sequence
15689,23322,1.950417,multi_behavior_sequence
15689,22818,1.837837,multi_behavior_sequence
15689,23301,1.73732,multi_behavior_sequence
15689,22726,1.703598,multi_behavior_sequence
15689,23328,1.692029,multi_behavior_sequence
15689,21914,1.685735,multi_behavior_sequence
15689,22941,1.625728,multi_behavior_sequence
15689,23302,1.6128,multi_behavior_sequence
15689,23355,1.607548,multi_behavior_sequence
15689,85099B,1.542396,multi_behavior_sequence
15694,20682,2.987576,multi_behavior_sequence
15694,22469,2.670157,multi_behavior_sequence
15694,23080,2.611302,multi_behavior_sequence
15694,22075,2.494377,multi_behavior_sequence
15694,22835,2.427844,multi_behavior_sequence
15694,22960,2.389841,multi_behavior_sequence
15694,22178,2.297558,multi_behavior_sequence
15694,22386,2.247567,multi_behavior_sequence
15694,21166,2.240612,multi_behavior_sequence
15694,23356,2.207982,multi_behavior_sequence
15738,21749,2.456373,multi_behavior_sequence
15738,22193,2.312528,multi_behavior_sequence
15738,21257,2.279069,multi_behavior_sequence
15738,20866,2.272821,multi_behavior_sequence
15738,22759,2.248808,multi_behavior_sequence
15738,22771,2.234301,multi_behavior_sequence
15738,22138,2.21332,multi_behavior_sequence
15738,20914,2.192287,multi_behavior_sequence
15738,21843,2.044328,multi_behavior_sequence
15738,22693,1.948186,multi_behavior_sequence
15751,84945,0.98817,multi_behavior_sequence
15751,84836,0.987813,multi_behavior_sequence
15751,M,0.986098,multi_behavior_sequence
15751,22749,0.913741,multi_behavior_sequence
15751,85036C,0.907564,multi_behavior_sequence
15751,22498,0.862731,multi_behavior_sequence
15751,22619,0.855116,multi_behavior_sequence
15751,21108,0.834711,multi_behavior_sequence
15751,15034,0.830678,multi_behavior_sequence
15751,23233,0.828467,multi_behavior_sequence
15754,23328,4.144167,multi_behavior_sequence
15754,21790,4.04317,multi_behavior_sequence
15754,23100,3.463107,multi_behavior_sequence
15754,22952,3.299171,multi_behavior_sequence
15754,21791,3.208629,multi_behavior_sequence
15754,22866,3.168009,multi_behavior_sequence
15754,22867,3.11861,multi_behavior_sequence
15754,22617,3.10478,multi_behavior_sequence
15754,23084,3.102288,multi_behavior_sequence
15754,23396,3.079023,multi_behavior_sequence
15755,22138,1.241073,multi_behavior_sequence
15755,22178,1.04139,multi_behavior_sequence
15755,22113,0.966069,multi_behavior_sequence
15755,22619,0.916152,multi_behavior_sequence
15755,22617,0.887798,multi_behavior_sequence
15755,84945,0.85145,multi_behavior_sequence
15755,23084,0.847594,multi_behavior_sequence
15755,21034,0.843403,multi_behavior_sequence
15755,21791,0.83771,multi_behavior_sequence
15755,POST,0.826226,multi_behavior_sequence
15769,23355,3.758075,multi_behavior_sequence
15769,82582,3.714135,multi_behavior_sequence
15769,21733,3.698804,multi_behavior_sequence
15769,23202,3.470505,multi_behavior_sequence
15769,85099C,3.336947,multi_behavior_sequence
15769,23344,3.274022,multi_behavior_sequence
15769,22662,3.259269,multi_behavior_sequence
15769,21070,3.24466,multi_behavior_sequence
15769,20682,3.241967,multi_behavior_sequence
15769,22111,3.227832,multi_behavior_sequence
15791,21497,1.352907,multi_behavior_sequence
15791,85099B,1.257467,multi_behavior_sequence
15791,22488,1.205739,multi_behavior_sequence
15791,23373,1.171911,multi_behavior_sequence
15791,23543,1.149951,multi_behavior_sequence
15791,22383,1.138921,multi_behavior_sequence
15791,82583,1.08829,multi_behavior_sequence
15791,85099F,1.074118,multi_behavior_sequence
15791,23321,1.055682,multi_behavior_sequence
15791,23103,1.051495,multi_behavior_sequence
15795,84945,1.484648,multi_behavior_sequence
15795,37449,1.450407,multi_behavior_sequence
15795,23113,1.414683,multi_behavior_sequence
15795,22192,1.403575,multi_behavior_sequence
15795,23250,1.399217,multi_behavior_sequence
15795,85099B,1.27499,multi_behavior_sequence
15795,22722,1.172012,multi_behavior_sequence
15795,46776A,1.156231,multi_behavior_sequence
15795,23423,1.140818,multi_behavior_sequence
15795,16161P,1.128293,multi_behavior_sequence
15805,23084,2.615692,multi_behavior_sequence
15805,21790,2.473941,multi_behavior_sequence
15805,22382,2.357274,multi_behavior_sequence
15805,20679,2.295722,multi_behavior_sequence
15805,22352,2.182671,multi_behavior_sequence
15805,22727,2.146244,multi_behavior_sequence
15805,23503,2.11129,multi_behavior_sequence
15805,22178,2.081357,multi_behavior_sequence
15805,22865,2.044553,multi_behavior_sequence
15805,22759,2.043051,multi_behavior_sequence
15808,23355,1.705461,multi_behavior_sequence
15808,22139,1.584956,multi_behavior_sequence
15808,22469,1.562504,multi_behavior_sequence
15808,23199,1.539563,multi_behavior_sequence
15808,84945,1.500963,multi_behavior_sequence
15808,23356,1.487318,multi_behavior_sequence
15808,22112,1.410798,multi_behavior_sequence
15808,22457,1.361474,multi_behavior_sequence
15808,23203,1.358776,multi_behavior_sequence
15808,22197,1.349427,multi_behavior_sequence
15812,85014A,1.558014,multi_behavior_sequence
15812,23198,1.476903,multi_behavior_sequence
15812,22553,1.386616,multi_behavior_sequence
15812,23541,1.366934,multi_behavior_sequence
15812,22554,1.350886,multi_behavior_sequence
15812,23009,1.336125,multi_behavior_sequence
15812,23012,1.300848,multi_behavior_sequence
15812,22751,1.290708,multi_behavior_sequence
15812,15056BL,1.280536,multi_behavior_sequence
15812,85130C,1.274495,multi_behavior_sequence
15827,M,2.354,multi_behavior_sequence
15827,22112,2.27015,multi_behavior_sequence
15827,84945,2.252405,multi_behavior_sequence
15827,23321,1.922641,multi_behavior_sequence
15827,22193,1.833174,multi_behavior_sequence
15827,23215,1.79613,multi_behavior_sequence
15827,22776,1.754454,multi_behavior_sequence
15827,85123A,1.728246,multi_behavior_sequence
15827,22720,1.710809,multi_behavior_sequence
15827,84836,1.660258,multi_behavior_sequence
15838,22138,3.493391,multi_behavior_sequence
15838,22382,3.340515,multi_behavior_sequence
15838,23201,3.299191,multi_behavior_sequence
15838,22423,3.283444,multi_behavior_sequence
15838,22383,3.265436,multi_behavior_sequence
15838,23274,3.244819,multi_behavior_sequence
15838,23439,3.227287,multi_behavior_sequence
15838,22867,3.220642,multi_behavior_sequence
15838,22727,3.176554,multi_behavior_sequence
15838,22273,3.165121,multi_behavior_sequence
15841,23301,0.978888,multi_behavior_sequence
15841,POST,0.814139,multi_behavior_sequence
15841,23503,0.808456,multi_behavior_sequence
15841,23328,0.783391,multi_behavior_sequence
15841,22382,0.777245,multi_behavior_sequence
15841,23084,0.767661,multi_behavior_sequence
15841,23504,0.759254,multi_behavior_sequence
15841,84347,0.758464,multi_behavior_sequence
15841,23321,0.745589,multi_behavior_sequence
15841,23355,0.731019,multi_behavior_sequence
15861,23163,1.834836,multi_behavior_sequence
15861,22585,1.833891,multi_behavior_sequence
15861,21791,1.800218,multi_behavior_sequence
15861,23438,1.753375,multi_behavior_sequence
15861,22748,1.697157,multi_behavior_sequence
15861,48138,1.695308,multi_behavior_sequence
15861,22815,1.653261,multi_behavior_sequence
15861,23570,1.649961,multi_behavior_sequence
15861,22745,1.492797,multi_behavior_sequence
15861,23505,1.464079,multi_behavior_sequence
15863,22178,2.543344,multi_behavior_sequence
15863,47566,2.489041,multi_behavior_sequence
15863,22382,2.457922,multi_behavior_sequence
15863,22469,2.377432,multi_behavior_sequence
15863,82482,2.373739,multi_behavior_sequence
15863,22730,2.368719,multi_behavior_sequence
15863,84510A,2.261392,multi_behavior_sequence
15863,22114,2.248008,multi_behavior_sequence
15863,22904,2.1408,multi_behavior_sequence
15863,22729,2.05457,multi_behavior_sequence
15867,22139,2.6755,multi_behavior_sequence
15867,23302,2.347055,multi_behavior_sequence
15867,47566,2.325353,multi_behavior_sequence
15867,22082,2.252312,multi_behavior_sequence
15867,22178,2.218049,multi_behavior_sequence
15867,22382,2.189646,multi_behavior_sequence
15867,20914,2.149917,multi_behavior_sequence
15867,21166,2.036485,multi_behavior_sequence
15867,21034,2.008607,multi_behavior_sequence
15867,22998,1.956405,multi_behavior_sequence
15881,22866,3.11701,multi_behavior_sequence
15881,22632,3.074213,multi_behavior_sequence
15881,22633,3.064666,multi_behavior_sequence
15881,22720,3.063455,multi_behavior_sequence
15881,22619,3.046416,multi_behavior_sequence
15881,23198,2.942915,multi_behavior_sequence
15881,23343,2.909595,multi_behavior_sequence
15881,22086,2.844914,multi_behavior_sequence
15881,23240,2.835527,multi_behavior_sequence
15881,22697,2.818331,multi_behavior_sequence
15885,23322,0.989575,multi_behavior_sequence
15885,23321,0.983778,multi_behavior_sequence
15885,23301,0.924764,multi_behavior_sequence
15885,85123A,0.888234,multi_behavior_sequence
15885,23328,0.864345,multi_behavior_sequence
15885,22139,0.848751,multi_behavior_sequence
15885,22952,0.844422,multi_behavior_sequence
15885,21790,0.814665,multi_behavior_sequence
15885,22138,0.768476,multi_behavior_sequence
15885,22178,0.764544,multi_behavior_sequence
15897,22138,2.851516,multi_behavior_sequence
15897,22294,2.658569,multi_behavior_sequence
15897,22624,2.566513,multi_behavior_sequence
15897,22423,2.518268,multi_behavior_sequence
15897,23094,2.482456,multi_behavior_sequence
15897,22139,2.46255,multi_behavior_sequence
15897,23237,2.407164,multi_behavior_sequence
15897,21666,2.393673,multi_behavior_sequence
15897,85136C,2.326787,multi_behavior_sequence
15897,21922,2.288604,multi_behavior_sequence
15900,22138,2.769011,multi_behavior_sequence
15900,22178,2.25049,multi_behavior_sequence
15900,22505,2.191715,multi_behavior_sequence
15900,21485,2.157032,multi_behavior_sequence
15900,71477,2.140303,multi_behavior_sequence
15900,22617,2.030059,multi_behavior_sequence
15900,85099C,2.028412,multi_behavior_sequence
15900,21623,1.928053,multi_behavior_sequence
15900,21915,1.869465,multi_behavior_sequence
15900,22423,1.858551,multi_behavior_sequence
15901,23420,2.585648,multi_behavior_sequence
15901,23380,2.404077,multi_behavior_sequence
15901,21191,2.31604,multi_behavior_sequence
15901,21985,2.292196,multi_behavior_sequence
15901,23455,2.272662,multi_behavior_sequence
15901,22138,2.250326,multi_behavior_sequence
15901,23113,2.237185,multi_behavior_sequence
15901,22047,2.226797,multi_behavior_sequence
15901,23421,2.060627,multi_behavior_sequence
15901,23074,2.057242,multi_behavior_sequence
15918,23503,3.979205,multi_behavior_sequence
15918,22585,3.757854,multi_behavior_sequence
15918,23345,3.567248,multi_behavior_sequence
15918,23501,3.488822,multi_behavior_sequence
15918,23101,3.208927,multi_behavior_sequence
15918,22584,3.196352,multi_behavior_sequence
15918,22838,3.174155,multi_behavior_sequence
15918,20712,3.137461,multi_behavior_sequence
15918,23108,2.966141,multi_behavior_sequence
15918,23438,2.951895,multi_behavior_sequence
15953,22720,1.365882,multi_behavior_sequence
15953,22457,1.192063,multi_behavior_sequence
15953,23355,1.177153,multi_behavior_sequence
15953,85099B,1.164535,multi_behavior_sequence
15953,22086,1.146477,multi_behavior_sequence
15953,23203,1.133481,multi_behavior_sequence
15953,22469,1.126415,multi_behavior_sequence
15953,23209,1.110872,multi_behavior_sequence
15953,84945,1.110317,multi_behavior_sequence
15953,22423,1.10663,multi_behavior_sequence
15971,85099F,2.836106,multi_behavior_sequence
15971,23203,2.80234,multi_behavior_sequence
15971,23202,2.71301,multi_behavior_sequence
15971,85099C,2.589813,multi_behavior_sequence
15971,23344,2.434212,multi_behavior_sequence
15971,23199,2.359029,multi_behavior_sequence
15971,82582,2.311689,multi_behavior_sequence
15971,21928,2.286458,multi_behavior_sequence
15971,21931,2.275174,multi_behavior_sequence
15971,22726,2.233747,multi_behavior_sequence
15980,85123A,3.291552,multi_behavior_sequence
15980,21733,3.251342,multi_behavior_sequence
15980,22898,2.716081,multi_behavior_sequence
15980,22112,2.545122,multi_behavior_sequence
15980,22694,2.451237,multi_behavior_sequence
15980,22423,2.445988,multi_behavior_sequence
15980,22533,2.432031,multi_behavior_sequence
15980,23270,2.417103,multi_behavior_sequence
15980,23215,2.409363,multi_behavior_sequence
15980,22992,2.391788,multi_behavior_sequence
15985,22178,2.814266,multi_behavior_sequence
15985,22469,2.761276,multi_behavior_sequence
15985,21928,2.706812,multi_behavior_sequence
15985,23170,2.474768,multi_behavior_sequence
15985,22781,2.468536,multi_behavior_sequence
15985,22423,2.427142,multi_behavior_sequence
15985,22382,2.394462,multi_behavior_sequence
15985,23154,2.340093,multi_behavior_sequence
15985,22355,2.326098,multi_behavior_sequence
15985,22966,2.315886,multi_behavior_sequence
15993,22992,5.485924,multi_behavior_sequence
15993,85123A,5.294188,multi_behavior_sequence
15993,23328,4.938846,multi_behavior_sequence
15993,22555,4.871753,multi_behavior_sequence
15993,22082,4.814308,multi_behavior_sequence
15993,23100,4.622642,multi_behavior_sequence
15993,22037,4.496958,multi_behavior_sequence
15993,22818,4.415092,multi_behavior_sequence
15993,21790,4.277784,multi_behavior_sequence
15993,23313,4.265096,multi_behavior_sequence
15996,22150,3.196962,multi_behavior_sequence
15996,22427,2.99906,multi_behavior_sequence
15996,22726,2.856951,multi_behavior_sequence
15996,22993,2.8531,multi_behavior_sequence
15996,85123A,2.789841,multi_behavior_sequence
15996,22082,2.738586,multi_behavior_sequence
15996,22945,2.737816,multi_behavior_sequence
15996,21903,2.681034,multi_behavior_sequence
15996,23190,2.66733,multi_behavior_sequence
15996,23535,2.658771,multi_behavior_sequence
16010,23247,3.764962,multi_behavior_sequence
16010,22720,3.468105,multi_behavior_sequence
16010,22423,3.300788,multi_behavior_sequence
16010,23355,3.238604,multi_behavior_sequence
16010,23439,3.221881,multi_behavior_sequence
16010,20724,3.102013,multi_behavior_sequence
16010,84946,3.036979,multi_behavior_sequence
16010,82483,2.971792,multi_behavior_sequence
16010,82494L,2.904603,multi_behavior_sequence
16010,22666,2.846959,multi_behavior_sequence
16011,22423,2.73941,multi_behavior_sequence
16011,22469,2.666804,multi_behavior_sequence
16011,22568,2.535062,multi_behavior_sequence
16011,22946,2.497071,multi_behavior_sequence
16011,21908,2.484715,multi_behavior_sequence
16011,22620,2.47915,multi_behavior_sequence
16011,20682,2.430567,multi_behavior_sequence
16011,22107,2.400262,multi_behavior_sequence
16011,20726,2.391004,multi_behavior_sequence
16011,21356,2.283257,multi_behavior_sequence
16012,22720,2.470989,multi_behavior_sequence
16012,21790,2.415537,multi_behavior_sequence
16012,23439,2.204551,multi_behavior_sequence
16012,22865,2.196063,multi_behavior_sequence
16012,22086,2.056517,multi_behavior_sequence
16012,23103,2.034487,multi_behavior_sequence
16012,22750,1.993729,multi_behavior_sequence
16012,22866,1.950107,multi_behavior_sequence
16012,21754,1.916632,multi_behavior_sequence
16012,23344,1.897,multi_behavior_sequence
16013,23084,3.403421,multi_behavior_sequence
16013,22748,2.820058,multi_behavior_sequence
16013,22352,2.665073,multi_behavior_sequence
16013,21915,2.557722,multi_behavior_sequence
16013,23344,2.53911,multi_behavior_sequence
16013,23581,2.534992,multi_behavior_sequence
16013,22150,2.501789,multi_behavior_sequence
16013,23313,2.347924,multi_behavior_sequence
16013,23382,2.335106,multi_behavior_sequence
16013,22810,2.262566,multi_behavior_sequence
16016,22469,4.295523,multi_behavior_sequence
16016,22423,3.734131,multi_behavior_sequence
16016,23426,3.091816,multi_behavior_sequence
16016,23206,3.086256,multi_behavior_sequence
16016,22910,2.948758,multi_behavior_sequence
16016,22961,2.905102,multi_behavior_sequence
16016,22629,2.862604,multi_behavior_sequence
16016,22720,2.804893,multi_behavior_sequence
16016,79321,2.763453,multi_behavior_sequence
16016,22809,2.757723,multi_behavior_sequence
16017,21755,2.745715,multi_behavior_sequence
16017,23108,2.686177,multi_behavior_sequence
16017,23100,2.327983,multi_behavior_sequence
16017,22725,2.157097,multi_behavior_sequence
16017,23237,2.11278,multi_behavior_sequence
16017,23371,2.100566,multi_behavior_sequence
16017,85123A,2.100564,multi_behavior_sequence
16017,22554,2.094567,multi_behavior_sequence
16017,POST,2.087624,multi_behavior_sequence
16017,23345,2.02418,multi_behavior_sequence
16019,22423,3.190244,multi_behavior_sequence
16019,22810,2.843026,multi_behavior_sequence
16019,20726,2.812731,multi_behavior_sequence
16019,21172,2.774755,multi_behavior_sequence
16019,23188,2.679411,multi_behavior_sequence
16019,23191,2.659049,multi_behavior_sequence
16019,22569,2.627913,multi_behavior_sequence
16019,23192,2.573593,multi_behavior_sequence
16019,23201,2.546688,multi_behavior_sequence
16019,22382,2.53335,multi_behavior_sequence
16029,84945,3.743453,multi_behavior_sequence
16029,23203,3.145149,multi_behavior_sequence
16029,22470,2.956641,multi_behavior_sequence
16029,85099B,2.94048,multi_behavior_sequence
16029,23199,2.920784,multi_behavior_sequence
16029,22385,2.837159,multi_behavior_sequence
16029,22950,2.799198,multi_behavior_sequence
16029,22139,2.794402,multi_behavior_sequence
16029,22086,2.773542,multi_behavior_sequence
16029,21314,2.6878,multi_behavior_sequence
16033,47566,4.390286,multi_behavior_sequence
16033,22189,3.740436,multi_behavior_sequence
16033,82494L,3.674037,multi_behavior_sequence
16033,84879,3.420372,multi_behavior_sequence
16033,22938,3.379527,multi_behavior_sequence
16033,21175,3.374832,multi_behavior_sequence
16033,48138,3.373379,multi_behavior_sequence
16033,47566B,3.334844,multi_behavior_sequence
16033,21770,3.255106,multi_behavior_sequence
16033,22997,3.153659,multi_behavior_sequence
16043,21931,3.150309,multi_behavior_sequence
16043,22992,3.035476,multi_behavior_sequence
16043,85099F,2.95916,multi_behavior_sequence
16043,22082,2.896591,multi_behavior_sequence
16043,22818,2.886738,multi_behavior_sequence
16043,85123A,2.730695,multi_behavior_sequence
16043,85099B,2.727678,multi_behavior_sequence
16043,21481,2.421189,multi_behavior_sequence
16043,23199,2.385035,multi_behavior_sequence
16043,22555,2.361691,multi_behavior_sequence
16059,22952,4.655882,multi_behavior_sequence
16059,23100,4.63378,multi_behavior_sequence
16059,23328,4.605153,multi_behavior_sequence
16059,22728,4.563859,multi_behavior_sequence
16059,22720,4.467867,multi_behavior_sequence
16059,22726,4.248186,multi_behavior_sequence
16059,23355,4.190697,multi_behavior_sequence
16059,23489,4.099403,multi_behavior_sequence
16059,23313,4.049129,multi_behavior_sequence
16059,23302,3.927953,multi_behavior_sequence
16076,22617,4.168765,multi_behavior_sequence
16076,22941,4.121682,multi_behavior_sequence
16076,21791,3.877903,multi_behavior_sequence
16076,85123A,3.577757,multi_behavior_sequence
16076,23322,3.462194,multi_behavior_sequence
16076,22938,3.225901,multi_behavior_sequence
16076,23084,3.144948,multi_behavior_sequence
16076,22386,3.099302,multi_behavior_sequence
16076,22077,3.094691,multi_behavior_sequence
16076,20725,3.07843,multi_behavior_sequence
16079,23344,5.5953,multi_behavior_sequence
16079,23203,5.429088,multi_behavior_sequence
16079,22411,4.962782,multi_behavior_sequence
16079,84945,4.86826,multi_behavior_sequence
16079,22457,4.656941,multi_behavior_sequence
16079,22720,4.61697,multi_behavior_sequence
16079,23247,4.568579,multi_behavior_sequence
16079,84347,4.262336,multi_behavior_sequence
16079,23499,4.239652,multi_behavior_sequence
16079,22979,4.236847,multi_behavior_sequence
16103,20726,3.955475,multi_behavior_sequence
16103,22568,3.775683,multi_behavior_sequence
16103,23200,3.547755,multi_behavior_sequence
16103,22423,3.400709,multi_behavior_sequence
16103,20728,3.325727,multi_behavior_sequence
16103,23094,3.205971,multi_behavior_sequence
16103,21731,3.097826,multi_behavior_sequence
16103,23290,3.039038,multi_behavior_sequence
16103,21258,2.985257,multi_behavior_sequence
16103,22191,2.949443,multi_behavior_sequence
16104,22720,0.8851,multi_behavior_sequence
16104,23322,0.864192,multi_behavior_sequence
16104,22469,0.86296,multi_behavior_sequence
16104,22423,0.851759,multi_behavior_sequence
16104,22624,0.841778,multi_behavior_sequence
16104,22457,0.836744,multi_behavior_sequence
16104,22178,0.78124,multi_behavior_sequence
16104,22382,0.763296,multi_behavior_sequence
16104,23243,0.761323,multi_behavior_sequence
16104,22722,0.749891,multi_behavior_sequence
16110,22139,1.656511,multi_behavior_sequence
16110,72802B,1.383868,multi_behavior_sequence
16110,21212,1.14819,multi_behavior_sequence
16110,22624,1.130128,multi_behavior_sequence
16110,22806,1.123678,multi_behavior_sequence
16110,72741,1.122136,multi_behavior_sequence
16110,22294,1.110342,multi_behavior_sequence
16110,23035,1.103371,multi_behavior_sequence
16110,23071,1.098436,multi_behavior_sequence
16110,M,1.08402,multi_behavior_sequence
16116,22722,2.832035,multi_behavior_sequence
16116,23322,2.677504,multi_behavior_sequence
16116,22835,2.617324,multi_behavior_sequence
16116,22112,2.488015,multi_behavior_sequence
16116,23294,2.460047,multi_behavior_sequence
16116,23535,2.443001,multi_behavior_sequence
16116,21754,2.415012,multi_behavior_sequence
16116,23552,2.411442,multi_behavior_sequence
16116,20724,2.399312,multi_behavior_sequence
16116,22844,2.309692,multi_behavior_sequence
16117,23322,3.332041,multi_behavior_sequence
16117,85152,3.247566,multi_behavior_sequence
16117,21790,3.100112,multi_behavior_sequence
16117,22630,2.831441,multi_behavior_sequence
16117,22992,2.718047,multi_behavior_sequence
16117,23293,2.710737,multi_behavior_sequence
16117,23209,2.652401,multi_behavior_sequence
16117,23390,2.628161,multi_behavior_sequence
16117,84879,2.583818,multi_behavior_sequence
16117,22139,2.580125,multi_behavior_sequence
16119,21790,4.383486,multi_behavior_sequence
16119,23084,3.97572,multi_behavior_sequence
16119,22952,3.669711,multi_behavior_sequence
16119,22726,3.375994,multi_behavior_sequence
16119,22983,3.355045,multi_behavior_sequence
16119,23203,3.320586,multi_behavior_sequence
16119,23100,3.275317,multi_behavior_sequence
16119,22727,3.101193,multi_behavior_sequence
16119,23209,3.085033,multi_behavior_sequence
16119,23390,3.030602,multi_behavior_sequence
16121,22487,2.395333,multi_behavior_sequence
16121,22791,2.092058,multi_behavior_sequence
16121,84946,2.072992,multi_behavior_sequence
16121,82494L,1.96834,multi_behavior_sequence
16121,23534,1.939197,multi_behavior_sequence
16121,23293,1.841646,multi_behavior_sequence
16121,23330,1.825913,multi_behavior_sequence
16121,23322,1.801863,multi_behavior_sequence
16121,84029G,1.799121,multi_behavior_sequence
16121,23483,1.786849,multi_behavior_sequence
16133,22720,4.273796,multi_behavior_sequence
16133,23203,4.099027,multi_behavior_sequence
16133,20724,3.777637,multi_behavior_sequence
16133,84945,3.627653,multi_behavior_sequence
16133,84947,3.605632,multi_behavior_sequence
16133,22457,3.571808,multi_behavior_sequence
16133,23247,3.33825,multi_behavior_sequence
16133,20718,3.284379,multi_behavior_sequence
16133,23202,3.058049,multi_behavior_sequence
16133,82583,3.017182,multi_behavior_sequence
16134,84947,5.120286,multi_behavior_sequence
16134,23202,4.880843,multi_behavior_sequence
16134,22383,4.818072,multi_behavior_sequence
16134,85099B,4.802444,multi_behavior_sequence
16134,23439,4.745325,multi_behavior_sequence
16134,23203,4.581867,multi_behavior_sequence
16134,22469,4.177526,multi_behavior_sequence
16134,20718,4.129418,multi_behavior_sequence
16134,23344,4.111767,multi_behavior_sequence
16134,23209,4.080005,multi_behavior_sequence
16135,23489,1.437811,multi_behavior_sequence
16135,22619,1.352594,multi_behavior_sequence
16135,22139,1.331063,multi_behavior_sequence
16135,21034,1.320814,multi_behavior_sequence
16135,22751,1.316803,multi_behavior_sequence
16135,21636,1.274789,multi_behavior_sequence
16135,22606,1.263479,multi_behavior_sequence
16135,22554,1.154552,multi_behavior_sequence
16135,22551,1.13275,multi_behavior_sequence
16135,23198,1.05902,multi_behavior_sequence
16136,21899,1.341074,multi_behavior_sequence
16136,22189,1.263275,multi_behavior_sequence
16136,22488,1.245891,multi_behavior_sequence
16136,85123A,1.207468,multi_behavior_sequence
16136,23503,1.192207,multi_behavior_sequence
16136,22666,1.161324,multi_behavior_sequence
16136,23106,1.142001,multi_behavior_sequence
16136,22585,1.135685,multi_behavior_sequence
16136,71477,1.102586,multi_behavior_sequence
16136,16238,1.090772,multi_behavior_sequence
16144,22469,2.641937,multi_behavior_sequence
16144,22624,2.590977,multi_behavior_sequence
16144,22720,2.261536,multi_behavior_sequence
16144,22910,2.18324,multi_behavior_sequence
16144,23243,2.026164,multi_behavior_sequence
16144,23355,1.997565,multi_behavior_sequence
16144,23290,1.94723,multi_behavior_sequence
16144,23322,1.932389,multi_behavior_sequence
16144,22382,1.922783,multi_behavior_sequence
16144,22666,1.9197,multi_behavior_sequence
16146,22992,3.374815,multi_behavior_sequence
16146,23322,3.280055,multi_behavior_sequence
16146,23302,2.822789,multi_behavior_sequence
16146,48138,2.526044,multi_behavior_sequence
16146,82494L,2.492268,multi_behavior_sequence
16146,23355,2.371922,multi_behavior_sequence
16146,23399,2.324178,multi_behavior_sequence
16146,23323,2.304573,multi_behavior_sequence
16146,23321,2.300597,multi_behavior_sequence
16146,21411,2.276383,multi_behavior_sequence
16153,23355,4.170231,multi_behavior_sequence
16153,22114,3.989217,multi_behavior_sequence
16153,85123A,3.865881,multi_behavior_sequence
16153,23319,3.67569,multi_behavior_sequence
16153,23356,3.655151,multi_behavior_sequence
16153,21790,3.483994,multi_behavior_sequence
16153,23294,3.47869,multi_behavior_sequence
16153,22960,3.441031,multi_behavior_sequence
16153,23293,3.399653,multi_behavior_sequence
16153,22966,3.313702,multi_behavior_sequence
16161,22720,4.405297,multi_behavior_sequence
16161,21790,4.204604,multi_behavior_sequence
16161,23355,4.014745,multi_behavior_sequence
16161,23084,3.985675,multi_behavior_sequence
16161,22727,3.979156,multi_behavior_sequence
16161,20724,3.898775,multi_behavior_sequence
16161,22086,3.875127,multi_behavior_sequence
16161,22457,3.779356,multi_behavior_sequence
16161,22411,3.775328,multi_behavior_sequence
16161,23581,3.745563,multi_behavior_sequence
16168,82484,2.317568,multi_behavior_sequence
16168,85099B,2.218924,multi_behavior_sequence
16168,84947,2.089969,multi_behavior_sequence
16168,22383,2.001957,multi_behavior_sequence
16168,21907,1.989747,multi_behavior_sequence
16168,82583,1.978381,multi_behavior_sequence
16168,21080,1.898271,multi_behavior_sequence
16168,21874,1.877901,multi_behavior_sequence
16168,21175,1.778643,multi_behavior_sequence
16168,22191,1.765916,multi_behavior_sequence
16186,21731,4.00614,multi_behavior_sequence
16186,20728,3.975998,multi_behavior_sequence
16186,22382,3.959402,multi_behavior_sequence
16186,22423,3.886693,multi_behavior_sequence
16186,22469,3.64695,multi_behavior_sequence
16186,23207,3.456625,multi_behavior_sequence
16186,22720,3.428511,multi_behavior_sequence
16186,23200,3.424492,multi_behavior_sequence
16186,20723,3.379746,multi_behavior_sequence
16186,23206,3.329034,multi_behavior_sequence
16191,22720,5.35825,multi_behavior_sequence
16191,22866,4.572248,multi_behavior_sequence
16191,23328,4.329925,multi_behavior_sequence
16191,22457,4.292205,multi_behavior_sequence
16191,84978,4.108684,multi_behavior_sequence
16191,22632,3.864416,multi_behavior_sequence
16191,84030E,3.850161,multi_behavior_sequence
16191,84945,3.672779,multi_behavior_sequence
16191,23203,3.544271,multi_behavior_sequence
16191,23439,3.505739,multi_behavior_sequence
16202,22139,2.236911,multi_behavior_sequence
16202,22178,2.025482,multi_behavior_sequence
16202,22138,1.8659,multi_behavior_sequence
16202,23080,1.657065,multi_behavior_sequence
16202,82482,1.616914,multi_behavior_sequence
16202,82483,1.573157,multi_behavior_sequence
16202,84946,1.458328,multi_behavior_sequence
16202,22469,1.440147,multi_behavior_sequence
16202,72741,1.423447,multi_behavior_sequence
16202,20970,1.41601,multi_behavior_sequence
16206,85123A,3.578016,multi_behavior_sequence
16206,82494L,3.199916,multi_behavior_sequence
16206,22666,3.05466,multi_behavior_sequence
16206,23355,3.031272,multi_behavior_sequence
16206,84946,2.996408,multi_behavior_sequence
16206,22382,2.965915,multi_behavior_sequence
16206,22384,2.921334,multi_behavior_sequence
16206,20725,2.819926,multi_behavior_sequence
16206,21175,2.797574,multi_behavior_sequence
16206,23256,2.784362,multi_behavior_sequence
16210,22423,2.92746,multi_behavior_sequence
16210,22624,2.638872,multi_behavior_sequence
16210,22726,2.486754,multi_behavior_sequence
16210,22865,2.448608,multi_behavior_sequence
16210,22727,2.386611,multi_behavior_sequence
16210,22141,2.367741,multi_behavior_sequence
16210,20971,2.310054,multi_behavior_sequence
16210,22866,2.256367,multi_behavior_sequence
16210,22144,2.212193,multi_behavior_sequence
16210,84945,2.197355,multi_behavior_sequence
16214,21791,3.420113,multi_behavior_sequence
16214,22629,3.38463,multi_behavior_sequence
16214,85099C,3.316064,multi_behavior_sequence
16214,23503,3.23431,multi_behavior_sequence
16214,POST,3.206523,multi_behavior_sequence
16214,23108,3.193005,multi_behavior_sequence
16214,22621,3.128382,multi_behavior_sequence
16214,22492,3.085769,multi_behavior_sequence
16214,23382,3.063083,multi_behavior_sequence
16214,22077,3.012912,multi_behavior_sequence
16218,22382,4.45015,multi_behavior_sequence
16218,22662,4.022996,multi_behavior_sequence
16218,82583,3.805645,multi_behavior_sequence
16218,84947,3.800413,multi_behavior_sequence
16218,20718,3.689394,multi_behavior_sequence
16218,22457,3.654375,multi_behavior_sequence
16218,21874,3.555187,multi_behavior_sequence
16218,22835,3.493299,multi_behavior_sequence
16218,23206,3.397717,multi_behavior_sequence
16218,22413,3.352306,multi_behavior_sequence
16221,22469,4.054246,multi_behavior_sequence
16221,22720,4.043404,multi_behavior_sequence
16221,23355,3.809129,multi_behavior_sequence
16221,22910,3.238495,multi_behavior_sequence
16221,23247,3.118776,multi_behavior_sequence
16221,22629,3.073511,multi_behavior_sequence
16221,22111,3.021822,multi_behavior_sequence
16221,22386,3.006896,multi_behavior_sequence
16221,22727,3.002364,multi_behavior_sequence
16221,84380,2.977764,multi_behavior_sequence
16222,23321,1.345516,multi_behavior_sequence
16222,23322,1.217526,multi_behavior_sequence
16222,21931,1.095729,multi_behavior_sequence
16222,22139,1.087016,multi_behavior_sequence
16222,23199,1.035189,multi_behavior_sequence
16222,22382,1.033652,multi_behavior_sequence
16222,23301,1.031474,multi_behavior_sequence
16222,85099F,1.019363,multi_behavior_sequence
16222,21790,0.999611,multi_behavior_sequence
16222,22113,0.976047,multi_behavior_sequence
16226,21166,3.026502,multi_behavior_sequence
16226,21641,2.417854,multi_behavior_sequence
16226,21642,2.32568,multi_behavior_sequence
16226,23091,2.317507,multi_behavior_sequence
16226,16219,2.303404,multi_behavior_sequence
16226,23106,2.269052,multi_behavior_sequence
16226,21064,2.261858,multi_behavior_sequence
16226,21907,2.23751,multi_behavior_sequence
16226,84818,2.180138,multi_behavior_sequence
16226,21650,2.140092,multi_behavior_sequence
16232,22112,3.585923,multi_behavior_sequence
16232,21181,3.455221,multi_behavior_sequence
16232,23355,3.235063,multi_behavior_sequence
16232,21175,3.162581,multi_behavior_sequence
16232,22469,3.151218,multi_behavior_sequence
16232,22961,3.039423,multi_behavior_sequence
16232,22835,3.000548,multi_behavior_sequence
16232,85152,2.970112,multi_behavior_sequence
16232,20724,2.922266,multi_behavior_sequence
16232,85099B,2.889573,multi_behavior_sequence
16243,22423,4.22373,multi_behavior_sequence
16243,22469,3.997549,multi_behavior_sequence
16243,23355,3.927586,multi_behavior_sequence
16243,22961,3.83552,multi_behavior_sequence
16243,22666,3.586808,multi_behavior_sequence
16243,21984,3.561225,multi_behavior_sequence
16243,20724,3.475081,multi_behavior_sequence
16243,84879,3.462929,multi_behavior_sequence
16243,21485,3.355744,multi_behavior_sequence
16243,22910,3.219932,multi_behavior_sequence
16250,22423,3.189594,multi_behavior_sequence
16250,23243,2.672279,multi_behavior_sequence
16250,84510A,2.654389,multi_behavior_sequence
16250,22993,2.594579,multi_behavior_sequence
16250,23207,2.428634,multi_behavior_sequence
16250,23541,2.421014,multi_behavior_sequence
16250,23355,2.397451,multi_behavior_sequence
16250,21166,2.345105,multi_behavior_sequence
16250,22382,2.316378,multi_behavior_sequence
16250,22469,2.305157,multi_behavior_sequence
16253,23503,2.114741,multi_behavior_sequence
16253,23480,2.045645,multi_behavior_sequence
16253,22271,1.907562,multi_behavior_sequence
16253,22617,1.825411,multi_behavior_sequence
16253,23301,1.773575,multi_behavior_sequence
16253,23322,1.768995,multi_behavior_sequence
16253,15036,1.708486,multi_behavior_sequence
16253,22815,1.688497,multi_behavior_sequence
16253,23084,1.687093,multi_behavior_sequence
16253,23321,1.606325,multi_behavior_sequence
16261,22633,5.059847,multi_behavior_sequence
16261,22728,4.792057,multi_behavior_sequence
16261,23293,4.546911,multi_behavior_sequence
16261,22909,4.391734,multi_behavior_sequence
16261,22727,4.359924,multi_behavior_sequence
16261,20718,4.188353,multi_behavior_sequence
16261,22197,4.088996,multi_behavior_sequence
16261,23240,4.084761,multi_behavior_sequence
16261,22578,4.024429,multi_behavior_sequence
16261,22838,3.976476,multi_behavior_sequence
16276,21166,2.25008,multi_behavior_sequence
16276,21181,1.965807,multi_behavior_sequence
16276,21907,1.739178,multi_behavior_sequence
16276,22771,1.652816,multi_behavior_sequence
16276,21326,1.619288,multi_behavior_sequence
16276,85099B,1.608358,multi_behavior_sequence
16276,23076,1.596492,multi_behavior_sequence
16276,22804,1.572188,multi_behavior_sequence
16276,21733,1.5669,multi_behavior_sequence
16276,21843,1.529735,multi_behavior_sequence
16279,22457,1.878453,multi_behavior_sequence
16279,22139,1.812875,multi_behavior_sequence
16279,23182,1.786793,multi_behavior_sequence
16279,22138,1.770349,multi_behavior_sequence
16279,21791,1.5881,multi_behavior_sequence
16279,84947,1.501544,multi_behavior_sequence
16279,22488,1.496057,multi_behavior_sequence
16279,20972,1.478537,multi_behavior_sequence
16279,21669,1.457727,multi_behavior_sequence
16279,23301,1.403967,multi_behavior_sequence
16291,22469,0.955581,multi_behavior_sequence
16291,22139,0.907686,multi_behavior_sequence
16291,22112,0.9029,multi_behavior_sequence
16291,22423,0.875824,multi_behavior_sequence
16291,85099B,0.852471,multi_behavior_sequence
16291,22382,0.84709,multi_behavior_sequence
16291,22624,0.845781,multi_behavior_sequence
16291,23322,0.830227,multi_behavior_sequence
16291,23321,0.798716,multi_behavior_sequence
16291,84945,0.797872,multi_behavior_sequence
16306,23170,2.171457,multi_behavior_sequence
16306,22138,2.049367,multi_behavior_sequence
16306,21206,1.857698,multi_behavior_sequence
16306,21207,1.782769,multi_behavior_sequence
16306,22222,1.758968,multi_behavior_sequence
16306,21843,1.754055,multi_behavior_sequence
16306,22139,1.74283,multi_behavior_sequence
16306,20749,1.733435,multi_behavior_sequence
16306,22178,1.722291,multi_behavior_sequence
16306,22585,1.637802,multi_behavior_sequence
16321,23175,2.79174,multi_behavior_sequence
16321,22138,2.746337,multi_behavior_sequence
16321,22492,2.73121,multi_behavior_sequence
16321,37449,2.592355,multi_behavior_sequence
16321,47590B,2.541289,multi_behavior_sequence
16321,15036,2.520597,multi_behavior_sequence
16321,23171,2.507164,multi_behavior_sequence
16321,20750,2.440603,multi_behavior_sequence
16321,22722,2.296111,multi_behavior_sequence
16321,21791,2.1814,multi_behavior_sequence
16333,21843,2.940717,multi_behavior_sequence
16333,21668,2.755018,multi_behavior_sequence
16333,20749,2.477797,multi_behavior_sequence
16333,22220,2.395005,multi_behavior_sequence
16333,22946,2.341759,multi_behavior_sequence
16333,23337,2.339277,multi_behavior_sequence
16333,21746,2.23703,multi_behavior_sequence
16333,22919,2.203022,multi_behavior_sequence
16333,23456,2.174308,multi_behavior_sequence
16333,20682,2.165096,multi_behavior_sequence
16341,22964,2.837472,multi_behavior_sequence
16341,22556,2.824672,multi_behavior_sequence
16341,23198,2.804967,multi_behavior_sequence
16341,22865,2.640025,multi_behavior_sequence
16341,20679,2.592525,multi_behavior_sequence
16341,21790,2.58832,multi_behavior_sequence
16341,23236,2.549862,multi_behavior_sequence
16341,23343,2.539414,multi_behavior_sequence
16341,22352,2.506692,multi_behavior_sequence
16341,15056N,2.294219,multi_behavior_sequence
16353,22952,4.080301,multi_behavior_sequence
16353,23328,3.847898,multi_behavior_sequence
16353,22457,3.581969,multi_behavior_sequence
16353,22728,3.572851,multi_behavior_sequence
16353,22726,3.416629,multi_behavior_sequence
16353,23396,3.314713,multi_behavior_sequence
16353,23209,3.1421,multi_behavior_sequence
16353,22382,3.122547,multi_behavior_sequence
16353,22730,3.115614,multi_behavior_sequence
16353,23168,3.105048,multi_behavior_sequence
16359,84945,2.693211,multi_behavior_sequence
16359,85099B,2.272728,multi_behavior_sequence
16359,M,2.156361,multi_behavior_sequence
16359,85099F,2.115061,multi_behavior_sequence
16359,22487,2.103343,multi_behavior_sequence
16359,22385,1.953157,multi_behavior_sequence
16359,23334,1.89331,multi_behavior_sequence
16359,82484,1.812676,multi_behavior_sequence
16359,22465,1.77207,multi_behavior_sequence
16359,85123A,1.763682,multi_behavior_sequence
16365,22568,3.268916,multi_behavior_sequence
16365,22946,2.284775,multi_behavior_sequence
16365,22469,2.218223,multi_behavior_sequence
16365,20970,2.079909,multi_behavior_sequence
16365,21524,2.019792,multi_behavior_sequence
16365,22138,2.001809,multi_behavior_sequence
16365,23094,2.001149,multi_behavior_sequence
16365,22569,1.958485,multi_behavior_sequence
16365,23349,1.938874,multi_behavior_sequence
16365,22620,1.926706,multi_behavior_sequence
16369,85123A,3.526486,multi_behavior_sequence
16369,M,3.487147,multi_behavior_sequence
16369,16014,3.458664,multi_behavior_sequence
16369,23035,3.11289,multi_behavior_sequence
16369,23132,3.055426,multi_behavior_sequence
16369,23321,3.019523,multi_behavior_sequence
16369,22675,2.803053,multi_behavior_sequence
16369,22904,2.789346,multi_behavior_sequence
16369,23243,2.778802,multi_behavior_sequence
16369,20685,2.626532,multi_behavior_sequence
16394,22998,3.51654,multi_behavior_sequence
16394,22909,3.493261,multi_behavior_sequence
16394,22382,3.307923,multi_behavior_sequence
16394,23005,3.306285,multi_behavior_sequence
16394,22188,3.187451,multi_behavior_sequence
16394,21874,3.180344,multi_behavior_sequence
16394,85123A,3.154547,multi_behavior_sequence
16394,22964,3.146307,multi_behavior_sequence
16394,M,3.123301,multi_behavior_sequence
16394,21231,3.079923,multi_behavior_sequence
16401,23256,2.367787,multi_behavior_sequence
16401,22382,2.037753,multi_behavior_sequence
16401,22630,1.912994,multi_behavior_sequence
16401,23191,1.902222,multi_behavior_sequence
16401,21733,1.870415,multi_behavior_sequence
16401,85123A,1.822384,multi_behavior_sequence
16401,22142,1.710652,multi_behavior_sequence
16401,85183B,1.707157,multi_behavior_sequence
16401,23322,1.689929,multi_behavior_sequence
16401,23207,1.676351,multi_behavior_sequence
16407,21874,3.465873,multi_behavior_sequence
16407,21326,3.450361,multi_behavior_sequence
16407,84946,3.391422,multi_behavior_sequence
16407,82582,3.232177,multi_behavior_sequence
16407,47566,3.203551,multi_behavior_sequence
16407,22470,3.099068,multi_behavior_sequence
16407,22413,3.09836,multi_behavior_sequence
16407,23534,3.045007,multi_behavior_sequence
16407,21166,3.019038,multi_behavior_sequence
16407,22507,2.971246,multi_behavior_sequence
16411,22940,2.94617,multi_behavior_sequence
16411,23084,2.835239,multi_behavior_sequence
16411,22178,2.805104,multi_behavior_sequence
16411,21313,2.718169,multi_behavior_sequence
16411,22423,2.677028,multi_behavior_sequence
16411,23371,2.643893,multi_behavior_sequence
16411,22810,2.641449,multi_behavior_sequence
16411,22139,2.629907,multi_behavior_sequence
16411,22947,2.619575,multi_behavior_sequence
16411,23201,2.59497,multi_behavior_sequence
16415,85099F,2.321994,multi_behavior_sequence
16415,82494L,2.14249,multi_behavior_sequence
16415,21174,1.991614,multi_behavior_sequence
16415,22729,1.900323,multi_behavior_sequence
16415,22663,1.887714,multi_behavior_sequence
16415,82484,1.827882,multi_behavior_sequence
16415,23485,1.758611,multi_behavior_sequence
16415,21770,1.731564,multi_behavior_sequence
16415,82583,1.653852,multi_behavior_sequence
16415,21210,1.63966,multi_behavior_sequence
16422,82483,2.123004,multi_behavior_sequence
16422,22568,1.862041,multi_behavior_sequence
16422,20970,1.732415,multi_behavior_sequence
16422,22693,1.705767,multi_behavior_sequence
16422,22565,1.652858,multi_behavior_sequence
16422,23420,1.603201,multi_behavior_sequence
16422,22161,1.577636,multi_behavior_sequence
16422,23396,1.546265,multi_behavior_sequence
16422,82482,1.51687,multi_behavior_sequence
16422,23247,1.508975,multi_behavior_sequence
16426,23238,2.634216,multi_behavior_sequence
16426,23236,2.595869,multi_behavior_sequence
16426,23382,2.549649,multi_behavior_sequence
16426,23084,2.487264,multi_behavior_sequence
16426,15056BL,2.385299,multi_behavior_sequence
16426,23194,2.369334,multi_behavior_sequence
16426,20679,2.360818,multi_behavior_sequence
16426,23320,2.255872,multi_behavior_sequence
16426,22554,2.221497,multi_behavior_sequence
16426,84991,2.198676,multi_behavior_sequence
16437,48194,3.605487,multi_behavior_sequence
16437,22469,3.401055,multi_behavior_sequence
16437,23344,3.352991,multi_behavior_sequence
16437,71477,3.26047,multi_behavior_sequence
16437,21990,3.077528,multi_behavior_sequence
16437,85099C,2.918645,multi_behavior_sequence
16437,22352,2.900352,multi_behavior_sequence
16437,84946,2.865201,multi_behavior_sequence
16437,22386,2.845946,multi_behavior_sequence
16437,22439,2.81813,multi_behavior_sequence
16442,23182,4.182382,multi_behavior_sequence
16442,20971,4.088751,multi_behavior_sequence
16442,23581,3.826847,multi_behavior_sequence
16442,82552,3.750738,multi_behavior_sequence
16442,21790,3.680346,multi_behavior_sequence
16442,21754,3.442393,multi_behavior_sequence
16442,71477,3.306226,multi_behavior_sequence
16442,23300,3.260661,multi_behavior_sequence
16442,22411,3.25196,multi_behavior_sequence
16442,23480,3.217048,multi_behavior_sequence
16458,23199,4.001266,multi_behavior_sequence
16458,82582,3.814332,multi_behavior_sequence
16458,85152,3.241296,multi_behavior_sequence
16458,21174,3.224863,multi_behavior_sequence
16458,23203,3.214731,multi_behavior_sequence
16458,23344,3.122891,multi_behavior_sequence
16458,23202,3.062119,multi_behavior_sequence
16458,23355,3.04875,multi_behavior_sequence
16458,21181,3.04245,multi_behavior_sequence
16458,84945,2.978667,multi_behavior_sequence
16466,23301,3.735183,multi_behavior_sequence
16466,85123A,3.66558,multi_behavior_sequence
16466,82552,3.182945,multi_behavior_sequence
16466,23322,3.063074,multi_behavior_sequence
16466,21770,3.009576,multi_behavior_sequence
16466,23182,3.008752,multi_behavior_sequence
16466,82582,2.978684,multi_behavior_sequence
16466,23321,2.898361,multi_behavior_sequence
16466,23100,2.763052,multi_behavior_sequence
16466,23504,2.737069,multi_behavior_sequence
16471,21166,1.599897,multi_behavior_sequence
16471,82582,1.383426,multi_behavior_sequence
16471,23076,1.350327,multi_behavior_sequence
16471,22960,1.236681,multi_behavior_sequence
16471,22112,1.215127,multi_behavior_sequence
16471,22469,1.165114,multi_behavior_sequence
16471,22961,1.147417,multi_behavior_sequence
16471,22804,1.143128,multi_behavior_sequence
16471,23170,1.109387,multi_behavior_sequence
16471,23012,1.06119,multi_behavior_sequence
16478,22617,3.613932,multi_behavior_sequence
16478,22866,3.612934,multi_behavior_sequence
16478,22139,3.338496,multi_behavior_sequence
16478,22865,3.151765,multi_behavior_sequence
16478,20971,3.127203,multi_behavior_sequence
16478,23084,3.088071,multi_behavior_sequence
16478,22632,2.827288,multi_behavior_sequence
16478,23234,2.802285,multi_behavior_sequence
16478,21985,2.742963,multi_behavior_sequence
16478,84030E,2.670675,multi_behavior_sequence
16497,85099C,3.386986,multi_behavior_sequence
16497,22941,3.257109,multi_behavior_sequence
16497,22423,3.131037,multi_behavior_sequence
16497,22086,2.997692,multi_behavior_sequence
16497,22492,2.978846,multi_behavior_sequence
16497,21623,2.960991,multi_behavior_sequence
16497,22114,2.922529,multi_behavior_sequence
16497,21481,2.890646,multi_behavior_sequence
16497,22600,2.88828,multi_behavior_sequence
16497,22138,2.870462,multi_behavior_sequence
16523,22386,4.860879,multi_behavior_sequence
16523,85099B,4.835171,multi_behavior_sequence
16523,22809,4.769734,multi_behavior_sequence
16523,22961,4.656843,multi_behavior_sequence
16523,84945,4.467578,multi_behavior_sequence
16523,85099C,4.444083,multi_behavior_sequence
16523,22469,4.337989,multi_behavior_sequence
16523,23247,4.266375,multi_behavior_sequence
16523,23534,4.124807,multi_behavior_sequence
16523,22720,4.010796,multi_behavior_sequence
16525,23355,4.179352,multi_behavior_sequence
16525,47566,3.731521,multi_behavior_sequence
16525,22469,3.71933,multi_behavior_sequence
16525,22178,3.551491,multi_behavior_sequence
16525,22114,3.173529,multi_behavior_sequence
16525,22961,3.108155,multi_behavior_sequence
16525,21770,3.007939,multi_behavior_sequence
16525,23534,2.942526,multi_behavior_sequence
16525,23322,2.882194,multi_behavior_sequence
16525,22111,2.849757,multi_behavior_sequence
16539,22993,4.063498,multi_behavior_sequence
16539,22720,3.6226,multi_behavior_sequence
16539,23355,3.373373,multi_behavior_sequence
16539,22727,3.317319,multi_behavior_sequence
16539,22961,3.058914,multi_behavior_sequence
16539,22352,3.048555,multi_behavior_sequence
16539,23108,3.005991,multi_behavior_sequence
16539,22423,2.936819,multi_behavior_sequence
16539,22653,2.904159,multi_behavior_sequence
16539,22960,2.876525,multi_behavior_sequence
16540,22950,2.384141,multi_behavior_sequence
16540,23332,2.36596,multi_behavior_sequence
16540,23321,2.301669,multi_behavior_sequence
16540,23334,2.246574,multi_behavior_sequence
16540,22602,2.245358,multi_behavior_sequence
16540,23273,2.185189,multi_behavior_sequence
16540,23322,2.177312,multi_behavior_sequence
16540,21390,1.977269,multi_behavior_sequence
16540,22487,1.891093,multi_behavior_sequence
16540,22142,1.791113,multi_behavior_sequence
16549,22469,3.004575,multi_behavior_sequence
16549,23200,2.900157,multi_behavior_sequence
16549,22423,2.670634,multi_behavior_sequence
16549,22383,2.659428,multi_behavior_sequence
16549,22720,2.636858,multi_behavior_sequence
16549,23355,2.589892,multi_behavior_sequence
16549,22382,2.56358,multi_behavior_sequence
16549,22112,2.532201,multi_behavior_sequence
16549,23206,2.460321,multi_behavior_sequence
16549,22904,2.426814,multi_behavior_sequence
16556,22818,1.836967,multi_behavior_sequence
16556,23322,1.800464,multi_behavior_sequence
16556,22766,1.760913,multi_behavior_sequence
16556,22726,1.738571,multi_behavior_sequence
16556,22193,1.65014,multi_behavior_sequence
16556,22139,1.635034,multi_behavior_sequence
16556,22728,1.626451,multi_behavior_sequence
16556,C2,1.615755,multi_behavior_sequence
16556,23093,1.598377,multi_behavior_sequence
16556,22487,1.505517,multi_behavior_sequence
16558,22720,4.588512,multi_behavior_sequence
16558,22144,4.246367,multi_behavior_sequence
16558,23293,4.190897,multi_behavior_sequence
16558,21704,4.006462,multi_behavior_sequence
16558,22993,3.721864,multi_behavior_sequence
16558,22727,3.610606,multi_behavior_sequence
16558,22961,3.558369,multi_behavior_sequence
16558,20723,3.381406,multi_behavior_sequence
16558,22141,3.370516,multi_behavior_sequence
16558,22178,3.366381,multi_behavior_sequence
16564,20679,2.035382,multi_behavior_sequence
16564,23504,1.948582,multi_behavior_sequence
16564,23236,1.92551,multi_behavior_sequence
16564,22352,1.889212,multi_behavior_sequence
16564,23198,1.883963,multi_behavior_sequence
16564,22739,1.872368,multi_behavior_sequence
16564,23501,1.851012,multi_behavior_sequence
16564,22274,1.759366,multi_behavior_sequence
16564,21790,1.752001,multi_behavior_sequence
16564,22727,1.717706,multi_behavior_sequence
16565,22766,1.612053,multi_behavior_sequence
16565,23074,1.601712,multi_behavior_sequence
16565,22236,1.543021,multi_behavior_sequence
16565,23456,1.506448,multi_behavior_sequence
16565,23349,1.473062,multi_behavior_sequence
16565,22722,1.471666,multi_behavior_sequence
16565,20970,1.430956,multi_behavior_sequence
16565,C2,1.422029,multi_behavior_sequence
16565,22470,1.411515,multi_behavior_sequence
16565,22592,1.393406,multi_behavior_sequence
16574,22720,5.546203,multi_behavior_sequence
16574,22727,5.524687,multi_behavior_sequence
16574,22728,5.378199,multi_behavior_sequence
16574,22726,4.911278,multi_behavior_sequence
16574,23489,4.610545,multi_behavior_sequence
16574,23493,4.510432,multi_behavior_sequence
16574,23382,4.431878,multi_behavior_sequence
16574,23240,4.193476,multi_behavior_sequence
16574,22983,4.062417,multi_behavior_sequence
16574,23343,4.008525,multi_behavior_sequence
16592,22835,2.825676,multi_behavior_sequence
16592,22382,2.78665,multi_behavior_sequence
16592,84947,2.697129,multi_behavior_sequence
16592,22457,2.589812,multi_behavior_sequence
16592,23356,2.576063,multi_behavior_sequence
16592,23355,2.41287,multi_behavior_sequence
16592,22469,2.369951,multi_behavior_sequence
16592,22075,2.321707,multi_behavior_sequence
16592,22197,2.306251,multi_behavior_sequence
16592,22960,2.302964,multi_behavior_sequence
16607,22720,3.931936,multi_behavior_sequence
16607,22989,3.497427,multi_behavior_sequence
16607,23293,3.189039,multi_behavior_sequence
16607,22722,3.053213,multi_behavior_sequence
16607,22086,2.99392,multi_behavior_sequence
16607,23203,2.94672,multi_behavior_sequence
16607,23247,2.911446,multi_behavior_sequence
16607,22866,2.858922,multi_behavior_sequence
16607,23439,2.777907,multi_behavior_sequence
16607,M,2.734412,multi_behavior_sequence
16609,22720,4.667745,multi_behavior_sequence
16609,22469,4.537774,multi_behavior_sequence
16609,23322,4.186706,multi_behavior_sequence
16609,20724,3.862798,multi_behavior_sequence
16609,23355,3.859165,multi_behavior_sequence
16609,22141,3.692053,multi_behavior_sequence
16609,22112,3.682398,multi_behavior_sequence
16609,23198,3.645767,multi_behavior_sequence
16609,22382,3.59853,multi_behavior_sequence
16609,22624,3.593018,multi_behavior_sequence
16618,22966,3.593616,multi_behavior_sequence
16618,85152,3.578676,multi_behavior_sequence
16618,23355,3.57523,multi_behavior_sequence
16618,84380,3.470368,multi_behavior_sequence
16618,22697,3.45305,multi_behavior_sequence
16618,22423,3.312312,multi_behavior_sequence
16618,23198,3.21842,multi_behavior_sequence
16618,22910,3.169506,multi_behavior_sequence
16618,22630,3.111332,multi_behavior_sequence
16618,20974,3.093266,multi_behavior_sequence
16628,22720,6.527633,multi_behavior_sequence
16628,22423,5.236735,multi_behavior_sequence
16628,22624,5.079283,multi_behavior_sequence
16628,22469,4.99244,multi_behavior_sequence
16628,22382,4.816831,multi_behavior_sequence
16628,22727,4.661227,multi_behavior_sequence
16628,22726,4.258031,multi_behavior_sequence
16628,23355,3.973268,multi_behavior_sequence
16628,22983,3.952318,multi_behavior_sequence
16628,22197,3.912475,multi_behavior_sequence
16648,23084,3.103615,multi_behavior_sequence
16648,22113,2.642061,multi_behavior_sequence
16648,23301,2.410174,multi_behavior_sequence
16648,22111,2.373836,multi_behavior_sequence
16648,22178,2.358789,multi_behavior_sequence
16648,23356,2.355854,multi_behavior_sequence
16648,21790,2.316985,multi_behavior_sequence
16648,22197,2.224247,multi_behavior_sequence
16648,22726,2.190583,multi_behavior_sequence
16648,23100,2.119696,multi_behavior_sequence
16657,21914,4.8705,multi_behavior_sequence
16657,22097,4.617764,multi_behavior_sequence
16657,23012,4.222393,multi_behavior_sequence
16657,23301,4.191492,multi_behavior_sequence
16657,23302,4.190857,multi_behavior_sequence
16657,22910,4.110075,multi_behavior_sequence
16657,22940,4.066133,multi_behavior_sequence
16657,22197,4.064112,multi_behavior_sequence
16657,21819,3.960641,multi_behavior_sequence
16657,22726,3.866474,multi_behavior_sequence
16661,84945,0.888114,multi_behavior_sequence
16661,22457,0.758625,multi_behavior_sequence
16661,22866,0.748675,multi_behavior_sequence
16661,22720,0.738092,multi_behavior_sequence
16661,84347,0.72565,multi_behavior_sequence
16661,22178,0.72281,multi_behavior_sequence
16661,84836,0.722398,multi_behavior_sequence
16661,22952,0.70985,multi_behavior_sequence
16661,23203,0.696787,multi_behavior_sequence
16661,22113,0.679513,multi_behavior_sequence
16667,84380,4.879468,multi_behavior_sequence
16667,23198,4.479159,multi_behavior_sequence
16667,23329,4.163826,multi_behavior_sequence
16667,23196,4.155544,multi_behavior_sequence
16667,22382,3.915446,multi_behavior_sequence
16667,22662,3.881353,multi_behavior_sequence
16667,23308,3.839728,multi_behavior_sequence
16667,23201,3.832858,multi_behavior_sequence
16667,23207,3.73709,multi_behavior_sequence
16667,22960,3.64978,multi_behavior_sequence
16668,23321,2.508192,multi_behavior_sequence
16668,21790,2.336307,multi_behavior_sequence
16668,23322,2.28636,multi_behavior_sequence
16668,POST,2.247994,multi_behavior_sequence
16668,22815,2.239417,multi_behavior_sequence
16668,23434,2.169125,multi_behavior_sequence
16668,23100,2.077111,multi_behavior_sequence
16668,85123A,2.07351,multi_behavior_sequence
16668,23503,2.070083,multi_behavior_sequence
16668,85049C,2.012716,multi_behavior_sequence
16670,22739,3.858551,multi_behavior_sequence
16670,23198,3.842937,multi_behavior_sequence
16670,22577,3.671055,multi_behavior_sequence
16670,23158,3.537054,multi_behavior_sequence
16670,22352,3.506955,multi_behavior_sequence
16670,23344,3.48382,multi_behavior_sequence
16670,22386,3.483816,multi_behavior_sequence
16670,22720,3.460414,multi_behavior_sequence
16670,23308,3.399261,multi_behavior_sequence
16670,22551,3.354572,multi_behavior_sequence
16679,82483,2.989785,multi_behavior_sequence
16679,21231,2.715409,multi_behavior_sequence
16679,22379,2.634477,multi_behavior_sequence
16679,22781,2.610078,multi_behavior_sequence
16679,23176,2.58091,multi_behavior_sequence
16679,22138,2.469051,multi_behavior_sequence
16679,21094,2.347022,multi_behavior_sequence
16679,20679,2.278681,multi_behavior_sequence
16679,21985,2.260946,multi_behavior_sequence
16679,23154,2.239759,multi_behavior_sequence
16681,84347,1.186447,multi_behavior_sequence
16681,POST,1.166452,multi_behavior_sequence
16681,22139,1.143522,multi_behavior_sequence
16681,23284,1.138218,multi_behavior_sequence
16681,23101,1.047042,multi_behavior_sequence
16681,21034,1.029222,multi_behavior_sequence
16681,23505,0.973272,multi_behavior_sequence
16681,22457,0.956573,multi_behavior_sequence
16681,84356,0.938325,multi_behavior_sequence
16681,23329,0.908318,multi_behavior_sequence
16684,23489,3.878793,multi_behavior_sequence
16684,23247,3.83585,multi_behavior_sequence
16684,22838,3.830604,multi_behavior_sequence
16684,22720,3.796668,multi_behavior_sequence
16684,23352,3.590836,multi_behavior_sequence
16684,21507,3.402028,multi_behavior_sequence
16684,23344,3.333829,multi_behavior_sequence
16684,23351,3.200225,multi_behavior_sequence
16684,22722,3.160989,multi_behavior_sequence
16684,84029E,3.152008,multi_behavior_sequence
16686,21790,3.7758,multi_behavior_sequence
16686,21791,3.43213,multi_behavior_sequence
16686,22466,3.320542,multi_behavior_sequence
16686,23084,2.962136,multi_behavior_sequence
16686,22619,2.618339,multi_behavior_sequence
16686,22940,2.614483,multi_behavior_sequence
16686,22632,2.55112,multi_behavior_sequence
16686,22492,2.527676,multi_behavior_sequence
16686,22274,2.495938,multi_behavior_sequence
16686,21507,2.461147,multi_behavior_sequence
16691,22469,2.55612,multi_behavior_sequence
16691,22666,2.135068,multi_behavior_sequence
16691,POST,2.096118,multi_behavior_sequence
16691,22694,1.990166,multi_behavior_sequence
16691,23198,1.956758,multi_behavior_sequence
16691,22961,1.927863,multi_behavior_sequence
16691,22294,1.890891,multi_behavior_sequence
16691,21166,1.889157,multi_behavior_sequence
16691,22697,1.876823,multi_behavior_sequence
16691,23119,1.806991,multi_behavior_sequence
16699,22139,2.408087,multi_behavior_sequence
16699,21791,1.842071,multi_behavior_sequence
16699,22699,1.816704,multi_behavior_sequence
16699,23103,1.757811,multi_behavior_sequence
16699,22274,1.70768,multi_behavior_sequence
16699,22907,1.69857,multi_behavior_sequence
16699,21790,1.679962,multi_behavior_sequence
16699,22749,1.635398,multi_behavior_sequence
16699,23332,1.617385,multi_behavior_sequence
16699,23322,1.58197,multi_behavior_sequence
16701,21034,2.585073,multi_behavior_sequence
16701,22138,2.089355,multi_behavior_sequence
16701,22139,2.001805,multi_behavior_sequence
16701,22621,1.947611,multi_behavior_sequence
16701,22866,1.900948,multi_behavior_sequence
16701,22619,1.868851,multi_behavior_sequence
16701,21790,1.858905,multi_behavior_sequence
16701,22178,1.83978,multi_behavior_sequence
16701,23328,1.800267,multi_behavior_sequence
16701,22386,1.764999,multi_behavior_sequence
16705,22139,2.112125,multi_behavior_sequence
16705,22138,1.931514,multi_behavior_sequence
16705,21985,1.749999,multi_behavior_sequence
16705,22178,1.737499,multi_behavior_sequence
16705,20972,1.586358,multi_behavior_sequence
16705,22749,1.534291,multi_behavior_sequence
16705,22469,1.424514,multi_behavior_sequence
16705,82482,1.386641,multi_behavior_sequence
16705,21791,1.386398,multi_behavior_sequence
16705,21034,1.377284,multi_behavior_sequence
16710,23319,5.085377,multi_behavior_sequence
16710,23198,4.835823,multi_behavior_sequence
16710,23236,4.737729,multi_behavior_sequence
16710,23108,4.39607,multi_behavior_sequence
16710,23293,4.375827,multi_behavior_sequence
16710,22577,4.199152,multi_behavior_sequence
16710,23171,4.121162,multi_behavior_sequence
16710,22910,3.9375,multi_behavior_sequence
16710,22666,3.886902,multi_behavior_sequence
16710,21754,3.8263,multi_behavior_sequence
16720,23094,1.211737,multi_behavior_sequence
16720,21642,1.179085,multi_behavior_sequence
16720,22309,1.147014,multi_behavior_sequence
16720,84997B,1.105672,multi_behavior_sequence
16720,22161,1.105215,multi_behavior_sequence
16720,22294,1.093511,multi_behavior_sequence
16720,22569,1.07601,multi_behavior_sequence
16720,21403,1.042502,multi_behavior_sequence
16720,22167,1.040444,multi_behavior_sequence
16720,85099F,1.033846,multi_behavior_sequence
16730,23247,6.119751,multi_behavior_sequence
16730,23344,5.597939,multi_behavior_sequence
16730,22386,5.540213,multi_behavior_sequence
16730,22469,5.516627,multi_behavior_sequence
16730,22729,5.326684,multi_behavior_sequence
16730,23202,5.309782,multi_behavior_sequence
16730,23581,5.15834,multi_behavior_sequence
16730,23203,4.791283,multi_behavior_sequence
16730,22727,4.74195,multi_behavior_sequence
16730,21231,4.720458,multi_behavior_sequence
16733,23422,1.551111,multi_behavior_sequence
16733,23393,1.530249,multi_behavior_sequence
16733,72800B,1.491184,multi_behavior_sequence
16733,84988,1.478034,multi_behavior_sequence
16733,21531,1.365555,multi_behavior_sequence
16733,21210,1.354158,multi_behavior_sequence
16733,21535,1.348863,multi_behavior_sequence
16733,22722,1.348678,multi_behavior_sequence
16733,35646,1.319513,multi_behavior_sequence
16733,23416,1.316946,multi_behavior_sequence
16742,85123A,2.490023,multi_behavior_sequence
16742,22672,2.281701,multi_behavior_sequence
16742,23321,2.161937,multi_behavior_sequence
16742,23091,2.005047,multi_behavior_sequence
16742,23243,1.922671,multi_behavior_sequence
16742,22487,1.845081,multi_behavior_sequence
16742,22698,1.80047,multi_behavior_sequence
16742,22675,1.777359,multi_behavior_sequence
16742,22465,1.71335,multi_behavior_sequence
16742,23407,1.70967,multi_behavior_sequence
16745,21733,4.413538,multi_behavior_sequence
16745,22112,4.324782,multi_behavior_sequence
16745,22469,3.882039,multi_behavior_sequence
16745,84029G,3.694833,multi_behavior_sequence
16745,22413,3.615516,multi_behavior_sequence
16745,22898,3.520639,multi_behavior_sequence
16745,84596F,3.494607,multi_behavior_sequence
16745,23094,3.357512,multi_behavior_sequence
16745,20974,3.346942,multi_behavior_sequence
16745,22423,3.338467,multi_behavior_sequence
16746,22382,1.51802,multi_behavior_sequence
16746,23209,1.217781,multi_behavior_sequence
16746,85099B,1.205284,multi_behavior_sequence
16746,21790,1.19711,multi_behavior_sequence
16746,23301,1.180892,multi_behavior_sequence
16746,23355,1.143538,multi_behavior_sequence
16746,22197,1.138515,multi_behavior_sequence
16746,23328,1.127008,multi_behavior_sequence
16746,23206,1.121287,multi_behavior_sequence
16746,23084,1.104446,multi_behavior_sequence
16754,22112,2.243675,multi_behavior_sequence
16754,22382,2.113469,multi_behavior_sequence
16754,20728,1.883901,multi_behavior_sequence
16754,22423,1.801074,multi_behavior_sequence
16754,23503,1.797615,multi_behavior_sequence
16754,21733,1.792192,multi_behavior_sequence
16754,23170,1.792078,multi_behavior_sequence
16754,23350,1.779134,multi_behavior_sequence
16754,23191,1.77525,multi_behavior_sequence
16754,22371,1.768024,multi_behavior_sequence
16759,22469,4.347072,multi_behavior_sequence
16759,23355,3.525768,multi_behavior_sequence
16759,22694,3.464732,multi_behavior_sequence
16759,22139,3.295761,multi_behavior_sequence
16759,22940,3.097436,multi_behavior_sequence
16759,23194,3.066736,multi_behavior_sequence
16759,22028,3.022518,multi_behavior_sequence
16759,22629,2.983438,multi_behavior_sequence
16759,20726,2.952617,multi_behavior_sequence
16759,85099B,2.909537,multi_behavior_sequence
16779,22469,3.499445,multi_behavior_sequence
16779,23076,3.056827,multi_behavior_sequence
16779,22961,2.812031,multi_behavior_sequence
16779,21733,2.772093,multi_behavior_sequence
16779,22112,2.719001,multi_behavior_sequence
16779,85152,2.587851,multi_behavior_sequence
16779,21907,2.583058,multi_behavior_sequence
16779,82582,2.507743,multi_behavior_sequence
16779,22577,2.463079,multi_behavior_sequence
16779,23119,2.381119,multi_behavior_sequence
16782,M,2.946129,multi_behavior_sequence
16782,22383,2.717818,multi_behavior_sequence
16782,22662,2.673948,multi_behavior_sequence
16782,23035,2.64742,multi_behavior_sequence
16782,23321,2.61939,multi_behavior_sequence
16782,85099B,2.554038,multi_behavior_sequence
16782,22413,2.501861,multi_behavior_sequence
16782,23132,2.486291,multi_behavior_sequence
16782,22384,2.457768,multi_behavior_sequence
16782,22904,2.382449,multi_behavior_sequence
16794,23322,5.507976,multi_behavior_sequence
16794,22423,4.571285,multi_behavior_sequence
16794,22624,4.494569,multi_behavior_sequence
16794,21733,4.099207,multi_behavior_sequence
16794,22630,4.078818,multi_behavior_sequence
16794,21809,4.061586,multi_behavior_sequence
16794,21770,3.895832,multi_behavior_sequence
16794,20725,3.862712,multi_behavior_sequence
16794,23243,3.826255,multi_behavior_sequence
16794,22983,3.789695,multi_behavior_sequence
16807,23206,2.58905,multi_behavior_sequence
16807,22662,2.366948,multi_behavior_sequence
16807,23426,2.342242,multi_behavior_sequence
16807,22383,2.231579,multi_behavior_sequence
16807,22720,2.223449,multi_behavior_sequence
16807,23203,2.157883,multi_behavior_sequence
16807,22112,2.154578,multi_behavior_sequence
16807,22469,2.058159,multi_behavior_sequence
16807,23209,2.057109,multi_behavior_sequence
16807,22139,2.038542,multi_behavior_sequence
16814,23322,3.205264,multi_behavior_sequence
16814,22898,3.205053,multi_behavior_sequence
16814,84029G,3.159743,multi_behavior_sequence
16814,21326,3.124071,multi_behavior_sequence
16814,47566,2.941288,multi_behavior_sequence
16814,20724,2.886746,multi_behavior_sequence
16814,22114,2.765986,multi_behavior_sequence
16814,22470,2.731991,multi_behavior_sequence
16814,22427,2.534809,multi_behavior_sequence
16814,22469,2.502708,multi_behavior_sequence
16816,23188,3.784054,multi_behavior_sequence
16816,20971,3.54292,multi_behavior_sequence
16816,21985,3.477964,multi_behavior_sequence
16816,20974,3.434648,multi_behavior_sequence
16816,22562,3.421642,multi_behavior_sequence
16816,20972,3.313239,multi_behavior_sequence
16816,22493,3.264002,multi_behavior_sequence
16816,21992,3.192143,multi_behavior_sequence
16816,22628,3.178406,multi_behavior_sequence
16816,22865,3.140323,multi_behavior_sequence
16818,23355,4.260099,multi_behavior_sequence
16818,85099B,4.249045,multi_behavior_sequence
16818,23202,4.063941,multi_behavior_sequence
16818,82578,3.928606,multi_behavior_sequence
16818,85099F,3.794787,multi_behavior_sequence
16818,23271,3.746376,multi_behavior_sequence
16818,21172,3.683346,multi_behavior_sequence
16818,23203,3.665906,multi_behavior_sequence
16818,23199,3.639368,multi_behavior_sequence
16818,47566,3.598068,multi_behavior_sequence
16823,85014A,2.84339,multi_behavior_sequence
16823,22469,2.703283,multi_behavior_sequence
16823,23345,2.472883,multi_behavior_sequence
16823,22749,2.464266,multi_behavior_sequence
16823,22750,2.439826,multi_behavior_sequence
16823,21833,2.348378,multi_behavior_sequence
16823,22556,2.294739,multi_behavior_sequence
16823,23500,2.265831,multi_behavior_sequence
16823,22622,2.251494,multi_behavior_sequence
16823,23119,2.226781,multi_behavior_sequence
16827,21314,2.430193,multi_behavior_sequence
16827,21122,2.042372,multi_behavior_sequence
16827,22600,1.99251,multi_behavior_sequence
16827,22027,1.860907,multi_behavior_sequence
16827,23331,1.831624,multi_behavior_sequence
16827,22470,1.77258,multi_behavior_sequence
16827,22950,1.733222,multi_behavior_sequence
16827,21121,1.716246,multi_behavior_sequence
16827,21499,1.707962,multi_behavior_sequence
16827,22995,1.703874,multi_behavior_sequence
16830,22139,3.674728,multi_behavior_sequence
16830,22138,3.080804,multi_behavior_sequence
16830,22469,2.715435,multi_behavior_sequence
16830,23322,2.53861,multi_behavior_sequence
16830,21874,2.386285,multi_behavior_sequence
16830,21733,2.262341,multi_behavior_sequence
16830,23399,2.212467,multi_behavior_sequence
16830,23206,2.164714,multi_behavior_sequence
16830,85099B,2.142202,multi_behavior_sequence
16830,23356,2.138655,multi_behavior_sequence
16832,22727,3.247236,multi_behavior_sequence
16832,22726,2.928227,multi_behavior_sequence
16832,22993,2.591351,multi_behavior_sequence
16832,22178,2.546591,multi_behavior_sequence
16832,22728,2.399619,multi_behavior_sequence
16832,22633,2.330768,multi_behavior_sequence
16832,23328,2.297376,multi_behavior_sequence
16832,23535,2.275528,multi_behavior_sequence
16832,22730,2.271509,multi_behavior_sequence
16832,23393,2.266871,multi_behavior_sequence
16841,23504,3.292282,multi_behavior_sequence
16841,22382,3.28871,multi_behavior_sequence
16841,23343,2.895587,multi_behavior_sequence
16841,22966,2.830544,multi_behavior_sequence
16841,23084,2.819431,multi_behavior_sequence
16841,22178,2.763004,multi_behavior_sequence
16841,23394,2.632979,multi_behavior_sequence
16841,23100,2.632925,multi_behavior_sequence
16841,22964,2.621886,multi_behavior_sequence
16841,22488,2.605992,multi_behavior_sequence
16843,21559,4.717237,multi_behavior_sequence
16843,22585,4.333673,multi_behavior_sequence
16843,23503,3.911506,multi_behavior_sequence
16843,22488,3.786904,multi_behavior_sequence
16843,22622,3.681971,multi_behavior_sequence
16843,22964,3.618401,multi_behavior_sequence
16843,22966,3.545237,multi_behavior_sequence
16843,20728,3.460634,multi_behavior_sequence
16843,22991,3.408274,multi_behavior_sequence
16843,20974,3.405803,multi_behavior_sequence
16860,23322,3.181415,multi_behavior_sequence
16860,23321,3.083047,multi_behavior_sequence
16860,23323,2.234429,multi_behavior_sequence
16860,84946,2.212395,multi_behavior_sequence
16860,22139,2.177459,multi_behavior_sequence
16860,23399,2.064175,multi_behavior_sequence
16860,23355,2.034854,multi_behavior_sequence
16860,82494L,2.002084,multi_behavior_sequence
16860,22720,1.996121,multi_behavior_sequence
16860,22952,1.965769,multi_behavior_sequence
16871,22382,3.598852,multi_behavior_sequence
16871,22469,3.327206,multi_behavior_sequence
16871,23426,3.218158,multi_behavior_sequence
16871,23355,3.193205,multi_behavior_sequence
16871,23203,3.162873,multi_behavior_sequence
16871,22114,3.116708,multi_behavior_sequence
16871,22457,2.896719,multi_behavior_sequence
16871,22112,2.878152,multi_behavior_sequence
16871,22727,2.767879,multi_behavior_sequence
16871,22835,2.762601,multi_behavior_sequence
16873,23284,4.976908,multi_behavior_sequence
16873,16161P,4.853799,multi_behavior_sequence
16873,84347,4.667892,multi_behavior_sequence
16873,23182,4.651452,multi_behavior_sequence
16873,20724,4.633939,multi_behavior_sequence
16873,22607,4.450074,multi_behavior_sequence
16873,84988,4.342599,multi_behavior_sequence
16873,23245,4.322734,multi_behavior_sequence
16873,23581,4.27213,multi_behavior_sequence
16873,23582,4.18953,multi_behavior_sequence
16883,22469,2.682285,multi_behavior_sequence
16883,22139,2.4978,multi_behavior_sequence
16883,22961,1.985492,multi_behavior_sequence
16883,48194,1.815544,multi_behavior_sequence
16883,22423,1.799196,multi_behavior_sequence
16883,23077,1.778889,multi_behavior_sequence
16883,20682,1.743598,multi_behavior_sequence
16883,22666,1.735037,multi_behavior_sequence
16883,22470,1.703807,multi_behavior_sequence
16883,22690,1.697439,multi_behavior_sequence
16887,85123A,2.685084,multi_behavior_sequence
16887,84945,2.294079,multi_behavior_sequence
16887,23321,2.250763,multi_behavior_sequence
16887,22457,2.250644,multi_behavior_sequence
16887,22961,2.090927,multi_behavior_sequence
16887,85099B,2.061122,multi_behavior_sequence
16887,21326,2.06096,multi_behavior_sequence
16887,21907,2.007185,multi_behavior_sequence
16887,M,1.987005,multi_behavior_sequence
16887,23322,1.972935,multi_behavior_sequence
16892,22423,4.936992,multi_behavior_sequence
16892,23355,4.368218,multi_behavior_sequence
16892,23293,4.138754,multi_behavior_sequence
16892,22382,4.069913,multi_behavior_sequence
16892,20724,3.821824,multi_behavior_sequence
16892,22966,3.820753,multi_behavior_sequence
16892,20974,3.774344,multi_behavior_sequence
16892,23301,3.670084,multi_behavior_sequence
16892,22197,3.64545,multi_behavior_sequence
16892,23196,3.620148,multi_behavior_sequence
16895,23439,4.351335,multi_behavior_sequence
16895,23202,4.256674,multi_behavior_sequence
16895,23247,4.161091,multi_behavior_sequence
16895,22727,4.106991,multi_behavior_sequence
16895,20724,4.033772,multi_behavior_sequence
16895,23356,3.90808,multi_behavior_sequence
16895,22411,3.88042,multi_behavior_sequence
16895,23581,3.819576,multi_behavior_sequence
16895,22838,3.818133,multi_behavior_sequence
16895,23351,3.806343,multi_behavior_sequence
16908,84997C,1.083289,multi_behavior_sequence
16908,22193,1.034412,multi_behavior_sequence
16908,23094,0.996185,multi_behavior_sequence
16908,22627,0.981147,multi_behavior_sequence
16908,23420,0.949955,multi_behavior_sequence
16908,22624,0.932016,multi_behavior_sequence
16908,21749,0.896083,multi_behavior_sequence
16908,21843,0.866499,multi_behavior_sequence
16908,23074,0.852005,multi_behavior_sequence
16908,23167,0.851188,multi_behavior_sequence
16912,22469,3.114908,multi_behavior_sequence
16912,23355,2.936822,multi_behavior_sequence
16912,22947,2.895903,multi_behavior_sequence
16912,82582,2.642861,multi_behavior_sequence
16912,23170,2.60375,multi_behavior_sequence
16912,21669,2.554778,multi_behavior_sequence
16912,22024,2.509473,multi_behavior_sequence
16912,84050,2.502738,multi_behavior_sequence
16912,21984,2.450177,multi_behavior_sequence
16912,22077,2.422024,multi_behavior_sequence
16919,22469,3.579748,multi_behavior_sequence
16919,21070,3.399472,multi_behavior_sequence
16919,82483,3.316191,multi_behavior_sequence
16919,23076,3.1974,multi_behavior_sequence
16919,21231,3.160842,multi_behavior_sequence
16919,84380,3.132425,multi_behavior_sequence
16919,23247,2.995796,multi_behavior_sequence
16919,82567,2.983647,multi_behavior_sequence
16919,20679,2.924961,multi_behavior_sequence
16919,22577,2.91754,multi_behavior_sequence
16923,22469,5.3178,multi_behavior_sequence
16923,23243,5.022491,multi_behavior_sequence
16923,22730,4.598516,multi_behavior_sequence
16923,22993,4.545224,multi_behavior_sequence
16923,22720,4.424775,multi_behavior_sequence
16923,22727,4.375584,multi_behavior_sequence
16923,23206,4.224887,multi_behavior_sequence
16923,22112,4.214468,multi_behavior_sequence
16923,22617,4.129234,multi_behavior_sequence
16923,82552,4.044497,multi_behavior_sequence
16928,22186,3.785439,multi_behavior_sequence
16928,21479,2.947378,multi_behavior_sequence
16928,85014A,2.929601,multi_behavior_sequence
16928,22805,2.915638,multi_behavior_sequence
16928,22749,2.765267,multi_behavior_sequence
16928,21207,2.68942,multi_behavior_sequence
16928,23094,2.656775,multi_behavior_sequence
16928,23198,2.445247,multi_behavior_sequence
16928,20974,2.413328,multi_behavior_sequence
16928,22167,2.405138,multi_behavior_sequence
16934,23205,5.432317,multi_behavior_sequence
16934,23322,4.664784,multi_behavior_sequence
16934,20724,3.978194,multi_behavior_sequence
16934,84029G,3.964981,multi_behavior_sequence
16934,POST,3.772667,multi_behavior_sequence
16934,23302,3.647276,multi_behavior_sequence
16934,22469,3.505666,multi_behavior_sequence
16934,21907,3.413142,multi_behavior_sequence
16934,22384,3.405225,multi_behavior_sequence
16934,23323,3.372674,multi_behavior_sequence
16945,23344,4.494774,multi_behavior_sequence
16945,23199,4.364799,multi_behavior_sequence
16945,84945,4.311006,multi_behavior_sequence
16945,22411,4.252944,multi_behavior_sequence
16945,21174,3.859143,multi_behavior_sequence
16945,22139,3.713878,multi_behavior_sequence
16945,23084,3.578239,multi_behavior_sequence
16945,22941,3.415776,multi_behavior_sequence
16945,22488,3.302732,multi_behavior_sequence
16945,23355,3.260184,multi_behavior_sequence
16946,20751,1.889537,multi_behavior_sequence
16946,23456,1.83486,multi_behavior_sequence
16946,23484,1.804846,multi_behavior_sequence
16946,21535,1.776843,multi_behavior_sequence
16946,22220,1.675391,multi_behavior_sequence
16946,22163,1.627377,multi_behavior_sequence
16946,15034,1.619556,multi_behavior_sequence
16946,22565,1.578992,multi_behavior_sequence
16946,23455,1.578252,multi_behavior_sequence
16946,85170C,1.577741,multi_behavior_sequence
16955,84945,3.239058,multi_behavior_sequence
16955,22952,2.670021,multi_behavior_sequence
16955,23100,2.575027,multi_behavior_sequence
16955,22728,2.368897,multi_behavior_sequence
16955,22551,2.271837,multi_behavior_sequence
16955,23489,2.216404,multi_behavior_sequence
16955,23321,2.213319,multi_behavior_sequence
16955,22086,2.196753,multi_behavior_sequence
16955,22950,2.177265,multi_behavior_sequence
16955,22411,2.141992,multi_behavior_sequence
16960,22697,4.301223,multi_behavior_sequence
16960,22423,4.207298,multi_behavior_sequence
16960,21790,3.973836,multi_behavior_sequence
16960,22727,3.730885,multi_behavior_sequence
16960,23240,3.643781,multi_behavior_sequence
16960,22144,3.505944,multi_behavior_sequence
16960,22866,3.296478,multi_behavior_sequence
16960,22720,3.295344,multi_behavior_sequence
16960,23236,3.254875,multi_behavior_sequence
16960,22751,3.243618,multi_behavior_sequence
16966,23100,3.008382,multi_behavior_sequence
16966,84997D,2.71093,multi_behavior_sequence
16966,23562,2.516314,multi_behavior_sequence
16966,22584,2.443174,multi_behavior_sequence
16966,21561,2.440026,multi_behavior_sequence
16966,23106,2.43046,multi_behavior_sequence
16966,23284,2.36849,multi_behavior_sequence
16966,22113,2.326159,multi_behavior_sequence
16966,23438,2.283757,multi_behavior_sequence
16966,23503,2.220448,multi_behavior_sequence
16977,22487,2.004895,multi_behavior_sequence
16977,23321,2.002417,multi_behavior_sequence
16977,84836,1.965605,multi_behavior_sequence
16977,22470,1.812001,multi_behavior_sequence
16977,23334,1.799741,multi_behavior_sequence
16977,23322,1.797178,multi_behavior_sequence
16977,M,1.652427,multi_behavior_sequence
16977,72802B,1.618788,multi_behavior_sequence
16977,22950,1.588315,multi_behavior_sequence
16977,22602,1.49967,multi_behavior_sequence
17019,23322,3.145599,multi_behavior_sequence
17019,22382,3.055953,multi_behavior_sequence
17019,23206,2.74892,multi_behavior_sequence
17019,23199,2.734087,multi_behavior_sequence
17019,21314,2.645926,multi_behavior_sequence
17019,22384,2.630724,multi_behavior_sequence
17019,22662,2.614783,multi_behavior_sequence
17019,20974,2.581755,multi_behavior_sequence
17019,23200,2.551972,multi_behavior_sequence
17019,85099F,2.548561,multi_behavior_sequence
17021,23344,3.184812,multi_behavior_sequence
17021,23084,2.945982,multi_behavior_sequence
17021,22720,2.933176,multi_behavior_sequence
17021,23581,2.881537,multi_behavior_sequence
17021,22727,2.717885,multi_behavior_sequence
17021,22197,2.580269,multi_behavior_sequence
17021,22726,2.525761,multi_behavior_sequence
17021,22423,2.483613,multi_behavior_sequence
17021,23202,2.476041,multi_behavior_sequence
17021,23247,2.435334,multi_behavior_sequence
17027,22423,3.659321,multi_behavior_sequence
17027,23243,3.340554,multi_behavior_sequence
17027,22727,3.178754,multi_behavior_sequence
17027,23355,3.157889,multi_behavior_sequence
17027,22961,3.122776,multi_behavior_sequence
17027,22624,3.045211,multi_behavior_sequence
17027,22469,3.040812,multi_behavior_sequence
17027,22726,2.918676,multi_behavior_sequence
17027,23293,2.915816,multi_behavior_sequence
17027,20718,2.867177,multi_behavior_sequence
17031,23439,4.750996,multi_behavior_sequence
17031,82583,4.671484,multi_behavior_sequence
17031,22662,4.475526,multi_behavior_sequence
17031,22469,4.301976,multi_behavior_sequence
17031,21874,4.276727,multi_behavior_sequence
17031,23206,4.270906,multi_behavior_sequence
17031,23247,4.254165,multi_behavior_sequence
17031,22382,4.072689,multi_behavior_sequence
17031,85099F,3.963286,multi_behavior_sequence
17031,82482,3.960379,multi_behavior_sequence
17033,23022,2.523922,multi_behavior_sequence
17033,22222,2.3331,multi_behavior_sequence
17033,21207,2.2201,multi_behavior_sequence
17033,22592,2.048837,multi_behavior_sequence
17033,21206,2.047224,multi_behavior_sequence
17033,21874,1.944202,multi_behavior_sequence
17033,23422,1.886294,multi_behavior_sequence
17033,20981,1.881134,multi_behavior_sequence
17033,21452,1.862608,multi_behavior_sequence
17033,22236,1.828812,multi_behavior_sequence
17034,22469,4.358632,multi_behavior_sequence
17034,22457,3.915078,multi_behavior_sequence
17034,21263,3.552801,multi_behavior_sequence
17034,23497,3.538613,multi_behavior_sequence
17034,22720,3.368054,multi_behavior_sequence
17034,22956,3.30611,multi_behavior_sequence
17034,23293,3.303516,multi_behavior_sequence
17034,22727,3.22394,multi_behavior_sequence
17034,22993,3.169677,multi_behavior_sequence
17034,23489,3.166718,multi_behavior_sequence
17041,23322,6.074238,multi_behavior_sequence
17041,23243,4.598366,multi_behavior_sequence
17041,22469,4.277915,multi_behavior_sequence
17041,20723,4.22719,multi_behavior_sequence
17041,21754,4.211079,multi_behavior_sequence
17041,23355,4.18747,multi_behavior_sequence
17041,20724,4.181521,multi_behavior_sequence
17041,22141,4.073269,multi_behavior_sequence
17041,82494L,4.070683,multi_behavior_sequence
17041,22112,4.032486,multi_behavior_sequence
17043,22720,3.717033,multi_behavior_sequence
17043,22139,3.16612,multi_behavior_sequence
17043,22423,3.055753,multi_behavior_sequence
17043,22138,2.970396,multi_behavior_sequence
17043,22178,2.703659,multi_behavior_sequence
17043,22086,2.685389,multi_behavior_sequence
17043,22989,2.626096,multi_behavior_sequence
17043,85036B,2.618309,multi_behavior_sequence
17043,47566,2.610287,multi_behavior_sequence
17043,23284,2.560487,multi_behavior_sequence
17044,21175,3.022368,multi_behavior_sequence
17044,85099B,2.896161,multi_behavior_sequence
17044,85099F,2.671601,multi_behavior_sequence
17044,22818,2.562113,multi_behavior_sequence
17044,84947,2.481399,multi_behavior_sequence
17044,82484,2.472772,multi_behavior_sequence
17044,21166,2.414144,multi_behavior_sequence
17044,23182,2.358482,multi_behavior_sequence
17044,23492,2.320812,multi_behavior_sequence
17044,23155,2.180467,multi_behavior_sequence
17047,22469,2.416213,multi_behavior_sequence
17047,22138,2.252801,multi_behavior_sequence
17047,23355,2.217398,multi_behavior_sequence
17047,22386,2.19827,multi_behavior_sequence
17047,22197,2.191368,multi_behavior_sequence
17047,22423,2.144484,multi_behavior_sequence
17047,23344,2.095154,multi_behavior_sequence
17047,20724,2.086851,multi_behavior_sequence
17047,22139,2.072611,multi_behavior_sequence
17047,22178,2.029787,multi_behavior_sequence
17050,23456,1.495233,multi_behavior_sequence
17050,84836,1.390254,multi_behavior_sequence
17050,37449,1.353241,multi_behavior_sequence
17050,22294,1.344712,multi_behavior_sequence
17050,22722,1.3201,multi_behavior_sequence
17050,21535,1.30267,multi_behavior_sequence
17050,21206,1.302594,multi_behavior_sequence
17050,23484,1.28767,multi_behavior_sequence
17050,22220,1.250953,multi_behavior_sequence
17050,21841,1.214948,multi_behavior_sequence
17065,22139,1.772798,multi_behavior_sequence
17065,22178,1.592726,multi_behavior_sequence
17065,22469,1.404009,multi_behavior_sequence
17065,22386,1.369907,multi_behavior_sequence
17065,82482,1.367165,multi_behavior_sequence
17065,47566,1.234702,multi_behavior_sequence
17065,85099B,1.226839,multi_behavior_sequence
17065,23301,1.165689,multi_behavior_sequence
17065,21212,1.152345,multi_behavior_sequence
17065,23199,1.146747,multi_behavior_sequence
17084,23084,2.069128,multi_behavior_sequence
17084,85099C,1.922704,multi_behavior_sequence
17084,22617,1.852512,multi_behavior_sequence
17084,22720,1.8148,multi_behavior_sequence
17084,22423,1.802015,multi_behavior_sequence
17084,21790,1.799107,multi_behavior_sequence
17084,21791,1.76116,multi_behavior_sequence
17084,23503,1.747757,multi_behavior_sequence
17084,22138,1.715843,multi_behavior_sequence
17084,20971,1.686371,multi_behavior_sequence
17088,84945,3.905271,multi_behavior_sequence
17088,21790,3.46944,multi_behavior_sequence
17088,22952,3.36362,multi_behavior_sequence
17088,22726,3.133063,multi_behavior_sequence
17088,22728,3.054952,multi_behavior_sequence
17088,22386,3.036903,multi_behavior_sequence
17088,20713,2.943104,multi_behavior_sequence
17088,21928,2.903867,multi_behavior_sequence
17088,22193,2.840828,multi_behavior_sequence
17088,84947,2.794611,multi_behavior_sequence
17091,23356,1.501842,multi_behavior_sequence
17091,22835,1.489063,multi_behavior_sequence
17091,23355,1.479493,multi_behavior_sequence
17091,85099B,1.392913,multi_behavior_sequence
17091,22720,1.386871,multi_behavior_sequence
17091,22961,1.386218,multi_behavior_sequence
17091,22382,1.331207,multi_behavior_sequence
17091,22197,1.326202,multi_behavior_sequence
17091,22469,1.275972,multi_behavior_sequence
17091,22960,1.275911,multi_behavior_sequence
17101,23084,5.007864,multi_behavior_sequence
17101,22382,3.845995,multi_behavior_sequence
17101,22728,3.619535,multi_behavior_sequence
17101,21914,3.607688,multi_behavior_sequence
17101,22865,3.554567,multi_behavior_sequence
17101,22727,3.549202,multi_behavior_sequence
17101,22726,3.454436,multi_behavior_sequence
17101,22144,3.361137,multi_behavior_sequence
17101,23344,3.355331,multi_behavior_sequence
17101,22960,3.353937,multi_behavior_sequence
17135,22993,2.716693,multi_behavior_sequence
17135,22961,2.556744,multi_behavior_sequence
17135,20914,2.501458,multi_behavior_sequence
17135,20719,2.324469,multi_behavior_sequence
17135,23293,2.293519,multi_behavior_sequence
17135,37449,2.253628,multi_behavior_sequence
17135,22469,2.247898,multi_behavior_sequence
17135,22910,2.160745,multi_behavior_sequence
17135,22423,2.152251,multi_behavior_sequence
17135,21166,2.147472,multi_behavior_sequence
17147,72800B,0.93032,multi_behavior_sequence
17147,20970,0.850885,multi_behavior_sequence
17147,72800E,0.833304,multi_behavior_sequence
17147,21314,0.826309,multi_behavior_sequence
17147,22178,0.82272,multi_behavior_sequence
17147,22139,0.81892,multi_behavior_sequence
17147,20751,0.80831,multi_behavior_sequence
17147,22186,0.806578,multi_behavior_sequence
17147,72799E,0.800954,multi_behavior_sequence
17147,37449,0.794232,multi_behavior_sequence
17172,23489,1.23654,multi_behavior_sequence
17172,22138,1.197368,multi_behavior_sequence
17172,21791,1.154938,multi_behavior_sequence
17172,22619,1.010296,multi_behavior_sequence
17172,22866,0.879888,multi_behavior_sequence
17172,23328,0.864761,multi_behavior_sequence
17172,22942,0.861784,multi_behavior_sequence
17172,20969,0.837321,multi_behavior_sequence
17172,21507,0.836369,multi_behavior_sequence
17172,23583,0.824832,multi_behavior_sequence
17180,POST,3.100762,multi_behavior_sequence
17180,23108,2.978112,multi_behavior_sequence
17180,23076,2.561263,multi_behavior_sequence
17180,23077,2.554573,multi_behavior_sequence
17180,23345,2.474731,multi_behavior_sequence
17180,20749,2.420579,multi_behavior_sequence
17180,21109,2.394055,multi_behavior_sequence
17180,23346,2.388949,multi_behavior_sequence
17180,23308,2.360285,multi_behavior_sequence
17180,22496,2.350807,multi_behavior_sequence
17191,85099B,1.956156,multi_behavior_sequence
17191,84945,1.639285,multi_behavior_sequence
17191,21928,1.551976,multi_behavior_sequence
17191,85099C,1.542913,multi_behavior_sequence
17191,22411,1.54102,multi_behavior_sequence
17191,22469,1.513081,multi_behavior_sequence
17191,23355,1.436669,multi_behavior_sequence
17191,23203,1.422421,multi_behavior_sequence
17191,23534,1.406028,multi_behavior_sequence
17191,23344,1.364235,multi_behavior_sequence
17204,23403,2.568854,multi_behavior_sequence
17204,23349,2.279184,multi_behavior_sequence
17204,23321,1.953486,multi_behavior_sequence
17204,22150,1.922418,multi_behavior_sequence
17204,48187,1.918322,multi_behavior_sequence
17204,22617,1.888496,multi_behavior_sequence
17204,23438,1.782759,multi_behavior_sequence
17204,22090,1.689294,multi_behavior_sequence
17204,22907,1.624675,multi_behavior_sequence
17204,71477,1.616415,multi_behavior_sequence
17214,23355,3.740052,multi_behavior_sequence
17214,22139,3.637487,multi_behavior_sequence
17214,82583,3.622602,multi_behavior_sequence
17214,85123A,3.456982,multi_behavior_sequence
17214,22384,3.421368,multi_behavior_sequence
17214,22907,3.309714,multi_behavior_sequence
17214,21080,3.157816,multi_behavior_sequence
17214,47566,3.157719,multi_behavior_sequence
17214,23301,3.12744,multi_behavior_sequence
17214,20728,3.111117,multi_behavior_sequence
17220,22749,2.400516,multi_behavior_sequence
17220,22138,2.285381,multi_behavior_sequence
17220,21985,2.185899,multi_behavior_sequence
17220,21790,2.106068,multi_behavior_sequence
17220,21982,2.076093,multi_behavior_sequence
17220,20725,1.989743,multi_behavior_sequence
17220,20972,1.96665,multi_behavior_sequence
17220,21314,1.958563,multi_behavior_sequence
17220,23434,1.902538,multi_behavior_sequence
17220,21731,1.899536,multi_behavior_sequence
17236,22720,5.543847,multi_behavior_sequence
17236,23293,5.524464,multi_behavior_sequence
17236,22961,4.862432,multi_behavior_sequence
17236,22838,4.518385,multi_behavior_sequence
17236,22607,4.433342,multi_behavior_sequence
17236,84947,4.385254,multi_behavior_sequence
17236,23294,4.297703,multi_behavior_sequence
17236,23101,4.283892,multi_behavior_sequence
17236,22457,4.263881,multi_behavior_sequence
17236,35970,4.029556,multi_behavior_sequence
17238,71477,5.324204,multi_behavior_sequence
17238,84347,5.074393,multi_behavior_sequence
17238,22111,4.845851,multi_behavior_sequence
17238,23581,4.775471,multi_behavior_sequence
17238,22139,4.577129,multi_behavior_sequence
17238,22178,4.475765,multi_behavior_sequence
17238,21915,4.231905,multi_behavior_sequence
17238,22551,4.099118,multi_behavior_sequence
17238,22086,4.056985,multi_behavior_sequence
17238,22386,4.056975,multi_behavior_sequence
17243,22423,6.257614,multi_behavior_sequence
17243,22720,6.244423,multi_behavior_sequence
17243,22624,5.544721,multi_behavior_sequence
17243,23439,5.542209,multi_behavior_sequence
17243,23247,5.383451,multi_behavior_sequence
17243,20718,5.160374,multi_behavior_sequence
17243,22865,5.114451,multi_behavior_sequence
17243,22383,5.003227,multi_behavior_sequence
17243,20727,4.754223,multi_behavior_sequence
17243,22197,4.717566,multi_behavior_sequence
17244,22492,2.501774,multi_behavior_sequence
17244,22634,2.055547,multi_behavior_sequence
17244,23007,2.004685,multi_behavior_sequence
17244,23280,1.987712,multi_behavior_sequence
17244,23342,1.904009,multi_behavior_sequence
17244,22722,1.901587,multi_behavior_sequence
17244,22554,1.842155,multi_behavior_sequence
17244,21934,1.804101,multi_behavior_sequence
17244,21791,1.800009,multi_behavior_sequence
17244,23238,1.786921,multi_behavior_sequence
17257,21843,1.762247,multi_behavior_sequence
17257,22220,1.743934,multi_behavior_sequence
17257,22496,1.714869,multi_behavior_sequence
17257,23294,1.702627,multi_behavior_sequence
17257,21841,1.642253,multi_behavior_sequence
17257,23456,1.591151,multi_behavior_sequence
17257,22692,1.500189,multi_behavior_sequence
17257,23407,1.497841,multi_behavior_sequence
17257,22722,1.467629,multi_behavior_sequence
17257,23089,1.453295,multi_behavior_sequence
17262,23091,1.12103,multi_behavior_sequence
17262,22487,1.035373,multi_behavior_sequence
17262,23321,1.02502,multi_behavior_sequence
17262,23302,1.019502,multi_behavior_sequence
17262,22470,1.015736,multi_behavior_sequence
17262,22593,1.007267,multi_behavior_sequence
17262,21166,1.001842,multi_behavior_sequence
17262,23322,0.979781,multi_behavior_sequence
17262,22952,0.950881,multi_behavior_sequence
17262,48138,0.931538,multi_behavior_sequence
17275,79066K,2.208469,multi_behavior_sequence
17275,22311,2.077181,multi_behavior_sequence
17275,23176,2.044276,multi_behavior_sequence
17275,23170,1.999275,multi_behavior_sequence
17275,21172,1.978832,multi_behavior_sequence
17275,23283,1.901555,multi_behavior_sequence
17275,23194,1.873862,multi_behavior_sequence
17275,22991,1.840814,multi_behavior_sequence
17275,22189,1.739332,multi_behavior_sequence
17275,23177,1.717847,multi_behavior_sequence
17289,22867,2.183124,multi_behavior_sequence
17289,85099F,2.119348,multi_behavior_sequence
17289,23209,1.957506,multi_behavior_sequence
17289,23182,1.907608,multi_behavior_sequence
17289,21790,1.700847,multi_behavior_sequence
17289,22556,1.694682,multi_behavior_sequence
17289,23200,1.670491,multi_behavior_sequence
17289,23328,1.619657,multi_behavior_sequence
17289,22623,1.608078,multi_behavior_sequence
17289,22274,1.599358,multi_behavior_sequence
17293,23203,3.890281,multi_behavior_sequence
17293,22961,3.773957,multi_behavior_sequence
17293,20679,3.691554,multi_behavior_sequence
17293,22720,3.291195,multi_behavior_sequence
17293,22835,3.266319,multi_behavior_sequence
17293,22457,3.183897,multi_behavior_sequence
17293,84947,3.161486,multi_behavior_sequence
17293,15056N,3.119767,multi_behavior_sequence
17293,23497,3.081385,multi_behavior_sequence
17293,23147,3.077073,multi_behavior_sequence
17306,23497,3.226077,multi_behavior_sequence
17306,23344,3.127313,multi_behavior_sequence
17306,23203,3.090465,multi_behavior_sequence
17306,23498,3.065076,multi_behavior_sequence
17306,22961,2.878248,multi_behavior_sequence
17306,22900,2.873846,multi_behavior_sequence
17306,84947,2.749873,multi_behavior_sequence
17306,23534,2.748701,multi_behavior_sequence
17306,23499,2.735126,multi_behavior_sequence
17306,23284,2.730126,multi_behavior_sequence
17307,22720,0.998808,multi_behavior_sequence
17307,23203,0.918168,multi_behavior_sequence
17307,85099B,0.905032,multi_behavior_sequence
17307,22086,0.890332,multi_behavior_sequence
17307,21231,0.886832,multi_behavior_sequence
17307,22961,0.882686,multi_behavior_sequence
17307,23201,0.881327,multi_behavior_sequence
17307,84945,0.880105,multi_behavior_sequence
17307,22960,0.877762,multi_behavior_sequence
17307,22457,0.877078,multi_behavior_sequence
17312,84347,2.964324,multi_behavior_sequence
17312,20914,2.568738,multi_behavior_sequence
17312,22199,2.295896,multi_behavior_sequence
17312,22203,2.295751,multi_behavior_sequence
17312,23320,2.170442,multi_behavior_sequence
17312,22178,2.132293,multi_behavior_sequence
17312,22224,2.12224,multi_behavior_sequence
17312,84997D,2.04749,multi_behavior_sequence
17312,22600,1.988426,multi_behavior_sequence
17312,22961,1.9641,multi_behavior_sequence
17314,22865,1.485109,multi_behavior_sequence
17314,23214,1.460567,multi_behavior_sequence
17314,84947,1.436386,multi_behavior_sequence
17314,22382,1.401734,multi_behavior_sequence
17314,23168,1.400038,multi_behavior_sequence
17314,22633,1.399512,multi_behavior_sequence
17314,22311,1.317682,multi_behavior_sequence
17314,22726,1.315892,multi_behavior_sequence
17314,22867,1.308967,multi_behavior_sequence
17314,21137,1.293049,multi_behavior_sequence
17315,48138,2.72059,multi_behavior_sequence
17315,85152,2.259509,multi_behavior_sequence
17315,20974,2.17617,multi_behavior_sequence
17315,23541,2.120279,multi_behavior_sequence
17315,22992,2.100451,multi_behavior_sequence
17315,23207,2.081873,multi_behavior_sequence
17315,22112,2.074569,multi_behavior_sequence
17315,22114,2.036705,multi_behavior_sequence
17315,22595,2.001496,multi_behavior_sequence
17315,23146,1.813932,multi_behavior_sequence
17338,21749,1.468287,multi_behavior_sequence
17338,85099F,1.410321,multi_behavior_sequence
17338,23094,1.398326,multi_behavior_sequence
17338,20969,1.341089,multi_behavior_sequence
17338,23023,1.3099,multi_behavior_sequence
17338,84997C,1.298653,multi_behavior_sequence
17338,23420,1.269052,multi_behavior_sequence
17338,22273,1.254645,multi_behavior_sequence
17338,20751,1.245446,multi_behavior_sequence
17338,21329,1.14588,multi_behavior_sequence
17340,22469,4.349133,multi_behavior_sequence
17340,21231,4.207424,multi_behavior_sequence
17340,22197,4.082119,multi_behavior_sequence
17340,21070,3.952799,multi_behavior_sequence
17340,84510A,3.899157,multi_behavior_sequence
17340,22114,3.818551,multi_behavior_sequence
17340,22645,3.794563,multi_behavior_sequence
17340,22910,3.772219,multi_behavior_sequence
17340,23271,3.672473,multi_behavior_sequence
17340,23541,3.611593,multi_behavior_sequence
17346,22423,1.928233,multi_behavior_sequence
17346,23206,1.858691,multi_behavior_sequence
17346,23113,1.814469,multi_behavior_sequence
17346,21981,1.792224,multi_behavior_sequence
17346,21985,1.737358,multi_behavior_sequence
17346,21791,1.70219,multi_behavior_sequence
17346,22138,1.697553,multi_behavior_sequence
17346,20972,1.65743,multi_behavior_sequence
17346,23200,1.654456,multi_behavior_sequence
17346,22614,1.647869,multi_behavior_sequence
17350,23503,4.50556,multi_behavior_sequence
17350,23188,3.824753,multi_behavior_sequence
17350,84347,3.790996,multi_behavior_sequence
17350,23382,3.704646,multi_behavior_sequence
17350,23284,3.665557,multi_behavior_sequence
17350,22624,3.609621,multi_behavior_sequence
17350,23207,3.438066,multi_behavior_sequence
17350,23170,3.433082,multi_behavior_sequence
17350,85099C,3.321162,multi_behavior_sequence
17350,22720,3.308467,multi_behavior_sequence
17353,20727,3.754988,multi_behavior_sequence
17353,22457,3.496978,multi_behavior_sequence
17353,23209,3.466985,multi_behavior_sequence
17353,22197,3.431416,multi_behavior_sequence
17353,85099B,3.329756,multi_behavior_sequence
17353,20728,3.264325,multi_behavior_sequence
17353,22112,3.198322,multi_behavior_sequence
17353,22193,3.169523,multi_behavior_sequence
17353,22728,3.117327,multi_behavior_sequence
17353,22835,3.110015,multi_behavior_sequence
17354,22727,4.940913,multi_behavior_sequence
17354,22720,4.792631,multi_behavior_sequence
17354,23355,4.401341,multi_behavior_sequence
17354,22865,4.249576,multi_behavior_sequence
17354,22382,4.172152,multi_behavior_sequence
17354,22577,3.937075,multi_behavior_sequence
17354,22728,3.921346,multi_behavior_sequence
17354,20724,3.882754,multi_behavior_sequence
17354,22624,3.847819,multi_behavior_sequence
17354,22423,3.801953,multi_behavior_sequence
17368,22138,1.590351,multi_behavior_sequence
17368,21206,1.099257,multi_behavior_sequence
17368,22749,1.061945,multi_behavior_sequence
17368,21985,0.998528,multi_behavior_sequence
17368,21314,0.996907,multi_behavior_sequence
17368,23551,0.960015,multi_behavior_sequence
17368,21982,0.909387,multi_behavior_sequence
17368,21791,0.900954,multi_behavior_sequence
17368,22178,0.892204,multi_behavior_sequence
17368,21922,0.865163,multi_behavior_sequence
17377,23344,3.940995,multi_behavior_sequence
17377,21790,3.834298,multi_behavior_sequence
17377,23343,3.557601,multi_behavior_sequence
17377,23100,3.454369,multi_behavior_sequence
17377,22551,3.416274,multi_behavior_sequence
17377,23503,3.37825,multi_behavior_sequence
17377,22411,3.236993,multi_behavior_sequence
17377,23301,3.21563,multi_behavior_sequence
17377,23084,3.201094,multi_behavior_sequence
17377,22633,3.193464,multi_behavior_sequence
17381,23236,3.391049,multi_behavior_sequence
17381,22697,3.267545,multi_behavior_sequence
17381,22720,3.080092,multi_behavior_sequence
17381,22865,3.065884,multi_behavior_sequence
17381,23240,2.995437,multi_behavior_sequence
17381,23319,2.870468,multi_behavior_sequence
17381,23293,2.815545,multi_behavior_sequence
17381,22423,2.710247,multi_behavior_sequence
17381,22086,2.688239,multi_behavior_sequence
17381,21704,2.653577,multi_behavior_sequence
17382,85130C,1.711788,multi_behavior_sequence
17382,21166,1.518319,multi_behavior_sequence
17382,22994,1.500645,multi_behavior_sequence
17382,22999,1.485179,multi_behavior_sequence
17382,22309,1.483606,multi_behavior_sequence
17382,22294,1.465945,multi_behavior_sequence
17382,16219,1.448393,multi_behavior_sequence
17382,23145,1.407671,multi_behavior_sequence
17382,22622,1.386066,multi_behavior_sequence
17382,21108,1.385106,multi_behavior_sequence
17389,22952,3.478544,multi_behavior_sequence
17389,22457,3.343466,multi_behavior_sequence
17389,23203,3.085036,multi_behavior_sequence
17389,82494L,3.075766,multi_behavior_sequence
17389,22197,3.014673,multi_behavior_sequence
17389,22086,2.95829,multi_behavior_sequence
17389,84945,2.924373,multi_behavior_sequence
17389,22818,2.865705,multi_behavior_sequence
17389,22114,2.864732,multi_behavior_sequence
17389,22607,2.860598,multi_behavior_sequence
17390,21832,2.641998,multi_behavior_sequence
17390,22950,2.615439,multi_behavior_sequence
17390,21174,2.505416,multi_behavior_sequence
17390,M,2.400232,multi_behavior_sequence
17390,23485,2.364076,multi_behavior_sequence
17390,84945,2.348736,multi_behavior_sequence
17390,20713,2.322653,multi_behavior_sequence
17390,21928,2.320709,multi_behavior_sequence
17390,22686,2.314447,multi_behavior_sequence
17390,84600,2.294267,multi_behavior_sequence
17402,23084,3.092676,multi_behavior_sequence
17402,23489,2.992156,multi_behavior_sequence
17402,22697,2.977703,multi_behavior_sequence
17402,85048,2.868096,multi_behavior_sequence
17402,22138,2.828144,multi_behavior_sequence
17402,21791,2.788055,multi_behavior_sequence
17402,21704,2.728377,multi_behavior_sequence
17402,23234,2.638877,multi_behavior_sequence
17402,23480,2.515034,multi_behavior_sequence
17402,22321,2.462937,multi_behavior_sequence
17406,84510A,3.332835,multi_behavior_sequence
17406,22470,3.00233,multi_behavior_sequence
17406,22904,2.992785,multi_behavior_sequence
17406,82486,2.977715,multi_behavior_sequence
17406,22961,2.87921,multi_behavior_sequence
17406,23534,2.726931,multi_behavior_sequence
17406,23203,2.604135,multi_behavior_sequence
17406,84946,2.562472,multi_behavior_sequence
17406,23275,2.532471,multi_behavior_sequence
17406,23247,2.519706,multi_behavior_sequence
17416,72760B,2.184987,multi_behavior_sequence
17416,22997,1.951077,multi_behavior_sequence
17416,22722,1.810842,multi_behavior_sequence
17416,22469,1.765857,multi_behavior_sequence
17416,23244,1.764776,multi_behavior_sequence
17416,21949,1.674052,multi_behavior_sequence
17416,20728,1.667509,multi_behavior_sequence
17416,22988,1.665469,multi_behavior_sequence
17416,21746,1.647026,multi_behavior_sequence
17416,23322,1.64598,multi_behavior_sequence
17421,85123A,3.474061,multi_behavior_sequence
17421,23503,3.242149,multi_behavior_sequence
17421,23084,3.154315,multi_behavior_sequence
17421,22992,3.14993,multi_behavior_sequence
17421,23100,3.049436,multi_behavior_sequence
17421,21174,2.894218,multi_behavior_sequence
17421,21790,2.854838,multi_behavior_sequence
17421,23301,2.691499,multi_behavior_sequence
17421,22113,2.660344,multi_behavior_sequence
17421,48138,2.57204,multi_behavior_sequence
17428,23243,3.181772,multi_behavior_sequence
17428,82583,2.952203,multi_behavior_sequence
17428,23426,2.805025,multi_behavior_sequence
17428,22624,2.728766,multi_behavior_sequence
17428,21803,2.602705,multi_behavior_sequence
17428,23331,2.506199,multi_behavior_sequence
17428,21108,2.488228,multi_behavior_sequence
17428,23298,2.413932,multi_behavior_sequence
17428,16156S,2.384665,multi_behavior_sequence
17428,22722,2.348833,multi_behavior_sequence
17429,23084,3.35062,multi_behavior_sequence
17429,22197,3.07518,multi_behavior_sequence
17429,23355,2.859906,multi_behavior_sequence
17429,84879,2.780978,multi_behavior_sequence
17429,23203,2.749453,multi_behavior_sequence
17429,23201,2.650037,multi_behavior_sequence
17429,47566,2.637701,multi_behavior_sequence
17429,22111,2.62226,multi_behavior_sequence
17429,82482,2.581634,multi_behavior_sequence
17429,22382,2.575039,multi_behavior_sequence
17430,23084,2.786211,multi_behavior_sequence
17430,23100,2.632524,multi_behavior_sequence
17430,23505,2.631112,multi_behavior_sequence
17430,84945,2.544648,multi_behavior_sequence
17430,22086,2.500925,multi_behavior_sequence
17430,23298,2.468872,multi_behavior_sequence
17430,22941,2.460673,multi_behavior_sequence
17430,22748,2.276252,multi_behavior_sequence
17430,22910,2.236037,multi_behavior_sequence
17430,21591,2.191201,multi_behavior_sequence
17434,22112,5.062488,multi_behavior_sequence
17434,23355,4.576158,multi_behavior_sequence
17434,22720,4.400552,multi_behavior_sequence
17434,85099B,4.303528,multi_behavior_sequence
17434,20724,4.051064,multi_behavior_sequence
17434,22577,3.874367,multi_behavior_sequence
17434,22469,3.76155,multi_behavior_sequence
17434,22960,3.708335,multi_behavior_sequence
17434,48194,3.613586,multi_behavior_sequence
17434,22328,3.597334,multi_behavior_sequence
17442,22720,4.830129,multi_behavior_sequence
17442,23084,4.661572,multi_behavior_sequence
17442,23298,4.410419,multi_behavior_sequence
17442,23202,4.376339,multi_behavior_sequence
17442,23344,4.097832,multi_behavior_sequence
17442,84945,3.84777,multi_behavior_sequence
17442,23581,3.821559,multi_behavior_sequence
17442,22086,3.615157,multi_behavior_sequence
17442,22728,3.5545,multi_behavior_sequence
17442,22411,3.522687,multi_behavior_sequence
17448,22804,1.97615,multi_behavior_sequence
17448,37449,1.890216,multi_behavior_sequence
17448,23215,1.86583,multi_behavior_sequence
17448,22469,1.715865,multi_behavior_sequence
17448,47566B,1.683474,multi_behavior_sequence
17448,22791,1.635971,multi_behavior_sequence
17448,23217,1.632122,multi_behavior_sequence
17448,21733,1.613827,multi_behavior_sequence
17448,22846,1.575661,multi_behavior_sequence
17448,23091,1.567438,multi_behavior_sequence
17449,23321,1.5467,multi_behavior_sequence
17449,22722,1.539836,multi_behavior_sequence
17449,84970S,1.428898,multi_behavior_sequence
17449,23456,1.41335,multi_behavior_sequence
17449,22220,1.338462,multi_behavior_sequence
17449,22464,1.306369,multi_behavior_sequence
17449,22284,1.279795,multi_behavior_sequence
17449,23252,1.243812,multi_behavior_sequence
17449,23484,1.235566,multi_behavior_sequence
17449,23407,1.231983,multi_behavior_sequence
17450,22727,4.672771,multi_behavior_sequence
17450,22720,4.480693,multi_behavior_sequence
17450,23355,4.412277,multi_behavior_sequence
17450,22726,4.042711,multi_behavior_sequence
17450,22197,4.0197,multi_behavior_sequence
17450,22624,3.895819,multi_behavior_sequence
17450,22423,3.83193,multi_behavior_sequence
17450,22382,3.769603,multi_behavior_sequence
17450,20724,3.720966,multi_behavior_sequence
17450,20727,3.487383,multi_behavior_sequence
17454,22382,1.62588,multi_behavior_sequence
17454,22469,1.457636,multi_behavior_sequence
17454,23209,1.350039,multi_behavior_sequence
17454,20726,1.219104,multi_behavior_sequence
17454,23206,1.209165,multi_behavior_sequence
17454,23203,1.202835,multi_behavior_sequence
17454,85099B,1.183755,multi_behavior_sequence
17454,22139,1.160686,multi_behavior_sequence
17454,22178,1.132024,multi_behavior_sequence
17454,22457,1.115051,multi_behavior_sequence
17466,22382,4.43708,multi_behavior_sequence
17466,23207,4.132808,multi_behavior_sequence
17466,85123A,4.068603,multi_behavior_sequence
17466,22730,3.930251,multi_behavior_sequence
17466,21733,3.90879,multi_behavior_sequence
17466,20727,3.897413,multi_behavior_sequence
17466,22992,3.781161,multi_behavior_sequence
17466,23355,3.772381,multi_behavior_sequence
17466,23290,3.603438,multi_behavior_sequence
17466,82552,3.56367,multi_behavior_sequence
17490,22720,4.344541,multi_behavior_sequence
17490,22469,3.300342,multi_behavior_sequence
17490,23247,3.244522,multi_behavior_sequence
17490,23355,3.116108,multi_behavior_sequence
17490,23426,3.090808,multi_behavior_sequence
17490,22423,2.882365,multi_behavior_sequence
17490,20718,2.846225,multi_behavior_sequence
17490,22139,2.839431,multi_behavior_sequence
17490,23293,2.74699,multi_behavior_sequence
17490,22178,2.726616,multi_behavior_sequence
17511,23298,3.1229,multi_behavior_sequence
17511,22114,2.977683,multi_behavior_sequence
17511,23356,2.940345,multi_behavior_sequence
17511,23199,2.853157,multi_behavior_sequence
17511,22111,2.688148,multi_behavior_sequence
17511,22662,2.661146,multi_behavior_sequence
17511,22086,2.589359,multi_behavior_sequence
17511,23355,2.546432,multi_behavior_sequence
17511,22112,2.507928,multi_behavior_sequence
17511,23301,2.432983,multi_behavior_sequence
17519,21258,2.167775,multi_behavior_sequence
17519,22568,2.019693,multi_behavior_sequence
17519,20970,1.928824,multi_behavior_sequence
17519,23349,1.895682,multi_behavior_sequence
17519,22236,1.676624,multi_behavior_sequence
17519,47566,1.656323,multi_behavior_sequence
17519,21498,1.642623,multi_behavior_sequence
17519,23455,1.581744,multi_behavior_sequence
17519,22722,1.552971,multi_behavior_sequence
17519,C2,1.494207,multi_behavior_sequence
17530,23198,4.48695,multi_behavior_sequence
17530,23199,4.002709,multi_behavior_sequence
17530,22659,3.98061,multi_behavior_sequence
17530,23319,3.797303,multi_behavior_sequence
17530,23308,3.777861,multi_behavior_sequence
17530,22114,3.776534,multi_behavior_sequence
17530,22630,3.615784,multi_behavior_sequence
17530,23100,3.582349,multi_behavior_sequence
17530,23504,3.578925,multi_behavior_sequence
17530,23298,3.517981,multi_behavior_sequence
17542,85099C,3.437551,multi_behavior_sequence
17542,23583,2.833498,multi_behavior_sequence
17542,23201,2.813768,multi_behavior_sequence
17542,23581,2.776916,multi_behavior_sequence
17542,85099B,2.655985,multi_behavior_sequence
17542,23287,2.648509,multi_behavior_sequence
17542,21485,2.612816,multi_behavior_sequence
17542,71477,2.529912,multi_behavior_sequence
17542,84077,2.515232,multi_behavior_sequence
17542,23103,2.494811,multi_behavior_sequence
17547,22867,1.48995,multi_behavior_sequence
17547,21790,1.466892,multi_behavior_sequence
17547,22952,1.428148,multi_behavior_sequence
17547,23328,1.408231,multi_behavior_sequence
17547,23321,1.388776,multi_behavior_sequence
17547,21507,1.308082,multi_behavior_sequence
17547,23301,1.305685,multi_behavior_sequence
17547,22950,1.267329,multi_behavior_sequence
17547,23322,1.256659,multi_behavior_sequence
17547,22728,1.248423,multi_behavior_sequence
17550,23451,2.091921,multi_behavior_sequence
17550,23022,2.058455,multi_behavior_sequence
17550,23314,1.856716,multi_behavior_sequence
17550,23489,1.852967,multi_behavior_sequence
17550,21636,1.661878,multi_behavior_sequence
17550,23333,1.627798,multi_behavior_sequence
17550,23453,1.604103,multi_behavior_sequence
17550,23487,1.554436,multi_behavior_sequence
17550,35646,1.519998,multi_behavior_sequence
17550,23013,1.510502,multi_behavior_sequence
17552,20971,2.133031,multi_behavior_sequence
17552,23503,1.863954,multi_behavior_sequence
17552,22622,1.844102,multi_behavior_sequence
17552,23382,1.787345,multi_behavior_sequence
17552,22585,1.716756,multi_behavior_sequence
17552,21990,1.665362,multi_behavior_sequence
17552,20974,1.655988,multi_behavior_sequence
17552,22699,1.629654,multi_behavior_sequence
17552,22750,1.56421,multi_behavior_sequence
17552,22749,1.550853,multi_behavior_sequence
17553,22910,1.260632,multi_behavior_sequence
17553,22423,1.257352,multi_behavior_sequence
17553,23084,1.218737,multi_behavior_sequence
17553,23355,1.215982,multi_behavior_sequence
17553,23201,1.154984,multi_behavior_sequence
17553,22382,1.146649,multi_behavior_sequence
17553,23298,1.144392,multi_behavior_sequence
17553,71477,1.127603,multi_behavior_sequence
17553,22178,1.123956,multi_behavior_sequence
17553,22960,1.094289,multi_behavior_sequence
17572,22672,3.296982,multi_behavior_sequence
17572,23402,2.826226,multi_behavior_sequence
17572,22675,2.642705,multi_behavior_sequence
17572,22698,2.540681,multi_behavior_sequence
17572,79302M,2.466793,multi_behavior_sequence
17572,22487,2.465744,multi_behavior_sequence
17572,21108,2.370397,multi_behavior_sequence
17572,22593,2.333187,multi_behavior_sequence
17572,84836,2.267094,multi_behavior_sequence
17572,82578,2.260451,multi_behavior_sequence
17591,85099F,3.250172,multi_behavior_sequence
17591,23165,3.085775,multi_behavior_sequence
17591,85123A,2.837449,multi_behavior_sequence
17591,22112,2.784081,multi_behavior_sequence
17591,84997B,2.720973,multi_behavior_sequence
17591,22992,2.642399,multi_behavior_sequence
17591,22082,2.571224,multi_behavior_sequence
17591,82578,2.532914,multi_behavior_sequence
17591,23146,2.476938,multi_behavior_sequence
17591,23167,2.474259,multi_behavior_sequence
17596,23298,2.458404,multi_behavior_sequence
17596,23301,2.340084,multi_behavior_sequence
17596,22178,2.151498,multi_behavior_sequence
17596,22910,2.087712,multi_behavior_sequence
17596,23581,1.977927,multi_behavior_sequence
17596,23355,1.879638,multi_behavior_sequence
17596,22150,1.868067,multi_behavior_sequence
17596,21899,1.862445,multi_behavior_sequence
17596,23356,1.83564,multi_behavior_sequence
17596,21770,1.818078,multi_behavior_sequence
17603,23321,0.852619,multi_behavior_sequence
17603,22139,0.848952,multi_behavior_sequence
17603,23103,0.787718,multi_behavior_sequence
17603,23456,0.777504,multi_behavior_sequence
17603,22749,0.773474,multi_behavior_sequence
17603,22624,0.741095,multi_behavior_sequence
17603,22138,0.737632,multi_behavior_sequence
17603,23322,0.721651,multi_behavior_sequence
17603,84836,0.703915,multi_behavior_sequence
17603,23420,0.701676,multi_behavior_sequence
17611,20974,2.668926,multi_behavior_sequence
17611,22488,2.565882,multi_behavior_sequence
17611,22585,2.517523,multi_behavior_sequence
17611,23301,2.467927,multi_behavior_sequence
17611,23503,2.359858,multi_behavior_sequence
17611,23344,2.325979,multi_behavior_sequence
17611,23504,2.078963,multi_behavior_sequence
17611,22077,2.040299,multi_behavior_sequence
17611,22569,1.980473,multi_behavior_sequence
17611,23199,1.93355,multi_behavior_sequence
17618,22139,4.140387,multi_behavior_sequence
17618,22138,3.661456,multi_behavior_sequence
17618,22469,3.109164,multi_behavior_sequence
17618,82483,2.939894,multi_behavior_sequence
17618,21034,2.842611,multi_behavior_sequence
17618,22423,2.791019,multi_behavior_sequence
17618,21731,2.760931,multi_behavior_sequence
17618,22178,2.673323,multi_behavior_sequence
17618,82482,2.654252,multi_behavior_sequence
17618,21985,2.641697,multi_behavior_sequence
17621,23344,4.710045,multi_behavior_sequence
17621,21974,3.835749,multi_behavior_sequence
17621,23247,3.771551,multi_behavior_sequence
17621,22560,3.732226,multi_behavior_sequence
17621,23581,3.65479,multi_behavior_sequence
17621,22900,3.598166,multi_behavior_sequence
17621,84347,3.472998,multi_behavior_sequence
17621,23480,3.328302,multi_behavior_sequence
17621,23293,3.312707,multi_behavior_sequence
17621,23369,3.274639,multi_behavior_sequence
17631,22139,3.539444,multi_behavior_sequence
17631,22469,3.091247,multi_behavior_sequence
17631,22749,2.347576,multi_behavior_sequence
17631,22027,2.293304,multi_behavior_sequence
17631,22470,2.265223,multi_behavior_sequence
17631,23390,2.258157,multi_behavior_sequence
17631,23322,2.181018,multi_behavior_sequence
17631,20725,2.030151,multi_behavior_sequence
17631,21922,2.026775,multi_behavior_sequence
17631,22142,2.022718,multi_behavior_sequence
17634,22835,5.369159,multi_behavior_sequence
17634,22112,4.54185,multi_behavior_sequence
17634,23355,4.509303,multi_behavior_sequence
17634,22114,4.401467,multi_behavior_sequence
17634,84029G,4.385003,multi_behavior_sequence
17634,20679,4.049812,multi_behavior_sequence
17634,23356,4.018186,multi_behavior_sequence
17634,20718,3.958892,multi_behavior_sequence
17634,22469,3.94749,multi_behavior_sequence
17634,21990,3.880197,multi_behavior_sequence
17639,21672,2.835378,multi_behavior_sequence
17639,21891,2.700248,multi_behavior_sequence
17639,22844,2.486199,multi_behavior_sequence
17639,82484,2.445899,multi_behavior_sequence
17639,82494L,2.348727,multi_behavior_sequence
17639,23439,2.298661,multi_behavior_sequence
17639,21907,2.278899,multi_behavior_sequence
17639,20727,2.24814,multi_behavior_sequence
17639,84510A,2.234066,multi_behavior_sequence
17639,22989,2.220902,multi_behavior_sequence
17651,20724,3.492713,multi_behavior_sequence
17651,22112,3.334799,multi_behavior_sequence
17651,22469,3.265255,multi_behavior_sequence
17651,23206,3.177487,multi_behavior_sequence
17651,22423,2.876907,multi_behavior_sequence
17651,22720,2.799279,multi_behavior_sequence
17651,85099C,2.791816,multi_behavior_sequence
17651,20727,2.612559,multi_behavior_sequence
17651,23205,2.591954,multi_behavior_sequence
17651,20718,2.562052,multi_behavior_sequence
17654,22771,2.832025,multi_behavior_sequence
17654,22846,2.591339,multi_behavior_sequence
17654,21212,2.575869,multi_behavior_sequence
17654,20974,2.503744,multi_behavior_sequence
17654,16014,2.487034,multi_behavior_sequence
17654,23076,2.413403,multi_behavior_sequence
17654,21733,2.284527,multi_behavior_sequence
17654,21326,2.254179,multi_behavior_sequence
17654,21669,2.21362,multi_behavior_sequence
17654,23132,2.164522,multi_behavior_sequence
17655,22961,4.438743,multi_behavior_sequence
17655,22720,4.193364,multi_behavior_sequence
17655,20719,3.995728,multi_behavior_sequence
17655,21833,3.819,multi_behavior_sequence
17655,23355,3.535146,multi_behavior_sequence
17655,84380,3.436927,multi_behavior_sequence
17655,20724,3.43464,multi_behavior_sequence
17655,22993,3.408416,multi_behavior_sequence
17655,21558,3.355669,multi_behavior_sequence
17655,47559B,3.321798,multi_behavior_sequence
17666,22139,3.817314,multi_behavior_sequence
17666,22386,2.990336,multi_behavior_sequence
17666,21314,2.681493,multi_behavior_sequence
17666,20682,2.64133,multi_behavior_sequence
17666,22138,2.511506,multi_behavior_sequence
17666,15039,2.319802,multi_behavior_sequence
17666,82578,2.171899,multi_behavior_sequence
17666,82482,2.160045,multi_behavior_sequence
17666,22791,2.156885,multi_behavior_sequence
17666,22294,2.128972,multi_behavior_sequence
17668,22666,3.623649,multi_behavior_sequence
17668,23293,3.425238,multi_behavior_sequence
17668,20724,3.370322,multi_behavior_sequence
17668,23247,3.273784,multi_behavior_sequence
17668,22469,3.202477,multi_behavior_sequence
17668,22141,3.200689,multi_behavior_sequence
17668,22989,3.151976,multi_behavior_sequence
17668,20723,3.128315,multi_behavior_sequence
17668,20718,3.106332,multi_behavior_sequence
17668,22961,3.064006,multi_behavior_sequence
17673,85099B,3.130764,multi_behavior_sequence
17673,85099F,2.875623,multi_behavior_sequence
17673,23199,2.421768,multi_behavior_sequence
17673,22992,2.274184,multi_behavior_sequence
17673,23322,2.257236,multi_behavior_sequence
17673,21733,2.242945,multi_behavior_sequence
17673,22737,2.202318,multi_behavior_sequence
17673,85123A,2.183182,multi_behavior_sequence
17673,21175,2.155337,multi_behavior_sequence
17673,22469,2.138242,multi_behavior_sequence
17675,22457,5.516524,multi_behavior_sequence
17675,22197,5.469812,multi_behavior_sequence
17675,82482,4.830599,multi_behavior_sequence
17675,22728,4.350212,multi_behavior_sequence
17675,85099F,4.261872,multi_behavior_sequence
17675,22273,4.243999,multi_behavior_sequence
17675,22383,4.147431,multi_behavior_sequence
17675,82494L,4.125286,multi_behavior_sequence
17675,20724,4.062251,multi_behavior_sequence
17675,23168,4.055349,multi_behavior_sequence
17676,22382,5.117356,multi_behavior_sequence
17676,20724,4.158284,multi_behavior_sequence
17676,23203,4.133245,multi_behavior_sequence
17676,84879,3.939138,multi_behavior_sequence
17676,22197,3.915429,multi_behavior_sequence
17676,20727,3.913561,multi_behavior_sequence
17676,23207,3.858365,multi_behavior_sequence
17676,23355,3.827758,multi_behavior_sequence
17676,23202,3.759802,multi_behavior_sequence
17676,22423,3.751095,multi_behavior_sequence
17677,20726,4.720336,multi_behavior_sequence
17677,22629,4.157333,multi_behavior_sequence
17677,20728,4.102547,multi_behavior_sequence
17677,85099C,4.023554,multi_behavior_sequence
17677,22382,3.901075,multi_behavior_sequence
17677,22662,3.765256,multi_behavior_sequence
17677,21181,3.730667,multi_behavior_sequence
17677,23199,3.680699,multi_behavior_sequence
17677,23076,3.621928,multi_behavior_sequence
17677,23200,3.57903,multi_behavior_sequence
17685,22457,2.486359,multi_behavior_sequence
17685,21034,2.447162,multi_behavior_sequence
17685,84945,2.311432,multi_behavior_sequence
17685,84947,2.292394,multi_behavior_sequence
17685,23500,2.243996,multi_behavior_sequence
17685,23203,2.187847,multi_behavior_sequence
17685,22720,2.172101,multi_behavior_sequence
17685,22952,1.950859,multi_behavior_sequence
17685,22866,1.887719,multi_behavior_sequence
17685,84347,1.854942,multi_behavior_sequence
17690,23298,3.695389,multi_behavior_sequence
17690,POST,3.67688,multi_behavior_sequence
17690,23319,3.268423,multi_behavior_sequence
17690,47566,3.107091,multi_behavior_sequence
17690,22114,3.097352,multi_behavior_sequence
17690,71477,2.959016,multi_behavior_sequence
17690,22423,2.908391,multi_behavior_sequence
17690,85099C,2.881781,multi_behavior_sequence
17690,21915,2.86883,multi_behavior_sequence
17690,20726,2.806477,multi_behavior_sequence
17694,84945,2.592765,multi_behavior_sequence
17694,46000S,2.422075,multi_behavior_sequence
17694,23113,2.365297,multi_behavior_sequence
17694,20972,2.291904,multi_behavior_sequence
17694,23500,2.198452,multi_behavior_sequence
17694,16161P,2.155683,multi_behavior_sequence
17694,21982,2.107826,multi_behavior_sequence
17694,22193,2.089833,multi_behavior_sequence
17694,22139,2.088361,multi_behavior_sequence
17694,20971,2.047762,multi_behavior_sequence
17706,85099F,1.560623,multi_behavior_sequence
17706,22488,1.309606,multi_behavior_sequence
17706,82578,1.27539,multi_behavior_sequence
17706,21733,1.269663,multi_behavior_sequence
17706,47566,1.231924,multi_behavior_sequence
17706,82582,1.217145,multi_behavior_sequence
17706,23035,1.17832,multi_behavior_sequence
17706,23199,1.148509,multi_behavior_sequence
17706,22782,1.147711,multi_behavior_sequence
17706,47566B,1.129761,multi_behavior_sequence
17714,23489,2.832976,multi_behavior_sequence
17714,22113,2.506276,multi_behavior_sequence
17714,22952,2.306528,multi_behavior_sequence
17714,22692,2.229007,multi_behavior_sequence
17714,22487,2.174648,multi_behavior_sequence
17714,23451,2.085389,multi_behavior_sequence
17714,23101,2.062823,multi_behavior_sequence
17714,72799C,2.057127,multi_behavior_sequence
17714,22465,2.038751,multi_behavior_sequence
17714,22457,2.025274,multi_behavior_sequence
17722,21668,2.793839,multi_behavior_sequence
17722,21672,2.781625,multi_behavior_sequence
17722,23298,2.247292,multi_behavior_sequence
17722,23356,2.21012,multi_behavior_sequence
17722,21080,2.199562,multi_behavior_sequence
17722,22176,2.187593,multi_behavior_sequence
17722,22607,2.114861,multi_behavior_sequence
17722,22320,2.101267,multi_behavior_sequence
17722,21874,2.075789,multi_behavior_sequence
17722,84375,2.04513,multi_behavior_sequence
17730,22469,4.335995,multi_behavior_sequence
17730,23247,4.2157,multi_behavior_sequence
17730,22720,4.199634,multi_behavior_sequence
17730,20724,4.018813,multi_behavior_sequence
17730,23355,3.826951,multi_behavior_sequence
17730,82583,3.598275,multi_behavior_sequence
17730,22727,3.563753,multi_behavior_sequence
17730,22993,3.460905,multi_behavior_sequence
17730,22960,3.430807,multi_behavior_sequence
17730,23274,3.311415,multi_behavior_sequence
17735,23355,4.981349,multi_behavior_sequence
17735,85123A,4.730816,multi_behavior_sequence
17735,21174,4.716673,multi_behavior_sequence
17735,20724,4.212451,multi_behavior_sequence
17735,21175,4.190631,multi_behavior_sequence
17735,82583,4.059524,multi_behavior_sequence
17735,23322,3.975388,multi_behavior_sequence
17735,23301,3.921056,multi_behavior_sequence
17735,21733,3.863788,multi_behavior_sequence
17735,82552,3.850731,multi_behavior_sequence
17754,23489,0.740776,multi_behavior_sequence
17754,23456,0.735629,multi_behavior_sequence
17754,22722,0.709507,multi_behavior_sequence
17754,84836,0.708517,multi_behavior_sequence
17754,22952,0.692014,multi_behavior_sequence
17754,22178,0.688331,multi_behavior_sequence
17754,23422,0.688324,multi_behavior_sequence
17754,22619,0.674471,multi_behavior_sequence
17754,84945,0.662794,multi_behavior_sequence
17754,37449,0.64469,multi_behavior_sequence
17757,22910,3.771863,multi_behavior_sequence
17757,22139,3.101734,multi_behavior_sequence
17757,23319,3.074622,multi_behavior_sequence
17757,23439,2.979223,multi_behavior_sequence
17757,22423,2.977658,multi_behavior_sequence
17757,22909,2.894652,multi_behavior_sequence
17757,23293,2.834995,multi_behavior_sequence
17757,82482,2.833781,multi_behavior_sequence
17757,82494L,2.796645,multi_behavior_sequence
17757,23394,2.791132,multi_behavior_sequence
17758,85123A,3.222363,multi_behavior_sequence
17758,82494L,2.727154,multi_behavior_sequence
17758,47566,2.68697,multi_behavior_sequence
17758,22508,2.684329,multi_behavior_sequence
17758,23355,2.672422,multi_behavior_sequence
17758,22992,2.667325,multi_behavior_sequence
17758,22386,2.543543,multi_behavior_sequence
17758,82552,2.538812,multi_behavior_sequence
17758,84879,2.509258,multi_behavior_sequence
17758,22178,2.461891,multi_behavior_sequence
17759,22151,2.364873,multi_behavior_sequence
17759,84836,2.322392,multi_behavior_sequence
17759,23243,2.234455,multi_behavior_sequence
17759,84707A,2.116917,multi_behavior_sequence
17759,21108,2.038229,multi_behavior_sequence
17759,16156S,1.983912,multi_behavior_sequence
17759,20719,1.971465,multi_behavior_sequence
17759,21988,1.967958,multi_behavior_sequence
17759,22624,1.939095,multi_behavior_sequence
17759,22722,1.841152,multi_behavior_sequence
17764,22909,2.516206,multi_behavior_sequence
17764,22952,2.436347,multi_behavior_sequence
17764,82482,2.389086,multi_behavior_sequence
17764,22800,2.345998,multi_behavior_sequence
17764,22729,2.321991,multi_behavior_sequence
17764,23367,2.281491,multi_behavior_sequence
17764,23002,2.242581,multi_behavior_sequence
17764,22457,2.207038,multi_behavior_sequence
17764,21015,2.162988,multi_behavior_sequence
17764,21326,2.135558,multi_behavior_sequence
17774,23355,3.826117,multi_behavior_sequence
17774,22910,3.699269,multi_behavior_sequence
17774,20728,3.603916,multi_behavior_sequence
17774,23329,3.441047,multi_behavior_sequence
17774,23306,3.323556,multi_behavior_sequence
17774,23243,3.265335,multi_behavior_sequence
17774,21899,3.225845,multi_behavior_sequence
17774,22112,3.211872,multi_behavior_sequence
17774,23171,3.155339,multi_behavior_sequence
17774,21915,3.093447,multi_behavior_sequence
17785,22910,3.60689,multi_behavior_sequence
17785,23256,3.551542,multi_behavior_sequence
17785,22385,3.550089,multi_behavior_sequence
17785,22139,3.548219,multi_behavior_sequence
17785,22086,3.503355,multi_behavior_sequence
17785,23355,3.487609,multi_behavior_sequence
17785,23301,3.408699,multi_behavior_sequence
17785,20974,3.403242,multi_behavior_sequence
17785,22423,3.346296,multi_behavior_sequence
17785,85123A,3.279632,multi_behavior_sequence
17799,84347,2.592831,multi_behavior_sequence
17799,22138,2.547009,multi_behavior_sequence
17799,21790,2.425019,multi_behavior_sequence
17799,22139,2.299394,multi_behavior_sequence
17799,23504,2.137299,multi_behavior_sequence
17799,85150,2.128773,multi_behavior_sequence
17799,23329,2.113623,multi_behavior_sequence
17799,22749,2.08122,multi_behavior_sequence
17799,22662,2.055699,multi_behavior_sequence
17799,22750,2.034631,multi_behavior_sequence
17800,22138,3.680331,multi_behavior_sequence
17800,22620,3.633593,multi_behavior_sequence
17800,21524,3.561415,multi_behavior_sequence
17800,22139,3.459691,multi_behavior_sequence
17800,23455,3.337419,multi_behavior_sequence
17800,22161,3.326404,multi_behavior_sequence
17800,23126,3.24124,multi_behavior_sequence
17800,22623,3.065398,multi_behavior_sequence
17800,22683,3.042965,multi_behavior_sequence
17800,22940,2.972268,multi_behavior_sequence
17809,22423,2.466464,multi_behavior_sequence
17809,23093,2.173964,multi_behavior_sequence
17809,22726,2.156297,multi_behavior_sequence
17809,22730,2.040531,multi_behavior_sequence
17809,22427,2.021737,multi_behavior_sequence
17809,22178,1.88652,multi_behavior_sequence
17809,22947,1.860211,multi_behavior_sequence
17809,22728,1.8292,multi_behavior_sequence
17809,22766,1.76857,multi_behavior_sequence
17809,22898,1.763595,multi_behavior_sequence
17811,22423,2.744913,multi_behavior_sequence
17811,22595,2.704747,multi_behavior_sequence
17811,23198,2.643331,multi_behavior_sequence
17811,23541,2.636023,multi_behavior_sequence
17811,21166,2.55193,multi_behavior_sequence
17811,23243,2.496753,multi_behavior_sequence
17811,23205,2.442421,multi_behavior_sequence
17811,22382,2.417767,multi_behavior_sequence
17811,22112,2.350469,multi_behavior_sequence
17811,22630,2.337941,multi_behavior_sequence
17817,22625,2.631089,multi_behavior_sequence
17817,22846,2.398203,multi_behavior_sequence
17817,22624,2.218556,multi_behavior_sequence
17817,23320,2.097072,multi_behavior_sequence
17817,22722,1.981426,multi_behavior_sequence
17817,20971,1.950426,multi_behavior_sequence
17817,21507,1.909028,multi_behavior_sequence
17817,23351,1.895018,multi_behavior_sequence
17817,23332,1.83724,multi_behavior_sequence
17817,22720,1.801113,multi_behavior_sequence
17837,22139,2.977329,multi_behavior_sequence
17837,22423,2.653565,multi_behavior_sequence
17837,21915,2.628248,multi_behavior_sequence
17837,22554,2.510169,multi_behavior_sequence
17837,22617,2.460981,multi_behavior_sequence
17837,22751,2.419996,multi_behavior_sequence
17837,22492,2.359936,multi_behavior_sequence
17837,22910,2.230939,multi_behavior_sequence
17837,82582,2.229363,multi_behavior_sequence
17837,22697,2.135973,multi_behavior_sequence
17841,23203,4.073046,multi_behavior_sequence
17841,22964,3.793393,multi_behavior_sequence
17841,23396,3.602417,multi_behavior_sequence
17841,20679,3.558881,multi_behavior_sequence
17841,22727,3.455786,multi_behavior_sequence
17841,84879,3.432209,multi_behavior_sequence
17841,23202,3.291942,multi_behavior_sequence
17841,22197,3.243098,multi_behavior_sequence
17841,22111,3.236173,multi_behavior_sequence
17841,22909,3.236061,multi_behavior_sequence
17850,84945,3.284261,multi_behavior_sequence
17850,23534,3.034304,multi_behavior_sequence
17850,22086,3.024376,multi_behavior_sequence
17850,M,2.880775,multi_behavior_sequence
17850,23247,2.860667,multi_behavior_sequence
17850,22961,2.860153,multi_behavior_sequence
17850,21326,2.651688,multi_behavior_sequence
17850,23331,2.584536,multi_behavior_sequence
17850,23330,2.569324,multi_behavior_sequence
17850,23203,2.564715,multi_behavior_sequence
17858,23534,2.250464,multi_behavior_sequence
17858,84945,2.165529,multi_behavior_sequence
17858,23402,1.815261,multi_behavior_sequence
17858,85066,1.797511,multi_behavior_sequence
17858,22791,1.725191,multi_behavior_sequence
17858,22470,1.713548,multi_behavior_sequence
17858,M,1.707351,multi_behavior_sequence
17858,22487,1.693418,multi_behavior_sequence
17858,21481,1.686663,multi_behavior_sequence
17858,23330,1.6717,multi_behavior_sequence
17861,22423,2.495689,multi_behavior_sequence
17861,22568,2.439303,multi_behavior_sequence
17861,22910,2.322426,multi_behavior_sequence
17861,23349,2.112161,multi_behavior_sequence
17861,82482,2.001623,multi_behavior_sequence
17861,47566,2.000462,multi_behavior_sequence
17861,22193,1.986127,multi_behavior_sequence
17861,22197,1.948912,multi_behavior_sequence
17861,84879,1.930427,multi_behavior_sequence
17861,22114,1.907508,multi_behavior_sequence
17862,22138,2.693168,multi_behavior_sequence
17862,21791,2.140409,multi_behavior_sequence
17862,22569,2.100351,multi_behavior_sequence
17862,20750,2.088743,multi_behavior_sequence
17862,23254,1.983815,multi_behavior_sequence
17862,22749,1.975993,multi_behavior_sequence
17862,22149,1.946769,multi_behavior_sequence
17862,21731,1.928409,multi_behavior_sequence
17862,22492,1.881245,multi_behavior_sequence
17862,22568,1.83752,multi_behavior_sequence
17863,22749,3.960668,multi_behavior_sequence
17863,22158,3.910277,multi_behavior_sequence
17863,22950,3.883718,multi_behavior_sequence
17863,22722,3.67658,multi_behavior_sequence
17863,22470,3.387837,multi_behavior_sequence
17863,21034,3.35068,multi_behavior_sequence
17863,22988,3.296614,multi_behavior_sequence
17863,23329,3.233968,multi_behavior_sequence
17863,22142,3.224246,multi_behavior_sequence
17863,22989,3.165943,multi_behavior_sequence
17865,84945,5.494244,multi_behavior_sequence
17865,22961,4.336989,multi_behavior_sequence
17865,23534,4.040697,multi_behavior_sequence
17865,23203,3.862715,multi_behavior_sequence
17865,21174,3.723456,multi_behavior_sequence
17865,22411,3.623509,multi_behavior_sequence
17865,22720,3.582123,multi_behavior_sequence
17865,46000S,3.562735,multi_behavior_sequence
17865,85099B,3.554333,multi_behavior_sequence
17865,M,3.240257,multi_behavior_sequence
17867,22749,2.655559,multi_behavior_sequence
17867,21791,2.624013,multi_behavior_sequence
17867,85071A,2.453293,multi_behavior_sequence
17867,23108,2.446183,multi_behavior_sequence
17867,22138,2.377962,multi_behavior_sequence
17867,22750,2.24906,multi_behavior_sequence
17867,85071D,2.247941,multi_behavior_sequence
17867,21207,2.175872,multi_behavior_sequence
17867,22619,2.151656,multi_behavior_sequence
17867,20981,2.141068,multi_behavior_sequence
17873,85099B,4.190848,multi_behavior_sequence
17873,23199,3.530829,multi_behavior_sequence
17873,23355,3.257354,multi_behavior_sequence
17873,82494L,3.168557,multi_behavior_sequence
17873,21175,3.047067,multi_behavior_sequence
17873,85099F,3.026474,multi_behavior_sequence
17873,23301,3.002164,multi_behavior_sequence
17873,22818,2.992908,multi_behavior_sequence
17873,23344,2.973,multi_behavior_sequence
17873,22909,2.941826,multi_behavior_sequence
17874,21749,2.470571,multi_behavior_sequence
17874,21642,2.386376,multi_behavior_sequence
17874,23402,2.2729,multi_behavior_sequence
17874,84012,2.136756,multi_behavior_sequence
17874,37449,2.058567,multi_behavior_sequence
17874,21504,2.050275,multi_behavior_sequence
17874,84800S,2.041647,multi_behavior_sequence
17874,22797,2.019632,multi_behavior_sequence
17874,22692,1.988728,multi_behavior_sequence
17874,85178,1.975587,multi_behavior_sequence
17880,22139,0.86735,multi_behavior_sequence
17880,22178,0.784776,multi_behavior_sequence
17880,22138,0.77939,multi_behavior_sequence
17880,23084,0.75843,multi_behavior_sequence
17880,21791,0.732741,multi_behavior_sequence
17880,22470,0.669746,multi_behavior_sequence
17880,20970,0.658936,multi_behavior_sequence
17880,21137,0.650941,multi_behavior_sequence
17880,23194,0.646676,multi_behavior_sequence
17880,84978,0.645697,multi_behavior_sequence
17888,22139,1.267445,multi_behavior_sequence
17888,22138,1.151321,multi_behavior_sequence
17888,21790,0.967726,multi_behavior_sequence
17888,84347,0.958741,multi_behavior_sequence
17888,23084,0.923548,multi_behavior_sequence
17888,22178,0.903564,multi_behavior_sequence
17888,22113,0.875288,multi_behavior_sequence
17888,23301,0.834262,multi_behavior_sequence
17888,22457,0.820625,multi_behavior_sequence
17888,23504,0.795941,multi_behavior_sequence
17889,84945,1.297564,multi_behavior_sequence
17889,37449,1.230237,multi_behavior_sequence
17889,21314,1.221047,multi_behavior_sequence
17889,20682,1.04042,multi_behavior_sequence
17889,23273,0.993248,multi_behavior_sequence
17889,21481,0.974691,multi_behavior_sequence
17889,21591,0.962,multi_behavior_sequence
17889,22188,0.933202,multi_behavior_sequence
17889,22192,0.90174,multi_behavior_sequence
17889,23334,0.85566,multi_behavior_sequence
17913,22865,4.935945,multi_behavior_sequence
17913,23209,4.389848,multi_behavior_sequence
17913,23196,4.067604,multi_behavior_sequence
17913,20725,3.99004,multi_behavior_sequence
17913,23439,3.958137,multi_behavior_sequence
17913,85099B,3.828285,multi_behavior_sequence
17913,22457,3.796218,multi_behavior_sequence
17913,23504,3.734404,multi_behavior_sequence
17913,22964,3.661778,multi_behavior_sequence
17913,23192,3.592635,multi_behavior_sequence
17920,22469,2.735546,multi_behavior_sequence
17920,21733,2.483213,multi_behavior_sequence
17920,82582,2.372043,multi_behavior_sequence
17920,85152,2.314715,multi_behavior_sequence
17920,84029G,2.276105,multi_behavior_sequence
17920,23355,2.165065,multi_behavior_sequence
17920,22961,2.131069,multi_behavior_sequence
17920,23199,2.032128,multi_behavior_sequence
17920,21908,2.020818,multi_behavior_sequence
17920,85049A,2.016461,multi_behavior_sequence
17923,23298,2.600394,multi_behavior_sequence
17923,84879,2.272639,multi_behavior_sequence
17923,22114,1.92076,multi_behavior_sequence
17923,23301,1.914303,multi_behavior_sequence
17923,21326,1.896274,multi_behavior_sequence
17923,22910,1.755947,multi_behavior_sequence
17923,22729,1.741962,multi_behavior_sequence
17923,21121,1.728116,multi_behavior_sequence
17923,22111,1.722214,multi_behavior_sequence
17923,22178,1.606555,multi_behavior_sequence
17928,21672,3.053732,multi_behavior_sequence
17928,20727,2.931691,multi_behavior_sequence
17928,23290,2.656875,multi_behavior_sequence
17928,23298,2.589172,multi_behavior_sequence
17928,82482,2.522116,multi_behavior_sequence
17928,23270,2.517644,multi_behavior_sequence
17928,22966,2.49044,multi_behavior_sequence
17928,22730,2.454443,multi_behavior_sequence
17928,21668,2.354916,multi_behavior_sequence
17928,82582,2.330439,multi_behavior_sequence
17932,22992,4.045472,multi_behavior_sequence
17932,22555,3.50025,multi_behavior_sequence
17932,22097,3.399745,multi_behavior_sequence
17932,22037,3.339522,multi_behavior_sequence
17932,23570,3.280182,multi_behavior_sequence
17932,23558,3.251767,multi_behavior_sequence
17932,23494,3.14803,multi_behavior_sequence
17932,23302,3.103946,multi_behavior_sequence
17932,48138,2.968042,multi_behavior_sequence
17932,22818,2.935651,multi_behavior_sequence
17949,23356,2.980981,multi_behavior_sequence
17949,22633,2.944102,multi_behavior_sequence
17949,23355,2.771529,multi_behavior_sequence
17949,22726,2.740337,multi_behavior_sequence
17949,23344,2.700745,multi_behavior_sequence
17949,22720,2.691466,multi_behavior_sequence
17949,85099B,2.642254,multi_behavior_sequence
17949,23084,2.566251,multi_behavior_sequence
17949,22457,2.53816,multi_behavior_sequence
17949,22728,2.53515,multi_behavior_sequence
17960,23382,4.255901,multi_behavior_sequence
17960,22138,4.133881,multi_behavior_sequence
17960,22617,3.364625,multi_behavior_sequence
17960,22699,3.294217,multi_behavior_sequence
17960,72800B,3.255524,multi_behavior_sequence
17960,21380,3.221672,multi_behavior_sequence
17960,21731,3.188313,multi_behavior_sequence
17960,22492,3.142888,multi_behavior_sequence
17960,22619,3.052978,multi_behavior_sequence
17960,21790,3.026046,multi_behavior_sequence
17961,84997C,3.123483,multi_behavior_sequence
17961,23170,2.413219,multi_behavior_sequence
17961,84997B,2.360313,multi_behavior_sequence
17961,23420,2.332726,multi_behavior_sequence
17961,23455,2.274398,multi_behavior_sequence
17961,21749,2.209054,multi_behavior_sequence
17961,23416,2.087356,multi_behavior_sequence
17961,84968D,1.990942,multi_behavior_sequence
17961,22449,1.943936,multi_behavior_sequence
17961,23116,1.921782,multi_behavior_sequence
17975,22075,3.933713,multi_behavior_sequence
17975,23214,3.890197,multi_behavior_sequence
17975,23080,3.669667,multi_behavior_sequence
17975,21787,3.501283,multi_behavior_sequence
17975,22727,3.456809,multi_behavior_sequence
17975,22835,3.213913,multi_behavior_sequence
17975,22960,3.197207,multi_behavior_sequence
17975,20679,3.187847,multi_behavior_sequence
17975,22382,3.116754,multi_behavior_sequence
17975,72741,3.071589,multi_behavior_sequence
17981,22865,3.372624,multi_behavior_sequence
17981,22423,3.365629,multi_behavior_sequence
17981,22629,3.054247,multi_behavior_sequence
17981,23439,3.031759,multi_behavior_sequence
17981,22633,3.014811,multi_behavior_sequence
17981,22697,3.014659,multi_behavior_sequence
17981,22720,2.960319,multi_behavior_sequence
17981,22810,2.936912,multi_behavior_sequence
17981,22699,2.817435,multi_behavior_sequence
17981,22727,2.811628,multi_behavior_sequence
18007,23503,2.481061,multi_behavior_sequence
18007,23308,2.257481,multi_behavior_sequence
18007,85123A,2.248014,multi_behavior_sequence
18007,21034,2.20659,multi_behavior_sequence
18007,23284,2.200603,multi_behavior_sequence
18007,23198,2.198686,multi_behavior_sequence
18007,22139,2.1955,multi_behavior_sequence
18007,M,2.07144,multi_behavior_sequence
18007,23320,2.013799,multi_behavior_sequence
18007,23329,2.009057,multi_behavior_sequence
18011,22810,2.570886,multi_behavior_sequence
18011,22139,2.188803,multi_behavior_sequence
18011,84347,2.069346,multi_behavior_sequence
18011,22386,2.0296,multi_behavior_sequence
18011,71477,1.97432,multi_behavior_sequence
18011,22983,1.89214,multi_behavior_sequence
18011,23192,1.884088,multi_behavior_sequence
18011,22469,1.826902,multi_behavior_sequence
18011,20725,1.826734,multi_behavior_sequence
18011,22178,1.800905,multi_behavior_sequence
18016,22457,4.904225,multi_behavior_sequence
18016,22909,4.111818,multi_behavior_sequence
18016,23203,4.087672,multi_behavior_sequence
18016,84947,3.93959,multi_behavior_sequence
18016,84347,3.935781,multi_behavior_sequence
18016,22086,3.901635,multi_behavior_sequence
18016,22720,3.891056,multi_behavior_sequence
18016,23293,3.890677,multi_behavior_sequence
18016,21790,3.801313,multi_behavior_sequence
18016,22979,3.688306,multi_behavior_sequence
18025,84997C,1.606801,multi_behavior_sequence
18025,85036C,1.571778,multi_behavior_sequence
18025,21224,1.492395,multi_behavior_sequence
18025,23456,1.467564,multi_behavior_sequence
18025,23074,1.427582,multi_behavior_sequence
18025,37449,1.396492,multi_behavior_sequence
18025,22332,1.383159,multi_behavior_sequence
18025,21749,1.347155,multi_behavior_sequence
18025,85054,1.304094,multi_behavior_sequence
18025,21746,1.296554,multi_behavior_sequence
18049,22722,2.947757,multi_behavior_sequence
18049,22798,2.48162,multi_behavior_sequence
18049,22457,2.45227,multi_behavior_sequence
18049,23422,2.394611,multi_behavior_sequence
18049,22952,2.323599,multi_behavior_sequence
18049,84029E,2.311738,multi_behavior_sequence
18049,84988,2.161221,multi_behavior_sequence
18049,21671,2.06401,multi_behavior_sequence
18049,22192,2.048432,multi_behavior_sequence
18049,84912A,2.044323,multi_behavior_sequence
18053,22617,2.11393,multi_behavior_sequence
18053,21791,1.874386,multi_behavior_sequence
18053,22138,1.788337,multi_behavior_sequence
18053,22466,1.768438,multi_behavior_sequence
18053,22423,1.764748,multi_behavior_sequence
18053,23084,1.756552,multi_behavior_sequence
18053,22635,1.718721,multi_behavior_sequence
18053,22629,1.651558,multi_behavior_sequence
18053,22492,1.65088,multi_behavior_sequence
18053,22940,1.621691,multi_behavior_sequence
18061,22952,2.217715,multi_behavior_sequence
18061,23321,2.089434,multi_behavior_sequence
18061,84978,2.030998,multi_behavior_sequence
18061,84836,1.983121,multi_behavior_sequence
18061,23100,1.939897,multi_behavior_sequence
18061,82494L,1.929027,multi_behavior_sequence
18061,23497,1.920898,multi_behavior_sequence
18061,21754,1.914577,multi_behavior_sequence
18061,23293,1.89789,multi_behavior_sequence
18061,85123A,1.887252,multi_behavior_sequence
18064,23199,2.742013,multi_behavior_sequence
18064,23203,2.609218,multi_behavior_sequence
18064,23581,2.597681,multi_behavior_sequence
18064,85099F,2.577248,multi_behavior_sequence
18064,23355,2.552827,multi_behavior_sequence
18064,84945,2.532896,multi_behavior_sequence
18064,23344,2.50632,multi_behavior_sequence
18064,21928,2.47774,multi_behavior_sequence
18064,22086,2.418791,multi_behavior_sequence
18064,21931,2.410507,multi_behavior_sequence
18065,23196,3.169331,multi_behavior_sequence
18065,22865,2.962612,multi_behavior_sequence
18065,21790,2.947143,multi_behavior_sequence
18065,22750,2.859334,multi_behavior_sequence
18065,22749,2.809798,multi_behavior_sequence
18065,22139,2.727682,multi_behavior_sequence
18065,22866,2.695263,multi_behavior_sequence
18065,21034,2.647864,multi_behavior_sequence
18065,23236,2.516777,multi_behavior_sequence
18065,23240,2.48661,multi_behavior_sequence
18075,85123A,2.597792,multi_behavior_sequence
18075,23321,2.408893,multi_behavior_sequence
18075,POST,2.355036,multi_behavior_sequence
18075,23322,2.354669,multi_behavior_sequence
18075,22086,2.142641,multi_behavior_sequence
18075,21326,2.063237,multi_behavior_sequence
18075,23284,2.059647,multi_behavior_sequence
18075,47566,2.050926,multi_behavior_sequence
18075,23077,1.968746,multi_behavior_sequence
18075,22121,1.934586,multi_behavior_sequence
18078,21791,3.747885,multi_behavior_sequence
18078,23234,2.856984,multi_behavior_sequence
18078,22815,2.787838,multi_behavior_sequence
18078,22812,2.658168,multi_behavior_sequence
18078,21314,2.45625,multi_behavior_sequence
18078,22619,2.423829,multi_behavior_sequence
18078,23570,2.399331,multi_behavior_sequence
18078,21508,2.391504,multi_behavior_sequence
18078,22621,2.389209,multi_behavior_sequence
18078,22321,2.360628,multi_behavior_sequence
18083,21790,3.557755,multi_behavior_sequence
18083,22866,3.255021,multi_behavior_sequence
18083,23328,3.12689,multi_behavior_sequence
18083,21034,2.94181,multi_behavior_sequence
18083,22138,2.929053,multi_behavior_sequence
18083,22178,2.898756,multi_behavior_sequence
18083,22727,2.769218,multi_behavior_sequence
18083,22457,2.745937,multi_behavior_sequence
18083,22633,2.693067,multi_behavior_sequence
18083,23403,2.583437,multi_behavior_sequence
18084,22139,3.220519,multi_behavior_sequence
18084,23084,2.776151,multi_behavior_sequence
18084,22138,2.687051,multi_behavior_sequence
18084,22382,2.632633,multi_behavior_sequence
18084,23301,2.531495,multi_behavior_sequence
18084,47566,2.428109,multi_behavior_sequence
18084,22178,2.401887,multi_behavior_sequence
18084,21928,2.387776,multi_behavior_sequence
18084,21931,2.356182,multi_behavior_sequence
18084,23203,2.333939,multi_behavior_sequence
18097,20718,4.192256,multi_behavior_sequence
18097,23247,4.037976,multi_behavior_sequence
18097,21874,3.977925,multi_behavior_sequence
18097,21070,3.869647,multi_behavior_sequence
18097,82583,3.6697,multi_behavior_sequence
18097,23202,3.579372,multi_behavior_sequence
18097,20724,3.566289,multi_behavior_sequence
18097,23426,3.433213,multi_behavior_sequence
18097,22961,3.271761,multi_behavior_sequence
18097,22413,3.208796,multi_behavior_sequence
18101,21535,1.677457,multi_behavior_sequence
18101,23422,1.458929,multi_behavior_sequence
18101,84931B,1.381881,multi_behavior_sequence
18101,23420,1.357093,multi_behavior_sequence
18101,21749,1.352905,multi_behavior_sequence
18101,21531,1.302488,multi_behavior_sequence
18101,23456,1.290584,multi_behavior_sequence
18101,84997C,1.256566,multi_behavior_sequence
18101,20751,1.244537,multi_behavior_sequence
18101,85036C,1.228761,multi_behavior_sequence
18102,23503,2.709925,multi_behavior_sequence
18102,22112,2.601537,multi_behavior_sequence
18102,23355,2.563845,multi_behavior_sequence
18102,23236,2.508438,multi_behavior_sequence
18102,22865,2.435638,multi_behavior_sequence
18102,22326,2.291444,multi_behavior_sequence
18102,22086,2.246856,multi_behavior_sequence
18102,22423,2.184847,multi_behavior_sequence
18102,23238,2.150629,multi_behavior_sequence
18102,POST,2.135673,multi_behavior_sequence
18105,23198,4.774179,multi_behavior_sequence
18105,22633,4.545526,multi_behavior_sequence
18105,23504,3.989383,multi_behavior_sequence
18105,22966,3.783551,multi_behavior_sequence
18105,22865,3.770999,multi_behavior_sequence
18105,21932,3.69155,multi_behavior_sequence
18105,22139,3.65057,multi_behavior_sequence
18105,22197,3.598897,multi_behavior_sequence
18105,82582,3.475486,multi_behavior_sequence
18105,22866,3.475302,multi_behavior_sequence
18106,22139,1.437437,multi_behavior_sequence
18106,23194,1.281542,multi_behavior_sequence
18106,20726,1.270892,multi_behavior_sequence
18106,POST,1.270215,multi_behavior_sequence
18106,22910,1.242928,multi_behavior_sequence
18106,22138,1.129266,multi_behavior_sequence
18106,22568,1.078278,multi_behavior_sequence
18106,23583,1.070316,multi_behavior_sequence
18106,22111,1.016543,multi_behavior_sequence
18106,20728,1.014148,multi_behavior_sequence
18109,23351,4.095131,multi_behavior_sequence
18109,22086,3.958431,multi_behavior_sequence
18109,22141,3.837045,multi_behavior_sequence
18109,23319,3.684124,multi_behavior_sequence
18109,23247,3.622767,multi_behavior_sequence
18109,22197,3.560307,multi_behavior_sequence
18109,22144,3.44377,multi_behavior_sequence
18109,22846,3.421158,multi_behavior_sequence
18109,23535,3.409868,multi_behavior_sequence
18109,23101,3.360316,multi_behavior_sequence
18116,22720,3.644785,multi_behavior_sequence
18116,22423,3.615713,multi_behavior_sequence
18116,22624,3.513433,multi_behavior_sequence
18116,23243,3.469543,multi_behavior_sequence
18116,22141,3.074705,multi_behavior_sequence
18116,23198,2.923996,multi_behavior_sequence
18116,22144,2.810159,multi_behavior_sequence
18116,22960,2.733673,multi_behavior_sequence
18116,22553,2.650533,multi_behavior_sequence
18116,20718,2.631192,multi_behavior_sequence
18118,22865,3.320616,multi_behavior_sequence
18118,22720,3.14753,multi_behavior_sequence
18118,23247,3.00113,multi_behavior_sequence
18118,21790,2.946209,multi_behavior_sequence
18118,22138,2.766477,multi_behavior_sequence
18118,22139,2.759105,multi_behavior_sequence
18118,22386,2.742397,multi_behavior_sequence
18118,22469,2.673705,multi_behavior_sequence
18118,22866,2.657052,multi_behavior_sequence
18118,22632,2.650107,multi_behavior_sequence
18119,23084,2.566549,multi_behavior_sequence
18119,21914,2.299592,multi_behavior_sequence
18119,23510,2.292196,multi_behavior_sequence
18119,23494,2.18451,multi_behavior_sequence
18119,22751,2.179792,multi_behavior_sequence
18119,23371,2.152914,multi_behavior_sequence
18119,22726,2.11426,multi_behavior_sequence
18119,23541,2.07589,multi_behavior_sequence
18119,22372,2.075386,multi_behavior_sequence
18119,22037,2.058624,multi_behavior_sequence
18125,47566,4.502129,multi_behavior_sequence
18125,22469,3.532459,multi_behavior_sequence
18125,21231,3.519001,multi_behavior_sequence
18125,22910,3.459405,multi_behavior_sequence
18125,22423,3.434235,multi_behavior_sequence
18125,23355,3.411877,multi_behavior_sequence
18125,84510A,3.13268,multi_behavior_sequence
18125,84879,3.110565,multi_behavior_sequence
18125,82582,3.020475,multi_behavior_sequence
18125,21070,2.882112,multi_behavior_sequence
18130,84879,3.530979,multi_behavior_sequence
18130,23201,3.102005,multi_behavior_sequence
18130,22964,3.061037,multi_behavior_sequence
18130,21990,3.034036,multi_behavior_sequence
18130,84380,2.98922,multi_behavior_sequence
18130,20679,2.987759,multi_behavior_sequence
18130,23541,2.98064,multi_behavior_sequence
18130,21172,2.916735,multi_behavior_sequence
18130,22111,2.914083,multi_behavior_sequence
18130,23504,2.905045,multi_behavior_sequence
18131,23084,1.122902,multi_behavior_sequence
18131,22113,1.070573,multi_behavior_sequence
18131,23382,1.006913,multi_behavior_sequence
18131,22941,0.988011,multi_behavior_sequence
18131,23407,0.978746,multi_behavior_sequence
18131,85123A,0.972042,multi_behavior_sequence
18131,23108,0.955847,multi_behavior_sequence
18131,21485,0.949603,multi_behavior_sequence
18131,21174,0.943065,multi_behavior_sequence
18131,22178,0.913482,multi_behavior_sequence
18135,22720,2.067665,multi_behavior_sequence
18135,22086,1.983312,multi_behavior_sequence
18135,84945,1.952116,multi_behavior_sequence
18135,22197,1.829525,multi_behavior_sequence
18135,23203,1.777029,multi_behavior_sequence
18135,23293,1.672376,multi_behavior_sequence
18135,22961,1.60268,multi_behavior_sequence
18135,22411,1.573638,multi_behavior_sequence
18135,23247,1.520575,multi_behavior_sequence
18135,23439,1.515707,multi_behavior_sequence
18136,22720,3.012743,multi_behavior_sequence
18136,22722,2.847769,multi_behavior_sequence
18136,82486,2.681415,multi_behavior_sequence
18136,84029E,2.646042,multi_behavior_sequence
18136,23320,2.591916,multi_behavior_sequence
18136,22193,2.549272,multi_behavior_sequence
18136,20717,2.50579,multi_behavior_sequence
18136,20724,2.440631,multi_behavior_sequence
18136,23203,2.416453,multi_behavior_sequence
18136,16161P,2.381516,multi_behavior_sequence
18142,23480,4.868788,multi_behavior_sequence
18142,23344,4.420345,multi_behavior_sequence
18142,23084,4.188657,multi_behavior_sequence
18142,23505,3.797985,multi_behavior_sequence
18142,23499,3.618914,multi_behavior_sequence
18142,22941,3.580921,multi_behavior_sequence
18142,22138,3.553161,multi_behavior_sequence
18142,22748,3.533453,multi_behavior_sequence
18142,23301,3.510517,multi_behavior_sequence
18142,23581,3.497755,multi_behavior_sequence
18144,20719,2.602185,multi_behavior_sequence
18144,23298,2.599346,multi_behavior_sequence
18144,23293,2.546593,multi_behavior_sequence
18144,22382,2.504126,multi_behavior_sequence
18144,23294,2.4465,multi_behavior_sequence
18144,22114,2.41528,multi_behavior_sequence
18144,22961,2.39069,multi_behavior_sequence
18144,22910,2.38325,multi_behavior_sequence
18144,22469,2.360626,multi_behavior_sequence
18144,22111,2.290195,multi_behavior_sequence
18151,22720,3.461763,multi_behavior_sequence
18151,22728,3.289339,multi_behavior_sequence
18151,23535,3.033542,multi_behavior_sequence
18151,22727,3.032216,multi_behavior_sequence
18151,23247,2.891039,multi_behavior_sequence
18151,22197,2.889323,multi_behavior_sequence
18151,22865,2.886781,multi_behavior_sequence
18151,20679,2.837117,multi_behavior_sequence
18151,23320,2.8336,multi_behavior_sequence
18151,23351,2.688193,multi_behavior_sequence
18168,22960,2.889944,multi_behavior_sequence
18168,22993,2.629453,multi_behavior_sequence
18168,20914,2.180413,multi_behavior_sequence
18168,22178,2.048202,multi_behavior_sequence
18168,21787,2.045196,multi_behavior_sequence
18168,22114,2.010574,multi_behavior_sequence
18168,23535,1.995468,multi_behavior_sequence
18168,23356,1.945992,multi_behavior_sequence
18168,23396,1.925096,multi_behavior_sequence
18168,20679,1.9176,multi_behavior_sequence
18172,21704,4.006028,multi_behavior_sequence
18172,22865,3.79723,multi_behavior_sequence
18172,21791,3.646573,multi_behavior_sequence
18172,21833,3.590949,multi_behavior_sequence
18172,22720,3.472292,multi_behavior_sequence
18172,23203,3.41081,multi_behavior_sequence
18172,20724,3.406359,multi_behavior_sequence
18172,21314,3.325545,multi_behavior_sequence
18172,22900,3.312974,multi_behavior_sequence
18172,22898,3.309992,multi_behavior_sequence
18177,23355,2.302115,multi_behavior_sequence
18177,22720,2.216415,multi_behavior_sequence
18177,85099B,2.08255,multi_behavior_sequence
18177,22111,2.07509,multi_behavior_sequence
18177,23581,2.040892,multi_behavior_sequence
18177,23298,2.037925,multi_behavior_sequence
18177,22469,2.030719,multi_behavior_sequence
18177,23344,1.949516,multi_behavior_sequence
18177,22382,1.942396,multi_behavior_sequence
18177,84347,1.930427,multi_behavior_sequence
18179,20718,2.615381,multi_behavior_sequence
18179,22469,2.516167,multi_behavior_sequence
18179,21212,2.495727,multi_behavior_sequence
18179,20724,2.458481,multi_behavior_sequence
18179,22178,2.426874,multi_behavior_sequence
18179,82583,2.418734,multi_behavior_sequence
18179,22139,2.388347,multi_behavior_sequence
18179,22961,2.361972,multi_behavior_sequence
18179,22835,2.260258,multi_behavior_sequence
18179,22457,2.23048,multi_behavior_sequence
18198,23322,3.716019,multi_behavior_sequence
18198,47566B,3.25021,multi_behavior_sequence
18198,22427,2.951013,multi_behavior_sequence
18198,23323,2.943184,multi_behavior_sequence
18198,22672,2.889082,multi_behavior_sequence
18198,22423,2.816988,multi_behavior_sequence
18198,23144,2.771933,multi_behavior_sequence
18198,23355,2.720892,multi_behavior_sequence
18198,22791,2.632974,multi_behavior_sequence
18198,82578,2.563472,multi_behavior_sequence
18218,20972,1.249702,multi_behavior_sequence
18218,22149,1.237224,multi_behavior_sequence
18218,23420,1.142273,multi_behavior_sequence
18218,20971,1.142107,multi_behavior_sequence
18218,21671,1.092134,multi_behavior_sequence
18218,22627,1.079569,multi_behavior_sequence
18218,22189,1.076228,multi_behavior_sequence
18218,22294,1.049442,multi_behavior_sequence
18218,85099B,1.04146,multi_behavior_sequence
18218,22867,1.040734,multi_behavior_sequence
18221,22697,4.564463,multi_behavior_sequence
18221,23240,3.580882,multi_behavior_sequence
18221,22423,3.480188,multi_behavior_sequence
18221,22629,3.46009,multi_behavior_sequence
18221,22726,3.45959,multi_behavior_sequence
18221,22940,3.437274,multi_behavior_sequence
18221,22077,3.434843,multi_behavior_sequence
18221,22197,3.423396,multi_behavior_sequence
18221,22751,3.267735,multi_behavior_sequence
18221,22865,3.160817,multi_behavior_sequence
18229,22457,4.211479,multi_behavior_sequence
18229,20727,4.204496,multi_behavior_sequence
18229,82583,4.032982,multi_behavior_sequence
18229,22727,3.973351,multi_behavior_sequence
18229,22865,3.872603,multi_behavior_sequence
18229,22112,3.803177,multi_behavior_sequence
18229,22197,3.78676,multi_behavior_sequence
18229,22964,3.726598,multi_behavior_sequence
18229,23355,3.664283,multi_behavior_sequence
18229,22730,3.65976,multi_behavior_sequence
18246,84945,1.250962,multi_behavior_sequence
18246,22470,1.200979,multi_behavior_sequence
18246,84836,1.083896,multi_behavior_sequence
18246,21314,1.079167,multi_behavior_sequence
18246,23321,1.018532,multi_behavior_sequence
18246,23322,0.971069,multi_behavior_sequence
18246,85099F,0.964695,multi_behavior_sequence
18246,22722,0.956494,multi_behavior_sequence
18246,M,0.955158,multi_behavior_sequence
18246,POST,0.950542,multi_behavior_sequence
18258,21642,2.496022,multi_behavior_sequence
18258,22585,2.127874,multi_behavior_sequence
18258,22622,2.034369,multi_behavior_sequence
18258,21791,1.931567,multi_behavior_sequence
18258,22570,1.837116,multi_behavior_sequence
18258,23175,1.80196,multi_behavior_sequence
18258,21395,1.791171,multi_behavior_sequence
18258,21749,1.787632,multi_behavior_sequence
18258,22531,1.775123,multi_behavior_sequence
18258,21088,1.754404,multi_behavior_sequence
18272,22720,4.906388,multi_behavior_sequence
18272,20679,3.464459,multi_behavior_sequence
18272,22423,3.176253,multi_behavior_sequence
18272,23355,3.130904,multi_behavior_sequence
18272,22838,3.048256,multi_behavior_sequence
18272,22727,3.04136,multi_behavior_sequence
18272,22094,3.034592,multi_behavior_sequence
18272,22141,3.027283,multi_behavior_sequence
18272,20724,2.994179,multi_behavior_sequence
18272,22910,2.980267,multi_behavior_sequence
18273,72802B,2.389974,multi_behavior_sequence
18273,22698,2.1262,multi_behavior_sequence
18273,23489,2.069971,multi_behavior_sequence
18273,22171,1.836836,multi_behavior_sequence
18273,20675,1.780937,multi_behavior_sequence
18273,23570,1.775066,multi_behavior_sequence
18273,21108,1.688769,multi_behavior_sequence
18273,21210,1.683106,multi_behavior_sequence
18273,23022,1.680541,multi_behavior_sequence
18273,23298,1.664251,multi_behavior_sequence
18274,23293,4.417095,multi_behavior_sequence
18274,23247,4.304087,multi_behavior_sequence
18274,22697,4.161005,multi_behavior_sequence
18274,22086,4.131844,multi_behavior_sequence
18274,23439,4.006157,multi_behavior_sequence
18274,22910,3.868578,multi_behavior_sequence
18274,20718,3.482037,multi_behavior_sequence
18274,23319,3.469323,multi_behavior_sequence
18274,22666,3.361499,multi_behavior_sequence
18274,22633,3.338715,multi_behavior_sequence
18281,23355,3.129177,multi_behavior_sequence
18281,22423,3.003016,multi_behavior_sequence
18281,22720,2.904884,multi_behavior_sequence
18281,22469,2.851697,multi_behavior_sequence
18281,22910,2.583016,multi_behavior_sequence
18281,22086,2.526431,multi_behavior_sequence
18281,22385,2.417058,multi_behavior_sequence
18281,22114,2.350788,multi_behavior_sequence
18281,22728,2.347063,multi_behavior_sequence
18281,84945,2.340446,multi_behavior_sequence
