customer_id,product_id,score,reason
12346,23084,73.252264,popular_item
12346,22086,60.454943,popular_item
12346,22720,55.763591,popular_item
12346,85099B,51.142855,popular_item
12346,23344,50.988289,popular_item
12346,23202,49.01615,popular_item
12346,22138,48.821645,popular_item
12346,23355,48.642373,popular_item
12346,23301,47.354162,popular_item
12346,23203,47.131138,popular_item
12347,23084,73.252264,popular_item
12347,22086,60.454943,popular_item
12347,22720,55.763591,popular_item
12347,85099B,51.142855,popular_item
12347,23344,50.988289,popular_item
12347,23202,49.01615,popular_item
12347,22138,48.821645,popular_item
12347,23355,48.642373,popular_item
12347,23301,47.354162,popular_item
12347,23203,47.131138,popular_item
12358,23084,73.252264,popular_item
12358,22086,60.454943,popular_item
12358,22720,55.763591,popular_item
12358,85099B,51.142855,popular_item
12358,23344,50.988289,popular_item
12358,23202,49.01615,popular_item
12358,22138,48.821645,popular_item
12358,23355,48.642373,popular_item
12358,23301,47.354162,popular_item
12358,23203,47.131138,popular_item
12359,23084,73.252264,popular_item
12359,22086,60.454943,popular_item
12359,85099B,51.142855,popular_item
12359,23344,50.988289,popular_item
12359,23202,49.01615,popular_item
12359,22138,48.821645,popular_item
12359,23355,48.642373,popular_item
12359,23301,47.354162,popular_item
12359,23203,47.131138,popular_item
12359,21790,45.295989,popular_item
12360,23084,73.252264,popular_item
12360,22086,60.454943,popular_item
12360,22720,55.763591,popular_item
12360,85099B,51.142855,popular_item
12360,23344,50.988289,popular_item
12360,23202,49.01615,popular_item
12360,22138,48.821645,popular_item
12360,23355,48.642373,popular_item
12360,23301,47.354162,popular_item
12360,23203,47.131138,popular_item
12362,23084,73.252264,popular_item
12362,22086,60.454943,popular_item
12362,22720,55.763591,popular_item
12362,85099B,51.142855,popular_item
12362,23344,50.988289,popular_item
12362,23202,49.01615,popular_item
12362,22138,48.821645,popular_item
12362,23355,48.642373,popular_item
12362,23301,47.354162,popular_item
12362,21790,45.295989,popular_item
12373,23084,73.252264,popular_item
12373,22086,60.454943,popular_item
12373,22720,55.763591,popular_item
12373,23344,50.988289,popular_item
12373,23202,49.01615,popular_item
12373,22138,48.821645,popular_item
12373,23355,48.642373,popular_item
12373,23301,47.354162,popular_item
12373,23203,47.131138,popular_item
12373,21790,45.295989,popular_item
12376,23084,73.252264,popular_item
12376,22086,60.454943,popular_item
12376,22720,55.763591,popular_item
12376,85099B,51.142855,popular_item
12376,23344,50.988289,popular_item
12376,23202,49.01615,popular_item
12376,22138,48.821645,popular_item
12376,23355,48.642373,popular_item
12376,23301,47.354162,popular_item
12376,23203,47.131138,popular_item
12377,23084,73.252264,popular_item
12377,22086,60.454943,popular_item
12377,22720,55.763591,popular_item
12377,85099B,51.142855,popular_item
12377,23344,50.988289,popular_item
12377,23202,49.01615,popular_item
12377,22138,48.821645,popular_item
12377,23355,48.642373,popular_item
12377,23301,47.354162,popular_item
12377,23203,47.131138,popular_item
12381,23084,73.252264,popular_item
12381,22086,60.454943,popular_item
12381,85099B,51.142855,popular_item
12381,23344,50.988289,popular_item
12381,23202,49.01615,popular_item
12381,22138,48.821645,popular_item
12381,23355,48.642373,popular_item
12381,23301,47.354162,popular_item
12381,23203,47.131138,popular_item
12381,21790,45.295989,popular_item
12388,23084,73.252264,popular_item
12388,22720,55.763591,popular_item
12388,85099B,51.142855,popular_item
12388,23344,50.988289,popular_item
12388,23202,49.01615,popular_item
12388,22138,48.821645,popular_item
12388,23355,48.642373,popular_item
12388,23301,47.354162,popular_item
12388,23203,47.131138,popular_item
12388,21790,45.295989,popular_item
12410,23084,73.252264,popular_item
12410,22086,60.454943,popular_item
12410,22720,55.763591,popular_item
12410,85099B,51.142855,popular_item
12410,23344,50.988289,popular_item
12410,23202,49.01615,popular_item
12410,22138,48.821645,popular_item
12410,23355,48.642373,popular_item
12410,23301,47.354162,popular_item
12410,23203,47.131138,popular_item
12413,23084,73.252264,popular_item
12413,22086,60.454943,popular_item
12413,22720,55.763591,popular_item
12413,23344,50.988289,popular_item
12413,23202,49.01615,popular_item
12413,23355,48.642373,popular_item
12413,23301,47.354162,popular_item
12413,23203,47.131138,popular_item
12413,21790,45.295989,popular_item
12413,22726,39.49505,popular_item
12423,23084,73.252264,popular_item
12423,22086,60.454943,popular_item
12423,22720,55.763591,popular_item
12423,85099B,51.142855,popular_item
12423,23344,50.988289,popular_item
12423,23202,49.01615,popular_item
12423,22138,48.821645,popular_item
12423,23355,48.642373,popular_item
12423,23301,47.354162,popular_item
12423,23203,47.131138,popular_item
12425,23084,73.252264,popular_item
12425,22086,60.454943,popular_item
12425,22720,55.763591,popular_item
12425,85099B,51.142855,popular_item
12425,23344,50.988289,popular_item
12425,23202,49.01615,popular_item
12425,22138,48.821645,popular_item
12425,23355,48.642373,popular_item
12425,23301,47.354162,popular_item
12425,23203,47.131138,popular_item
12429,23084,73.252264,popular_item
12429,22086,60.454943,popular_item
12429,22720,55.763591,popular_item
12429,85099B,51.142855,popular_item
12429,23344,50.988289,popular_item
12429,23202,49.01615,popular_item
12429,22138,48.821645,popular_item
12429,23355,48.642373,popular_item
12429,23301,47.354162,popular_item
12429,23203,47.131138,popular_item
12430,23084,73.252264,popular_item
12430,22086,60.454943,popular_item
12430,22720,55.763591,popular_item
12430,85099B,51.142855,popular_item
12430,23344,50.988289,popular_item
12430,23202,49.01615,popular_item
12430,22138,48.821645,popular_item
12430,23355,48.642373,popular_item
12430,23301,47.354162,popular_item
12430,23203,47.131138,popular_item
12439,23084,73.252264,popular_item
12439,22086,60.454943,popular_item
12439,22720,55.763591,popular_item
12439,85099B,51.142855,popular_item
12439,23344,50.988289,popular_item
12439,23202,49.01615,popular_item
12439,22138,48.821645,popular_item
12439,23355,48.642373,popular_item
12439,23301,47.354162,popular_item
12439,23203,47.131138,popular_item
12455,23084,73.252264,popular_item
12455,22086,60.454943,popular_item
12455,22720,55.763591,popular_item
12455,85099B,51.142855,popular_item
12455,23344,50.988289,popular_item
12455,23202,49.01615,popular_item
12455,22138,48.821645,popular_item
12455,23355,48.642373,popular_item
12455,23301,47.354162,popular_item
12455,23203,47.131138,popular_item
12471,23084,73.252264,popular_item
12471,22086,60.454943,popular_item
12471,22720,55.763591,popular_item
12471,85099B,51.142855,popular_item
12471,23344,50.988289,popular_item
12471,23202,49.01615,popular_item
12471,22138,48.821645,popular_item
12471,23355,48.642373,popular_item
12471,23301,47.354162,popular_item
12471,23203,47.131138,popular_item
12476,23084,73.252264,popular_item
12476,22086,60.454943,popular_item
12476,22720,55.763591,popular_item
12476,85099B,51.142855,popular_item
12476,23344,50.988289,popular_item
12476,23202,49.01615,popular_item
12476,22138,48.821645,popular_item
12476,23355,48.642373,popular_item
12476,23301,47.354162,popular_item
12476,23203,47.131138,popular_item
12482,23084,73.252264,popular_item
12482,22086,60.454943,popular_item
12482,22720,55.763591,popular_item
12482,85099B,51.142855,popular_item
12482,23344,50.988289,popular_item
12482,23202,49.01615,popular_item
12482,22138,48.821645,popular_item
12482,23355,48.642373,popular_item
12482,23301,47.354162,popular_item
12482,23203,47.131138,popular_item
12484,23084,73.252264,popular_item
12484,22086,60.454943,popular_item
12484,22720,55.763591,popular_item
12484,85099B,51.142855,popular_item
12484,23344,50.988289,popular_item
12484,23202,49.01615,popular_item
12484,22138,48.821645,popular_item
12484,23355,48.642373,popular_item
12484,23301,47.354162,popular_item
12484,23203,47.131138,popular_item
12490,22086,60.454943,popular_item
12490,22720,55.763591,popular_item
12490,23344,50.988289,popular_item
12490,23202,49.01615,popular_item
12490,22138,48.821645,popular_item
12490,23355,48.642373,popular_item
12490,23301,47.354162,popular_item
12490,21790,45.295989,popular_item
12490,22726,39.49505,popular_item
12490,23343,38.170125,popular_item
12493,23084,73.252264,popular_item
12493,22086,60.454943,popular_item
12493,22720,55.763591,popular_item
12493,85099B,51.142855,popular_item
12493,23344,50.988289,popular_item
12493,23202,49.01615,popular_item
12493,22138,48.821645,popular_item
12493,23355,48.642373,popular_item
12493,23301,47.354162,popular_item
12493,23203,47.131138,popular_item
12510,23084,73.252264,popular_item
12510,22086,60.454943,popular_item
12510,22720,55.763591,popular_item
12510,85099B,51.142855,popular_item
12510,23344,50.988289,popular_item
12510,23202,49.01615,popular_item
12510,22138,48.821645,popular_item
12510,23355,48.642373,popular_item
12510,23301,47.354162,popular_item
12510,23203,47.131138,popular_item
12551,23084,73.252264,popular_item
12551,22086,60.454943,popular_item
12551,22720,55.763591,popular_item
12551,23344,50.988289,popular_item
12551,23202,49.01615,popular_item
12551,22138,48.821645,popular_item
12551,23355,48.642373,popular_item
12551,23301,47.354162,popular_item
12551,23203,47.131138,popular_item
12551,21790,45.295989,popular_item
12553,23084,73.252264,popular_item
12553,22086,60.454943,popular_item
12553,22720,55.763591,popular_item
12553,23344,50.988289,popular_item
12553,22138,48.821645,popular_item
12553,23355,48.642373,popular_item
12553,23301,47.354162,popular_item
12553,23203,47.131138,popular_item
12553,21790,45.295989,popular_item
12553,22726,39.49505,popular_item
12561,23084,73.252264,popular_item
12561,22086,60.454943,popular_item
12561,22720,55.763591,popular_item
12561,85099B,51.142855,popular_item
12561,23344,50.988289,popular_item
12561,23202,49.01615,popular_item
12561,22138,48.821645,popular_item
12561,23355,48.642373,popular_item
12561,23301,47.354162,popular_item
12561,23203,47.131138,popular_item
12567,23084,73.252264,popular_item
12567,22086,60.454943,popular_item
12567,22720,55.763591,popular_item
12567,85099B,51.142855,popular_item
12567,23344,50.988289,popular_item
12567,23202,49.01615,popular_item
12567,22138,48.821645,popular_item
12567,23355,48.642373,popular_item
12567,23301,47.354162,popular_item
12567,23203,47.131138,popular_item
12569,23084,73.252264,popular_item
12569,22086,60.454943,popular_item
12569,22720,55.763591,popular_item
12569,85099B,51.142855,popular_item
12569,23344,50.988289,popular_item
12569,23202,49.01615,popular_item
12569,22138,48.821645,popular_item
12569,23355,48.642373,popular_item
12569,23301,47.354162,popular_item
12569,23203,47.131138,popular_item
12576,23084,73.252264,popular_item
12576,22086,60.454943,popular_item
12576,22720,55.763591,popular_item
12576,85099B,51.142855,popular_item
12576,23344,50.988289,popular_item
12576,23202,49.01615,popular_item
12576,22138,48.821645,popular_item
12576,23355,48.642373,popular_item
12576,23301,47.354162,popular_item
12576,23203,47.131138,popular_item
12583,23084,73.252264,popular_item
12583,22086,60.454943,popular_item
12583,22720,55.763591,popular_item
12583,85099B,51.142855,popular_item
12583,23344,50.988289,popular_item
12583,23202,49.01615,popular_item
12583,22138,48.821645,popular_item
12583,23355,48.642373,popular_item
12583,23301,47.354162,popular_item
12583,23203,47.131138,popular_item
12584,23084,73.252264,popular_item
12584,22086,60.454943,popular_item
12584,85099B,51.142855,popular_item
12584,23344,50.988289,popular_item
12584,23202,49.01615,popular_item
12584,22138,48.821645,popular_item
12584,23355,48.642373,popular_item
12584,23301,47.354162,popular_item
12584,23203,47.131138,popular_item
12584,21790,45.295989,popular_item
12592,23084,73.252264,popular_item
12592,22086,60.454943,popular_item
12592,22720,55.763591,popular_item
12592,85099B,51.142855,popular_item
12592,23344,50.988289,popular_item
12592,23202,49.01615,popular_item
12592,22138,48.821645,popular_item
12592,23355,48.642373,popular_item
12592,23301,47.354162,popular_item
12592,23203,47.131138,popular_item
12598,22086,60.454943,popular_item
12598,22720,55.763591,popular_item
12598,85099B,51.142855,popular_item
12598,23344,50.988289,popular_item
12598,23202,49.01615,popular_item
12598,23355,48.642373,popular_item
12598,23301,47.354162,popular_item
12598,23203,47.131138,popular_item
12598,21790,45.295989,popular_item
12598,22726,39.49505,popular_item
12600,23084,73.252264,popular_item
12600,22086,60.454943,popular_item
12600,22720,55.763591,popular_item
12600,85099B,51.142855,popular_item
12600,23344,50.988289,popular_item
12600,23202,49.01615,popular_item
12600,22138,48.821645,popular_item
12600,23355,48.642373,popular_item
12600,23301,47.354162,popular_item
12600,23203,47.131138,popular_item
12609,23084,73.252264,popular_item
12609,22086,60.454943,popular_item
12609,22720,55.763591,popular_item
12609,85099B,51.142855,popular_item
12609,23344,50.988289,popular_item
12609,23202,49.01615,popular_item
12609,22138,48.821645,popular_item
12609,23355,48.642373,popular_item
12609,23301,47.354162,popular_item
12609,23203,47.131138,popular_item
12615,22086,60.454943,popular_item
12615,22720,55.763591,popular_item
12615,23344,50.988289,popular_item
12615,23202,49.01615,popular_item
12615,22138,48.821645,popular_item
12615,23355,48.642373,popular_item
12615,23301,47.354162,popular_item
12615,23203,47.131138,popular_item
12615,21790,45.295989,popular_item
12615,22726,39.49505,popular_item
12628,23084,73.252264,popular_item
12628,22086,60.454943,popular_item
12628,22720,55.763591,popular_item
12628,85099B,51.142855,popular_item
12628,23344,50.988289,popular_item
12628,23202,49.01615,popular_item
12628,22138,48.821645,popular_item
12628,23355,48.642373,popular_item
12628,23301,47.354162,popular_item
12628,23203,47.131138,popular_item
12633,23084,73.252264,popular_item
12633,22086,60.454943,popular_item
12633,22720,55.763591,popular_item
12633,23344,50.988289,popular_item
12633,23202,49.01615,popular_item
12633,22138,48.821645,popular_item
12633,23355,48.642373,popular_item
12633,23301,47.354162,popular_item
12633,23203,47.131138,popular_item
12633,21790,45.295989,popular_item
12647,23084,73.252264,popular_item
12647,22086,60.454943,popular_item
12647,22720,55.763591,popular_item
12647,85099B,51.142855,popular_item
12647,23344,50.988289,popular_item
12647,23202,49.01615,popular_item
12647,22138,48.821645,popular_item
12647,23355,48.642373,popular_item
12647,23301,47.354162,popular_item
12647,23203,47.131138,popular_item
12655,23084,73.252264,popular_item
12655,22086,60.454943,popular_item
12655,22720,55.763591,popular_item
12655,85099B,51.142855,popular_item
12655,23344,50.988289,popular_item
12655,23202,49.01615,popular_item
12655,23355,48.642373,popular_item
12655,23301,47.354162,popular_item
12655,23203,47.131138,popular_item
12655,21790,45.295989,popular_item
12677,23084,73.252264,popular_item
12677,22086,60.454943,popular_item
12677,22720,55.763591,popular_item
12677,85099B,51.142855,popular_item
12677,23344,50.988289,popular_item
12677,23202,49.01615,popular_item
12677,22138,48.821645,popular_item
12677,23355,48.642373,popular_item
12677,23301,47.354162,popular_item
12677,23203,47.131138,popular_item
12681,23084,73.252264,popular_item
12681,22086,60.454943,popular_item
12681,22720,55.763591,popular_item
12681,85099B,51.142855,popular_item
12681,23344,50.988289,popular_item
12681,23202,49.01615,popular_item
12681,22138,48.821645,popular_item
12681,23355,48.642373,popular_item
12681,23301,47.354162,popular_item
12681,23203,47.131138,popular_item
12682,23084,73.252264,popular_item
12682,22086,60.454943,popular_item
12682,22720,55.763591,popular_item
12682,85099B,51.142855,popular_item
12682,23344,50.988289,popular_item
12682,23202,49.01615,popular_item
12682,22138,48.821645,popular_item
12682,23355,48.642373,popular_item
12682,23301,47.354162,popular_item
12682,23203,47.131138,popular_item
12684,23084,73.252264,popular_item
12684,22086,60.454943,popular_item
12684,22720,55.763591,popular_item
12684,85099B,51.142855,popular_item
12684,23344,50.988289,popular_item
12684,23202,49.01615,popular_item
12684,22138,48.821645,popular_item
12684,23355,48.642373,popular_item
12684,23301,47.354162,popular_item
12684,23203,47.131138,popular_item
12686,23084,73.252264,popular_item
12686,22086,60.454943,popular_item
12686,22720,55.763591,popular_item
12686,85099B,51.142855,popular_item
12686,23344,50.988289,popular_item
12686,23202,49.01615,popular_item
12686,22138,48.821645,popular_item
12686,23355,48.642373,popular_item
12686,23301,47.354162,popular_item
12686,23203,47.131138,popular_item
12703,23084,73.252264,popular_item
12703,22086,60.454943,popular_item
12703,22720,55.763591,popular_item
12703,85099B,51.142855,popular_item
12703,23344,50.988289,popular_item
12703,23202,49.01615,popular_item
12703,22138,48.821645,popular_item
12703,23355,48.642373,popular_item
12703,23301,47.354162,popular_item
12703,23203,47.131138,popular_item
12709,23084,73.252264,popular_item
12709,22086,60.454943,popular_item
12709,22720,55.763591,popular_item
12709,85099B,51.142855,popular_item
12709,23344,50.988289,popular_item
12709,23202,49.01615,popular_item
12709,22138,48.821645,popular_item
12709,23355,48.642373,popular_item
12709,23301,47.354162,popular_item
12709,23203,47.131138,popular_item
12712,23084,73.252264,popular_item
12712,22086,60.454943,popular_item
12712,22720,55.763591,popular_item
12712,85099B,51.142855,popular_item
12712,23344,50.988289,popular_item
12712,23202,49.01615,popular_item
12712,22138,48.821645,popular_item
12712,23355,48.642373,popular_item
12712,23301,47.354162,popular_item
12712,23203,47.131138,popular_item
12720,23084,73.252264,popular_item
12720,22086,60.454943,popular_item
12720,22720,55.763591,popular_item
12720,85099B,51.142855,popular_item
12720,23344,50.988289,popular_item
12720,23202,49.01615,popular_item
12720,22138,48.821645,popular_item
12720,23355,48.642373,popular_item
12720,23301,47.354162,popular_item
12720,23203,47.131138,popular_item
12724,23084,73.252264,popular_item
12724,22086,60.454943,popular_item
12724,22720,55.763591,popular_item
12724,85099B,51.142855,popular_item
12724,23344,50.988289,popular_item
12724,23202,49.01615,popular_item
12724,22138,48.821645,popular_item
12724,23355,48.642373,popular_item
12724,23301,47.354162,popular_item
12724,23203,47.131138,popular_item
12726,23084,73.252264,popular_item
12726,22086,60.454943,popular_item
12726,22720,55.763591,popular_item
12726,85099B,51.142855,popular_item
12726,23344,50.988289,popular_item
12726,23202,49.01615,popular_item
12726,22138,48.821645,popular_item
12726,23355,48.642373,popular_item
12726,23301,47.354162,popular_item
12726,23203,47.131138,popular_item
12727,23084,73.252264,popular_item
12727,22086,60.454943,popular_item
12727,22720,55.763591,popular_item
12727,85099B,51.142855,popular_item
12727,23344,50.988289,popular_item
12727,23202,49.01615,popular_item
12727,22138,48.821645,popular_item
12727,23355,48.642373,popular_item
12727,23301,47.354162,popular_item
12727,23203,47.131138,popular_item
12739,23084,73.252264,popular_item
12739,22086,60.454943,popular_item
12739,22720,55.763591,popular_item
12739,85099B,51.142855,popular_item
12739,23344,50.988289,popular_item
12739,23202,49.01615,popular_item
12739,22138,48.821645,popular_item
12739,23355,48.642373,popular_item
12739,23301,47.354162,popular_item
12739,23203,47.131138,popular_item
12744,23084,73.252264,popular_item
12744,22086,60.454943,popular_item
12744,22720,55.763591,popular_item
12744,85099B,51.142855,popular_item
12744,23344,50.988289,popular_item
12744,23202,49.01615,popular_item
12744,22138,48.821645,popular_item
12744,23355,48.642373,popular_item
12744,23301,47.354162,popular_item
12744,23203,47.131138,popular_item
12748,23084,73.252264,popular_item
12748,22086,60.454943,popular_item
12748,22720,55.763591,popular_item
12748,85099B,51.142855,popular_item
12748,23344,50.988289,popular_item
12748,23202,49.01615,popular_item
12748,23355,48.642373,popular_item
12748,23301,47.354162,popular_item
12748,23203,47.131138,popular_item
12748,21790,45.295989,popular_item
12755,23084,73.252264,popular_item
12755,22086,60.454943,popular_item
12755,22720,55.763591,popular_item
12755,85099B,51.142855,popular_item
12755,23344,50.988289,popular_item
12755,23202,49.01615,popular_item
12755,22138,48.821645,popular_item
12755,23355,48.642373,popular_item
12755,23301,47.354162,popular_item
12755,23203,47.131138,popular_item
12779,23084,73.252264,popular_item
12779,22086,60.454943,popular_item
12779,22720,55.763591,popular_item
12779,85099B,51.142855,popular_item
12779,23344,50.988289,popular_item
12779,23202,49.01615,popular_item
12779,22138,48.821645,popular_item
12779,23355,48.642373,popular_item
12779,23301,47.354162,popular_item
12779,23203,47.131138,popular_item
12783,23084,73.252264,popular_item
12783,22086,60.454943,popular_item
12783,22720,55.763591,popular_item
12783,85099B,51.142855,popular_item
12783,23344,50.988289,popular_item
12783,23202,49.01615,popular_item
12783,22138,48.821645,popular_item
12783,23355,48.642373,popular_item
12783,23301,47.354162,popular_item
12783,23203,47.131138,popular_item
12792,23084,73.252264,popular_item
12792,22086,60.454943,popular_item
12792,22720,55.763591,popular_item
12792,85099B,51.142855,popular_item
12792,23344,50.988289,popular_item
12792,23202,49.01615,popular_item
12792,22138,48.821645,popular_item
12792,23355,48.642373,popular_item
12792,23301,47.354162,popular_item
12792,23203,47.131138,popular_item
12808,23084,73.252264,popular_item
12808,22086,60.454943,popular_item
12808,22720,55.763591,popular_item
12808,85099B,51.142855,popular_item
12808,23344,50.988289,popular_item
12808,23202,49.01615,popular_item
12808,22138,48.821645,popular_item
12808,23355,48.642373,popular_item
12808,23301,47.354162,popular_item
12808,23203,47.131138,popular_item
12810,23084,73.252264,popular_item
12810,22086,60.454943,popular_item
12810,22720,55.763591,popular_item
12810,85099B,51.142855,popular_item
12810,23344,50.988289,popular_item
12810,23202,49.01615,popular_item
12810,22138,48.821645,popular_item
12810,23355,48.642373,popular_item
12810,23301,47.354162,popular_item
12810,23203,47.131138,popular_item
12817,23084,73.252264,popular_item
12817,22086,60.454943,popular_item
12817,22720,55.763591,popular_item
12817,85099B,51.142855,popular_item
12817,23344,50.988289,popular_item
12817,23202,49.01615,popular_item
12817,22138,48.821645,popular_item
12817,23355,48.642373,popular_item
12817,23301,47.354162,popular_item
12817,23203,47.131138,popular_item
12826,23084,73.252264,popular_item
12826,22086,60.454943,popular_item
12826,22720,55.763591,popular_item
12826,85099B,51.142855,popular_item
12826,23344,50.988289,popular_item
12826,23202,49.01615,popular_item
12826,22138,48.821645,popular_item
12826,23355,48.642373,popular_item
12826,23301,47.354162,popular_item
12826,23203,47.131138,popular_item
12827,23084,73.252264,popular_item
12827,22086,60.454943,popular_item
12827,85099B,51.142855,popular_item
12827,23344,50.988289,popular_item
12827,23202,49.01615,popular_item
12827,23355,48.642373,popular_item
12827,23301,47.354162,popular_item
12827,23203,47.131138,popular_item
12827,21790,45.295989,popular_item
12827,22726,39.49505,popular_item
12830,23084,73.252264,popular_item
12830,22086,60.454943,popular_item
12830,22720,55.763591,popular_item
12830,85099B,51.142855,popular_item
12830,23344,50.988289,popular_item
12830,23202,49.01615,popular_item
12830,22138,48.821645,popular_item
12830,23355,48.642373,popular_item
12830,23301,47.354162,popular_item
12830,23203,47.131138,popular_item
12840,23084,73.252264,popular_item
12840,22086,60.454943,popular_item
12840,22720,55.763591,popular_item
12840,23344,50.988289,popular_item
12840,23202,49.01615,popular_item
12840,22138,48.821645,popular_item
12840,23355,48.642373,popular_item
12840,23301,47.354162,popular_item
12840,23203,47.131138,popular_item
12840,21790,45.295989,popular_item
12841,23084,73.252264,popular_item
12841,22720,55.763591,popular_item
12841,85099B,51.142855,popular_item
12841,23344,50.988289,popular_item
12841,23202,49.01615,popular_item
12841,22138,48.821645,popular_item
12841,23355,48.642373,popular_item
12841,23301,47.354162,popular_item
12841,23203,47.131138,popular_item
12841,21790,45.295989,popular_item
12843,23084,73.252264,popular_item
12843,22086,60.454943,popular_item
12843,22720,55.763591,popular_item
12843,85099B,51.142855,popular_item
12843,23344,50.988289,popular_item
12843,23202,49.01615,popular_item
12843,22138,48.821645,popular_item
12843,23355,48.642373,popular_item
12843,23301,47.354162,popular_item
12843,23203,47.131138,popular_item
12844,23084,73.252264,popular_item
12844,22086,60.454943,popular_item
12844,22720,55.763591,popular_item
12844,85099B,51.142855,popular_item
12844,23344,50.988289,popular_item
12844,23202,49.01615,popular_item
12844,22138,48.821645,popular_item
12844,23355,48.642373,popular_item
12844,23301,47.354162,popular_item
12844,23203,47.131138,popular_item
12868,23084,73.252264,popular_item
12868,22086,60.454943,popular_item
12868,85099B,51.142855,popular_item
12868,23344,50.988289,popular_item
12868,23202,49.01615,popular_item
12868,22138,48.821645,popular_item
12868,23355,48.642373,popular_item
12868,23301,47.354162,popular_item
12868,23203,47.131138,popular_item
12868,21790,45.295989,popular_item
12873,23084,73.252264,popular_item
12873,22720,55.763591,popular_item
12873,85099B,51.142855,popular_item
12873,23344,50.988289,popular_item
12873,23202,49.01615,popular_item
12873,22138,48.821645,popular_item
12873,23355,48.642373,popular_item
12873,23301,47.354162,popular_item
12873,23203,47.131138,popular_item
12873,21790,45.295989,popular_item
12878,23084,73.252264,popular_item
12878,22086,60.454943,popular_item
12878,22720,55.763591,popular_item
12878,85099B,51.142855,popular_item
12878,23344,50.988289,popular_item
12878,23202,49.01615,popular_item
12878,22138,48.821645,popular_item
12878,23355,48.642373,popular_item
12878,23301,47.354162,popular_item
12878,23203,47.131138,popular_item
12880,23084,73.252264,popular_item
12880,22086,60.454943,popular_item
12880,22720,55.763591,popular_item
12880,85099B,51.142855,popular_item
12880,23344,50.988289,popular_item
12880,23202,49.01615,popular_item
12880,22138,48.821645,popular_item
12880,23355,48.642373,popular_item
12880,23301,47.354162,popular_item
12880,23203,47.131138,popular_item
12898,23084,73.252264,popular_item
12898,22086,60.454943,popular_item
12898,22720,55.763591,popular_item
12898,85099B,51.142855,popular_item
12898,23344,50.988289,popular_item
12898,23202,49.01615,popular_item
12898,22138,48.821645,popular_item
12898,23355,48.642373,popular_item
12898,23301,47.354162,popular_item
12898,23203,47.131138,popular_item
12901,23084,73.252264,popular_item
12901,22086,60.454943,popular_item
12901,22720,55.763591,popular_item
12901,85099B,51.142855,popular_item
12901,23344,50.988289,popular_item
12901,23202,49.01615,popular_item
12901,22138,48.821645,popular_item
12901,23355,48.642373,popular_item
12901,23301,47.354162,popular_item
12901,23203,47.131138,popular_item
12921,22086,60.454943,popular_item
12921,22720,55.763591,popular_item
12921,23344,50.988289,popular_item
12921,23202,49.01615,popular_item
12921,22138,48.821645,popular_item
12921,23355,48.642373,popular_item
12921,23301,47.354162,popular_item
12921,23203,47.131138,popular_item
12921,21790,45.295989,popular_item
12921,22726,39.49505,popular_item
12927,23084,73.252264,popular_item
12927,22086,60.454943,popular_item
12927,22720,55.763591,popular_item
12927,85099B,51.142855,popular_item
12927,23344,50.988289,popular_item
12927,23202,49.01615,popular_item
12927,22138,48.821645,popular_item
12927,23355,48.642373,popular_item
12927,23301,47.354162,popular_item
12927,23203,47.131138,popular_item
12931,23084,73.252264,popular_item
12931,22086,60.454943,popular_item
12931,22720,55.763591,popular_item
12931,85099B,51.142855,popular_item
12931,23344,50.988289,popular_item
12931,23202,49.01615,popular_item
12931,22138,48.821645,popular_item
12931,23355,48.642373,popular_item
12931,23301,47.354162,popular_item
12931,23203,47.131138,popular_item
12933,23084,73.252264,popular_item
12933,22086,60.454943,popular_item
12933,22720,55.763591,popular_item
12933,85099B,51.142855,popular_item
12933,23344,50.988289,popular_item
12933,23202,49.01615,popular_item
12933,22138,48.821645,popular_item
12933,23355,48.642373,popular_item
12933,23301,47.354162,popular_item
12933,23203,47.131138,popular_item
12937,23084,73.252264,popular_item
12937,22086,60.454943,popular_item
12937,22720,55.763591,popular_item
12937,85099B,51.142855,popular_item
12937,23344,50.988289,popular_item
12937,23202,49.01615,popular_item
12937,22138,48.821645,popular_item
12937,23355,48.642373,popular_item
12937,23301,47.354162,popular_item
12937,23203,47.131138,popular_item
12939,23084,73.252264,popular_item
12939,22086,60.454943,popular_item
12939,22720,55.763591,popular_item
12939,85099B,51.142855,popular_item
12939,23344,50.988289,popular_item
12939,23202,49.01615,popular_item
12939,22138,48.821645,popular_item
12939,23355,48.642373,popular_item
12939,23301,47.354162,popular_item
12939,23203,47.131138,popular_item
12947,23084,73.252264,popular_item
12947,22086,60.454943,popular_item
12947,22720,55.763591,popular_item
12947,85099B,51.142855,popular_item
12947,23344,50.988289,popular_item
12947,23202,49.01615,popular_item
12947,23355,48.642373,popular_item
12947,23301,47.354162,popular_item
12947,23203,47.131138,popular_item
12947,21790,45.295989,popular_item
12949,23084,73.252264,popular_item
12949,22086,60.454943,popular_item
12949,22720,55.763591,popular_item
12949,85099B,51.142855,popular_item
12949,23344,50.988289,popular_item
12949,23202,49.01615,popular_item
12949,22138,48.821645,popular_item
12949,23355,48.642373,popular_item
12949,23301,47.354162,popular_item
12949,23203,47.131138,popular_item
12951,23084,73.252264,popular_item
12951,22086,60.454943,popular_item
12951,22720,55.763591,popular_item
12951,85099B,51.142855,popular_item
12951,23344,50.988289,popular_item
12951,23202,49.01615,popular_item
12951,22138,48.821645,popular_item
12951,23355,48.642373,popular_item
12951,23301,47.354162,popular_item
12951,23203,47.131138,popular_item
12955,23084,73.252264,popular_item
12955,22086,60.454943,popular_item
12955,22720,55.763591,popular_item
12955,85099B,51.142855,popular_item
12955,23344,50.988289,popular_item
12955,23202,49.01615,popular_item
12955,22138,48.821645,popular_item
12955,23355,48.642373,popular_item
12955,23301,47.354162,popular_item
12955,23203,47.131138,popular_item
12971,23084,73.252264,popular_item
12971,22086,60.454943,popular_item
12971,22720,55.763591,popular_item
12971,85099B,51.142855,popular_item
12971,23344,50.988289,popular_item
12971,23202,49.01615,popular_item
12971,22138,48.821645,popular_item
12971,23355,48.642373,popular_item
12971,23301,47.354162,popular_item
12971,23203,47.131138,popular_item
12982,23084,73.252264,popular_item
12982,22086,60.454943,popular_item
12982,22720,55.763591,popular_item
12982,85099B,51.142855,popular_item
12982,23344,50.988289,popular_item
12982,23202,49.01615,popular_item
12982,22138,48.821645,popular_item
12982,23355,48.642373,popular_item
12982,23301,47.354162,popular_item
12982,23203,47.131138,popular_item
12984,23084,73.252264,popular_item
12984,22086,60.454943,popular_item
12984,22720,55.763591,popular_item
12984,85099B,51.142855,popular_item
12984,23344,50.988289,popular_item
12984,23202,49.01615,popular_item
12984,22138,48.821645,popular_item
12984,23355,48.642373,popular_item
12984,23301,47.354162,popular_item
12984,23203,47.131138,popular_item
12986,23084,73.252264,popular_item
12986,22086,60.454943,popular_item
12986,22720,55.763591,popular_item
12986,85099B,51.142855,popular_item
12986,23344,50.988289,popular_item
12986,23202,49.01615,popular_item
12986,22138,48.821645,popular_item
12986,23355,48.642373,popular_item
12986,23301,47.354162,popular_item
12986,23203,47.131138,popular_item
12987,23084,73.252264,popular_item
12987,22086,60.454943,popular_item
12987,22720,55.763591,popular_item
12987,85099B,51.142855,popular_item
12987,23344,50.988289,popular_item
12987,23202,49.01615,popular_item
12987,22138,48.821645,popular_item
12987,23355,48.642373,popular_item
12987,23301,47.354162,popular_item
12987,23203,47.131138,popular_item
13001,23084,73.252264,popular_item
13001,22086,60.454943,popular_item
13001,22720,55.763591,popular_item
13001,85099B,51.142855,popular_item
13001,23344,50.988289,popular_item
13001,23202,49.01615,popular_item
13001,23355,48.642373,popular_item
13001,23301,47.354162,popular_item
13001,23203,47.131138,popular_item
13001,21790,45.295989,popular_item
13010,23084,73.252264,popular_item
13010,22086,60.454943,popular_item
13010,22720,55.763591,popular_item
13010,85099B,51.142855,popular_item
13010,23344,50.988289,popular_item
13010,23202,49.01615,popular_item
13010,22138,48.821645,popular_item
13010,23355,48.642373,popular_item
13010,23301,47.354162,popular_item
13010,23203,47.131138,popular_item
13013,23084,73.252264,popular_item
13013,22720,55.763591,popular_item
13013,85099B,51.142855,popular_item
13013,23344,50.988289,popular_item
13013,23202,49.01615,popular_item
13013,22138,48.821645,popular_item
13013,23355,48.642373,popular_item
13013,23301,47.354162,popular_item
13013,23203,47.131138,popular_item
13013,21790,45.295989,popular_item
13014,23084,73.252264,popular_item
13014,22086,60.454943,popular_item
13014,22720,55.763591,popular_item
13014,85099B,51.142855,popular_item
13014,23344,50.988289,popular_item
13014,23202,49.01615,popular_item
13014,22138,48.821645,popular_item
13014,23355,48.642373,popular_item
13014,23301,47.354162,popular_item
13014,23203,47.131138,popular_item
13023,23084,73.252264,popular_item
13023,22086,60.454943,popular_item
13023,85099B,51.142855,popular_item
13023,23344,50.988289,popular_item
13023,23202,49.01615,popular_item
13023,23355,48.642373,popular_item
13023,23301,47.354162,popular_item
13023,23203,47.131138,popular_item
13023,21790,45.295989,popular_item
13023,22726,39.49505,popular_item
13026,23084,73.252264,popular_item
13026,22086,60.454943,popular_item
13026,22720,55.763591,popular_item
13026,85099B,51.142855,popular_item
13026,23344,50.988289,popular_item
13026,23202,49.01615,popular_item
13026,22138,48.821645,popular_item
13026,23355,48.642373,popular_item
13026,23301,47.354162,popular_item
13026,23203,47.131138,popular_item
13027,23084,73.252264,popular_item
13027,22086,60.454943,popular_item
13027,22720,55.763591,popular_item
13027,85099B,51.142855,popular_item
13027,23344,50.988289,popular_item
13027,23202,49.01615,popular_item
13027,22138,48.821645,popular_item
13027,23355,48.642373,popular_item
13027,23301,47.354162,popular_item
13027,23203,47.131138,popular_item
13032,23084,73.252264,popular_item
13032,22086,60.454943,popular_item
13032,22720,55.763591,popular_item
13032,85099B,51.142855,popular_item
13032,23344,50.988289,popular_item
13032,23202,49.01615,popular_item
13032,22138,48.821645,popular_item
13032,23355,48.642373,popular_item
13032,23301,47.354162,popular_item
13032,23203,47.131138,popular_item
13047,23084,73.252264,popular_item
13047,22086,60.454943,popular_item
13047,22720,55.763591,popular_item
13047,85099B,51.142855,popular_item
13047,23344,50.988289,popular_item
13047,23202,49.01615,popular_item
13047,22138,48.821645,popular_item
13047,23355,48.642373,popular_item
13047,23301,47.354162,popular_item
13047,23203,47.131138,popular_item
13049,23084,73.252264,popular_item
13049,22086,60.454943,popular_item
13049,22720,55.763591,popular_item
13049,85099B,51.142855,popular_item
13049,23344,50.988289,popular_item
13049,23202,49.01615,popular_item
13049,22138,48.821645,popular_item
13049,23355,48.642373,popular_item
13049,23301,47.354162,popular_item
13049,23203,47.131138,popular_item
13050,23084,73.252264,popular_item
13050,22086,60.454943,popular_item
13050,85099B,51.142855,popular_item
13050,23344,50.988289,popular_item
13050,23202,49.01615,popular_item
13050,22138,48.821645,popular_item
13050,23355,48.642373,popular_item
13050,23301,47.354162,popular_item
13050,23203,47.131138,popular_item
13050,21790,45.295989,popular_item
13067,23084,73.252264,popular_item
13067,22086,60.454943,popular_item
13067,22720,55.763591,popular_item
13067,23344,50.988289,popular_item
13067,23202,49.01615,popular_item
13067,22138,48.821645,popular_item
13067,23355,48.642373,popular_item
13067,23301,47.354162,popular_item
13067,23203,47.131138,popular_item
13067,21790,45.295989,popular_item
13069,23084,73.252264,popular_item
13069,22086,60.454943,popular_item
13069,22720,55.763591,popular_item
13069,85099B,51.142855,popular_item
13069,23344,50.988289,popular_item
13069,23202,49.01615,popular_item
13069,22138,48.821645,popular_item
13069,23355,48.642373,popular_item
13069,23301,47.354162,popular_item
13069,23203,47.131138,popular_item
13078,23084,73.252264,popular_item
13078,22086,60.454943,popular_item
13078,22720,55.763591,popular_item
13078,85099B,51.142855,popular_item
13078,23344,50.988289,popular_item
13078,23202,49.01615,popular_item
13078,22138,48.821645,popular_item
13078,23355,48.642373,popular_item
13078,23301,47.354162,popular_item
13078,23203,47.131138,popular_item
13089,23084,73.252264,popular_item
13089,22086,60.454943,popular_item
13089,22720,55.763591,popular_item
13089,85099B,51.142855,popular_item
13089,23344,50.988289,popular_item
13089,23202,49.01615,popular_item
13089,22138,48.821645,popular_item
13089,23355,48.642373,popular_item
13089,23301,47.354162,popular_item
13089,23203,47.131138,popular_item
13093,23084,73.252264,popular_item
13093,22086,60.454943,popular_item
13093,22720,55.763591,popular_item
13093,85099B,51.142855,popular_item
13093,23344,50.988289,popular_item
13093,23202,49.01615,popular_item
13093,22138,48.821645,popular_item
13093,23355,48.642373,popular_item
13093,23301,47.354162,popular_item
13093,23203,47.131138,popular_item
13094,23084,73.252264,popular_item
13094,22086,60.454943,popular_item
13094,22720,55.763591,popular_item
13094,85099B,51.142855,popular_item
13094,23344,50.988289,popular_item
13094,23202,49.01615,popular_item
13094,22138,48.821645,popular_item
13094,23355,48.642373,popular_item
13094,23301,47.354162,popular_item
13094,23203,47.131138,popular_item
13097,23084,73.252264,popular_item
13097,22086,60.454943,popular_item
13097,22720,55.763591,popular_item
13097,85099B,51.142855,popular_item
13097,23344,50.988289,popular_item
13097,23202,49.01615,popular_item
13097,22138,48.821645,popular_item
13097,23355,48.642373,popular_item
13097,23301,47.354162,popular_item
13097,23203,47.131138,popular_item
13102,23084,73.252264,popular_item
13102,22086,60.454943,popular_item
13102,22720,55.763591,popular_item
13102,85099B,51.142855,popular_item
13102,23344,50.988289,popular_item
13102,23202,49.01615,popular_item
13102,22138,48.821645,popular_item
13102,23355,48.642373,popular_item
13102,23301,47.354162,popular_item
13102,23203,47.131138,popular_item
13133,23084,73.252264,popular_item
13133,22086,60.454943,popular_item
13133,22720,55.763591,popular_item
13133,85099B,51.142855,popular_item
13133,23344,50.988289,popular_item
13133,23202,49.01615,popular_item
13133,22138,48.821645,popular_item
13133,23355,48.642373,popular_item
13133,23301,47.354162,popular_item
13133,23203,47.131138,popular_item
13144,23084,73.252264,popular_item
13144,22086,60.454943,popular_item
13144,22720,55.763591,popular_item
13144,85099B,51.142855,popular_item
13144,23344,50.988289,popular_item
13144,23202,49.01615,popular_item
13144,22138,48.821645,popular_item
13144,23355,48.642373,popular_item
13144,23301,47.354162,popular_item
13144,23203,47.131138,popular_item
13148,23084,73.252264,popular_item
13148,22086,60.454943,popular_item
13148,22720,55.763591,popular_item
13148,85099B,51.142855,popular_item
13148,23344,50.988289,popular_item
13148,23202,49.01615,popular_item
13148,22138,48.821645,popular_item
13148,23355,48.642373,popular_item
13148,23301,47.354162,popular_item
13148,23203,47.131138,popular_item
13149,23084,73.252264,popular_item
13149,22086,60.454943,popular_item
13149,22720,55.763591,popular_item
13149,85099B,51.142855,popular_item
13149,23344,50.988289,popular_item
13149,23202,49.01615,popular_item
13149,22138,48.821645,popular_item
13149,23355,48.642373,popular_item
13149,23301,47.354162,popular_item
13149,23203,47.131138,popular_item
13165,23084,73.252264,popular_item
13165,22086,60.454943,popular_item
13165,22720,55.763591,popular_item
13165,85099B,51.142855,popular_item
13165,23344,50.988289,popular_item
13165,23202,49.01615,popular_item
13165,22138,48.821645,popular_item
13165,23355,48.642373,popular_item
13165,23301,47.354162,popular_item
13165,23203,47.131138,popular_item
13171,23084,73.252264,popular_item
13171,22086,60.454943,popular_item
13171,85099B,51.142855,popular_item
13171,23344,50.988289,popular_item
13171,23202,49.01615,popular_item
13171,22138,48.821645,popular_item
13171,23355,48.642373,popular_item
13171,23301,47.354162,popular_item
13171,23203,47.131138,popular_item
13171,21790,45.295989,popular_item
13192,23084,73.252264,popular_item
13192,22086,60.454943,popular_item
13192,22720,55.763591,popular_item
13192,85099B,51.142855,popular_item
13192,23344,50.988289,popular_item
13192,23202,49.01615,popular_item
13192,23355,48.642373,popular_item
13192,23301,47.354162,popular_item
13192,23203,47.131138,popular_item
13192,21790,45.295989,popular_item
13198,23084,73.252264,popular_item
13198,22086,60.454943,popular_item
13198,22720,55.763591,popular_item
13198,85099B,51.142855,popular_item
13198,23344,50.988289,popular_item
13198,23202,49.01615,popular_item
13198,22138,48.821645,popular_item
13198,23355,48.642373,popular_item
13198,23301,47.354162,popular_item
13198,23203,47.131138,popular_item
13199,23084,73.252264,popular_item
13199,22086,60.454943,popular_item
13199,22720,55.763591,popular_item
13199,85099B,51.142855,popular_item
13199,23344,50.988289,popular_item
13199,23202,49.01615,popular_item
13199,22138,48.821645,popular_item
13199,23355,48.642373,popular_item
13199,23301,47.354162,popular_item
13199,23203,47.131138,popular_item
13201,23084,73.252264,popular_item
13201,22086,60.454943,popular_item
13201,22720,55.763591,popular_item
13201,85099B,51.142855,popular_item
13201,23344,50.988289,popular_item
13201,23202,49.01615,popular_item
13201,22138,48.821645,popular_item
13201,23355,48.642373,popular_item
13201,23301,47.354162,popular_item
13201,23203,47.131138,popular_item
13208,23084,73.252264,popular_item
13208,22720,55.763591,popular_item
13208,85099B,51.142855,popular_item
13208,23344,50.988289,popular_item
13208,23202,49.01615,popular_item
13208,22138,48.821645,popular_item
13208,23355,48.642373,popular_item
13208,23301,47.354162,popular_item
13208,23203,47.131138,popular_item
13208,21790,45.295989,popular_item
13209,23084,73.252264,popular_item
13209,22086,60.454943,popular_item
13209,22720,55.763591,popular_item
13209,85099B,51.142855,popular_item
13209,23344,50.988289,popular_item
13209,23202,49.01615,popular_item
13209,22138,48.821645,popular_item
13209,23355,48.642373,popular_item
13209,23301,47.354162,popular_item
13209,23203,47.131138,popular_item
13225,23084,73.252264,popular_item
13225,22086,60.454943,popular_item
13225,22720,55.763591,popular_item
13225,85099B,51.142855,popular_item
13225,23344,50.988289,popular_item
13225,23202,49.01615,popular_item
13225,22138,48.821645,popular_item
13225,23355,48.642373,popular_item
13225,23301,47.354162,popular_item
13225,23203,47.131138,popular_item
13230,23084,73.252264,popular_item
13230,22086,60.454943,popular_item
13230,22720,55.763591,popular_item
13230,23344,50.988289,popular_item
13230,23202,49.01615,popular_item
13230,22138,48.821645,popular_item
13230,23355,48.642373,popular_item
13230,23301,47.354162,popular_item
13230,23203,47.131138,popular_item
13230,21790,45.295989,popular_item
13238,23084,73.252264,popular_item
13238,22086,60.454943,popular_item
13238,22720,55.763591,popular_item
13238,22138,48.821645,popular_item
13238,23355,48.642373,popular_item
13238,23301,47.354162,popular_item
13238,21790,45.295989,popular_item
13238,22726,39.49505,popular_item
13238,23343,38.170125,popular_item
13238,21914,37.501408,popular_item
13239,23084,73.252264,popular_item
13239,22086,60.454943,popular_item
13239,22720,55.763591,popular_item
13239,85099B,51.142855,popular_item
13239,23344,50.988289,popular_item
13239,23202,49.01615,popular_item
13239,23355,48.642373,popular_item
13239,23301,47.354162,popular_item
13239,23203,47.131138,popular_item
13239,21790,45.295989,popular_item
13246,23084,73.252264,popular_item
13246,22086,60.454943,popular_item
13246,22720,55.763591,popular_item
13246,85099B,51.142855,popular_item
13246,23202,49.01615,popular_item
13246,22138,48.821645,popular_item
13246,23355,48.642373,popular_item
13246,23301,47.354162,popular_item
13246,23203,47.131138,popular_item
13246,21790,45.295989,popular_item
13258,23084,73.252264,popular_item
13258,22086,60.454943,popular_item
13258,22720,55.763591,popular_item
13258,85099B,51.142855,popular_item
13258,23344,50.988289,popular_item
13258,23202,49.01615,popular_item
13258,22138,48.821645,popular_item
13258,23355,48.642373,popular_item
13258,23301,47.354162,popular_item
13258,23203,47.131138,popular_item
13259,23084,73.252264,popular_item
13259,22086,60.454943,popular_item
13259,22720,55.763591,popular_item
13259,85099B,51.142855,popular_item
13259,23344,50.988289,popular_item
13259,23202,49.01615,popular_item
13259,22138,48.821645,popular_item
13259,23355,48.642373,popular_item
13259,23301,47.354162,popular_item
13259,23203,47.131138,popular_item
13263,23084,73.252264,popular_item
13263,22086,60.454943,popular_item
13263,22720,55.763591,popular_item
13263,85099B,51.142855,popular_item
13263,23344,50.988289,popular_item
13263,23202,49.01615,popular_item
13263,22138,48.821645,popular_item
13263,23355,48.642373,popular_item
13263,23301,47.354162,popular_item
13263,23203,47.131138,popular_item
13265,22086,60.454943,popular_item
13265,85099B,51.142855,popular_item
13265,23344,50.988289,popular_item
13265,23202,49.01615,popular_item
13265,22138,48.821645,popular_item
13265,23355,48.642373,popular_item
13265,23301,47.354162,popular_item
13265,23203,47.131138,popular_item
13265,21790,45.295989,popular_item
13265,22726,39.49505,popular_item
13267,23084,73.252264,popular_item
13267,22086,60.454943,popular_item
13267,22720,55.763591,popular_item
13267,85099B,51.142855,popular_item
13267,23344,50.988289,popular_item
13267,23202,49.01615,popular_item
13267,22138,48.821645,popular_item
13267,23355,48.642373,popular_item
13267,23301,47.354162,popular_item
13267,23203,47.131138,popular_item
13269,23084,73.252264,popular_item
13269,22086,60.454943,popular_item
13269,22720,55.763591,popular_item
13269,23344,50.988289,popular_item
13269,22138,48.821645,popular_item
13269,23355,48.642373,popular_item
13269,23301,47.354162,popular_item
13269,23203,47.131138,popular_item
13269,21790,45.295989,popular_item
13269,22726,39.49505,popular_item
13276,22086,60.454943,popular_item
13276,22720,55.763591,popular_item
13276,85099B,51.142855,popular_item
13276,23344,50.988289,popular_item
13276,23202,49.01615,popular_item
13276,22138,48.821645,popular_item
13276,23355,48.642373,popular_item
13276,23301,47.354162,popular_item
13276,23203,47.131138,popular_item
13276,21790,45.295989,popular_item
13300,23084,73.252264,popular_item
13300,22086,60.454943,popular_item
13300,22720,55.763591,popular_item
13300,85099B,51.142855,popular_item
13300,23344,50.988289,popular_item
13300,23202,49.01615,popular_item
13300,22138,48.821645,popular_item
13300,23355,48.642373,popular_item
13300,23301,47.354162,popular_item
13300,23203,47.131138,popular_item
13305,23084,73.252264,popular_item
13305,22086,60.454943,popular_item
13305,22720,55.763591,popular_item
13305,85099B,51.142855,popular_item
13305,23202,49.01615,popular_item
13305,22138,48.821645,popular_item
13305,23355,48.642373,popular_item
13305,23301,47.354162,popular_item
13305,23203,47.131138,popular_item
13305,21790,45.295989,popular_item
13308,23084,73.252264,popular_item
13308,22086,60.454943,popular_item
13308,22720,55.763591,popular_item
13308,85099B,51.142855,popular_item
13308,23344,50.988289,popular_item
13308,23202,49.01615,popular_item
13308,23355,48.642373,popular_item
13308,23203,47.131138,popular_item
13308,21790,45.295989,popular_item
13308,22726,39.49505,popular_item
13313,23084,73.252264,popular_item
13313,22086,60.454943,popular_item
13313,22720,55.763591,popular_item
13313,23344,50.988289,popular_item
13313,23202,49.01615,popular_item
13313,22138,48.821645,popular_item
13313,23355,48.642373,popular_item
13313,23301,47.354162,popular_item
13313,23203,47.131138,popular_item
13313,21790,45.295989,popular_item
13318,22086,60.454943,popular_item
13318,22720,55.763591,popular_item
13318,85099B,51.142855,popular_item
13318,23344,50.988289,popular_item
13318,23202,49.01615,popular_item
13318,22138,48.821645,popular_item
13318,23355,48.642373,popular_item
13318,23301,47.354162,popular_item
13318,23203,47.131138,popular_item
13318,21790,45.295989,popular_item
13319,23084,73.252264,popular_item
13319,22086,60.454943,popular_item
13319,22720,55.763591,popular_item
13319,23344,50.988289,popular_item
13319,22138,48.821645,popular_item
13319,23355,48.642373,popular_item
13319,23301,47.354162,popular_item
13319,21790,45.295989,popular_item
13319,22726,39.49505,popular_item
13319,23343,38.170125,popular_item
13320,23084,73.252264,popular_item
13320,22720,55.763591,popular_item
13320,85099B,51.142855,popular_item
13320,23344,50.988289,popular_item
13320,23202,49.01615,popular_item
13320,22138,48.821645,popular_item
13320,23301,47.354162,popular_item
13320,23203,47.131138,popular_item
13320,21790,45.295989,popular_item
13320,22726,39.49505,popular_item
13327,23084,73.252264,popular_item
13327,22086,60.454943,popular_item
13327,22720,55.763591,popular_item
13327,85099B,51.142855,popular_item
13327,23344,50.988289,popular_item
13327,23202,49.01615,popular_item
13327,22138,48.821645,popular_item
13327,23355,48.642373,popular_item
13327,23301,47.354162,popular_item
13327,23203,47.131138,popular_item
13340,23084,73.252264,popular_item
13340,22086,60.454943,popular_item
13340,22720,55.763591,popular_item
13340,85099B,51.142855,popular_item
13340,23344,50.988289,popular_item
13340,23202,49.01615,popular_item
13340,22138,48.821645,popular_item
13340,23355,48.642373,popular_item
13340,23301,47.354162,popular_item
13340,23203,47.131138,popular_item
13352,23084,73.252264,popular_item
13352,22086,60.454943,popular_item
13352,22720,55.763591,popular_item
13352,85099B,51.142855,popular_item
13352,23344,50.988289,popular_item
13352,23202,49.01615,popular_item
13352,22138,48.821645,popular_item
13352,23355,48.642373,popular_item
13352,23301,47.354162,popular_item
13352,23203,47.131138,popular_item
13372,23084,73.252264,popular_item
13372,22086,60.454943,popular_item
13372,85099B,51.142855,popular_item
13372,23344,50.988289,popular_item
13372,23202,49.01615,popular_item
13372,22138,48.821645,popular_item
13372,23355,48.642373,popular_item
13372,23301,47.354162,popular_item
13372,23203,47.131138,popular_item
13372,21790,45.295989,popular_item
13373,23084,73.252264,popular_item
13373,22720,55.763591,popular_item
13373,85099B,51.142855,popular_item
13373,23344,50.988289,popular_item
13373,23202,49.01615,popular_item
13373,22138,48.821645,popular_item
13373,23355,48.642373,popular_item
13373,23301,47.354162,popular_item
13373,23203,47.131138,popular_item
13373,21790,45.295989,popular_item
13375,23084,73.252264,popular_item
13375,22720,55.763591,popular_item
13375,85099B,51.142855,popular_item
13375,23344,50.988289,popular_item
13375,23202,49.01615,popular_item
13375,22138,48.821645,popular_item
13375,23355,48.642373,popular_item
13375,21790,45.295989,popular_item
13375,22726,39.49505,popular_item
13375,23343,38.170125,popular_item
13407,23084,73.252264,popular_item
13407,22086,60.454943,popular_item
13407,22720,55.763591,popular_item
13407,85099B,51.142855,popular_item
13407,23344,50.988289,popular_item
13407,23202,49.01615,popular_item
13407,22138,48.821645,popular_item
13407,23355,48.642373,popular_item
13407,23301,47.354162,popular_item
13407,23203,47.131138,popular_item
13408,23084,73.252264,popular_item
13408,22720,55.763591,popular_item
13408,85099B,51.142855,popular_item
13408,23344,50.988289,popular_item
13408,23202,49.01615,popular_item
13408,22138,48.821645,popular_item
13408,23355,48.642373,popular_item
13408,23301,47.354162,popular_item
13408,23203,47.131138,popular_item
13408,21790,45.295989,popular_item
13410,23084,73.252264,popular_item
13410,22086,60.454943,popular_item
13410,22720,55.763591,popular_item
13410,85099B,51.142855,popular_item
13410,23344,50.988289,popular_item
13410,23202,49.01615,popular_item
13410,22138,48.821645,popular_item
13410,23355,48.642373,popular_item
13410,23301,47.354162,popular_item
13410,23203,47.131138,popular_item
13411,23084,73.252264,popular_item
13411,22086,60.454943,popular_item
13411,22720,55.763591,popular_item
13411,85099B,51.142855,popular_item
13411,23344,50.988289,popular_item
13411,23202,49.01615,popular_item
13411,22138,48.821645,popular_item
13411,23355,48.642373,popular_item
13411,23301,47.354162,popular_item
13411,23203,47.131138,popular_item
13414,23084,73.252264,popular_item
13414,22086,60.454943,popular_item
13414,22720,55.763591,popular_item
13414,85099B,51.142855,popular_item
13414,23344,50.988289,popular_item
13414,23202,49.01615,popular_item
13414,22138,48.821645,popular_item
13414,23355,48.642373,popular_item
13414,23301,47.354162,popular_item
13414,23203,47.131138,popular_item
13416,23084,73.252264,popular_item
13416,22086,60.454943,popular_item
13416,22720,55.763591,popular_item
13416,85099B,51.142855,popular_item
13416,23344,50.988289,popular_item
13416,23202,49.01615,popular_item
13416,22138,48.821645,popular_item
13416,23301,47.354162,popular_item
13416,23203,47.131138,popular_item
13416,21790,45.295989,popular_item
13418,22086,60.454943,popular_item
13418,22720,55.763591,popular_item
13418,85099B,51.142855,popular_item
13418,23344,50.988289,popular_item
13418,23202,49.01615,popular_item
13418,23355,48.642373,popular_item
13418,23301,47.354162,popular_item
13418,23203,47.131138,popular_item
13418,23343,38.170125,popular_item
13418,22139,37.437132,popular_item
13427,23084,73.252264,popular_item
13427,22086,60.454943,popular_item
13427,22720,55.763591,popular_item
13427,85099B,51.142855,popular_item
13427,23344,50.988289,popular_item
13427,23202,49.01615,popular_item
13427,22138,48.821645,popular_item
13427,23355,48.642373,popular_item
13427,23301,47.354162,popular_item
13427,23203,47.131138,popular_item
13444,23084,73.252264,popular_item
13444,22086,60.454943,popular_item
13444,22720,55.763591,popular_item
13444,85099B,51.142855,popular_item
13444,23344,50.988289,popular_item
13444,23202,49.01615,popular_item
13444,22138,48.821645,popular_item
13444,23355,48.642373,popular_item
13444,23301,47.354162,popular_item
13444,23203,47.131138,popular_item
13450,23084,73.252264,popular_item
13450,22086,60.454943,popular_item
13450,22720,55.763591,popular_item
13450,85099B,51.142855,popular_item
13450,23344,50.988289,popular_item
13450,23202,49.01615,popular_item
13450,22138,48.821645,popular_item
13450,23355,48.642373,popular_item
13450,23301,47.354162,popular_item
13450,23203,47.131138,popular_item
13455,23084,73.252264,popular_item
13455,22086,60.454943,popular_item
13455,22720,55.763591,popular_item
13455,85099B,51.142855,popular_item
13455,23344,50.988289,popular_item
13455,23202,49.01615,popular_item
13455,22138,48.821645,popular_item
13455,23355,48.642373,popular_item
13455,23301,47.354162,popular_item
13455,23203,47.131138,popular_item
13458,23084,73.252264,popular_item
13458,22720,55.763591,popular_item
13458,85099B,51.142855,popular_item
13458,23344,50.988289,popular_item
13458,23202,49.01615,popular_item
13458,22138,48.821645,popular_item
13458,23355,48.642373,popular_item
13458,23301,47.354162,popular_item
13458,23203,47.131138,popular_item
13458,21790,45.295989,popular_item
13468,23084,73.252264,popular_item
13468,22086,60.454943,popular_item
13468,22720,55.763591,popular_item
13468,85099B,51.142855,popular_item
13468,23344,50.988289,popular_item
13468,23202,49.01615,popular_item
13468,22138,48.821645,popular_item
13468,23355,48.642373,popular_item
13468,23301,47.354162,popular_item
13468,23203,47.131138,popular_item
13475,23084,73.252264,popular_item
13475,22086,60.454943,popular_item
13475,22720,55.763591,popular_item
13475,85099B,51.142855,popular_item
13475,23344,50.988289,popular_item
13475,23202,49.01615,popular_item
13475,22138,48.821645,popular_item
13475,23355,48.642373,popular_item
13475,23301,47.354162,popular_item
13475,23203,47.131138,popular_item
13476,23084,73.252264,popular_item
13476,22086,60.454943,popular_item
13476,22720,55.763591,popular_item
13476,85099B,51.142855,popular_item
13476,23344,50.988289,popular_item
13476,23202,49.01615,popular_item
13476,22138,48.821645,popular_item
13476,23355,48.642373,popular_item
13476,23301,47.354162,popular_item
13476,23203,47.131138,popular_item
13491,23084,73.252264,popular_item
13491,22086,60.454943,popular_item
13491,22720,55.763591,popular_item
13491,85099B,51.142855,popular_item
13491,23344,50.988289,popular_item
13491,23202,49.01615,popular_item
13491,22138,48.821645,popular_item
13491,23355,48.642373,popular_item
13491,23301,47.354162,popular_item
13491,23203,47.131138,popular_item
13500,23084,73.252264,popular_item
13500,22086,60.454943,popular_item
13500,22720,55.763591,popular_item
13500,85099B,51.142855,popular_item
13500,23344,50.988289,popular_item
13500,23202,49.01615,popular_item
13500,22138,48.821645,popular_item
13500,23355,48.642373,popular_item
13500,23301,47.354162,popular_item
13500,23203,47.131138,popular_item
13506,23084,73.252264,popular_item
13506,22086,60.454943,popular_item
13506,22720,55.763591,popular_item
13506,85099B,51.142855,popular_item
13506,23344,50.988289,popular_item
13506,23202,49.01615,popular_item
13506,22138,48.821645,popular_item
13506,23355,48.642373,popular_item
13506,23301,47.354162,popular_item
13506,23203,47.131138,popular_item
13510,23084,73.252264,popular_item
13510,22086,60.454943,popular_item
13510,22720,55.763591,popular_item
13510,85099B,51.142855,popular_item
13510,23344,50.988289,popular_item
13510,23202,49.01615,popular_item
13510,22138,48.821645,popular_item
13510,23355,48.642373,popular_item
13510,23301,47.354162,popular_item
13510,23203,47.131138,popular_item
13515,23084,73.252264,popular_item
13515,22086,60.454943,popular_item
13515,22720,55.763591,popular_item
13515,85099B,51.142855,popular_item
13515,23344,50.988289,popular_item
13515,23202,49.01615,popular_item
13515,22138,48.821645,popular_item
13515,23355,48.642373,popular_item
13515,23301,47.354162,popular_item
13515,23203,47.131138,popular_item
13521,22086,60.454943,popular_item
13521,22720,55.763591,popular_item
13521,85099B,51.142855,popular_item
13521,23344,50.988289,popular_item
13521,23202,49.01615,popular_item
13521,22138,48.821645,popular_item
13521,23355,48.642373,popular_item
13521,23203,47.131138,popular_item
13521,22726,39.49505,popular_item
13521,23343,38.170125,popular_item
13534,23084,73.252264,popular_item
13534,22086,60.454943,popular_item
13534,22720,55.763591,popular_item
13534,23344,50.988289,popular_item
13534,23202,49.01615,popular_item
13534,22138,48.821645,popular_item
13534,23355,48.642373,popular_item
13534,23301,47.354162,popular_item
13534,23203,47.131138,popular_item
13534,21790,45.295989,popular_item
13542,23084,73.252264,popular_item
13542,22086,60.454943,popular_item
13542,22720,55.763591,popular_item
13542,23344,50.988289,popular_item
13542,23202,49.01615,popular_item
13542,22138,48.821645,popular_item
13542,23355,48.642373,popular_item
13542,23301,47.354162,popular_item
13542,23203,47.131138,popular_item
13542,21790,45.295989,popular_item
13571,23084,73.252264,popular_item
13571,22720,55.763591,popular_item
13571,85099B,51.142855,popular_item
13571,23344,50.988289,popular_item
13571,23202,49.01615,popular_item
13571,22138,48.821645,popular_item
13571,23355,48.642373,popular_item
13571,23301,47.354162,popular_item
13571,23203,47.131138,popular_item
13571,21790,45.295989,popular_item
13573,23084,73.252264,popular_item
13573,22086,60.454943,popular_item
13573,22720,55.763591,popular_item
13573,85099B,51.142855,popular_item
13573,23344,50.988289,popular_item
13573,23202,49.01615,popular_item
13573,22138,48.821645,popular_item
13573,23355,48.642373,popular_item
13573,23301,47.354162,popular_item
13573,23203,47.131138,popular_item
13577,23084,73.252264,popular_item
13577,22086,60.454943,popular_item
13577,22720,55.763591,popular_item
13577,23202,49.01615,popular_item
13577,22138,48.821645,popular_item
13577,23355,48.642373,popular_item
13577,23301,47.354162,popular_item
13577,23203,47.131138,popular_item
13577,21790,45.295989,popular_item
13577,22726,39.49505,popular_item
13588,23084,73.252264,popular_item
13588,22086,60.454943,popular_item
13588,22720,55.763591,popular_item
13588,85099B,51.142855,popular_item
13588,23344,50.988289,popular_item
13588,23202,49.01615,popular_item
13588,22138,48.821645,popular_item
13588,23355,48.642373,popular_item
13588,23301,47.354162,popular_item
13588,23203,47.131138,popular_item
13589,23084,73.252264,popular_item
13589,22086,60.454943,popular_item
13589,22720,55.763591,popular_item
13589,23344,50.988289,popular_item
13589,23202,49.01615,popular_item
13589,22138,48.821645,popular_item
13589,23355,48.642373,popular_item
13589,23301,47.354162,popular_item
13589,23203,47.131138,popular_item
13589,21790,45.295989,popular_item
13599,22086,60.454943,popular_item
13599,22720,55.763591,popular_item
13599,85099B,51.142855,popular_item
13599,23344,50.988289,popular_item
13599,23202,49.01615,popular_item
13599,22138,48.821645,popular_item
13599,23355,48.642373,popular_item
13599,23301,47.354162,popular_item
13599,23203,47.131138,popular_item
13599,21790,45.295989,popular_item
13625,23084,73.252264,popular_item
13625,22086,60.454943,popular_item
13625,22720,55.763591,popular_item
13625,85099B,51.142855,popular_item
13625,23344,50.988289,popular_item
13625,23202,49.01615,popular_item
13625,22138,48.821645,popular_item
13625,23355,48.642373,popular_item
13625,23301,47.354162,popular_item
13625,23203,47.131138,popular_item
13628,23084,73.252264,popular_item
13628,22086,60.454943,popular_item
13628,22720,55.763591,popular_item
13628,85099B,51.142855,popular_item
13628,23344,50.988289,popular_item
13628,23202,49.01615,popular_item
13628,22138,48.821645,popular_item
13628,23355,48.642373,popular_item
13628,23301,47.354162,popular_item
13628,23203,47.131138,popular_item
13629,23084,73.252264,popular_item
13629,22086,60.454943,popular_item
13629,22720,55.763591,popular_item
13629,23344,50.988289,popular_item
13629,23202,49.01615,popular_item
13629,22138,48.821645,popular_item
13629,23355,48.642373,popular_item
13629,23301,47.354162,popular_item
13629,23203,47.131138,popular_item
13629,21790,45.295989,popular_item
13630,23084,73.252264,popular_item
13630,22086,60.454943,popular_item
13630,22720,55.763591,popular_item
13630,85099B,51.142855,popular_item
13630,23344,50.988289,popular_item
13630,23202,49.01615,popular_item
13630,22138,48.821645,popular_item
13630,23355,48.642373,popular_item
13630,23301,47.354162,popular_item
13630,23203,47.131138,popular_item
13634,23084,73.252264,popular_item
13634,22086,60.454943,popular_item
13634,22720,55.763591,popular_item
13634,23344,50.988289,popular_item
13634,23202,49.01615,popular_item
13634,22138,48.821645,popular_item
13634,23355,48.642373,popular_item
13634,23301,47.354162,popular_item
13634,23203,47.131138,popular_item
13634,21790,45.295989,popular_item
13662,23084,73.252264,popular_item
13662,22086,60.454943,popular_item
13662,22720,55.763591,popular_item
13662,85099B,51.142855,popular_item
13662,23344,50.988289,popular_item
13662,23202,49.01615,popular_item
13662,22138,48.821645,popular_item
13662,23355,48.642373,popular_item
13662,23301,47.354162,popular_item
13662,23203,47.131138,popular_item
13663,23084,73.252264,popular_item
13663,22086,60.454943,popular_item
13663,22720,55.763591,popular_item
13663,85099B,51.142855,popular_item
13663,23344,50.988289,popular_item
13663,23202,49.01615,popular_item
13663,22138,48.821645,popular_item
13663,23355,48.642373,popular_item
13663,23301,47.354162,popular_item
13663,23203,47.131138,popular_item
13672,23084,73.252264,popular_item
13672,22086,60.454943,popular_item
13672,22720,55.763591,popular_item
13672,85099B,51.142855,popular_item
13672,23344,50.988289,popular_item
13672,23202,49.01615,popular_item
13672,22138,48.821645,popular_item
13672,23355,48.642373,popular_item
13672,23301,47.354162,popular_item
13672,23203,47.131138,popular_item
13680,23084,73.252264,popular_item
13680,22086,60.454943,popular_item
13680,22720,55.763591,popular_item
13680,85099B,51.142855,popular_item
13680,23344,50.988289,popular_item
13680,23202,49.01615,popular_item
13680,22138,48.821645,popular_item
13680,23355,48.642373,popular_item
13680,23301,47.354162,popular_item
13680,23203,47.131138,popular_item
13694,23084,73.252264,popular_item
13694,22086,60.454943,popular_item
13694,22720,55.763591,popular_item
13694,85099B,51.142855,popular_item
13694,23344,50.988289,popular_item
13694,23202,49.01615,popular_item
13694,22138,48.821645,popular_item
13694,23355,48.642373,popular_item
13694,23301,47.354162,popular_item
13694,23203,47.131138,popular_item
13695,23084,73.252264,popular_item
13695,22086,60.454943,popular_item
13695,22720,55.763591,popular_item
13695,85099B,51.142855,popular_item
13695,23344,50.988289,popular_item
13695,23202,49.01615,popular_item
13695,22138,48.821645,popular_item
13695,23355,48.642373,popular_item
13695,23301,47.354162,popular_item
13695,23203,47.131138,popular_item
13700,23084,73.252264,popular_item
13700,22086,60.454943,popular_item
13700,22720,55.763591,popular_item
13700,85099B,51.142855,popular_item
13700,23344,50.988289,popular_item
13700,23202,49.01615,popular_item
13700,22138,48.821645,popular_item
13700,23203,47.131138,popular_item
13700,21790,45.295989,popular_item
13700,22726,39.49505,popular_item
13704,23084,73.252264,popular_item
13704,22086,60.454943,popular_item
13704,22720,55.763591,popular_item
13704,85099B,51.142855,popular_item
13704,23344,50.988289,popular_item
13704,23202,49.01615,popular_item
13704,22138,48.821645,popular_item
13704,23355,48.642373,popular_item
13704,23301,47.354162,popular_item
13704,23203,47.131138,popular_item
13707,23084,73.252264,popular_item
13707,22086,60.454943,popular_item
13707,22720,55.763591,popular_item
13707,85099B,51.142855,popular_item
13707,23344,50.988289,popular_item
13707,23202,49.01615,popular_item
13707,23355,48.642373,popular_item
13707,23301,47.354162,popular_item
13707,23203,47.131138,popular_item
13707,22726,39.49505,popular_item
13720,23084,73.252264,popular_item
13720,22086,60.454943,popular_item
13720,85099B,51.142855,popular_item
13720,23344,50.988289,popular_item
13720,23202,49.01615,popular_item
13720,22138,48.821645,popular_item
13720,23355,48.642373,popular_item
13720,23301,47.354162,popular_item
13720,23203,47.131138,popular_item
13720,21790,45.295989,popular_item
13722,23084,73.252264,popular_item
13722,22086,60.454943,popular_item
13722,22720,55.763591,popular_item
13722,85099B,51.142855,popular_item
13722,23344,50.988289,popular_item
13722,22138,48.821645,popular_item
13722,23355,48.642373,popular_item
13722,23301,47.354162,popular_item
13722,23203,47.131138,popular_item
13722,21790,45.295989,popular_item
13733,23084,73.252264,popular_item
13733,22086,60.454943,popular_item
13733,22720,55.763591,popular_item
13733,85099B,51.142855,popular_item
13733,23344,50.988289,popular_item
13733,23202,49.01615,popular_item
13733,22138,48.821645,popular_item
13733,23355,48.642373,popular_item
13733,23301,47.354162,popular_item
13733,23203,47.131138,popular_item
13748,23084,73.252264,popular_item
13748,22086,60.454943,popular_item
13748,22720,55.763591,popular_item
13748,85099B,51.142855,popular_item
13748,23344,50.988289,popular_item
13748,23202,49.01615,popular_item
13748,22138,48.821645,popular_item
13748,23355,48.642373,popular_item
13748,23301,47.354162,popular_item
13748,23203,47.131138,popular_item
13760,23084,73.252264,popular_item
13760,22086,60.454943,popular_item
13760,22720,55.763591,popular_item
13760,85099B,51.142855,popular_item
13760,23344,50.988289,popular_item
13760,23202,49.01615,popular_item
13760,22138,48.821645,popular_item
13760,23355,48.642373,popular_item
13760,23301,47.354162,popular_item
13760,23203,47.131138,popular_item
13769,23084,73.252264,popular_item
13769,22086,60.454943,popular_item
13769,22720,55.763591,popular_item
13769,85099B,51.142855,popular_item
13769,23344,50.988289,popular_item
13769,23202,49.01615,popular_item
13769,22138,48.821645,popular_item
13769,23355,48.642373,popular_item
13769,23301,47.354162,popular_item
13769,23203,47.131138,popular_item
13777,23084,73.252264,popular_item
13777,22086,60.454943,popular_item
13777,22720,55.763591,popular_item
13777,85099B,51.142855,popular_item
13777,23344,50.988289,popular_item
13777,23202,49.01615,popular_item
13777,22138,48.821645,popular_item
13777,23355,48.642373,popular_item
13777,23301,47.354162,popular_item
13777,23203,47.131138,popular_item
13797,23084,73.252264,popular_item
13797,22720,55.763591,popular_item
13797,85099B,51.142855,popular_item
13797,23344,50.988289,popular_item
13797,23202,49.01615,popular_item
13797,23355,48.642373,popular_item
13797,23301,47.354162,popular_item
13797,23203,47.131138,popular_item
13797,21790,45.295989,popular_item
13797,22726,39.49505,popular_item
13798,23084,73.252264,popular_item
13798,22086,60.454943,popular_item
13798,22720,55.763591,popular_item
13798,23344,50.988289,popular_item
13798,23202,49.01615,popular_item
13798,22138,48.821645,popular_item
13798,23355,48.642373,popular_item
13798,23301,47.354162,popular_item
13798,23203,47.131138,popular_item
13798,21790,45.295989,popular_item
13799,23084,73.252264,popular_item
13799,22086,60.454943,popular_item
13799,22720,55.763591,popular_item
13799,85099B,51.142855,popular_item
13799,23344,50.988289,popular_item
13799,23202,49.01615,popular_item
13799,22138,48.821645,popular_item
13799,23355,48.642373,popular_item
13799,23301,47.354162,popular_item
13799,23203,47.131138,popular_item
13810,23084,73.252264,popular_item
13810,22086,60.454943,popular_item
13810,22720,55.763591,popular_item
13810,85099B,51.142855,popular_item
13810,23344,50.988289,popular_item
13810,23202,49.01615,popular_item
13810,22138,48.821645,popular_item
13810,23355,48.642373,popular_item
13810,23301,47.354162,popular_item
13810,23203,47.131138,popular_item
13824,23084,73.252264,popular_item
13824,22086,60.454943,popular_item
13824,22720,55.763591,popular_item
13824,85099B,51.142855,popular_item
13824,23344,50.988289,popular_item
13824,23202,49.01615,popular_item
13824,23355,48.642373,popular_item
13824,23301,47.354162,popular_item
13824,23203,47.131138,popular_item
13824,21790,45.295989,popular_item
13831,23084,73.252264,popular_item
13831,22086,60.454943,popular_item
13831,22720,55.763591,popular_item
13831,85099B,51.142855,popular_item
13831,23344,50.988289,popular_item
13831,23202,49.01615,popular_item
13831,22138,48.821645,popular_item
13831,23355,48.642373,popular_item
13831,23301,47.354162,popular_item
13831,23203,47.131138,popular_item
13835,23084,73.252264,popular_item
13835,22086,60.454943,popular_item
13835,22720,55.763591,popular_item
13835,85099B,51.142855,popular_item
13835,23344,50.988289,popular_item
13835,23202,49.01615,popular_item
13835,22138,48.821645,popular_item
13835,23355,48.642373,popular_item
13835,23301,47.354162,popular_item
13835,23203,47.131138,popular_item
13846,23084,73.252264,popular_item
13846,22086,60.454943,popular_item
13846,22720,55.763591,popular_item
13846,85099B,51.142855,popular_item
13846,23344,50.988289,popular_item
13846,23202,49.01615,popular_item
13846,22138,48.821645,popular_item
13846,23355,48.642373,popular_item
13846,23301,47.354162,popular_item
13846,23203,47.131138,popular_item
13848,23084,73.252264,popular_item
13848,22086,60.454943,popular_item
13848,22720,55.763591,popular_item
13848,85099B,51.142855,popular_item
13848,23344,50.988289,popular_item
13848,23202,49.01615,popular_item
13848,22138,48.821645,popular_item
13848,23355,48.642373,popular_item
13848,23301,47.354162,popular_item
13848,23203,47.131138,popular_item
13854,22086,60.454943,popular_item
13854,22720,55.763591,popular_item
13854,85099B,51.142855,popular_item
13854,23344,50.988289,popular_item
13854,23202,49.01615,popular_item
13854,22138,48.821645,popular_item
13854,23355,48.642373,popular_item
13854,23301,47.354162,popular_item
13854,23203,47.131138,popular_item
13854,21790,45.295989,popular_item
13862,23084,73.252264,popular_item
13862,22086,60.454943,popular_item
13862,22720,55.763591,popular_item
13862,85099B,51.142855,popular_item
13862,23344,50.988289,popular_item
13862,23202,49.01615,popular_item
13862,22138,48.821645,popular_item
13862,23355,48.642373,popular_item
13862,23301,47.354162,popular_item
13862,23203,47.131138,popular_item
13871,23084,73.252264,popular_item
13871,22086,60.454943,popular_item
13871,22720,55.763591,popular_item
13871,85099B,51.142855,popular_item
13871,23344,50.988289,popular_item
13871,23202,49.01615,popular_item
13871,22138,48.821645,popular_item
13871,23355,48.642373,popular_item
13871,23301,47.354162,popular_item
13871,23203,47.131138,popular_item
13873,23084,73.252264,popular_item
13873,22086,60.454943,popular_item
13873,22720,55.763591,popular_item
13873,85099B,51.142855,popular_item
13873,23344,50.988289,popular_item
13873,23202,49.01615,popular_item
13873,22138,48.821645,popular_item
13873,23355,48.642373,popular_item
13873,23301,47.354162,popular_item
13873,23203,47.131138,popular_item
13874,23084,73.252264,popular_item
13874,22086,60.454943,popular_item
13874,22720,55.763591,popular_item
13874,85099B,51.142855,popular_item
13874,23344,50.988289,popular_item
13874,23202,49.01615,popular_item
13874,22138,48.821645,popular_item
13874,23355,48.642373,popular_item
13874,23301,47.354162,popular_item
13874,23203,47.131138,popular_item
13880,23084,73.252264,popular_item
13880,22086,60.454943,popular_item
13880,22720,55.763591,popular_item
13880,85099B,51.142855,popular_item
13880,23344,50.988289,popular_item
13880,23202,49.01615,popular_item
13880,22138,48.821645,popular_item
13880,23355,48.642373,popular_item
13880,23301,47.354162,popular_item
13880,23203,47.131138,popular_item
13881,23084,73.252264,popular_item
13881,22086,60.454943,popular_item
13881,22720,55.763591,popular_item
13881,85099B,51.142855,popular_item
13881,23344,50.988289,popular_item
13881,23202,49.01615,popular_item
13881,22138,48.821645,popular_item
13881,23355,48.642373,popular_item
13881,23301,47.354162,popular_item
13881,23203,47.131138,popular_item
13936,23084,73.252264,popular_item
13936,22086,60.454943,popular_item
13936,22720,55.763591,popular_item
13936,85099B,51.142855,popular_item
13936,23344,50.988289,popular_item
13936,23202,49.01615,popular_item
13936,22138,48.821645,popular_item
13936,23355,48.642373,popular_item
13936,23301,47.354162,popular_item
13936,23203,47.131138,popular_item
13940,23084,73.252264,popular_item
13940,22720,55.763591,popular_item
13940,85099B,51.142855,popular_item
13940,23344,50.988289,popular_item
13940,23202,49.01615,popular_item
13940,22138,48.821645,popular_item
13940,23301,47.354162,popular_item
13940,23203,47.131138,popular_item
13940,21790,45.295989,popular_item
13940,22726,39.49505,popular_item
13941,23084,73.252264,popular_item
13941,22086,60.454943,popular_item
13941,22720,55.763591,popular_item
13941,85099B,51.142855,popular_item
13941,23344,50.988289,popular_item
13941,23202,49.01615,popular_item
13941,22138,48.821645,popular_item
13941,23355,48.642373,popular_item
13941,23301,47.354162,popular_item
13941,23203,47.131138,popular_item
13953,23084,73.252264,popular_item
13953,22086,60.454943,popular_item
13953,22720,55.763591,popular_item
13953,85099B,51.142855,popular_item
13953,23344,50.988289,popular_item
13953,23202,49.01615,popular_item
13953,22138,48.821645,popular_item
13953,23355,48.642373,popular_item
13953,23301,47.354162,popular_item
13953,23203,47.131138,popular_item
13957,23084,73.252264,popular_item
13957,22086,60.454943,popular_item
13957,22720,55.763591,popular_item
13957,85099B,51.142855,popular_item
13957,23344,50.988289,popular_item
13957,23202,49.01615,popular_item
13957,22138,48.821645,popular_item
13957,23355,48.642373,popular_item
13957,23301,47.354162,popular_item
13957,23203,47.131138,popular_item
13969,23084,73.252264,popular_item
13969,22086,60.454943,popular_item
13969,22720,55.763591,popular_item
13969,85099B,51.142855,popular_item
13969,23202,49.01615,popular_item
13969,22138,48.821645,popular_item
13969,23355,48.642373,popular_item
13969,23301,47.354162,popular_item
13969,23203,47.131138,popular_item
13969,21790,45.295989,popular_item
13982,23084,73.252264,popular_item
13982,22086,60.454943,popular_item
13982,22720,55.763591,popular_item
13982,85099B,51.142855,popular_item
13982,23344,50.988289,popular_item
13982,23202,49.01615,popular_item
13982,22138,48.821645,popular_item
13982,23355,48.642373,popular_item
13982,23301,47.354162,popular_item
13982,23203,47.131138,popular_item
13984,23084,73.252264,popular_item
13984,22086,60.454943,popular_item
13984,22720,55.763591,popular_item
13984,85099B,51.142855,popular_item
13984,23344,50.988289,popular_item
13984,23202,49.01615,popular_item
13984,22138,48.821645,popular_item
13984,23355,48.642373,popular_item
13984,23301,47.354162,popular_item
13984,23203,47.131138,popular_item
13993,23084,73.252264,popular_item
13993,22086,60.454943,popular_item
13993,22720,55.763591,popular_item
13993,85099B,51.142855,popular_item
13993,23344,50.988289,popular_item
13993,23202,49.01615,popular_item
13993,22138,48.821645,popular_item
13993,23355,48.642373,popular_item
13993,23301,47.354162,popular_item
13993,23203,47.131138,popular_item
13996,23084,73.252264,popular_item
13996,22720,55.763591,popular_item
13996,85099B,51.142855,popular_item
13996,23344,50.988289,popular_item
13996,23202,49.01615,popular_item
13996,22138,48.821645,popular_item
13996,23355,48.642373,popular_item
13996,23301,47.354162,popular_item
13996,23203,47.131138,popular_item
13996,21790,45.295989,popular_item
13999,23084,73.252264,popular_item
13999,22086,60.454943,popular_item
13999,22720,55.763591,popular_item
13999,23344,50.988289,popular_item
13999,23202,49.01615,popular_item
13999,22138,48.821645,popular_item
13999,23355,48.642373,popular_item
13999,23301,47.354162,popular_item
13999,23203,47.131138,popular_item
13999,21790,45.295989,popular_item
14010,23084,73.252264,popular_item
14010,22086,60.454943,popular_item
14010,22720,55.763591,popular_item
14010,85099B,51.142855,popular_item
14010,23344,50.988289,popular_item
14010,23202,49.01615,popular_item
14010,22138,48.821645,popular_item
14010,23355,48.642373,popular_item
14010,23301,47.354162,popular_item
14010,23203,47.131138,popular_item
14020,23084,73.252264,popular_item
14020,22086,60.454943,popular_item
14020,85099B,51.142855,popular_item
14020,23344,50.988289,popular_item
14020,23202,49.01615,popular_item
14020,22138,48.821645,popular_item
14020,23355,48.642373,popular_item
14020,23301,47.354162,popular_item
14020,23203,47.131138,popular_item
14020,22726,39.49505,popular_item
14024,23084,73.252264,popular_item
14024,22720,55.763591,popular_item
14024,85099B,51.142855,popular_item
14024,23344,50.988289,popular_item
14024,23202,49.01615,popular_item
14024,22138,48.821645,popular_item
14024,23355,48.642373,popular_item
14024,23301,47.354162,popular_item
14024,23203,47.131138,popular_item
14024,21790,45.295989,popular_item
14025,23084,73.252264,popular_item
14025,22086,60.454943,popular_item
14025,22720,55.763591,popular_item
14025,85099B,51.142855,popular_item
14025,23344,50.988289,popular_item
14025,23202,49.01615,popular_item
14025,22138,48.821645,popular_item
14025,23355,48.642373,popular_item
14025,23301,47.354162,popular_item
14025,23203,47.131138,popular_item
14027,23084,73.252264,popular_item
14027,22086,60.454943,popular_item
14027,22720,55.763591,popular_item
14027,85099B,51.142855,popular_item
14027,23344,50.988289,popular_item
14027,23202,49.01615,popular_item
14027,22138,48.821645,popular_item
14027,23355,48.642373,popular_item
14027,23301,47.354162,popular_item
14027,23203,47.131138,popular_item
14028,23084,73.252264,popular_item
14028,22086,60.454943,popular_item
14028,22720,55.763591,popular_item
14028,85099B,51.142855,popular_item
14028,23344,50.988289,popular_item
14028,23202,49.01615,popular_item
14028,22138,48.821645,popular_item
14028,23355,48.642373,popular_item
14028,23301,47.354162,popular_item
14028,23203,47.131138,popular_item
14031,23084,73.252264,popular_item
14031,22086,60.454943,popular_item
14031,22720,55.763591,popular_item
14031,85099B,51.142855,popular_item
14031,23344,50.988289,popular_item
14031,23202,49.01615,popular_item
14031,22138,48.821645,popular_item
14031,23301,47.354162,popular_item
14031,23203,47.131138,popular_item
14031,21790,45.295989,popular_item
14032,23084,73.252264,popular_item
14032,22086,60.454943,popular_item
14032,22720,55.763591,popular_item
14032,85099B,51.142855,popular_item
14032,23344,50.988289,popular_item
14032,23202,49.01615,popular_item
14032,22138,48.821645,popular_item
14032,23355,48.642373,popular_item
14032,23301,47.354162,popular_item
14032,23203,47.131138,popular_item
14040,22086,60.454943,popular_item
14040,22720,55.763591,popular_item
14040,23344,50.988289,popular_item
14040,23202,49.01615,popular_item
14040,22138,48.821645,popular_item
14040,23355,48.642373,popular_item
14040,23301,47.354162,popular_item
14040,21790,45.295989,popular_item
14040,22726,39.49505,popular_item
14040,23343,38.170125,popular_item
14047,23084,73.252264,popular_item
14047,22086,60.454943,popular_item
14047,22720,55.763591,popular_item
14047,85099B,51.142855,popular_item
14047,23344,50.988289,popular_item
14047,23202,49.01615,popular_item
14047,22138,48.821645,popular_item
14047,23355,48.642373,popular_item
14047,23301,47.354162,popular_item
14047,23203,47.131138,popular_item
14051,23084,73.252264,popular_item
14051,22086,60.454943,popular_item
14051,22720,55.763591,popular_item
14051,85099B,51.142855,popular_item
14051,23344,50.988289,popular_item
14051,23202,49.01615,popular_item
14051,22138,48.821645,popular_item
14051,23355,48.642373,popular_item
14051,23301,47.354162,popular_item
14051,23203,47.131138,popular_item
14056,23084,73.252264,popular_item
14056,22086,60.454943,popular_item
14056,22720,55.763591,popular_item
14056,85099B,51.142855,popular_item
14056,23344,50.988289,popular_item
14056,23202,49.01615,popular_item
14056,22138,48.821645,popular_item
14056,23355,48.642373,popular_item
14056,23301,47.354162,popular_item
14056,23203,47.131138,popular_item
14057,23084,73.252264,popular_item
14057,22086,60.454943,popular_item
14057,22720,55.763591,popular_item
14057,23344,50.988289,popular_item
14057,23202,49.01615,popular_item
14057,22138,48.821645,popular_item
14057,23355,48.642373,popular_item
14057,23301,47.354162,popular_item
14057,23203,47.131138,popular_item
14057,21790,45.295989,popular_item
14060,23084,73.252264,popular_item
14060,22086,60.454943,popular_item
14060,22720,55.763591,popular_item
14060,85099B,51.142855,popular_item
14060,23344,50.988289,popular_item
14060,23202,49.01615,popular_item
14060,22138,48.821645,popular_item
14060,23355,48.642373,popular_item
14060,23301,47.354162,popular_item
14060,23203,47.131138,popular_item
14083,23084,73.252264,popular_item
14083,22086,60.454943,popular_item
14083,22720,55.763591,popular_item
14083,85099B,51.142855,popular_item
14083,23344,50.988289,popular_item
14083,23202,49.01615,popular_item
14083,22138,48.821645,popular_item
14083,23355,48.642373,popular_item
14083,23301,47.354162,popular_item
14083,23203,47.131138,popular_item
14089,23084,73.252264,popular_item
14089,22086,60.454943,popular_item
14089,22720,55.763591,popular_item
14089,85099B,51.142855,popular_item
14089,23344,50.988289,popular_item
14089,23202,49.01615,popular_item
14089,22138,48.821645,popular_item
14089,23355,48.642373,popular_item
14089,23301,47.354162,popular_item
14089,23203,47.131138,popular_item
14096,23344,50.988289,popular_item
14096,23202,49.01615,popular_item
14096,23355,48.642373,popular_item
14096,23203,47.131138,popular_item
14096,21790,45.295989,popular_item
14096,23343,38.170125,popular_item
14096,22111,36.992849,popular_item
14096,22866,36.722737,popular_item
14096,22910,35.41422,popular_item
14096,23295,34.175235,popular_item
14129,23084,73.252264,popular_item
14129,22086,60.454943,popular_item
14129,22720,55.763591,popular_item
14129,85099B,51.142855,popular_item
14129,23344,50.988289,popular_item
14129,23202,49.01615,popular_item
14129,22138,48.821645,popular_item
14129,23355,48.642373,popular_item
14129,23301,47.354162,popular_item
14129,23203,47.131138,popular_item
14133,23084,73.252264,popular_item
14133,22086,60.454943,popular_item
14133,22720,55.763591,popular_item
14133,85099B,51.142855,popular_item
14133,23344,50.988289,popular_item
14133,23202,49.01615,popular_item
14133,22138,48.821645,popular_item
14133,23355,48.642373,popular_item
14133,23301,47.354162,popular_item
14133,23203,47.131138,popular_item
14134,23084,73.252264,popular_item
14134,22086,60.454943,popular_item
14134,22720,55.763591,popular_item
14134,85099B,51.142855,popular_item
14134,23344,50.988289,popular_item
14134,23202,49.01615,popular_item
14134,22138,48.821645,popular_item
14134,23355,48.642373,popular_item
14134,23301,47.354162,popular_item
14134,23203,47.131138,popular_item
14156,23084,73.252264,popular_item
14156,22086,60.454943,popular_item
14156,22720,55.763591,popular_item
14156,85099B,51.142855,popular_item
14156,23344,50.988289,popular_item
14156,23202,49.01615,popular_item
14156,23355,48.642373,popular_item
14156,23301,47.354162,popular_item
14156,23203,47.131138,popular_item
14156,22726,39.49505,popular_item
14159,23084,73.252264,popular_item
14159,22086,60.454943,popular_item
14159,22720,55.763591,popular_item
14159,23344,50.988289,popular_item
14159,23202,49.01615,popular_item
14159,22138,48.821645,popular_item
14159,23355,48.642373,popular_item
14159,23301,47.354162,popular_item
14159,23203,47.131138,popular_item
14159,21790,45.295989,popular_item
14178,23084,73.252264,popular_item
14178,22086,60.454943,popular_item
14178,22720,55.763591,popular_item
14178,85099B,51.142855,popular_item
14178,23344,50.988289,popular_item
14178,23202,49.01615,popular_item
14178,23355,48.642373,popular_item
14178,23301,47.354162,popular_item
14178,23203,47.131138,popular_item
14178,21790,45.295989,popular_item
14180,23084,73.252264,popular_item
14180,22086,60.454943,popular_item
14180,22720,55.763591,popular_item
14180,85099B,51.142855,popular_item
14180,23344,50.988289,popular_item
14180,23202,49.01615,popular_item
14180,22138,48.821645,popular_item
14180,23355,48.642373,popular_item
14180,23301,47.354162,popular_item
14180,23203,47.131138,popular_item
14192,23084,73.252264,popular_item
14192,22086,60.454943,popular_item
14192,22720,55.763591,popular_item
14192,85099B,51.142855,popular_item
14192,23344,50.988289,popular_item
14192,23202,49.01615,popular_item
14192,22138,48.821645,popular_item
14192,23355,48.642373,popular_item
14192,23301,47.354162,popular_item
14192,23203,47.131138,popular_item
14194,23084,73.252264,popular_item
14194,22720,55.763591,popular_item
14194,85099B,51.142855,popular_item
14194,23344,50.988289,popular_item
14194,23202,49.01615,popular_item
14194,22138,48.821645,popular_item
14194,23301,47.354162,popular_item
14194,23203,47.131138,popular_item
14194,21790,45.295989,popular_item
14194,22726,39.49505,popular_item
14195,23084,73.252264,popular_item
14195,22086,60.454943,popular_item
14195,22720,55.763591,popular_item
14195,85099B,51.142855,popular_item
14195,23344,50.988289,popular_item
14195,23202,49.01615,popular_item
14195,22138,48.821645,popular_item
14195,23355,48.642373,popular_item
14195,23301,47.354162,popular_item
14195,23203,47.131138,popular_item
14209,23084,73.252264,popular_item
14209,22086,60.454943,popular_item
14209,22720,55.763591,popular_item
14209,85099B,51.142855,popular_item
14209,23344,50.988289,popular_item
14209,23202,49.01615,popular_item
14209,22138,48.821645,popular_item
14209,23355,48.642373,popular_item
14209,23301,47.354162,popular_item
14209,23203,47.131138,popular_item
14210,23084,73.252264,popular_item
14210,22086,60.454943,popular_item
14210,85099B,51.142855,popular_item
14210,23344,50.988289,popular_item
14210,23202,49.01615,popular_item
14210,22138,48.821645,popular_item
14210,23355,48.642373,popular_item
14210,23301,47.354162,popular_item
14210,23203,47.131138,popular_item
14210,21790,45.295989,popular_item
14211,23084,73.252264,popular_item
14211,22086,60.454943,popular_item
14211,22720,55.763591,popular_item
14211,23344,50.988289,popular_item
14211,22138,48.821645,popular_item
14211,23355,48.642373,popular_item
14211,23301,47.354162,popular_item
14211,23203,47.131138,popular_item
14211,21790,45.295989,popular_item
14211,23343,38.170125,popular_item
14214,23084,73.252264,popular_item
14214,22086,60.454943,popular_item
14214,22720,55.763591,popular_item
14214,85099B,51.142855,popular_item
14214,23344,50.988289,popular_item
14214,23202,49.01615,popular_item
14214,22138,48.821645,popular_item
14214,23355,48.642373,popular_item
14214,23301,47.354162,popular_item
14214,21790,45.295989,popular_item
14215,23084,73.252264,popular_item
14215,22086,60.454943,popular_item
14215,22720,55.763591,popular_item
14215,85099B,51.142855,popular_item
14215,23344,50.988289,popular_item
14215,23202,49.01615,popular_item
14215,22138,48.821645,popular_item
14215,23355,48.642373,popular_item
14215,23301,47.354162,popular_item
14215,23203,47.131138,popular_item
14217,23084,73.252264,popular_item
14217,22086,60.454943,popular_item
14217,22720,55.763591,popular_item
14217,85099B,51.142855,popular_item
14217,23344,50.988289,popular_item
14217,23202,49.01615,popular_item
14217,22138,48.821645,popular_item
14217,23355,48.642373,popular_item
14217,23301,47.354162,popular_item
14217,23203,47.131138,popular_item
14233,23084,73.252264,popular_item
14233,22086,60.454943,popular_item
14233,22720,55.763591,popular_item
14233,85099B,51.142855,popular_item
14233,23344,50.988289,popular_item
14233,23202,49.01615,popular_item
14233,22138,48.821645,popular_item
14233,23355,48.642373,popular_item
14233,23301,47.354162,popular_item
14233,23203,47.131138,popular_item
14251,23084,73.252264,popular_item
14251,22086,60.454943,popular_item
14251,22720,55.763591,popular_item
14251,85099B,51.142855,popular_item
14251,23344,50.988289,popular_item
14251,23202,49.01615,popular_item
14251,22138,48.821645,popular_item
14251,23355,48.642373,popular_item
14251,23301,47.354162,popular_item
14251,23203,47.131138,popular_item
14257,23084,73.252264,popular_item
14257,22720,55.763591,popular_item
14257,85099B,51.142855,popular_item
14257,23344,50.988289,popular_item
14257,23202,49.01615,popular_item
14257,22138,48.821645,popular_item
14257,23355,48.642373,popular_item
14257,23301,47.354162,popular_item
14257,23203,47.131138,popular_item
14257,21790,45.295989,popular_item
14260,23084,73.252264,popular_item
14260,22086,60.454943,popular_item
14260,22720,55.763591,popular_item
14260,85099B,51.142855,popular_item
14260,23344,50.988289,popular_item
14260,23202,49.01615,popular_item
14260,22138,48.821645,popular_item
14260,23355,48.642373,popular_item
14260,23301,47.354162,popular_item
14260,23203,47.131138,popular_item
14262,23084,73.252264,popular_item
14262,22086,60.454943,popular_item
14262,22720,55.763591,popular_item
14262,85099B,51.142855,popular_item
14262,23344,50.988289,popular_item
14262,23202,49.01615,popular_item
14262,22138,48.821645,popular_item
14262,23355,48.642373,popular_item
14262,23301,47.354162,popular_item
14262,23203,47.131138,popular_item
14282,23084,73.252264,popular_item
14282,22086,60.454943,popular_item
14282,22720,55.763591,popular_item
14282,23344,50.988289,popular_item
14282,23202,49.01615,popular_item
14282,22138,48.821645,popular_item
14282,23355,48.642373,popular_item
14282,23301,47.354162,popular_item
14282,21790,45.295989,popular_item
14282,22726,39.49505,popular_item
14291,23084,73.252264,popular_item
14291,22720,55.763591,popular_item
14291,85099B,51.142855,popular_item
14291,23344,50.988289,popular_item
14291,23202,49.01615,popular_item
14291,22138,48.821645,popular_item
14291,23355,48.642373,popular_item
14291,23301,47.354162,popular_item
14291,23203,47.131138,popular_item
14291,22726,39.49505,popular_item
14298,23084,73.252264,popular_item
14298,22086,60.454943,popular_item
14298,22720,55.763591,popular_item
14298,85099B,51.142855,popular_item
14298,23344,50.988289,popular_item
14298,23202,49.01615,popular_item
14298,22138,48.821645,popular_item
14298,23355,48.642373,popular_item
14298,23301,47.354162,popular_item
14298,23203,47.131138,popular_item
14305,23084,73.252264,popular_item
14305,22086,60.454943,popular_item
14305,22720,55.763591,popular_item
14305,85099B,51.142855,popular_item
14305,23344,50.988289,popular_item
14305,23202,49.01615,popular_item
14305,23355,48.642373,popular_item
14305,23301,47.354162,popular_item
14305,23203,47.131138,popular_item
14305,21790,45.295989,popular_item
14307,23084,73.252264,popular_item
14307,22086,60.454943,popular_item
14307,22720,55.763591,popular_item
14307,85099B,51.142855,popular_item
14307,23344,50.988289,popular_item
14307,23202,49.01615,popular_item
14307,22138,48.821645,popular_item
14307,23355,48.642373,popular_item
14307,23301,47.354162,popular_item
14307,23203,47.131138,popular_item
14309,23084,73.252264,popular_item
14309,22086,60.454943,popular_item
14309,22720,55.763591,popular_item
14309,85099B,51.142855,popular_item
14309,23344,50.988289,popular_item
14309,23202,49.01615,popular_item
14309,22138,48.821645,popular_item
14309,23355,48.642373,popular_item
14309,23301,47.354162,popular_item
14309,23203,47.131138,popular_item
14316,23084,73.252264,popular_item
14316,22086,60.454943,popular_item
14316,22720,55.763591,popular_item
14316,85099B,51.142855,popular_item
14316,23344,50.988289,popular_item
14316,23202,49.01615,popular_item
14316,22138,48.821645,popular_item
14316,23355,48.642373,popular_item
14316,23301,47.354162,popular_item
14316,23203,47.131138,popular_item
14321,23084,73.252264,popular_item
14321,22086,60.454943,popular_item
14321,22720,55.763591,popular_item
14321,85099B,51.142855,popular_item
14321,23344,50.988289,popular_item
14321,23202,49.01615,popular_item
14321,22138,48.821645,popular_item
14321,23355,48.642373,popular_item
14321,23301,47.354162,popular_item
14321,23203,47.131138,popular_item
14327,23084,73.252264,popular_item
14327,22086,60.454943,popular_item
14327,22720,55.763591,popular_item
14327,85099B,51.142855,popular_item
14327,23344,50.988289,popular_item
14327,23202,49.01615,popular_item
14327,22138,48.821645,popular_item
14327,23355,48.642373,popular_item
14327,23301,47.354162,popular_item
14327,23203,47.131138,popular_item
14356,23084,73.252264,popular_item
14356,22086,60.454943,popular_item
14356,22720,55.763591,popular_item
14356,85099B,51.142855,popular_item
14356,23344,50.988289,popular_item
14356,23202,49.01615,popular_item
14356,22138,48.821645,popular_item
14356,23355,48.642373,popular_item
14356,23301,47.354162,popular_item
14356,23203,47.131138,popular_item
14365,23084,73.252264,popular_item
14365,22086,60.454943,popular_item
14365,22720,55.763591,popular_item
14365,85099B,51.142855,popular_item
14365,23344,50.988289,popular_item
14365,23202,49.01615,popular_item
14365,22138,48.821645,popular_item
14365,23355,48.642373,popular_item
14365,23301,47.354162,popular_item
14365,23203,47.131138,popular_item
14388,22086,60.454943,popular_item
14388,23355,48.642373,popular_item
14388,23301,47.354162,popular_item
14388,21790,45.295989,popular_item
14388,22726,39.49505,popular_item
14388,23343,38.170125,popular_item
14388,21914,37.501408,popular_item
14388,22139,37.437132,popular_item
14388,22111,36.992849,popular_item
14388,22866,36.722737,popular_item
14390,23084,73.252264,popular_item
14390,22720,55.763591,popular_item
14390,23344,50.988289,popular_item
14390,23202,49.01615,popular_item
14390,22138,48.821645,popular_item
14390,23355,48.642373,popular_item
14390,23301,47.354162,popular_item
14390,23203,47.131138,popular_item
14390,21790,45.295989,popular_item
14390,22726,39.49505,popular_item
14401,23084,73.252264,popular_item
14401,22086,60.454943,popular_item
14401,22720,55.763591,popular_item
14401,85099B,51.142855,popular_item
14401,23344,50.988289,popular_item
14401,23202,49.01615,popular_item
14401,22138,48.821645,popular_item
14401,23355,48.642373,popular_item
14401,23301,47.354162,popular_item
14401,23203,47.131138,popular_item
14409,23084,73.252264,popular_item
14409,22086,60.454943,popular_item
14409,22720,55.763591,popular_item
14409,23344,50.988289,popular_item
14409,23202,49.01615,popular_item
14409,22138,48.821645,popular_item
14409,23355,48.642373,popular_item
14409,23301,47.354162,popular_item
14409,23203,47.131138,popular_item
14409,21790,45.295989,popular_item
14419,23084,73.252264,popular_item
14419,22086,60.454943,popular_item
14419,22720,55.763591,popular_item
14419,85099B,51.142855,popular_item
14419,23344,50.988289,popular_item
14419,23202,49.01615,popular_item
14419,22138,48.821645,popular_item
14419,23355,48.642373,popular_item
14419,23301,47.354162,popular_item
14419,23203,47.131138,popular_item
14421,23084,73.252264,popular_item
14421,22086,60.454943,popular_item
14421,22720,55.763591,popular_item
14421,85099B,51.142855,popular_item
14421,23344,50.988289,popular_item
14421,23202,49.01615,popular_item
14421,22138,48.821645,popular_item
14421,23355,48.642373,popular_item
14421,23301,47.354162,popular_item
14421,23203,47.131138,popular_item
14426,23084,73.252264,popular_item
14426,22086,60.454943,popular_item
14426,22720,55.763591,popular_item
14426,85099B,51.142855,popular_item
14426,23344,50.988289,popular_item
14426,23202,49.01615,popular_item
14426,22138,48.821645,popular_item
14426,23355,48.642373,popular_item
14426,23301,47.354162,popular_item
14426,23203,47.131138,popular_item
14428,23084,73.252264,popular_item
14428,22086,60.454943,popular_item
14428,22720,55.763591,popular_item
14428,85099B,51.142855,popular_item
14428,23344,50.988289,popular_item
14428,23202,49.01615,popular_item
14428,22138,48.821645,popular_item
14428,23355,48.642373,popular_item
14428,23301,47.354162,popular_item
14428,23203,47.131138,popular_item
14439,23084,73.252264,popular_item
14439,22086,60.454943,popular_item
14439,22720,55.763591,popular_item
14439,85099B,51.142855,popular_item
14439,23344,50.988289,popular_item
14439,23202,49.01615,popular_item
14439,22138,48.821645,popular_item
14439,23355,48.642373,popular_item
14439,23301,47.354162,popular_item
14439,23203,47.131138,popular_item
14448,23084,73.252264,popular_item
14448,22086,60.454943,popular_item
14448,22720,55.763591,popular_item
14448,85099B,51.142855,popular_item
14448,23344,50.988289,popular_item
14448,23202,49.01615,popular_item
14448,22138,48.821645,popular_item
14448,23355,48.642373,popular_item
14448,23301,47.354162,popular_item
14448,23203,47.131138,popular_item
14451,23084,73.252264,popular_item
14451,22086,60.454943,popular_item
14451,22720,55.763591,popular_item
14451,85099B,51.142855,popular_item
14451,23344,50.988289,popular_item
14451,23202,49.01615,popular_item
14451,22138,48.821645,popular_item
14451,23355,48.642373,popular_item
14451,23301,47.354162,popular_item
14451,23203,47.131138,popular_item
14462,23084,73.252264,popular_item
14462,22086,60.454943,popular_item
14462,22720,55.763591,popular_item
14462,85099B,51.142855,popular_item
14462,23344,50.988289,popular_item
14462,23202,49.01615,popular_item
14462,22138,48.821645,popular_item
14462,23355,48.642373,popular_item
14462,23301,47.354162,popular_item
14462,23203,47.131138,popular_item
14471,23084,73.252264,popular_item
14471,22086,60.454943,popular_item
14471,22720,55.763591,popular_item
14471,85099B,51.142855,popular_item
14471,23344,50.988289,popular_item
14471,23202,49.01615,popular_item
14471,22138,48.821645,popular_item
14471,23355,48.642373,popular_item
14471,23301,47.354162,popular_item
14471,23203,47.131138,popular_item
14472,23084,73.252264,popular_item
14472,22086,60.454943,popular_item
14472,22720,55.763591,popular_item
14472,85099B,51.142855,popular_item
14472,23344,50.988289,popular_item
14472,23202,49.01615,popular_item
14472,22138,48.821645,popular_item
14472,23355,48.642373,popular_item
14472,23301,47.354162,popular_item
14472,23203,47.131138,popular_item
14484,23084,73.252264,popular_item
14484,22086,60.454943,popular_item
14484,22720,55.763591,popular_item
14484,85099B,51.142855,popular_item
14484,23344,50.988289,popular_item
14484,23202,49.01615,popular_item
14484,22138,48.821645,popular_item
14484,23355,48.642373,popular_item
14484,23301,47.354162,popular_item
14484,23203,47.131138,popular_item
14489,23084,73.252264,popular_item
14489,22086,60.454943,popular_item
14489,22720,55.763591,popular_item
14489,23344,50.988289,popular_item
14489,23202,49.01615,popular_item
14489,22138,48.821645,popular_item
14489,23355,48.642373,popular_item
14489,23301,47.354162,popular_item
14489,23203,47.131138,popular_item
14489,21790,45.295989,popular_item
14493,23084,73.252264,popular_item
14493,22086,60.454943,popular_item
14493,22720,55.763591,popular_item
14493,85099B,51.142855,popular_item
14493,23344,50.988289,popular_item
14493,23202,49.01615,popular_item
14493,22138,48.821645,popular_item
14493,23355,48.642373,popular_item
14493,23301,47.354162,popular_item
14493,23203,47.131138,popular_item
14505,23084,73.252264,popular_item
14505,22086,60.454943,popular_item
14505,22720,55.763591,popular_item
14505,85099B,51.142855,popular_item
14505,23344,50.988289,popular_item
14505,23202,49.01615,popular_item
14505,22138,48.821645,popular_item
14505,23355,48.642373,popular_item
14505,23301,47.354162,popular_item
14505,23203,47.131138,popular_item
14507,23084,73.252264,popular_item
14507,22086,60.454943,popular_item
14507,22720,55.763591,popular_item
14507,85099B,51.142855,popular_item
14507,23344,50.988289,popular_item
14507,23202,49.01615,popular_item
14507,22138,48.821645,popular_item
14507,23355,48.642373,popular_item
14507,23301,47.354162,popular_item
14507,23203,47.131138,popular_item
14527,23084,73.252264,popular_item
14527,22086,60.454943,popular_item
14527,22720,55.763591,popular_item
14527,85099B,51.142855,popular_item
14527,23344,50.988289,popular_item
14527,23202,49.01615,popular_item
14527,22138,48.821645,popular_item
14527,23355,48.642373,popular_item
14527,23301,47.354162,popular_item
14527,23203,47.131138,popular_item
14534,23084,73.252264,popular_item
14534,22086,60.454943,popular_item
14534,22720,55.763591,popular_item
14534,85099B,51.142855,popular_item
14534,23344,50.988289,popular_item
14534,23202,49.01615,popular_item
14534,22138,48.821645,popular_item
14534,23355,48.642373,popular_item
14534,23301,47.354162,popular_item
14534,23203,47.131138,popular_item
14543,23084,73.252264,popular_item
14543,22086,60.454943,popular_item
14543,22720,55.763591,popular_item
14543,85099B,51.142855,popular_item
14543,23344,50.988289,popular_item
14543,23202,49.01615,popular_item
14543,22138,48.821645,popular_item
14543,23355,48.642373,popular_item
14543,23301,47.354162,popular_item
14543,23203,47.131138,popular_item
14547,23084,73.252264,popular_item
14547,22086,60.454943,popular_item
14547,22720,55.763591,popular_item
14547,85099B,51.142855,popular_item
14547,23344,50.988289,popular_item
14547,23202,49.01615,popular_item
14547,22138,48.821645,popular_item
14547,23355,48.642373,popular_item
14547,23301,47.354162,popular_item
14547,23203,47.131138,popular_item
14562,23084,73.252264,popular_item
14562,22086,60.454943,popular_item
14562,22720,55.763591,popular_item
14562,85099B,51.142855,popular_item
14562,23344,50.988289,popular_item
14562,23202,49.01615,popular_item
14562,22138,48.821645,popular_item
14562,23355,48.642373,popular_item
14562,23203,47.131138,popular_item
14562,21790,45.295989,popular_item
14563,23084,73.252264,popular_item
14563,22086,60.454943,popular_item
14563,22720,55.763591,popular_item
14563,85099B,51.142855,popular_item
14563,23344,50.988289,popular_item
14563,23202,49.01615,popular_item
14563,23355,48.642373,popular_item
14563,23301,47.354162,popular_item
14563,23203,47.131138,popular_item
14563,21790,45.295989,popular_item
14569,23084,73.252264,popular_item
14569,22086,60.454943,popular_item
14569,22720,55.763591,popular_item
14569,85099B,51.142855,popular_item
14569,23344,50.988289,popular_item
14569,23202,49.01615,popular_item
14569,22138,48.821645,popular_item
14569,23355,48.642373,popular_item
14569,23301,47.354162,popular_item
14569,23203,47.131138,popular_item
14573,23084,73.252264,popular_item
14573,22086,60.454943,popular_item
14573,22720,55.763591,popular_item
14573,85099B,51.142855,popular_item
14573,23344,50.988289,popular_item
14573,23202,49.01615,popular_item
14573,22138,48.821645,popular_item
14573,23355,48.642373,popular_item
14573,23301,47.354162,popular_item
14573,23203,47.131138,popular_item
14577,23084,73.252264,popular_item
14577,22086,60.454943,popular_item
14577,22720,55.763591,popular_item
14577,85099B,51.142855,popular_item
14577,23344,50.988289,popular_item
14577,23202,49.01615,popular_item
14577,22138,48.821645,popular_item
14577,23355,48.642373,popular_item
14577,23301,47.354162,popular_item
14577,23203,47.131138,popular_item
14606,23084,73.252264,popular_item
14606,22086,60.454943,popular_item
14606,22720,55.763591,popular_item
14606,85099B,51.142855,popular_item
14606,23344,50.988289,popular_item
14606,23202,49.01615,popular_item
14606,23355,48.642373,popular_item
14606,23301,47.354162,popular_item
14606,23203,47.131138,popular_item
14606,21790,45.295989,popular_item
14626,22086,60.454943,popular_item
14626,22720,55.763591,popular_item
14626,85099B,51.142855,popular_item
14626,23202,49.01615,popular_item
14626,22138,48.821645,popular_item
14626,23355,48.642373,popular_item
14626,23301,47.354162,popular_item
14626,23203,47.131138,popular_item
14626,21790,45.295989,popular_item
14626,22726,39.49505,popular_item
14638,23084,73.252264,popular_item
14638,22086,60.454943,popular_item
14638,22720,55.763591,popular_item
14638,85099B,51.142855,popular_item
14638,23344,50.988289,popular_item
14638,23202,49.01615,popular_item
14638,22138,48.821645,popular_item
14638,23355,48.642373,popular_item
14638,23301,47.354162,popular_item
14638,23203,47.131138,popular_item
14640,23084,73.252264,popular_item
14640,22086,60.454943,popular_item
14640,22720,55.763591,popular_item
14640,85099B,51.142855,popular_item
14640,23344,50.988289,popular_item
14640,23202,49.01615,popular_item
14640,22138,48.821645,popular_item
14640,23355,48.642373,popular_item
14640,23301,47.354162,popular_item
14640,23203,47.131138,popular_item
14646,23084,73.252264,popular_item
14646,22086,60.454943,popular_item
14646,22720,55.763591,popular_item
14646,85099B,51.142855,popular_item
14646,23344,50.988289,popular_item
14646,23202,49.01615,popular_item
14646,22138,48.821645,popular_item
14646,23355,48.642373,popular_item
14646,23301,47.354162,popular_item
14646,23203,47.131138,popular_item
14648,23084,73.252264,popular_item
14648,22086,60.454943,popular_item
14648,22720,55.763591,popular_item
14648,85099B,51.142855,popular_item
14648,23344,50.988289,popular_item
14648,23202,49.01615,popular_item
14648,23355,48.642373,popular_item
14648,23301,47.354162,popular_item
14648,23203,47.131138,popular_item
14648,21790,45.295989,popular_item
14663,23084,73.252264,popular_item
14663,22086,60.454943,popular_item
14663,22720,55.763591,popular_item
14663,85099B,51.142855,popular_item
14663,23344,50.988289,popular_item
14663,23202,49.01615,popular_item
14663,22138,48.821645,popular_item
14663,23355,48.642373,popular_item
14663,23301,47.354162,popular_item
14663,23203,47.131138,popular_item
14666,23084,73.252264,popular_item
14666,22086,60.454943,popular_item
14666,22720,55.763591,popular_item
14666,85099B,51.142855,popular_item
14666,23344,50.988289,popular_item
14666,23202,49.01615,popular_item
14666,22138,48.821645,popular_item
14666,23355,48.642373,popular_item
14666,23301,47.354162,popular_item
14666,23203,47.131138,popular_item
14667,23084,73.252264,popular_item
14667,22086,60.454943,popular_item
14667,22720,55.763591,popular_item
14667,85099B,51.142855,popular_item
14667,23344,50.988289,popular_item
14667,23202,49.01615,popular_item
14667,22138,48.821645,popular_item
14667,23355,48.642373,popular_item
14667,23301,47.354162,popular_item
14667,23203,47.131138,popular_item
14672,23084,73.252264,popular_item
14672,22086,60.454943,popular_item
14672,22720,55.763591,popular_item
14672,85099B,51.142855,popular_item
14672,23344,50.988289,popular_item
14672,23202,49.01615,popular_item
14672,22138,48.821645,popular_item
14672,23355,48.642373,popular_item
14672,23301,47.354162,popular_item
14672,23203,47.131138,popular_item
14680,23084,73.252264,popular_item
14680,22086,60.454943,popular_item
14680,22720,55.763591,popular_item
14680,23344,50.988289,popular_item
14680,23202,49.01615,popular_item
14680,22138,48.821645,popular_item
14680,23355,48.642373,popular_item
14680,23301,47.354162,popular_item
14680,23203,47.131138,popular_item
14680,21790,45.295989,popular_item
14682,23084,73.252264,popular_item
14682,22086,60.454943,popular_item
14682,22720,55.763591,popular_item
14682,85099B,51.142855,popular_item
14682,23344,50.988289,popular_item
14682,23202,49.01615,popular_item
14682,22138,48.821645,popular_item
14682,23355,48.642373,popular_item
14682,23301,47.354162,popular_item
14682,23203,47.131138,popular_item
14688,23084,73.252264,popular_item
14688,22086,60.454943,popular_item
14688,22720,55.763591,popular_item
14688,85099B,51.142855,popular_item
14688,23344,50.988289,popular_item
14688,23202,49.01615,popular_item
14688,23355,48.642373,popular_item
14688,23203,47.131138,popular_item
14688,21790,45.295989,popular_item
14688,22726,39.49505,popular_item
14693,23084,73.252264,popular_item
14693,22086,60.454943,popular_item
14693,22720,55.763591,popular_item
14693,85099B,51.142855,popular_item
14693,23344,50.988289,popular_item
14693,23202,49.01615,popular_item
14693,22138,48.821645,popular_item
14693,23355,48.642373,popular_item
14693,23301,47.354162,popular_item
14693,23203,47.131138,popular_item
14697,23084,73.252264,popular_item
14697,22086,60.454943,popular_item
14697,22720,55.763591,popular_item
14697,85099B,51.142855,popular_item
14697,23344,50.988289,popular_item
14697,23202,49.01615,popular_item
14697,23355,48.642373,popular_item
14697,23301,47.354162,popular_item
14697,23203,47.131138,popular_item
14697,21790,45.295989,popular_item
14713,23084,73.252264,popular_item
14713,22086,60.454943,popular_item
14713,22720,55.763591,popular_item
14713,23344,50.988289,popular_item
14713,23202,49.01615,popular_item
14713,22138,48.821645,popular_item
14713,23355,48.642373,popular_item
14713,23301,47.354162,popular_item
14713,23203,47.131138,popular_item
14713,22726,39.49505,popular_item
14729,23084,73.252264,popular_item
14729,22086,60.454943,popular_item
14729,22720,55.763591,popular_item
14729,85099B,51.142855,popular_item
14729,23344,50.988289,popular_item
14729,23202,49.01615,popular_item
14729,22138,48.821645,popular_item
14729,23355,48.642373,popular_item
14729,23301,47.354162,popular_item
14729,23203,47.131138,popular_item
14733,23084,73.252264,popular_item
14733,22086,60.454943,popular_item
14733,22720,55.763591,popular_item
14733,85099B,51.142855,popular_item
14733,23344,50.988289,popular_item
14733,23202,49.01615,popular_item
14733,22138,48.821645,popular_item
14733,23355,48.642373,popular_item
14733,23301,47.354162,popular_item
14733,23203,47.131138,popular_item
14735,23084,73.252264,popular_item
14735,22086,60.454943,popular_item
14735,22720,55.763591,popular_item
14735,23344,50.988289,popular_item
14735,23202,49.01615,popular_item
14735,22138,48.821645,popular_item
14735,23355,48.642373,popular_item
14735,23301,47.354162,popular_item
14735,21790,45.295989,popular_item
14735,23343,38.170125,popular_item
14737,23084,73.252264,popular_item
14737,22086,60.454943,popular_item
14737,22720,55.763591,popular_item
14737,85099B,51.142855,popular_item
14737,23344,50.988289,popular_item
14737,23202,49.01615,popular_item
14737,22138,48.821645,popular_item
14737,23355,48.642373,popular_item
14737,23301,47.354162,popular_item
14737,23203,47.131138,popular_item
14739,23084,73.252264,popular_item
14739,22086,60.454943,popular_item
14739,22720,55.763591,popular_item
14739,85099B,51.142855,popular_item
14739,23344,50.988289,popular_item
14739,23202,49.01615,popular_item
14739,22138,48.821645,popular_item
14739,23355,48.642373,popular_item
14739,23301,47.354162,popular_item
14739,23203,47.131138,popular_item
14745,23084,73.252264,popular_item
14745,22086,60.454943,popular_item
14745,22720,55.763591,popular_item
14745,85099B,51.142855,popular_item
14745,23344,50.988289,popular_item
14745,23202,49.01615,popular_item
14745,22138,48.821645,popular_item
14745,23355,48.642373,popular_item
14745,23301,47.354162,popular_item
14745,23203,47.131138,popular_item
14755,23084,73.252264,popular_item
14755,22086,60.454943,popular_item
14755,22720,55.763591,popular_item
14755,85099B,51.142855,popular_item
14755,23344,50.988289,popular_item
14755,23202,49.01615,popular_item
14755,22138,48.821645,popular_item
14755,23355,48.642373,popular_item
14755,23301,47.354162,popular_item
14755,23203,47.131138,popular_item
14764,23084,73.252264,popular_item
14764,22086,60.454943,popular_item
14764,22720,55.763591,popular_item
14764,85099B,51.142855,popular_item
14764,23344,50.988289,popular_item
14764,23202,49.01615,popular_item
14764,22138,48.821645,popular_item
14764,23355,48.642373,popular_item
14764,23301,47.354162,popular_item
14764,23203,47.131138,popular_item
14768,23084,73.252264,popular_item
14768,22086,60.454943,popular_item
14768,22720,55.763591,popular_item
14768,85099B,51.142855,popular_item
14768,23344,50.988289,popular_item
14768,23202,49.01615,popular_item
14768,23355,48.642373,popular_item
14768,23301,47.354162,popular_item
14768,23203,47.131138,popular_item
14768,21790,45.295989,popular_item
14776,23084,73.252264,popular_item
14776,22086,60.454943,popular_item
14776,22720,55.763591,popular_item
14776,85099B,51.142855,popular_item
14776,23344,50.988289,popular_item
14776,23202,49.01615,popular_item
14776,22138,48.821645,popular_item
14776,23355,48.642373,popular_item
14776,23301,47.354162,popular_item
14776,23203,47.131138,popular_item
14790,23084,73.252264,popular_item
14790,22086,60.454943,popular_item
14790,22720,55.763591,popular_item
14790,85099B,51.142855,popular_item
14790,23344,50.988289,popular_item
14790,23202,49.01615,popular_item
14790,22138,48.821645,popular_item
14790,23355,48.642373,popular_item
14790,23301,47.354162,popular_item
14790,23203,47.131138,popular_item
14796,23084,73.252264,popular_item
14796,22086,60.454943,popular_item
14796,85099B,51.142855,popular_item
14796,23344,50.988289,popular_item
14796,23202,49.01615,popular_item
14796,22138,48.821645,popular_item
14796,23355,48.642373,popular_item
14796,23301,47.354162,popular_item
14796,23203,47.131138,popular_item
14796,21790,45.295989,popular_item
14798,23084,73.252264,popular_item
14798,22086,60.454943,popular_item
14798,22720,55.763591,popular_item
14798,85099B,51.142855,popular_item
14798,23344,50.988289,popular_item
14798,23202,49.01615,popular_item
14798,22138,48.821645,popular_item
14798,23355,48.642373,popular_item
14798,23301,47.354162,popular_item
14798,23203,47.131138,popular_item
14800,23084,73.252264,popular_item
14800,22086,60.454943,popular_item
14800,22720,55.763591,popular_item
14800,85099B,51.142855,popular_item
14800,23344,50.988289,popular_item
14800,23202,49.01615,popular_item
14800,22138,48.821645,popular_item
14800,23355,48.642373,popular_item
14800,23301,47.354162,popular_item
14800,23203,47.131138,popular_item
14805,23084,73.252264,popular_item
14805,22086,60.454943,popular_item
14805,22720,55.763591,popular_item
14805,85099B,51.142855,popular_item
14805,23344,50.988289,popular_item
14805,23202,49.01615,popular_item
14805,22138,48.821645,popular_item
14805,23355,48.642373,popular_item
14805,23301,47.354162,popular_item
14805,23203,47.131138,popular_item
14818,23084,73.252264,popular_item
14818,22086,60.454943,popular_item
14818,22720,55.763591,popular_item
14818,85099B,51.142855,popular_item
14818,23344,50.988289,popular_item
14818,23202,49.01615,popular_item
14818,22138,48.821645,popular_item
14818,23355,48.642373,popular_item
14818,23301,47.354162,popular_item
14818,23203,47.131138,popular_item
14823,23084,73.252264,popular_item
14823,22086,60.454943,popular_item
14823,22720,55.763591,popular_item
14823,85099B,51.142855,popular_item
14823,23344,50.988289,popular_item
14823,23202,49.01615,popular_item
14823,23355,48.642373,popular_item
14823,23301,47.354162,popular_item
14823,23203,47.131138,popular_item
14823,21790,45.295989,popular_item
14825,23084,73.252264,popular_item
14825,22086,60.454943,popular_item
14825,22720,55.763591,popular_item
14825,85099B,51.142855,popular_item
14825,23202,49.01615,popular_item
14825,22138,48.821645,popular_item
14825,23355,48.642373,popular_item
14825,23301,47.354162,popular_item
14825,23203,47.131138,popular_item
14825,21790,45.295989,popular_item
14849,23084,73.252264,popular_item
14849,22086,60.454943,popular_item
14849,22720,55.763591,popular_item
14849,85099B,51.142855,popular_item
14849,23344,50.988289,popular_item
14849,23202,49.01615,popular_item
14849,22138,48.821645,popular_item
14849,23355,48.642373,popular_item
14849,23301,47.354162,popular_item
14849,23203,47.131138,popular_item
14852,23084,73.252264,popular_item
14852,22086,60.454943,popular_item
14852,22720,55.763591,popular_item
14852,85099B,51.142855,popular_item
14852,23344,50.988289,popular_item
14852,23202,49.01615,popular_item
14852,22138,48.821645,popular_item
14852,23355,48.642373,popular_item
14852,23301,47.354162,popular_item
14852,23203,47.131138,popular_item
14854,23084,73.252264,popular_item
14854,22086,60.454943,popular_item
14854,22720,55.763591,popular_item
14854,85099B,51.142855,popular_item
14854,23344,50.988289,popular_item
14854,23202,49.01615,popular_item
14854,22138,48.821645,popular_item
14854,23355,48.642373,popular_item
14854,23301,47.354162,popular_item
14854,23203,47.131138,popular_item
14871,23084,73.252264,popular_item
14871,22086,60.454943,popular_item
14871,22720,55.763591,popular_item
14871,85099B,51.142855,popular_item
14871,23344,50.988289,popular_item
14871,23202,49.01615,popular_item
14871,22138,48.821645,popular_item
14871,23355,48.642373,popular_item
14871,23301,47.354162,popular_item
14871,23203,47.131138,popular_item
14887,23084,73.252264,popular_item
14887,22086,60.454943,popular_item
14887,22720,55.763591,popular_item
14887,23344,50.988289,popular_item
14887,23202,49.01615,popular_item
14887,22138,48.821645,popular_item
14887,23355,48.642373,popular_item
14887,23301,47.354162,popular_item
14887,21790,45.295989,popular_item
14887,22726,39.49505,popular_item
14893,23084,73.252264,popular_item
14893,22086,60.454943,popular_item
14893,22720,55.763591,popular_item
14893,23344,50.988289,popular_item
14893,22138,48.821645,popular_item
14893,23355,48.642373,popular_item
14893,23301,47.354162,popular_item
14893,21790,45.295989,popular_item
14893,22726,39.49505,popular_item
14893,23343,38.170125,popular_item
14895,23084,73.252264,popular_item
14895,22086,60.454943,popular_item
14895,22720,55.763591,popular_item
14895,85099B,51.142855,popular_item
14895,23344,50.988289,popular_item
14895,23202,49.01615,popular_item
14895,22138,48.821645,popular_item
14895,23355,48.642373,popular_item
14895,23301,47.354162,popular_item
14895,23203,47.131138,popular_item
14898,23084,73.252264,popular_item
14898,22086,60.454943,popular_item
14898,22720,55.763591,popular_item
14898,85099B,51.142855,popular_item
14898,23344,50.988289,popular_item
14898,23202,49.01615,popular_item
14898,22138,48.821645,popular_item
14898,23355,48.642373,popular_item
14898,23301,47.354162,popular_item
14898,23203,47.131138,popular_item
14900,23084,73.252264,popular_item
14900,22086,60.454943,popular_item
14900,22720,55.763591,popular_item
14900,85099B,51.142855,popular_item
14900,23344,50.988289,popular_item
14900,23202,49.01615,popular_item
14900,22138,48.821645,popular_item
14900,23355,48.642373,popular_item
14900,23301,47.354162,popular_item
14900,23203,47.131138,popular_item
14911,23084,73.252264,popular_item
14911,22086,60.454943,popular_item
14911,22720,55.763591,popular_item
14911,85099B,51.142855,popular_item
14911,23344,50.988289,popular_item
14911,23202,49.01615,popular_item
14911,22138,48.821645,popular_item
14911,23355,48.642373,popular_item
14911,23301,47.354162,popular_item
14911,23203,47.131138,popular_item
14916,23084,73.252264,popular_item
14916,22086,60.454943,popular_item
14916,85099B,51.142855,popular_item
14916,23344,50.988289,popular_item
14916,23202,49.01615,popular_item
14916,22138,48.821645,popular_item
14916,23355,48.642373,popular_item
14916,23301,47.354162,popular_item
14916,23203,47.131138,popular_item
14916,21790,45.295989,popular_item
14920,23084,73.252264,popular_item
14920,22086,60.454943,popular_item
14920,22720,55.763591,popular_item
14920,23344,50.988289,popular_item
14920,23202,49.01615,popular_item
14920,22138,48.821645,popular_item
14920,23355,48.642373,popular_item
14920,23301,47.354162,popular_item
14920,23203,47.131138,popular_item
14920,21790,45.295989,popular_item
14922,23084,73.252264,popular_item
14922,22086,60.454943,popular_item
14922,22720,55.763591,popular_item
14922,85099B,51.142855,popular_item
14922,23344,50.988289,popular_item
14922,23202,49.01615,popular_item
14922,23355,48.642373,popular_item
14922,23301,47.354162,popular_item
14922,23203,47.131138,popular_item
14922,21790,45.295989,popular_item
14944,23084,73.252264,popular_item
14944,22086,60.454943,popular_item
14944,22720,55.763591,popular_item
14944,85099B,51.142855,popular_item
14944,23344,50.988289,popular_item
14944,23202,49.01615,popular_item
14944,22138,48.821645,popular_item
14944,23355,48.642373,popular_item
14944,23301,47.354162,popular_item
14944,23203,47.131138,popular_item
14952,23084,73.252264,popular_item
14952,22086,60.454943,popular_item
14952,22720,55.763591,popular_item
14952,85099B,51.142855,popular_item
14952,23344,50.988289,popular_item
14952,23202,49.01615,popular_item
14952,22138,48.821645,popular_item
14952,23355,48.642373,popular_item
14952,23301,47.354162,popular_item
14952,23203,47.131138,popular_item
14955,23084,73.252264,popular_item
14955,22086,60.454943,popular_item
14955,22720,55.763591,popular_item
14955,23344,50.988289,popular_item
14955,23202,49.01615,popular_item
14955,22138,48.821645,popular_item
14955,23355,48.642373,popular_item
14955,23301,47.354162,popular_item
14955,23203,47.131138,popular_item
14955,21790,45.295989,popular_item
14971,22720,55.763591,popular_item
14971,85099B,51.142855,popular_item
14971,23344,50.988289,popular_item
14971,23202,49.01615,popular_item
14971,23355,48.642373,popular_item
14971,23301,47.354162,popular_item
14971,23203,47.131138,popular_item
14971,21790,45.295989,popular_item
14971,22726,39.49505,popular_item
14971,23343,38.170125,popular_item
14984,23084,73.252264,popular_item
14984,22086,60.454943,popular_item
14984,22720,55.763591,popular_item
14984,85099B,51.142855,popular_item
14984,23344,50.988289,popular_item
14984,23202,49.01615,popular_item
14984,22138,48.821645,popular_item
14984,23355,48.642373,popular_item
14984,23301,47.354162,popular_item
14984,23203,47.131138,popular_item
14987,23084,73.252264,popular_item
14987,22086,60.454943,popular_item
14987,22720,55.763591,popular_item
14987,85099B,51.142855,popular_item
14987,23344,50.988289,popular_item
14987,23202,49.01615,popular_item
14987,22138,48.821645,popular_item
14987,23355,48.642373,popular_item
14987,23301,47.354162,popular_item
14987,23203,47.131138,popular_item
14989,23084,73.252264,popular_item
14989,22086,60.454943,popular_item
14989,22720,55.763591,popular_item
14989,85099B,51.142855,popular_item
14989,23344,50.988289,popular_item
14989,23202,49.01615,popular_item
14989,22138,48.821645,popular_item
14989,23355,48.642373,popular_item
14989,23301,47.354162,popular_item
14989,23203,47.131138,popular_item
14997,23084,73.252264,popular_item
14997,22086,60.454943,popular_item
14997,22720,55.763591,popular_item
14997,85099B,51.142855,popular_item
14997,23344,50.988289,popular_item
14997,23202,49.01615,popular_item
14997,22138,48.821645,popular_item
14997,23355,48.642373,popular_item
14997,23301,47.354162,popular_item
14997,23203,47.131138,popular_item
15005,23084,73.252264,popular_item
15005,22086,60.454943,popular_item
15005,85099B,51.142855,popular_item
15005,23344,50.988289,popular_item
15005,23202,49.01615,popular_item
15005,22138,48.821645,popular_item
15005,23355,48.642373,popular_item
15005,21790,45.295989,popular_item
15005,22726,39.49505,popular_item
15005,23343,38.170125,popular_item
15032,23084,73.252264,popular_item
15032,22086,60.454943,popular_item
15032,22720,55.763591,popular_item
15032,23344,50.988289,popular_item
15032,23202,49.01615,popular_item
15032,22138,48.821645,popular_item
15032,23355,48.642373,popular_item
15032,23301,47.354162,popular_item
15032,23203,47.131138,popular_item
15032,21790,45.295989,popular_item
15033,23084,73.252264,popular_item
15033,22086,60.454943,popular_item
15033,22720,55.763591,popular_item
15033,85099B,51.142855,popular_item
15033,23344,50.988289,popular_item
15033,23202,49.01615,popular_item
15033,22138,48.821645,popular_item
15033,23355,48.642373,popular_item
15033,23301,47.354162,popular_item
15033,23203,47.131138,popular_item
15039,23084,73.252264,popular_item
15039,22086,60.454943,popular_item
15039,22720,55.763591,popular_item
15039,85099B,51.142855,popular_item
15039,23344,50.988289,popular_item
15039,23202,49.01615,popular_item
15039,22138,48.821645,popular_item
15039,23355,48.642373,popular_item
15039,23301,47.354162,popular_item
15039,23203,47.131138,popular_item
15051,23084,73.252264,popular_item
15051,22086,60.454943,popular_item
15051,22720,55.763591,popular_item
15051,85099B,51.142855,popular_item
15051,23344,50.988289,popular_item
15051,23202,49.01615,popular_item
15051,22138,48.821645,popular_item
15051,23355,48.642373,popular_item
15051,23301,47.354162,popular_item
15051,23203,47.131138,popular_item
15058,22086,60.454943,popular_item
15058,22720,55.763591,popular_item
15058,85099B,51.142855,popular_item
15058,22138,48.821645,popular_item
15058,23355,48.642373,popular_item
15058,23301,47.354162,popular_item
15058,21790,45.295989,popular_item
15058,22726,39.49505,popular_item
15058,21914,37.501408,popular_item
15058,22139,37.437132,popular_item
15061,23084,73.252264,popular_item
15061,22086,60.454943,popular_item
15061,22720,55.763591,popular_item
15061,85099B,51.142855,popular_item
15061,23344,50.988289,popular_item
15061,23202,49.01615,popular_item
15061,22138,48.821645,popular_item
15061,23355,48.642373,popular_item
15061,23301,47.354162,popular_item
15061,23203,47.131138,popular_item
15073,23084,73.252264,popular_item
15073,22086,60.454943,popular_item
15073,22720,55.763591,popular_item
15073,85099B,51.142855,popular_item
15073,23344,50.988289,popular_item
15073,23202,49.01615,popular_item
15073,23355,48.642373,popular_item
15073,23301,47.354162,popular_item
15073,23203,47.131138,popular_item
15073,21790,45.295989,popular_item
15091,23084,73.252264,popular_item
15091,22086,60.454943,popular_item
15091,22720,55.763591,popular_item
15091,85099B,51.142855,popular_item
15091,23344,50.988289,popular_item
15091,23202,49.01615,popular_item
15091,22138,48.821645,popular_item
15091,23355,48.642373,popular_item
15091,23301,47.354162,popular_item
15091,23203,47.131138,popular_item
15097,23084,73.252264,popular_item
15097,22086,60.454943,popular_item
15097,22720,55.763591,popular_item
15097,85099B,51.142855,popular_item
15097,23344,50.988289,popular_item
15097,23202,49.01615,popular_item
15097,22138,48.821645,popular_item
15097,23355,48.642373,popular_item
15097,23301,47.354162,popular_item
15097,23203,47.131138,popular_item
15100,23084,73.252264,popular_item
15100,22086,60.454943,popular_item
15100,22720,55.763591,popular_item
15100,85099B,51.142855,popular_item
15100,23344,50.988289,popular_item
15100,23202,49.01615,popular_item
15100,22138,48.821645,popular_item
15100,23355,48.642373,popular_item
15100,23301,47.354162,popular_item
15100,23203,47.131138,popular_item
15113,23084,73.252264,popular_item
15113,22086,60.454943,popular_item
15113,22720,55.763591,popular_item
15113,23344,50.988289,popular_item
15113,22138,48.821645,popular_item
15113,23355,48.642373,popular_item
15113,23301,47.354162,popular_item
15113,23203,47.131138,popular_item
15113,22726,39.49505,popular_item
15113,23343,38.170125,popular_item
15116,23084,73.252264,popular_item
15116,22086,60.454943,popular_item
15116,22720,55.763591,popular_item
15116,85099B,51.142855,popular_item
15116,23344,50.988289,popular_item
15116,23202,49.01615,popular_item
15116,22138,48.821645,popular_item
15116,23355,48.642373,popular_item
15116,23301,47.354162,popular_item
15116,23203,47.131138,popular_item
15122,23084,73.252264,popular_item
15122,22086,60.454943,popular_item
15122,22720,55.763591,popular_item
15122,23344,50.988289,popular_item
15122,23202,49.01615,popular_item
15122,22138,48.821645,popular_item
15122,23355,48.642373,popular_item
15122,23301,47.354162,popular_item
15122,23203,47.131138,popular_item
15122,21790,45.295989,popular_item
15129,23084,73.252264,popular_item
15129,22086,60.454943,popular_item
15129,22720,55.763591,popular_item
15129,85099B,51.142855,popular_item
15129,23344,50.988289,popular_item
15129,23202,49.01615,popular_item
15129,22138,48.821645,popular_item
15129,23355,48.642373,popular_item
15129,23301,47.354162,popular_item
15129,23203,47.131138,popular_item
15144,23084,73.252264,popular_item
15144,22720,55.763591,popular_item
15144,85099B,51.142855,popular_item
15144,23344,50.988289,popular_item
15144,23202,49.01615,popular_item
15144,22138,48.821645,popular_item
15144,23355,48.642373,popular_item
15144,23301,47.354162,popular_item
15144,23203,47.131138,popular_item
15144,21790,45.295989,popular_item
15149,23084,73.252264,popular_item
15149,22086,60.454943,popular_item
15149,22720,55.763591,popular_item
15149,85099B,51.142855,popular_item
15149,23344,50.988289,popular_item
15149,23202,49.01615,popular_item
15149,22138,48.821645,popular_item
15149,23355,48.642373,popular_item
15149,23301,47.354162,popular_item
15149,23203,47.131138,popular_item
15173,23084,73.252264,popular_item
15173,22086,60.454943,popular_item
15173,22720,55.763591,popular_item
15173,85099B,51.142855,popular_item
15173,23344,50.988289,popular_item
15173,23202,49.01615,popular_item
15173,22138,48.821645,popular_item
15173,23355,48.642373,popular_item
15173,23301,47.354162,popular_item
15173,23203,47.131138,popular_item
15179,23084,73.252264,popular_item
15179,22086,60.454943,popular_item
15179,22720,55.763591,popular_item
15179,23344,50.988289,popular_item
15179,23202,49.01615,popular_item
15179,22138,48.821645,popular_item
15179,23355,48.642373,popular_item
15179,23301,47.354162,popular_item
15179,23203,47.131138,popular_item
15179,21790,45.295989,popular_item
15189,23084,73.252264,popular_item
15189,22086,60.454943,popular_item
15189,22720,55.763591,popular_item
15189,85099B,51.142855,popular_item
15189,23344,50.988289,popular_item
15189,23202,49.01615,popular_item
15189,22138,48.821645,popular_item
15189,23355,48.642373,popular_item
15189,23301,47.354162,popular_item
15189,23203,47.131138,popular_item
15194,23084,73.252264,popular_item
15194,22086,60.454943,popular_item
15194,22720,55.763591,popular_item
15194,85099B,51.142855,popular_item
15194,23344,50.988289,popular_item
15194,23202,49.01615,popular_item
15194,22138,48.821645,popular_item
15194,23355,48.642373,popular_item
15194,23301,47.354162,popular_item
15194,23203,47.131138,popular_item
15202,23084,73.252264,popular_item
15202,22086,60.454943,popular_item
15202,22720,55.763591,popular_item
15202,85099B,51.142855,popular_item
15202,23344,50.988289,popular_item
15202,23202,49.01615,popular_item
15202,22138,48.821645,popular_item
15202,23355,48.642373,popular_item
15202,23301,47.354162,popular_item
15202,23203,47.131138,popular_item
15203,23084,73.252264,popular_item
15203,22086,60.454943,popular_item
15203,22720,55.763591,popular_item
15203,85099B,51.142855,popular_item
15203,23344,50.988289,popular_item
15203,23202,49.01615,popular_item
15203,22138,48.821645,popular_item
15203,23355,48.642373,popular_item
15203,23301,47.354162,popular_item
15203,23203,47.131138,popular_item
15206,23084,73.252264,popular_item
15206,22086,60.454943,popular_item
15206,22720,55.763591,popular_item
15206,85099B,51.142855,popular_item
15206,23344,50.988289,popular_item
15206,23202,49.01615,popular_item
15206,22138,48.821645,popular_item
15206,23355,48.642373,popular_item
15206,23301,47.354162,popular_item
15206,23203,47.131138,popular_item
15227,23084,73.252264,popular_item
15227,22086,60.454943,popular_item
15227,22720,55.763591,popular_item
15227,85099B,51.142855,popular_item
15227,23344,50.988289,popular_item
15227,23202,49.01615,popular_item
15227,22138,48.821645,popular_item
15227,23355,48.642373,popular_item
15227,23301,47.354162,popular_item
15227,23203,47.131138,popular_item
15235,23084,73.252264,popular_item
15235,22086,60.454943,popular_item
15235,22720,55.763591,popular_item
15235,85099B,51.142855,popular_item
15235,23344,50.988289,popular_item
15235,23202,49.01615,popular_item
15235,22138,48.821645,popular_item
15235,23355,48.642373,popular_item
15235,23301,47.354162,popular_item
15235,23203,47.131138,popular_item
15237,23084,73.252264,popular_item
15237,22086,60.454943,popular_item
15237,22720,55.763591,popular_item
15237,85099B,51.142855,popular_item
15237,23344,50.988289,popular_item
15237,23202,49.01615,popular_item
15237,22138,48.821645,popular_item
15237,23355,48.642373,popular_item
15237,23301,47.354162,popular_item
15237,23203,47.131138,popular_item
15241,23084,73.252264,popular_item
15241,22086,60.454943,popular_item
15241,22720,55.763591,popular_item
15241,85099B,51.142855,popular_item
15241,23344,50.988289,popular_item
15241,23202,49.01615,popular_item
15241,22138,48.821645,popular_item
15241,23355,48.642373,popular_item
15241,23301,47.354162,popular_item
15241,23203,47.131138,popular_item
15251,23084,73.252264,popular_item
15251,22086,60.454943,popular_item
15251,22720,55.763591,popular_item
15251,85099B,51.142855,popular_item
15251,23344,50.988289,popular_item
15251,23202,49.01615,popular_item
15251,22138,48.821645,popular_item
15251,23355,48.642373,popular_item
15251,23301,47.354162,popular_item
15251,23203,47.131138,popular_item
15255,23084,73.252264,popular_item
15255,22086,60.454943,popular_item
15255,22720,55.763591,popular_item
15255,85099B,51.142855,popular_item
15255,23344,50.988289,popular_item
15255,23202,49.01615,popular_item
15255,22138,48.821645,popular_item
15255,23355,48.642373,popular_item
15255,23301,47.354162,popular_item
15255,23203,47.131138,popular_item
15270,23084,73.252264,popular_item
15270,22086,60.454943,popular_item
15270,22720,55.763591,popular_item
15270,85099B,51.142855,popular_item
15270,23344,50.988289,popular_item
15270,23202,49.01615,popular_item
15270,22138,48.821645,popular_item
15270,23355,48.642373,popular_item
15270,23301,47.354162,popular_item
15270,23203,47.131138,popular_item
15290,23084,73.252264,popular_item
15290,22086,60.454943,popular_item
15290,22720,55.763591,popular_item
15290,85099B,51.142855,popular_item
15290,23344,50.988289,popular_item
15290,23202,49.01615,popular_item
15290,22138,48.821645,popular_item
15290,23355,48.642373,popular_item
15290,23301,47.354162,popular_item
15290,23203,47.131138,popular_item
15296,23084,73.252264,popular_item
15296,22086,60.454943,popular_item
15296,22720,55.763591,popular_item
15296,85099B,51.142855,popular_item
15296,23344,50.988289,popular_item
15296,23202,49.01615,popular_item
15296,22138,48.821645,popular_item
15296,23355,48.642373,popular_item
15296,23301,47.354162,popular_item
15296,23203,47.131138,popular_item
15301,23084,73.252264,popular_item
15301,22086,60.454943,popular_item
15301,22720,55.763591,popular_item
15301,85099B,51.142855,popular_item
15301,23344,50.988289,popular_item
15301,23202,49.01615,popular_item
15301,22138,48.821645,popular_item
15301,23355,48.642373,popular_item
15301,23301,47.354162,popular_item
15301,23203,47.131138,popular_item
15303,23084,73.252264,popular_item
15303,22086,60.454943,popular_item
15303,22720,55.763591,popular_item
15303,85099B,51.142855,popular_item
15303,23344,50.988289,popular_item
15303,23202,49.01615,popular_item
15303,22138,48.821645,popular_item
15303,23355,48.642373,popular_item
15303,23301,47.354162,popular_item
15303,23203,47.131138,popular_item
15311,23084,73.252264,popular_item
15311,22086,60.454943,popular_item
15311,22720,55.763591,popular_item
15311,23344,50.988289,popular_item
15311,23202,49.01615,popular_item
15311,22138,48.821645,popular_item
15311,23355,48.642373,popular_item
15311,23301,47.354162,popular_item
15311,23203,47.131138,popular_item
15311,21790,45.295989,popular_item
15321,23084,73.252264,popular_item
15321,22086,60.454943,popular_item
15321,22720,55.763591,popular_item
15321,85099B,51.142855,popular_item
15321,23344,50.988289,popular_item
15321,23202,49.01615,popular_item
15321,22138,48.821645,popular_item
15321,23355,48.642373,popular_item
15321,23301,47.354162,popular_item
15321,23203,47.131138,popular_item
15351,23084,73.252264,popular_item
15351,22086,60.454943,popular_item
15351,22720,55.763591,popular_item
15351,85099B,51.142855,popular_item
15351,23344,50.988289,popular_item
15351,23202,49.01615,popular_item
15351,22138,48.821645,popular_item
15351,23355,48.642373,popular_item
15351,23301,47.354162,popular_item
15351,23203,47.131138,popular_item
15356,23084,73.252264,popular_item
15356,22086,60.454943,popular_item
15356,22720,55.763591,popular_item
15356,23344,50.988289,popular_item
15356,22138,48.821645,popular_item
15356,23355,48.642373,popular_item
15356,23301,47.354162,popular_item
15356,21790,45.295989,popular_item
15356,23343,38.170125,popular_item
15356,21914,37.501408,popular_item
15358,23084,73.252264,popular_item
15358,22086,60.454943,popular_item
15358,22720,55.763591,popular_item
15358,85099B,51.142855,popular_item
15358,23344,50.988289,popular_item
15358,23202,49.01615,popular_item
15358,22138,48.821645,popular_item
15358,23355,48.642373,popular_item
15358,23301,47.354162,popular_item
15358,23203,47.131138,popular_item
15389,23084,73.252264,popular_item
15389,22086,60.454943,popular_item
15389,22720,55.763591,popular_item
15389,85099B,51.142855,popular_item
15389,23344,50.988289,popular_item
15389,23202,49.01615,popular_item
15389,22138,48.821645,popular_item
15389,23355,48.642373,popular_item
15389,23301,47.354162,popular_item
15389,23203,47.131138,popular_item
15394,23084,73.252264,popular_item
15394,22086,60.454943,popular_item
15394,22720,55.763591,popular_item
15394,23344,50.988289,popular_item
15394,23202,49.01615,popular_item
15394,22138,48.821645,popular_item
15394,23355,48.642373,popular_item
15394,23301,47.354162,popular_item
15394,23203,47.131138,popular_item
15394,21790,45.295989,popular_item
15410,23084,73.252264,popular_item
15410,22086,60.454943,popular_item
15410,22720,55.763591,popular_item
15410,85099B,51.142855,popular_item
15410,23344,50.988289,popular_item
15410,23202,49.01615,popular_item
15410,22138,48.821645,popular_item
15410,23355,48.642373,popular_item
15410,23301,47.354162,popular_item
15410,23203,47.131138,popular_item
15413,23084,73.252264,popular_item
15413,22086,60.454943,popular_item
15413,22720,55.763591,popular_item
15413,85099B,51.142855,popular_item
15413,23344,50.988289,popular_item
15413,23202,49.01615,popular_item
15413,22138,48.821645,popular_item
15413,23355,48.642373,popular_item
15413,23301,47.354162,popular_item
15413,23203,47.131138,popular_item
15421,23084,73.252264,popular_item
15421,22086,60.454943,popular_item
15421,22720,55.763591,popular_item
15421,23344,50.988289,popular_item
15421,23202,49.01615,popular_item
15421,22138,48.821645,popular_item
15421,23355,48.642373,popular_item
15421,23301,47.354162,popular_item
15421,23203,47.131138,popular_item
15421,21790,45.295989,popular_item
15429,23084,73.252264,popular_item
15429,22086,60.454943,popular_item
15429,22720,55.763591,popular_item
15429,85099B,51.142855,popular_item
15429,23344,50.988289,popular_item
15429,23202,49.01615,popular_item
15429,22138,48.821645,popular_item
15429,23355,48.642373,popular_item
15429,23301,47.354162,popular_item
15429,23203,47.131138,popular_item
15443,23084,73.252264,popular_item
15443,22720,55.763591,popular_item
15443,85099B,51.142855,popular_item
15443,23344,50.988289,popular_item
15443,23202,49.01615,popular_item
15443,22138,48.821645,popular_item
15443,23203,47.131138,popular_item
15443,21790,45.295989,popular_item
15443,23343,38.170125,popular_item
15443,21914,37.501408,popular_item
15448,23084,73.252264,popular_item
15448,22086,60.454943,popular_item
15448,85099B,51.142855,popular_item
15448,23344,50.988289,popular_item
15448,23202,49.01615,popular_item
15448,22138,48.821645,popular_item
15448,23355,48.642373,popular_item
15448,23301,47.354162,popular_item
15448,23203,47.131138,popular_item
15448,21790,45.295989,popular_item
15451,23084,73.252264,popular_item
15451,22086,60.454943,popular_item
15451,22720,55.763591,popular_item
15451,85099B,51.142855,popular_item
15451,23344,50.988289,popular_item
15451,23202,49.01615,popular_item
15451,22138,48.821645,popular_item
15451,23355,48.642373,popular_item
15451,23301,47.354162,popular_item
15451,23203,47.131138,popular_item
15478,23084,73.252264,popular_item
15478,22086,60.454943,popular_item
15478,22720,55.763591,popular_item
15478,85099B,51.142855,popular_item
15478,23344,50.988289,popular_item
15478,23202,49.01615,popular_item
15478,22138,48.821645,popular_item
15478,23203,47.131138,popular_item
15478,21790,45.295989,popular_item
15478,22726,39.49505,popular_item
15481,23084,73.252264,popular_item
15481,22086,60.454943,popular_item
15481,22720,55.763591,popular_item
15481,85099B,51.142855,popular_item
15481,23344,50.988289,popular_item
15481,23202,49.01615,popular_item
15481,22138,48.821645,popular_item
15481,23355,48.642373,popular_item
15481,23301,47.354162,popular_item
15481,23203,47.131138,popular_item
15498,23084,73.252264,popular_item
15498,22086,60.454943,popular_item
15498,85099B,51.142855,popular_item
15498,23344,50.988289,popular_item
15498,23202,49.01615,popular_item
15498,22138,48.821645,popular_item
15498,23355,48.642373,popular_item
15498,23301,47.354162,popular_item
15498,23203,47.131138,popular_item
15498,21790,45.295989,popular_item
15507,23084,73.252264,popular_item
15507,22086,60.454943,popular_item
15507,22720,55.763591,popular_item
15507,85099B,51.142855,popular_item
15507,23344,50.988289,popular_item
15507,23202,49.01615,popular_item
15507,22138,48.821645,popular_item
15507,23355,48.642373,popular_item
15507,23301,47.354162,popular_item
15507,23203,47.131138,popular_item
15508,23084,73.252264,popular_item
15508,22086,60.454943,popular_item
15508,22720,55.763591,popular_item
15508,85099B,51.142855,popular_item
15508,23344,50.988289,popular_item
15508,23202,49.01615,popular_item
15508,22138,48.821645,popular_item
15508,23355,48.642373,popular_item
15508,23301,47.354162,popular_item
15508,23203,47.131138,popular_item
15514,23084,73.252264,popular_item
15514,22086,60.454943,popular_item
15514,22720,55.763591,popular_item
15514,85099B,51.142855,popular_item
15514,23344,50.988289,popular_item
15514,23202,49.01615,popular_item
15514,22138,48.821645,popular_item
15514,23355,48.642373,popular_item
15514,23301,47.354162,popular_item
15514,23203,47.131138,popular_item
15527,23084,73.252264,popular_item
15527,22086,60.454943,popular_item
15527,22720,55.763591,popular_item
15527,85099B,51.142855,popular_item
15527,23344,50.988289,popular_item
15527,23202,49.01615,popular_item
15527,22138,48.821645,popular_item
15527,23355,48.642373,popular_item
15527,23301,47.354162,popular_item
15527,23203,47.131138,popular_item
15529,23084,73.252264,popular_item
15529,22086,60.454943,popular_item
15529,22720,55.763591,popular_item
15529,85099B,51.142855,popular_item
15529,23344,50.988289,popular_item
15529,23202,49.01615,popular_item
15529,22138,48.821645,popular_item
15529,23355,48.642373,popular_item
15529,23301,47.354162,popular_item
15529,23203,47.131138,popular_item
15533,23084,73.252264,popular_item
15533,22086,60.454943,popular_item
15533,85099B,51.142855,popular_item
15533,23344,50.988289,popular_item
15533,23202,49.01615,popular_item
15533,22138,48.821645,popular_item
15533,23355,48.642373,popular_item
15533,23301,47.354162,popular_item
15533,23203,47.131138,popular_item
15533,21790,45.295989,popular_item
15542,23084,73.252264,popular_item
15542,22086,60.454943,popular_item
15542,22720,55.763591,popular_item
15542,85099B,51.142855,popular_item
15542,23344,50.988289,popular_item
15542,23202,49.01615,popular_item
15542,22138,48.821645,popular_item
15542,23355,48.642373,popular_item
15542,23301,47.354162,popular_item
15542,23203,47.131138,popular_item
15547,23084,73.252264,popular_item
15547,22086,60.454943,popular_item
15547,22720,55.763591,popular_item
15547,85099B,51.142855,popular_item
15547,23344,50.988289,popular_item
15547,23202,49.01615,popular_item
15547,22138,48.821645,popular_item
15547,23355,48.642373,popular_item
15547,23301,47.354162,popular_item
15547,23203,47.131138,popular_item
15554,23084,73.252264,popular_item
15554,22086,60.454943,popular_item
15554,22720,55.763591,popular_item
15554,85099B,51.142855,popular_item
15554,23344,50.988289,popular_item
15554,23202,49.01615,popular_item
15554,22138,48.821645,popular_item
15554,23355,48.642373,popular_item
15554,23301,47.354162,popular_item
15554,23203,47.131138,popular_item
15555,23084,73.252264,popular_item
15555,22086,60.454943,popular_item
15555,22720,55.763591,popular_item
15555,85099B,51.142855,popular_item
15555,23344,50.988289,popular_item
15555,23202,49.01615,popular_item
15555,23355,48.642373,popular_item
15555,23301,47.354162,popular_item
15555,23203,47.131138,popular_item
15555,21790,45.295989,popular_item
15556,23084,73.252264,popular_item
15556,22086,60.454943,popular_item
15556,22720,55.763591,popular_item
15556,85099B,51.142855,popular_item
15556,23344,50.988289,popular_item
15556,23202,49.01615,popular_item
15556,22138,48.821645,popular_item
15556,23355,48.642373,popular_item
15556,23301,47.354162,popular_item
15556,23203,47.131138,popular_item
15561,23084,73.252264,popular_item
15561,22086,60.454943,popular_item
15561,22720,55.763591,popular_item
15561,85099B,51.142855,popular_item
15561,23344,50.988289,popular_item
15561,23202,49.01615,popular_item
15561,22138,48.821645,popular_item
15561,23355,48.642373,popular_item
15561,23301,47.354162,popular_item
15561,23203,47.131138,popular_item
15572,23084,73.252264,popular_item
15572,22720,55.763591,popular_item
15572,85099B,51.142855,popular_item
15572,23344,50.988289,popular_item
15572,23202,49.01615,popular_item
15572,22138,48.821645,popular_item
15572,23355,48.642373,popular_item
15572,23301,47.354162,popular_item
15572,23203,47.131138,popular_item
15572,21790,45.295989,popular_item
15579,23084,73.252264,popular_item
15579,22086,60.454943,popular_item
15579,22720,55.763591,popular_item
15579,85099B,51.142855,popular_item
15579,23344,50.988289,popular_item
15579,23202,49.01615,popular_item
15579,22138,48.821645,popular_item
15579,23355,48.642373,popular_item
15579,23301,47.354162,popular_item
15579,23203,47.131138,popular_item
15580,23084,73.252264,popular_item
15580,22720,55.763591,popular_item
15580,85099B,51.142855,popular_item
15580,23344,50.988289,popular_item
15580,23202,49.01615,popular_item
15580,22138,48.821645,popular_item
15580,23355,48.642373,popular_item
15580,23301,47.354162,popular_item
15580,23203,47.131138,popular_item
15580,21790,45.295989,popular_item
15581,23084,73.252264,popular_item
15581,22086,60.454943,popular_item
15581,22720,55.763591,popular_item
15581,85099B,51.142855,popular_item
15581,23344,50.988289,popular_item
15581,23202,49.01615,popular_item
15581,22138,48.821645,popular_item
15581,23355,48.642373,popular_item
15581,23301,47.354162,popular_item
15581,23203,47.131138,popular_item
15588,23084,73.252264,popular_item
15588,22086,60.454943,popular_item
15588,22720,55.763591,popular_item
15588,85099B,51.142855,popular_item
15588,23344,50.988289,popular_item
15588,23202,49.01615,popular_item
15588,22138,48.821645,popular_item
15588,23355,48.642373,popular_item
15588,23301,47.354162,popular_item
15588,23203,47.131138,popular_item
15601,23084,73.252264,popular_item
15601,22086,60.454943,popular_item
15601,22720,55.763591,popular_item
15601,85099B,51.142855,popular_item
15601,23344,50.988289,popular_item
15601,23202,49.01615,popular_item
15601,22138,48.821645,popular_item
15601,23355,48.642373,popular_item
15601,23301,47.354162,popular_item
15601,23203,47.131138,popular_item
15607,23084,73.252264,popular_item
15607,22086,60.454943,popular_item
15607,22720,55.763591,popular_item
15607,85099B,51.142855,popular_item
15607,23344,50.988289,popular_item
15607,23202,49.01615,popular_item
15607,22138,48.821645,popular_item
15607,23355,48.642373,popular_item
15607,23301,47.354162,popular_item
15607,23203,47.131138,popular_item
15608,23084,73.252264,popular_item
15608,22086,60.454943,popular_item
15608,22720,55.763591,popular_item
15608,85099B,51.142855,popular_item
15608,23344,50.988289,popular_item
15608,23202,49.01615,popular_item
15608,22138,48.821645,popular_item
15608,23355,48.642373,popular_item
15608,23301,47.354162,popular_item
15608,23203,47.131138,popular_item
15611,23084,73.252264,popular_item
15611,22086,60.454943,popular_item
15611,22720,55.763591,popular_item
15611,85099B,51.142855,popular_item
15611,23344,50.988289,popular_item
15611,23202,49.01615,popular_item
15611,22138,48.821645,popular_item
15611,23355,48.642373,popular_item
15611,23301,47.354162,popular_item
15611,23203,47.131138,popular_item
15615,23084,73.252264,popular_item
15615,22086,60.454943,popular_item
15615,85099B,51.142855,popular_item
15615,23344,50.988289,popular_item
15615,23202,49.01615,popular_item
15615,22138,48.821645,popular_item
15615,23355,48.642373,popular_item
15615,23301,47.354162,popular_item
15615,23203,47.131138,popular_item
15615,21790,45.295989,popular_item
15621,23084,73.252264,popular_item
15621,22086,60.454943,popular_item
15621,22720,55.763591,popular_item
15621,85099B,51.142855,popular_item
15621,23344,50.988289,popular_item
15621,23202,49.01615,popular_item
15621,22138,48.821645,popular_item
15621,23355,48.642373,popular_item
15621,23301,47.354162,popular_item
15621,23203,47.131138,popular_item
15628,23084,73.252264,popular_item
15628,22086,60.454943,popular_item
15628,22720,55.763591,popular_item
15628,85099B,51.142855,popular_item
15628,23344,50.988289,popular_item
15628,23202,49.01615,popular_item
15628,23355,48.642373,popular_item
15628,23301,47.354162,popular_item
15628,23203,47.131138,popular_item
15628,21790,45.295989,popular_item
15633,23084,73.252264,popular_item
15633,22086,60.454943,popular_item
15633,22720,55.763591,popular_item
15633,85099B,51.142855,popular_item
15633,23344,50.988289,popular_item
15633,23202,49.01615,popular_item
15633,23355,48.642373,popular_item
15633,23301,47.354162,popular_item
15633,23203,47.131138,popular_item
15633,21790,45.295989,popular_item
15640,23084,73.252264,popular_item
15640,22086,60.454943,popular_item
15640,22720,55.763591,popular_item
15640,23344,50.988289,popular_item
15640,23202,49.01615,popular_item
15640,22138,48.821645,popular_item
15640,23355,48.642373,popular_item
15640,23301,47.354162,popular_item
15640,23203,47.131138,popular_item
15640,21790,45.295989,popular_item
15641,23084,73.252264,popular_item
15641,22086,60.454943,popular_item
15641,85099B,51.142855,popular_item
15641,23344,50.988289,popular_item
15641,23202,49.01615,popular_item
15641,22138,48.821645,popular_item
15641,23355,48.642373,popular_item
15641,23301,47.354162,popular_item
15641,23203,47.131138,popular_item
15641,21790,45.295989,popular_item
15651,23084,73.252264,popular_item
15651,22086,60.454943,popular_item
15651,22720,55.763591,popular_item
15651,85099B,51.142855,popular_item
15651,23344,50.988289,popular_item
15651,23202,49.01615,popular_item
15651,22138,48.821645,popular_item
15651,23355,48.642373,popular_item
15651,23301,47.354162,popular_item
15651,23203,47.131138,popular_item
15653,23084,73.252264,popular_item
15653,22086,60.454943,popular_item
15653,22720,55.763591,popular_item
15653,85099B,51.142855,popular_item
15653,23344,50.988289,popular_item
15653,23202,49.01615,popular_item
15653,22138,48.821645,popular_item
15653,23355,48.642373,popular_item
15653,23301,47.354162,popular_item
15653,23203,47.131138,popular_item
15654,23084,73.252264,popular_item
15654,22086,60.454943,popular_item
15654,22720,55.763591,popular_item
15654,85099B,51.142855,popular_item
15654,23344,50.988289,popular_item
15654,23202,49.01615,popular_item
15654,22138,48.821645,popular_item
15654,23355,48.642373,popular_item
15654,23301,47.354162,popular_item
15654,23203,47.131138,popular_item
15660,23084,73.252264,popular_item
15660,22086,60.454943,popular_item
15660,22720,55.763591,popular_item
15660,85099B,51.142855,popular_item
15660,23344,50.988289,popular_item
15660,23202,49.01615,popular_item
15660,22138,48.821645,popular_item
15660,23355,48.642373,popular_item
15660,23301,47.354162,popular_item
15660,23203,47.131138,popular_item
15673,23084,73.252264,popular_item
15673,22086,60.454943,popular_item
15673,22720,55.763591,popular_item
15673,85099B,51.142855,popular_item
15673,23344,50.988289,popular_item
15673,23202,49.01615,popular_item
15673,23355,48.642373,popular_item
15673,23301,47.354162,popular_item
15673,23203,47.131138,popular_item
15673,21790,45.295989,popular_item
15674,23084,73.252264,popular_item
15674,22086,60.454943,popular_item
15674,22720,55.763591,popular_item
15674,85099B,51.142855,popular_item
15674,23344,50.988289,popular_item
15674,23202,49.01615,popular_item
15674,22138,48.821645,popular_item
15674,23355,48.642373,popular_item
15674,23301,47.354162,popular_item
15674,23203,47.131138,popular_item
15689,23084,73.252264,popular_item
15689,22086,60.454943,popular_item
15689,22720,55.763591,popular_item
15689,85099B,51.142855,popular_item
15689,23344,50.988289,popular_item
15689,23202,49.01615,popular_item
15689,22138,48.821645,popular_item
15689,23355,48.642373,popular_item
15689,23301,47.354162,popular_item
15689,23203,47.131138,popular_item
15694,23084,73.252264,popular_item
15694,22086,60.454943,popular_item
15694,22720,55.763591,popular_item
15694,85099B,51.142855,popular_item
15694,23344,50.988289,popular_item
15694,23202,49.01615,popular_item
15694,22138,48.821645,popular_item
15694,23355,48.642373,popular_item
15694,23301,47.354162,popular_item
15694,23203,47.131138,popular_item
15738,23084,73.252264,popular_item
15738,22086,60.454943,popular_item
15738,22720,55.763591,popular_item
15738,85099B,51.142855,popular_item
15738,23344,50.988289,popular_item
15738,23202,49.01615,popular_item
15738,22138,48.821645,popular_item
15738,23355,48.642373,popular_item
15738,23301,47.354162,popular_item
15738,23203,47.131138,popular_item
15751,23084,73.252264,popular_item
15751,22086,60.454943,popular_item
15751,22720,55.763591,popular_item
15751,85099B,51.142855,popular_item
15751,23344,50.988289,popular_item
15751,23202,49.01615,popular_item
15751,23355,48.642373,popular_item
15751,23301,47.354162,popular_item
15751,23203,47.131138,popular_item
15751,21790,45.295989,popular_item
15754,23084,73.252264,popular_item
15754,22086,60.454943,popular_item
15754,22720,55.763591,popular_item
15754,85099B,51.142855,popular_item
15754,23344,50.988289,popular_item
15754,23202,49.01615,popular_item
15754,22138,48.821645,popular_item
15754,23355,48.642373,popular_item
15754,23301,47.354162,popular_item
15754,23203,47.131138,popular_item
15755,23084,73.252264,popular_item
15755,22086,60.454943,popular_item
15755,22720,55.763591,popular_item
15755,85099B,51.142855,popular_item
15755,23344,50.988289,popular_item
15755,23202,49.01615,popular_item
15755,22138,48.821645,popular_item
15755,23355,48.642373,popular_item
15755,23301,47.354162,popular_item
15755,23203,47.131138,popular_item
15769,23084,73.252264,popular_item
15769,22086,60.454943,popular_item
15769,22720,55.763591,popular_item
15769,23344,50.988289,popular_item
15769,23202,49.01615,popular_item
15769,22138,48.821645,popular_item
15769,23355,48.642373,popular_item
15769,23301,47.354162,popular_item
15769,23203,47.131138,popular_item
15769,21790,45.295989,popular_item
15791,23084,73.252264,popular_item
15791,22086,60.454943,popular_item
15791,22720,55.763591,popular_item
15791,85099B,51.142855,popular_item
15791,23344,50.988289,popular_item
15791,23202,49.01615,popular_item
15791,22138,48.821645,popular_item
15791,23355,48.642373,popular_item
15791,23301,47.354162,popular_item
15791,23203,47.131138,popular_item
15795,23084,73.252264,popular_item
15795,22086,60.454943,popular_item
15795,22720,55.763591,popular_item
15795,85099B,51.142855,popular_item
15795,23344,50.988289,popular_item
15795,23202,49.01615,popular_item
15795,22138,48.821645,popular_item
15795,23355,48.642373,popular_item
15795,23301,47.354162,popular_item
15795,23203,47.131138,popular_item
15805,23084,73.252264,popular_item
15805,22086,60.454943,popular_item
15805,22720,55.763591,popular_item
15805,85099B,51.142855,popular_item
15805,23344,50.988289,popular_item
15805,23202,49.01615,popular_item
15805,22138,48.821645,popular_item
15805,23355,48.642373,popular_item
15805,23301,47.354162,popular_item
15805,23203,47.131138,popular_item
15808,23084,73.252264,popular_item
15808,22086,60.454943,popular_item
15808,22720,55.763591,popular_item
15808,23344,50.988289,popular_item
15808,23202,49.01615,popular_item
15808,22138,48.821645,popular_item
15808,23355,48.642373,popular_item
15808,23301,47.354162,popular_item
15808,23203,47.131138,popular_item
15808,21790,45.295989,popular_item
15812,23084,73.252264,popular_item
15812,22086,60.454943,popular_item
15812,22720,55.763591,popular_item
15812,85099B,51.142855,popular_item
15812,23344,50.988289,popular_item
15812,23202,49.01615,popular_item
15812,22138,48.821645,popular_item
15812,23355,48.642373,popular_item
15812,23301,47.354162,popular_item
15812,23203,47.131138,popular_item
15827,23084,73.252264,popular_item
15827,22086,60.454943,popular_item
15827,22720,55.763591,popular_item
15827,85099B,51.142855,popular_item
15827,23344,50.988289,popular_item
15827,23202,49.01615,popular_item
15827,22138,48.821645,popular_item
15827,23355,48.642373,popular_item
15827,23301,47.354162,popular_item
15827,23203,47.131138,popular_item
15838,23084,73.252264,popular_item
15838,22086,60.454943,popular_item
15838,22720,55.763591,popular_item
15838,23344,50.988289,popular_item
15838,23202,49.01615,popular_item
15838,22138,48.821645,popular_item
15838,23355,48.642373,popular_item
15838,23301,47.354162,popular_item
15838,23203,47.131138,popular_item
15838,21790,45.295989,popular_item
15841,23084,73.252264,popular_item
15841,22086,60.454943,popular_item
15841,22720,55.763591,popular_item
15841,85099B,51.142855,popular_item
15841,23344,50.988289,popular_item
15841,23202,49.01615,popular_item
15841,22138,48.821645,popular_item
15841,23355,48.642373,popular_item
15841,23301,47.354162,popular_item
15841,23203,47.131138,popular_item
15861,23084,73.252264,popular_item
15861,22086,60.454943,popular_item
15861,85099B,51.142855,popular_item
15861,23344,50.988289,popular_item
15861,23202,49.01615,popular_item
15861,22138,48.821645,popular_item
15861,23355,48.642373,popular_item
15861,23301,47.354162,popular_item
15861,23203,47.131138,popular_item
15861,21790,45.295989,popular_item
15863,23084,73.252264,popular_item
15863,22086,60.454943,popular_item
15863,22720,55.763591,popular_item
15863,85099B,51.142855,popular_item
15863,23344,50.988289,popular_item
15863,23202,49.01615,popular_item
15863,22138,48.821645,popular_item
15863,23355,48.642373,popular_item
15863,23301,47.354162,popular_item
15863,23203,47.131138,popular_item
15867,23084,73.252264,popular_item
15867,22086,60.454943,popular_item
15867,22720,55.763591,popular_item
15867,85099B,51.142855,popular_item
15867,23344,50.988289,popular_item
15867,23202,49.01615,popular_item
15867,22138,48.821645,popular_item
15867,23355,48.642373,popular_item
15867,23301,47.354162,popular_item
15867,23203,47.131138,popular_item
15881,23084,73.252264,popular_item
15881,22086,60.454943,popular_item
15881,22720,55.763591,popular_item
15881,85099B,51.142855,popular_item
15881,23344,50.988289,popular_item
15881,23202,49.01615,popular_item
15881,22138,48.821645,popular_item
15881,23355,48.642373,popular_item
15881,23301,47.354162,popular_item
15881,23203,47.131138,popular_item
15885,23084,73.252264,popular_item
15885,22086,60.454943,popular_item
15885,22720,55.763591,popular_item
15885,85099B,51.142855,popular_item
15885,23344,50.988289,popular_item
15885,23202,49.01615,popular_item
15885,22138,48.821645,popular_item
15885,23355,48.642373,popular_item
15885,23301,47.354162,popular_item
15885,23203,47.131138,popular_item
15897,23084,73.252264,popular_item
15897,22086,60.454943,popular_item
15897,22720,55.763591,popular_item
15897,85099B,51.142855,popular_item
15897,23344,50.988289,popular_item
15897,23202,49.01615,popular_item
15897,22138,48.821645,popular_item
15897,23355,48.642373,popular_item
15897,23301,47.354162,popular_item
15897,23203,47.131138,popular_item
15900,23084,73.252264,popular_item
15900,22086,60.454943,popular_item
15900,22720,55.763591,popular_item
15900,85099B,51.142855,popular_item
15900,23344,50.988289,popular_item
15900,23202,49.01615,popular_item
15900,22138,48.821645,popular_item
15900,23355,48.642373,popular_item
15900,23301,47.354162,popular_item
15900,23203,47.131138,popular_item
15901,23084,73.252264,popular_item
15901,22086,60.454943,popular_item
15901,22720,55.763591,popular_item
15901,85099B,51.142855,popular_item
15901,23344,50.988289,popular_item
15901,23202,49.01615,popular_item
15901,22138,48.821645,popular_item
15901,23355,48.642373,popular_item
15901,23301,47.354162,popular_item
15901,23203,47.131138,popular_item
15918,23084,73.252264,popular_item
15918,22086,60.454943,popular_item
15918,22720,55.763591,popular_item
15918,85099B,51.142855,popular_item
15918,23344,50.988289,popular_item
15918,23202,49.01615,popular_item
15918,22138,48.821645,popular_item
15918,23355,48.642373,popular_item
15918,23301,47.354162,popular_item
15918,23203,47.131138,popular_item
15953,23084,73.252264,popular_item
15953,22086,60.454943,popular_item
15953,22720,55.763591,popular_item
15953,85099B,51.142855,popular_item
15953,23344,50.988289,popular_item
15953,23202,49.01615,popular_item
15953,22138,48.821645,popular_item
15953,23355,48.642373,popular_item
15953,23301,47.354162,popular_item
15953,23203,47.131138,popular_item
15971,23084,73.252264,popular_item
15971,22086,60.454943,popular_item
15971,22720,55.763591,popular_item
15971,23344,50.988289,popular_item
15971,23202,49.01615,popular_item
15971,22138,48.821645,popular_item
15971,23355,48.642373,popular_item
15971,23301,47.354162,popular_item
15971,23203,47.131138,popular_item
15971,21790,45.295989,popular_item
15980,23084,73.252264,popular_item
15980,22086,60.454943,popular_item
15980,22720,55.763591,popular_item
15980,85099B,51.142855,popular_item
15980,23344,50.988289,popular_item
15980,23202,49.01615,popular_item
15980,22138,48.821645,popular_item
15980,23355,48.642373,popular_item
15980,23301,47.354162,popular_item
15980,23203,47.131138,popular_item
15985,23084,73.252264,popular_item
15985,22086,60.454943,popular_item
15985,22720,55.763591,popular_item
15985,85099B,51.142855,popular_item
15985,23344,50.988289,popular_item
15985,23202,49.01615,popular_item
15985,22138,48.821645,popular_item
15985,23355,48.642373,popular_item
15985,23301,47.354162,popular_item
15985,23203,47.131138,popular_item
15993,22086,60.454943,popular_item
15993,22720,55.763591,popular_item
15993,85099B,51.142855,popular_item
15993,23344,50.988289,popular_item
15993,23202,49.01615,popular_item
15993,22138,48.821645,popular_item
15993,23203,47.131138,popular_item
15993,21790,45.295989,popular_item
15993,23343,38.170125,popular_item
15993,22139,37.437132,popular_item
15996,23084,73.252264,popular_item
15996,22086,60.454943,popular_item
15996,22720,55.763591,popular_item
15996,85099B,51.142855,popular_item
15996,23344,50.988289,popular_item
15996,23202,49.01615,popular_item
15996,22138,48.821645,popular_item
15996,23355,48.642373,popular_item
15996,23301,47.354162,popular_item
15996,23203,47.131138,popular_item
16010,23084,73.252264,popular_item
16010,22086,60.454943,popular_item
16010,22720,55.763591,popular_item
16010,23344,50.988289,popular_item
16010,23202,49.01615,popular_item
16010,22138,48.821645,popular_item
16010,23355,48.642373,popular_item
16010,23301,47.354162,popular_item
16010,23203,47.131138,popular_item
16010,21790,45.295989,popular_item
16011,23084,73.252264,popular_item
16011,22086,60.454943,popular_item
16011,22720,55.763591,popular_item
16011,85099B,51.142855,popular_item
16011,23344,50.988289,popular_item
16011,23202,49.01615,popular_item
16011,22138,48.821645,popular_item
16011,23355,48.642373,popular_item
16011,23301,47.354162,popular_item
16011,23203,47.131138,popular_item
16012,23084,73.252264,popular_item
16012,22086,60.454943,popular_item
16012,22720,55.763591,popular_item
16012,85099B,51.142855,popular_item
16012,23344,50.988289,popular_item
16012,23202,49.01615,popular_item
16012,23355,48.642373,popular_item
16012,23301,47.354162,popular_item
16012,23203,47.131138,popular_item
16012,21790,45.295989,popular_item
16013,23084,73.252264,popular_item
16013,22086,60.454943,popular_item
16013,22720,55.763591,popular_item
16013,85099B,51.142855,popular_item
16013,23344,50.988289,popular_item
16013,23202,49.01615,popular_item
16013,22138,48.821645,popular_item
16013,23355,48.642373,popular_item
16013,23301,47.354162,popular_item
16013,23203,47.131138,popular_item
16016,23084,73.252264,popular_item
16016,22086,60.454943,popular_item
16016,22720,55.763591,popular_item
16016,85099B,51.142855,popular_item
16016,23344,50.988289,popular_item
16016,22138,48.821645,popular_item
16016,23301,47.354162,popular_item
16016,23203,47.131138,popular_item
16016,21790,45.295989,popular_item
16016,22726,39.49505,popular_item
16017,23084,73.252264,popular_item
16017,22086,60.454943,popular_item
16017,22720,55.763591,popular_item
16017,85099B,51.142855,popular_item
16017,23344,50.988289,popular_item
16017,23202,49.01615,popular_item
16017,22138,48.821645,popular_item
16017,23355,48.642373,popular_item
16017,23301,47.354162,popular_item
16017,23203,47.131138,popular_item
16019,23084,73.252264,popular_item
16019,22086,60.454943,popular_item
16019,22720,55.763591,popular_item
16019,85099B,51.142855,popular_item
16019,23344,50.988289,popular_item
16019,23202,49.01615,popular_item
16019,22138,48.821645,popular_item
16019,23355,48.642373,popular_item
16019,23301,47.354162,popular_item
16019,23203,47.131138,popular_item
16029,23084,73.252264,popular_item
16029,22086,60.454943,popular_item
16029,22720,55.763591,popular_item
16029,85099B,51.142855,popular_item
16029,23344,50.988289,popular_item
16029,23202,49.01615,popular_item
16029,22138,48.821645,popular_item
16029,23355,48.642373,popular_item
16029,23301,47.354162,popular_item
16029,23203,47.131138,popular_item
16033,23084,73.252264,popular_item
16033,22086,60.454943,popular_item
16033,22720,55.763591,popular_item
16033,85099B,51.142855,popular_item
16033,23344,50.988289,popular_item
16033,23202,49.01615,popular_item
16033,22138,48.821645,popular_item
16033,23355,48.642373,popular_item
16033,23203,47.131138,popular_item
16033,21790,45.295989,popular_item
16043,23084,73.252264,popular_item
16043,22086,60.454943,popular_item
16043,22720,55.763591,popular_item
16043,85099B,51.142855,popular_item
16043,23344,50.988289,popular_item
16043,23202,49.01615,popular_item
16043,22138,48.821645,popular_item
16043,23355,48.642373,popular_item
16043,23301,47.354162,popular_item
16043,23203,47.131138,popular_item
16059,23084,73.252264,popular_item
16059,22086,60.454943,popular_item
16059,22720,55.763591,popular_item
16059,85099B,51.142855,popular_item
16059,23344,50.988289,popular_item
16059,23202,49.01615,popular_item
16059,22138,48.821645,popular_item
16059,23355,48.642373,popular_item
16059,23301,47.354162,popular_item
16059,23203,47.131138,popular_item
16076,23084,73.252264,popular_item
16076,22086,60.454943,popular_item
16076,22720,55.763591,popular_item
16076,85099B,51.142855,popular_item
16076,23344,50.988289,popular_item
16076,23202,49.01615,popular_item
16076,23355,48.642373,popular_item
16076,23203,47.131138,popular_item
16076,22726,39.49505,popular_item
16076,23343,38.170125,popular_item
16079,22720,55.763591,popular_item
16079,85099B,51.142855,popular_item
16079,23344,50.988289,popular_item
16079,23202,49.01615,popular_item
16079,22138,48.821645,popular_item
16079,23355,48.642373,popular_item
16079,23301,47.354162,popular_item
16079,23203,47.131138,popular_item
16079,21790,45.295989,popular_item
16079,22726,39.49505,popular_item
16103,23084,73.252264,popular_item
16103,22086,60.454943,popular_item
16103,22720,55.763591,popular_item
16103,85099B,51.142855,popular_item
16103,23344,50.988289,popular_item
16103,23202,49.01615,popular_item
16103,22138,48.821645,popular_item
16103,23355,48.642373,popular_item
16103,23301,47.354162,popular_item
16103,23203,47.131138,popular_item
16104,23084,73.252264,popular_item
16104,22086,60.454943,popular_item
16104,22720,55.763591,popular_item
16104,85099B,51.142855,popular_item
16104,23344,50.988289,popular_item
16104,23202,49.01615,popular_item
16104,22138,48.821645,popular_item
16104,23355,48.642373,popular_item
16104,23301,47.354162,popular_item
16104,23203,47.131138,popular_item
16110,23084,73.252264,popular_item
16110,22086,60.454943,popular_item
16110,22720,55.763591,popular_item
16110,85099B,51.142855,popular_item
16110,23344,50.988289,popular_item
16110,23202,49.01615,popular_item
16110,22138,48.821645,popular_item
16110,23355,48.642373,popular_item
16110,23301,47.354162,popular_item
16110,23203,47.131138,popular_item
16116,23084,73.252264,popular_item
16116,22086,60.454943,popular_item
16116,22720,55.763591,popular_item
16116,85099B,51.142855,popular_item
16116,23344,50.988289,popular_item
16116,23202,49.01615,popular_item
16116,22138,48.821645,popular_item
16116,23355,48.642373,popular_item
16116,23301,47.354162,popular_item
16116,23203,47.131138,popular_item
16117,23084,73.252264,popular_item
16117,22086,60.454943,popular_item
16117,22720,55.763591,popular_item
16117,85099B,51.142855,popular_item
16117,23344,50.988289,popular_item
16117,23202,49.01615,popular_item
16117,22138,48.821645,popular_item
16117,23355,48.642373,popular_item
16117,23203,47.131138,popular_item
16117,21790,45.295989,popular_item
16119,23084,73.252264,popular_item
16119,22086,60.454943,popular_item
16119,22720,55.763591,popular_item
16119,85099B,51.142855,popular_item
16119,23344,50.988289,popular_item
16119,23202,49.01615,popular_item
16119,22138,48.821645,popular_item
16119,23355,48.642373,popular_item
16119,23301,47.354162,popular_item
16119,23203,47.131138,popular_item
16121,23084,73.252264,popular_item
16121,22720,55.763591,popular_item
16121,85099B,51.142855,popular_item
16121,23344,50.988289,popular_item
16121,23202,49.01615,popular_item
16121,22138,48.821645,popular_item
16121,23355,48.642373,popular_item
16121,23301,47.354162,popular_item
16121,23203,47.131138,popular_item
16121,21790,45.295989,popular_item
16133,23084,73.252264,popular_item
16133,22086,60.454943,popular_item
16133,22720,55.763591,popular_item
16133,85099B,51.142855,popular_item
16133,23344,50.988289,popular_item
16133,23202,49.01615,popular_item
16133,22138,48.821645,popular_item
16133,23355,48.642373,popular_item
16133,23301,47.354162,popular_item
16133,23203,47.131138,popular_item
16134,23084,73.252264,popular_item
16134,22086,60.454943,popular_item
16134,22720,55.763591,popular_item
16134,85099B,51.142855,popular_item
16134,23344,50.988289,popular_item
16134,23202,49.01615,popular_item
16134,22138,48.821645,popular_item
16134,23355,48.642373,popular_item
16134,23301,47.354162,popular_item
16134,23203,47.131138,popular_item
16135,23084,73.252264,popular_item
16135,22086,60.454943,popular_item
16135,22720,55.763591,popular_item
16135,85099B,51.142855,popular_item
16135,23344,50.988289,popular_item
16135,23202,49.01615,popular_item
16135,22138,48.821645,popular_item
16135,23355,48.642373,popular_item
16135,23301,47.354162,popular_item
16135,23203,47.131138,popular_item
16136,23084,73.252264,popular_item
16136,22086,60.454943,popular_item
16136,22720,55.763591,popular_item
16136,85099B,51.142855,popular_item
16136,23344,50.988289,popular_item
16136,23202,49.01615,popular_item
16136,22138,48.821645,popular_item
16136,23355,48.642373,popular_item
16136,23301,47.354162,popular_item
16136,23203,47.131138,popular_item
16144,23084,73.252264,popular_item
16144,22086,60.454943,popular_item
16144,22720,55.763591,popular_item
16144,85099B,51.142855,popular_item
16144,23344,50.988289,popular_item
16144,23202,49.01615,popular_item
16144,22138,48.821645,popular_item
16144,23355,48.642373,popular_item
16144,23301,47.354162,popular_item
16144,23203,47.131138,popular_item
16146,23084,73.252264,popular_item
16146,22086,60.454943,popular_item
16146,22720,55.763591,popular_item
16146,85099B,51.142855,popular_item
16146,23344,50.988289,popular_item
16146,23202,49.01615,popular_item
16146,22138,48.821645,popular_item
16146,23355,48.642373,popular_item
16146,23301,47.354162,popular_item
16146,23203,47.131138,popular_item
16153,23084,73.252264,popular_item
16153,22086,60.454943,popular_item
16153,85099B,51.142855,popular_item
16153,23344,50.988289,popular_item
16153,23202,49.01615,popular_item
16153,22138,48.821645,popular_item
16153,23355,48.642373,popular_item
16153,23301,47.354162,popular_item
16153,23203,47.131138,popular_item
16153,21790,45.295989,popular_item
16161,23084,73.252264,popular_item
16161,22086,60.454943,popular_item
16161,22720,55.763591,popular_item
16161,22138,48.821645,popular_item
16161,23355,48.642373,popular_item
16161,23301,47.354162,popular_item
16161,21790,45.295989,popular_item
16161,22726,39.49505,popular_item
16161,21914,37.501408,popular_item
16161,22139,37.437132,popular_item
16168,23084,73.252264,popular_item
16168,22086,60.454943,popular_item
16168,22720,55.763591,popular_item
16168,85099B,51.142855,popular_item
16168,23344,50.988289,popular_item
16168,23202,49.01615,popular_item
16168,22138,48.821645,popular_item
16168,23355,48.642373,popular_item
16168,23301,47.354162,popular_item
16168,23203,47.131138,popular_item
16186,23084,73.252264,popular_item
16186,22086,60.454943,popular_item
16186,22720,55.763591,popular_item
16186,85099B,51.142855,popular_item
16186,23344,50.988289,popular_item
16186,23202,49.01615,popular_item
16186,22138,48.821645,popular_item
16186,23355,48.642373,popular_item
16186,23301,47.354162,popular_item
16186,23203,47.131138,popular_item
16191,23084,73.252264,popular_item
16191,22720,55.763591,popular_item
16191,85099B,51.142855,popular_item
16191,23344,50.988289,popular_item
16191,23202,49.01615,popular_item
16191,22138,48.821645,popular_item
16191,23355,48.642373,popular_item
16191,23301,47.354162,popular_item
16191,23203,47.131138,popular_item
16191,21790,45.295989,popular_item
16202,23084,73.252264,popular_item
16202,22086,60.454943,popular_item
16202,22720,55.763591,popular_item
16202,23344,50.988289,popular_item
16202,23202,49.01615,popular_item
16202,22138,48.821645,popular_item
16202,23355,48.642373,popular_item
16202,23301,47.354162,popular_item
16202,23203,47.131138,popular_item
16202,21790,45.295989,popular_item
16206,23084,73.252264,popular_item
16206,22086,60.454943,popular_item
16206,22720,55.763591,popular_item
16206,85099B,51.142855,popular_item
16206,23344,50.988289,popular_item
16206,23202,49.01615,popular_item
16206,22138,48.821645,popular_item
16206,23355,48.642373,popular_item
16206,23301,47.354162,popular_item
16206,23203,47.131138,popular_item
16210,23084,73.252264,popular_item
16210,22086,60.454943,popular_item
16210,85099B,51.142855,popular_item
16210,23344,50.988289,popular_item
16210,23202,49.01615,popular_item
16210,22138,48.821645,popular_item
16210,23355,48.642373,popular_item
16210,23301,47.354162,popular_item
16210,23203,47.131138,popular_item
16210,21790,45.295989,popular_item
16214,23084,73.252264,popular_item
16214,22086,60.454943,popular_item
16214,22720,55.763591,popular_item
16214,85099B,51.142855,popular_item
16214,23344,50.988289,popular_item
16214,23202,49.01615,popular_item
16214,22138,48.821645,popular_item
16214,23355,48.642373,popular_item
16214,23301,47.354162,popular_item
16214,23203,47.131138,popular_item
16218,23084,73.252264,popular_item
16218,22086,60.454943,popular_item
16218,22720,55.763591,popular_item
16218,85099B,51.142855,popular_item
16218,23344,50.988289,popular_item
16218,23202,49.01615,popular_item
16218,22138,48.821645,popular_item
16218,23355,48.642373,popular_item
16218,23301,47.354162,popular_item
16218,23203,47.131138,popular_item
16221,23084,73.252264,popular_item
16221,22086,60.454943,popular_item
16221,22720,55.763591,popular_item
16221,85099B,51.142855,popular_item
16221,23344,50.988289,popular_item
16221,23202,49.01615,popular_item
16221,22138,48.821645,popular_item
16221,23355,48.642373,popular_item
16221,23301,47.354162,popular_item
16221,23203,47.131138,popular_item
16222,23084,73.252264,popular_item
16222,22086,60.454943,popular_item
16222,22720,55.763591,popular_item
16222,23344,50.988289,popular_item
16222,23202,49.01615,popular_item
16222,22138,48.821645,popular_item
16222,23355,48.642373,popular_item
16222,23301,47.354162,popular_item
16222,23203,47.131138,popular_item
16222,21790,45.295989,popular_item
16226,23084,73.252264,popular_item
16226,22086,60.454943,popular_item
16226,22720,55.763591,popular_item
16226,85099B,51.142855,popular_item
16226,23344,50.988289,popular_item
16226,23202,49.01615,popular_item
16226,22138,48.821645,popular_item
16226,23355,48.642373,popular_item
16226,23301,47.354162,popular_item
16226,23203,47.131138,popular_item
16232,23084,73.252264,popular_item
16232,22086,60.454943,popular_item
16232,22720,55.763591,popular_item
16232,85099B,51.142855,popular_item
16232,23344,50.988289,popular_item
16232,23202,49.01615,popular_item
16232,22138,48.821645,popular_item
16232,23355,48.642373,popular_item
16232,23301,47.354162,popular_item
16232,23203,47.131138,popular_item
16243,23084,73.252264,popular_item
16243,22086,60.454943,popular_item
16243,85099B,51.142855,popular_item
16243,23344,50.988289,popular_item
16243,23202,49.01615,popular_item
16243,22138,48.821645,popular_item
16243,23355,48.642373,popular_item
16243,23301,47.354162,popular_item
16243,23203,47.131138,popular_item
16243,21790,45.295989,popular_item
16250,23084,73.252264,popular_item
16250,22086,60.454943,popular_item
16250,22720,55.763591,popular_item
16250,85099B,51.142855,popular_item
16250,23344,50.988289,popular_item
16250,23202,49.01615,popular_item
16250,22138,48.821645,popular_item
16250,23355,48.642373,popular_item
16250,23301,47.354162,popular_item
16250,23203,47.131138,popular_item
16253,23084,73.252264,popular_item
16253,22086,60.454943,popular_item
16253,22720,55.763591,popular_item
16253,85099B,51.142855,popular_item
16253,23344,50.988289,popular_item
16253,23202,49.01615,popular_item
16253,22138,48.821645,popular_item
16253,23355,48.642373,popular_item
16253,23301,47.354162,popular_item
16253,23203,47.131138,popular_item
16261,23084,73.252264,popular_item
16261,85099B,51.142855,popular_item
16261,23344,50.988289,popular_item
16261,23202,49.01615,popular_item
16261,22138,48.821645,popular_item
16261,23355,48.642373,popular_item
16261,23301,47.354162,popular_item
16261,23203,47.131138,popular_item
16261,21790,45.295989,popular_item
16261,22726,39.49505,popular_item
16276,23084,73.252264,popular_item
16276,22086,60.454943,popular_item
16276,22720,55.763591,popular_item
16276,85099B,51.142855,popular_item
16276,23344,50.988289,popular_item
16276,23202,49.01615,popular_item
16276,22138,48.821645,popular_item
16276,23355,48.642373,popular_item
16276,23301,47.354162,popular_item
16276,23203,47.131138,popular_item
16279,23084,73.252264,popular_item
16279,22086,60.454943,popular_item
16279,22720,55.763591,popular_item
16279,23344,50.988289,popular_item
16279,23202,49.01615,popular_item
16279,22138,48.821645,popular_item
16279,23355,48.642373,popular_item
16279,23301,47.354162,popular_item
16279,23203,47.131138,popular_item
16279,22726,39.49505,popular_item
16291,23084,73.252264,popular_item
16291,22086,60.454943,popular_item
16291,22720,55.763591,popular_item
16291,85099B,51.142855,popular_item
16291,23344,50.988289,popular_item
16291,23202,49.01615,popular_item
16291,22138,48.821645,popular_item
16291,23355,48.642373,popular_item
16291,23301,47.354162,popular_item
16291,23203,47.131138,popular_item
16306,23084,73.252264,popular_item
16306,22720,55.763591,popular_item
16306,85099B,51.142855,popular_item
16306,23344,50.988289,popular_item
16306,23202,49.01615,popular_item
16306,22138,48.821645,popular_item
16306,23355,48.642373,popular_item
16306,23301,47.354162,popular_item
16306,23203,47.131138,popular_item
16306,21790,45.295989,popular_item
16321,23084,73.252264,popular_item
16321,22086,60.454943,popular_item
16321,22720,55.763591,popular_item
16321,85099B,51.142855,popular_item
16321,23344,50.988289,popular_item
16321,23202,49.01615,popular_item
16321,22138,48.821645,popular_item
16321,23355,48.642373,popular_item
16321,23301,47.354162,popular_item
16321,23203,47.131138,popular_item
16333,23084,73.252264,popular_item
16333,22086,60.454943,popular_item
16333,22720,55.763591,popular_item
16333,85099B,51.142855,popular_item
16333,23344,50.988289,popular_item
16333,23202,49.01615,popular_item
16333,22138,48.821645,popular_item
16333,23355,48.642373,popular_item
16333,23301,47.354162,popular_item
16333,23203,47.131138,popular_item
16341,23084,73.252264,popular_item
16341,22086,60.454943,popular_item
16341,22720,55.763591,popular_item
16341,85099B,51.142855,popular_item
16341,23344,50.988289,popular_item
16341,23202,49.01615,popular_item
16341,22138,48.821645,popular_item
16341,23355,48.642373,popular_item
16341,23301,47.354162,popular_item
16341,23203,47.131138,popular_item
16353,23084,73.252264,popular_item
16353,22086,60.454943,popular_item
16353,85099B,51.142855,popular_item
16353,23344,50.988289,popular_item
16353,23202,49.01615,popular_item
16353,22138,48.821645,popular_item
16353,23355,48.642373,popular_item
16353,23301,47.354162,popular_item
16353,23203,47.131138,popular_item
16353,21790,45.295989,popular_item
16359,23084,73.252264,popular_item
16359,22086,60.454943,popular_item
16359,22720,55.763591,popular_item
16359,85099B,51.142855,popular_item
16359,23344,50.988289,popular_item
16359,23202,49.01615,popular_item
16359,22138,48.821645,popular_item
16359,23355,48.642373,popular_item
16359,23301,47.354162,popular_item
16359,23203,47.131138,popular_item
16365,23084,73.252264,popular_item
16365,22086,60.454943,popular_item
16365,22720,55.763591,popular_item
16365,85099B,51.142855,popular_item
16365,23344,50.988289,popular_item
16365,23202,49.01615,popular_item
16365,22138,48.821645,popular_item
16365,23355,48.642373,popular_item
16365,23301,47.354162,popular_item
16365,23203,47.131138,popular_item
16369,23084,73.252264,popular_item
16369,22086,60.454943,popular_item
16369,22720,55.763591,popular_item
16369,85099B,51.142855,popular_item
16369,23344,50.988289,popular_item
16369,23202,49.01615,popular_item
16369,22138,48.821645,popular_item
16369,23355,48.642373,popular_item
16369,23301,47.354162,popular_item
16369,23203,47.131138,popular_item
16394,23084,73.252264,popular_item
16394,22086,60.454943,popular_item
16394,22720,55.763591,popular_item
16394,85099B,51.142855,popular_item
16394,23344,50.988289,popular_item
16394,23202,49.01615,popular_item
16394,22138,48.821645,popular_item
16394,23355,48.642373,popular_item
16394,23301,47.354162,popular_item
16394,23203,47.131138,popular_item
16401,23084,73.252264,popular_item
16401,22086,60.454943,popular_item
16401,22720,55.763591,popular_item
16401,85099B,51.142855,popular_item
16401,23344,50.988289,popular_item
16401,23202,49.01615,popular_item
16401,22138,48.821645,popular_item
16401,23355,48.642373,popular_item
16401,23301,47.354162,popular_item
16401,23203,47.131138,popular_item
16407,23084,73.252264,popular_item
16407,22086,60.454943,popular_item
16407,22720,55.763591,popular_item
16407,85099B,51.142855,popular_item
16407,23344,50.988289,popular_item
16407,23202,49.01615,popular_item
16407,22138,48.821645,popular_item
16407,23355,48.642373,popular_item
16407,23301,47.354162,popular_item
16407,23203,47.131138,popular_item
16411,23084,73.252264,popular_item
16411,22720,55.763591,popular_item
16411,85099B,51.142855,popular_item
16411,23344,50.988289,popular_item
16411,23202,49.01615,popular_item
16411,22138,48.821645,popular_item
16411,23355,48.642373,popular_item
16411,23301,47.354162,popular_item
16411,23203,47.131138,popular_item
16411,22726,39.49505,popular_item
16415,23084,73.252264,popular_item
16415,22086,60.454943,popular_item
16415,22720,55.763591,popular_item
16415,23344,50.988289,popular_item
16415,23202,49.01615,popular_item
16415,22138,48.821645,popular_item
16415,23355,48.642373,popular_item
16415,23301,47.354162,popular_item
16415,23203,47.131138,popular_item
16415,22726,39.49505,popular_item
16422,23084,73.252264,popular_item
16422,22086,60.454943,popular_item
16422,22720,55.763591,popular_item
16422,85099B,51.142855,popular_item
16422,23344,50.988289,popular_item
16422,23202,49.01615,popular_item
16422,22138,48.821645,popular_item
16422,23355,48.642373,popular_item
16422,23301,47.354162,popular_item
16422,23203,47.131138,popular_item
16426,23084,73.252264,popular_item
16426,22086,60.454943,popular_item
16426,22720,55.763591,popular_item
16426,85099B,51.142855,popular_item
16426,23344,50.988289,popular_item
16426,23202,49.01615,popular_item
16426,22138,48.821645,popular_item
16426,23355,48.642373,popular_item
16426,23301,47.354162,popular_item
16426,23203,47.131138,popular_item
16437,23084,73.252264,popular_item
16437,22086,60.454943,popular_item
16437,22720,55.763591,popular_item
16437,85099B,51.142855,popular_item
16437,23344,50.988289,popular_item
16437,23202,49.01615,popular_item
16437,22138,48.821645,popular_item
16437,23355,48.642373,popular_item
16437,23301,47.354162,popular_item
16437,23203,47.131138,popular_item
16442,22086,60.454943,popular_item
16442,22720,55.763591,popular_item
16442,85099B,51.142855,popular_item
16442,23202,49.01615,popular_item
16442,22138,48.821645,popular_item
16442,23355,48.642373,popular_item
16442,23203,47.131138,popular_item
16442,21790,45.295989,popular_item
16442,22726,39.49505,popular_item
16442,21914,37.501408,popular_item
16458,23084,73.252264,popular_item
16458,22086,60.454943,popular_item
16458,22720,55.763591,popular_item
16458,23344,50.988289,popular_item
16458,23202,49.01615,popular_item
16458,22138,48.821645,popular_item
16458,23355,48.642373,popular_item
16458,23301,47.354162,popular_item
16458,23203,47.131138,popular_item
16458,21790,45.295989,popular_item
16466,23084,73.252264,popular_item
16466,22086,60.454943,popular_item
16466,22720,55.763591,popular_item
16466,85099B,51.142855,popular_item
16466,23344,50.988289,popular_item
16466,23202,49.01615,popular_item
16466,22138,48.821645,popular_item
16466,23355,48.642373,popular_item
16466,23301,47.354162,popular_item
16466,23203,47.131138,popular_item
16471,23084,73.252264,popular_item
16471,22086,60.454943,popular_item
16471,22720,55.763591,popular_item
16471,85099B,51.142855,popular_item
16471,23344,50.988289,popular_item
16471,23202,49.01615,popular_item
16471,22138,48.821645,popular_item
16471,23355,48.642373,popular_item
16471,23301,47.354162,popular_item
16471,23203,47.131138,popular_item
16478,23084,73.252264,popular_item
16478,22086,60.454943,popular_item
16478,22720,55.763591,popular_item
16478,85099B,51.142855,popular_item
16478,23344,50.988289,popular_item
16478,23202,49.01615,popular_item
16478,23355,48.642373,popular_item
16478,23301,47.354162,popular_item
16478,23203,47.131138,popular_item
16478,22726,39.49505,popular_item
16497,23084,73.252264,popular_item
16497,22086,60.454943,popular_item
16497,22720,55.763591,popular_item
16497,85099B,51.142855,popular_item
16497,23344,50.988289,popular_item
16497,23202,49.01615,popular_item
16497,22138,48.821645,popular_item
16497,23355,48.642373,popular_item
16497,23301,47.354162,popular_item
16497,23203,47.131138,popular_item
16523,23084,73.252264,popular_item
16523,22720,55.763591,popular_item
16523,85099B,51.142855,popular_item
16523,22138,48.821645,popular_item
16523,23355,48.642373,popular_item
16523,23301,47.354162,popular_item
16523,21790,45.295989,popular_item
16523,22726,39.49505,popular_item
16523,23343,38.170125,popular_item
16523,21914,37.501408,popular_item
16525,23084,73.252264,popular_item
16525,22086,60.454943,popular_item
16525,22720,55.763591,popular_item
16525,85099B,51.142855,popular_item
16525,23344,50.988289,popular_item
16525,23202,49.01615,popular_item
16525,22138,48.821645,popular_item
16525,23355,48.642373,popular_item
16525,23301,47.354162,popular_item
16525,23203,47.131138,popular_item
16539,23084,73.252264,popular_item
16539,22086,60.454943,popular_item
16539,22720,55.763591,popular_item
16539,85099B,51.142855,popular_item
16539,23344,50.988289,popular_item
16539,23202,49.01615,popular_item
16539,22138,48.821645,popular_item
16539,23355,48.642373,popular_item
16539,23301,47.354162,popular_item
16539,23203,47.131138,popular_item
16540,23084,73.252264,popular_item
16540,22086,60.454943,popular_item
16540,22720,55.763591,popular_item
16540,85099B,51.142855,popular_item
16540,23344,50.988289,popular_item
16540,23202,49.01615,popular_item
16540,22138,48.821645,popular_item
16540,23355,48.642373,popular_item
16540,23301,47.354162,popular_item
16540,23203,47.131138,popular_item
16549,23084,73.252264,popular_item
16549,22086,60.454943,popular_item
16549,22720,55.763591,popular_item
16549,23344,50.988289,popular_item
16549,23202,49.01615,popular_item
16549,22138,48.821645,popular_item
16549,23355,48.642373,popular_item
16549,23301,47.354162,popular_item
16549,23203,47.131138,popular_item
16549,21790,45.295989,popular_item
16556,23084,73.252264,popular_item
16556,22086,60.454943,popular_item
16556,22720,55.763591,popular_item
16556,85099B,51.142855,popular_item
16556,23344,50.988289,popular_item
16556,23202,49.01615,popular_item
16556,22138,48.821645,popular_item
16556,23355,48.642373,popular_item
16556,23301,47.354162,popular_item
16556,23203,47.131138,popular_item
16558,23084,73.252264,popular_item
16558,22086,60.454943,popular_item
16558,22720,55.763591,popular_item
16558,85099B,51.142855,popular_item
16558,23344,50.988289,popular_item
16558,22138,48.821645,popular_item
16558,23355,48.642373,popular_item
16558,23301,47.354162,popular_item
16558,21790,45.295989,popular_item
16558,22726,39.49505,popular_item
16564,23084,73.252264,popular_item
16564,22086,60.454943,popular_item
16564,22720,55.763591,popular_item
16564,85099B,51.142855,popular_item
16564,23344,50.988289,popular_item
16564,23202,49.01615,popular_item
16564,22138,48.821645,popular_item
16564,23355,48.642373,popular_item
16564,23301,47.354162,popular_item
16564,23203,47.131138,popular_item
16565,23084,73.252264,popular_item
16565,22086,60.454943,popular_item
16565,22720,55.763591,popular_item
16565,85099B,51.142855,popular_item
16565,23344,50.988289,popular_item
16565,23202,49.01615,popular_item
16565,22138,48.821645,popular_item
16565,23355,48.642373,popular_item
16565,23301,47.354162,popular_item
16565,23203,47.131138,popular_item
16574,23084,73.252264,popular_item
16574,22086,60.454943,popular_item
16574,22720,55.763591,popular_item
16574,85099B,51.142855,popular_item
16574,23344,50.988289,popular_item
16574,23202,49.01615,popular_item
16574,22138,48.821645,popular_item
16574,23355,48.642373,popular_item
16574,23301,47.354162,popular_item
16574,23203,47.131138,popular_item
16592,23084,73.252264,popular_item
16592,22086,60.454943,popular_item
16592,22720,55.763591,popular_item
16592,85099B,51.142855,popular_item
16592,23344,50.988289,popular_item
16592,23202,49.01615,popular_item
16592,22138,48.821645,popular_item
16592,23355,48.642373,popular_item
16592,23301,47.354162,popular_item
16592,23203,47.131138,popular_item
16607,23084,73.252264,popular_item
16607,22086,60.454943,popular_item
16607,22720,55.763591,popular_item
16607,85099B,51.142855,popular_item
16607,23344,50.988289,popular_item
16607,23202,49.01615,popular_item
16607,22138,48.821645,popular_item
16607,23355,48.642373,popular_item
16607,23301,47.354162,popular_item
16607,23203,47.131138,popular_item
16609,23084,73.252264,popular_item
16609,22086,60.454943,popular_item
16609,22720,55.763591,popular_item
16609,85099B,51.142855,popular_item
16609,23344,50.988289,popular_item
16609,23202,49.01615,popular_item
16609,22138,48.821645,popular_item
16609,23355,48.642373,popular_item
16609,23301,47.354162,popular_item
16609,23203,47.131138,popular_item
16618,23084,73.252264,popular_item
16618,22086,60.454943,popular_item
16618,22720,55.763591,popular_item
16618,85099B,51.142855,popular_item
16618,23344,50.988289,popular_item
16618,23202,49.01615,popular_item
16618,22138,48.821645,popular_item
16618,23355,48.642373,popular_item
16618,23301,47.354162,popular_item
16618,23203,47.131138,popular_item
16628,23084,73.252264,popular_item
16628,22086,60.454943,popular_item
16628,22720,55.763591,popular_item
16628,23344,50.988289,popular_item
16628,23202,49.01615,popular_item
16628,23355,48.642373,popular_item
16628,23301,47.354162,popular_item
16628,23203,47.131138,popular_item
16628,22726,39.49505,popular_item
16628,23343,38.170125,popular_item
16648,23084,73.252264,popular_item
16648,22086,60.454943,popular_item
16648,22720,55.763591,popular_item
16648,85099B,51.142855,popular_item
16648,23344,50.988289,popular_item
16648,23202,49.01615,popular_item
16648,22138,48.821645,popular_item
16648,23355,48.642373,popular_item
16648,23301,47.354162,popular_item
16648,23203,47.131138,popular_item
16657,22086,60.454943,popular_item
16657,22720,55.763591,popular_item
16657,85099B,51.142855,popular_item
16657,23344,50.988289,popular_item
16657,23202,49.01615,popular_item
16657,22138,48.821645,popular_item
16657,23355,48.642373,popular_item
16657,23301,47.354162,popular_item
16657,23203,47.131138,popular_item
16657,21790,45.295989,popular_item
16661,23084,73.252264,popular_item
16661,22086,60.454943,popular_item
16661,22720,55.763591,popular_item
16661,85099B,51.142855,popular_item
16661,23344,50.988289,popular_item
16661,23202,49.01615,popular_item
16661,22138,48.821645,popular_item
16661,23355,48.642373,popular_item
16661,23301,47.354162,popular_item
16661,23203,47.131138,popular_item
16667,23084,73.252264,popular_item
16667,22720,55.763591,popular_item
16667,85099B,51.142855,popular_item
16667,23344,50.988289,popular_item
16667,23202,49.01615,popular_item
16667,22138,48.821645,popular_item
16667,23301,47.354162,popular_item
16667,23203,47.131138,popular_item
16667,21790,45.295989,popular_item
16667,22726,39.49505,popular_item
16668,23084,73.252264,popular_item
16668,22086,60.454943,popular_item
16668,22720,55.763591,popular_item
16668,85099B,51.142855,popular_item
16668,23344,50.988289,popular_item
16668,23202,49.01615,popular_item
16668,22138,48.821645,popular_item
16668,23355,48.642373,popular_item
16668,23301,47.354162,popular_item
16668,23203,47.131138,popular_item
16670,23084,73.252264,popular_item
16670,22086,60.454943,popular_item
16670,22720,55.763591,popular_item
16670,85099B,51.142855,popular_item
16670,23344,50.988289,popular_item
16670,23202,49.01615,popular_item
16670,22138,48.821645,popular_item
16670,23301,47.354162,popular_item
16670,23203,47.131138,popular_item
16670,21790,45.295989,popular_item
16679,23084,73.252264,popular_item
16679,22086,60.454943,popular_item
16679,22720,55.763591,popular_item
16679,85099B,51.142855,popular_item
16679,23344,50.988289,popular_item
16679,23202,49.01615,popular_item
16679,22138,48.821645,popular_item
16679,23355,48.642373,popular_item
16679,23301,47.354162,popular_item
16679,23203,47.131138,popular_item
16681,23084,73.252264,popular_item
16681,22086,60.454943,popular_item
16681,22720,55.763591,popular_item
16681,85099B,51.142855,popular_item
16681,23344,50.988289,popular_item
16681,23202,49.01615,popular_item
16681,22138,48.821645,popular_item
16681,23355,48.642373,popular_item
16681,23301,47.354162,popular_item
16681,23203,47.131138,popular_item
16684,23084,73.252264,popular_item
16684,22086,60.454943,popular_item
16684,22720,55.763591,popular_item
16684,85099B,51.142855,popular_item
16684,23344,50.988289,popular_item
16684,23202,49.01615,popular_item
16684,22138,48.821645,popular_item
16684,23355,48.642373,popular_item
16684,23301,47.354162,popular_item
16684,23203,47.131138,popular_item
16686,23084,73.252264,popular_item
16686,22086,60.454943,popular_item
16686,22720,55.763591,popular_item
16686,85099B,51.142855,popular_item
16686,23344,50.988289,popular_item
16686,23202,49.01615,popular_item
16686,23355,48.642373,popular_item
16686,23301,47.354162,popular_item
16686,23203,47.131138,popular_item
16686,21790,45.295989,popular_item
16691,23084,73.252264,popular_item
16691,22086,60.454943,popular_item
16691,22720,55.763591,popular_item
16691,85099B,51.142855,popular_item
16691,23344,50.988289,popular_item
16691,23202,49.01615,popular_item
16691,22138,48.821645,popular_item
16691,23355,48.642373,popular_item
16691,23301,47.354162,popular_item
16691,23203,47.131138,popular_item
16699,23084,73.252264,popular_item
16699,22086,60.454943,popular_item
16699,22720,55.763591,popular_item
16699,85099B,51.142855,popular_item
16699,23344,50.988289,popular_item
16699,23202,49.01615,popular_item
16699,23355,48.642373,popular_item
16699,23301,47.354162,popular_item
16699,23203,47.131138,popular_item
16699,21790,45.295989,popular_item
16701,23084,73.252264,popular_item
16701,22086,60.454943,popular_item
16701,22720,55.763591,popular_item
16701,85099B,51.142855,popular_item
16701,23344,50.988289,popular_item
16701,23202,49.01615,popular_item
16701,22138,48.821645,popular_item
16701,23355,48.642373,popular_item
16701,23301,47.354162,popular_item
16701,23203,47.131138,popular_item
16705,23084,73.252264,popular_item
16705,22086,60.454943,popular_item
16705,22720,55.763591,popular_item
16705,85099B,51.142855,popular_item
16705,23344,50.988289,popular_item
16705,23202,49.01615,popular_item
16705,22138,48.821645,popular_item
16705,23355,48.642373,popular_item
16705,23301,47.354162,popular_item
16705,23203,47.131138,popular_item
16710,23084,73.252264,popular_item
16710,22086,60.454943,popular_item
16710,85099B,51.142855,popular_item
16710,23344,50.988289,popular_item
16710,23202,49.01615,popular_item
16710,23301,47.354162,popular_item
16710,23203,47.131138,popular_item
16710,21790,45.295989,popular_item
16710,22726,39.49505,popular_item
16710,23343,38.170125,popular_item
16720,23084,73.252264,popular_item
16720,22086,60.454943,popular_item
16720,22720,55.763591,popular_item
16720,85099B,51.142855,popular_item
16720,23344,50.988289,popular_item
16720,23202,49.01615,popular_item
16720,22138,48.821645,popular_item
16720,23355,48.642373,popular_item
16720,23301,47.354162,popular_item
16720,23203,47.131138,popular_item
16730,23084,73.252264,popular_item
16730,22086,60.454943,popular_item
16730,22720,55.763591,popular_item
16730,85099B,51.142855,popular_item
16730,23344,50.988289,popular_item
16730,23202,49.01615,popular_item
16730,22138,48.821645,popular_item
16730,23355,48.642373,popular_item
16730,23301,47.354162,popular_item
16730,23203,47.131138,popular_item
16733,23084,73.252264,popular_item
16733,22086,60.454943,popular_item
16733,22720,55.763591,popular_item
16733,85099B,51.142855,popular_item
16733,23344,50.988289,popular_item
16733,23202,49.01615,popular_item
16733,22138,48.821645,popular_item
16733,23355,48.642373,popular_item
16733,23301,47.354162,popular_item
16733,23203,47.131138,popular_item
16742,23084,73.252264,popular_item
16742,22086,60.454943,popular_item
16742,22720,55.763591,popular_item
16742,85099B,51.142855,popular_item
16742,23344,50.988289,popular_item
16742,23202,49.01615,popular_item
16742,22138,48.821645,popular_item
16742,23355,48.642373,popular_item
16742,23301,47.354162,popular_item
16742,23203,47.131138,popular_item
16745,23084,73.252264,popular_item
16745,22086,60.454943,popular_item
16745,22720,55.763591,popular_item
16745,23344,50.988289,popular_item
16745,23202,49.01615,popular_item
16745,22138,48.821645,popular_item
16745,23355,48.642373,popular_item
16745,23301,47.354162,popular_item
16745,23203,47.131138,popular_item
16745,21790,45.295989,popular_item
16746,23084,73.252264,popular_item
16746,22086,60.454943,popular_item
16746,22720,55.763591,popular_item
16746,85099B,51.142855,popular_item
16746,23344,50.988289,popular_item
16746,23202,49.01615,popular_item
16746,22138,48.821645,popular_item
16746,23355,48.642373,popular_item
16746,23301,47.354162,popular_item
16746,23203,47.131138,popular_item
16754,23084,73.252264,popular_item
16754,22086,60.454943,popular_item
16754,22720,55.763591,popular_item
16754,85099B,51.142855,popular_item
16754,23344,50.988289,popular_item
16754,23202,49.01615,popular_item
16754,22138,48.821645,popular_item
16754,23355,48.642373,popular_item
16754,23301,47.354162,popular_item
16754,23203,47.131138,popular_item
16759,23084,73.252264,popular_item
16759,22086,60.454943,popular_item
16759,22720,55.763591,popular_item
16759,85099B,51.142855,popular_item
16759,23344,50.988289,popular_item
16759,23202,49.01615,popular_item
16759,22138,48.821645,popular_item
16759,23355,48.642373,popular_item
16759,23301,47.354162,popular_item
16759,23203,47.131138,popular_item
16779,23084,73.252264,popular_item
16779,22086,60.454943,popular_item
16779,22720,55.763591,popular_item
16779,23344,50.988289,popular_item
16779,23202,49.01615,popular_item
16779,22138,48.821645,popular_item
16779,23355,48.642373,popular_item
16779,23301,47.354162,popular_item
16779,23203,47.131138,popular_item
16779,21790,45.295989,popular_item
16782,23084,73.252264,popular_item
16782,22086,60.454943,popular_item
16782,22720,55.763591,popular_item
16782,85099B,51.142855,popular_item
16782,23344,50.988289,popular_item
16782,23202,49.01615,popular_item
16782,22138,48.821645,popular_item
16782,23355,48.642373,popular_item
16782,23301,47.354162,popular_item
16782,23203,47.131138,popular_item
16794,23084,73.252264,popular_item
16794,22086,60.454943,popular_item
16794,22720,55.763591,popular_item
16794,85099B,51.142855,popular_item
16794,23344,50.988289,popular_item
16794,23202,49.01615,popular_item
16794,22138,48.821645,popular_item
16794,23355,48.642373,popular_item
16794,23203,47.131138,popular_item
16794,21790,45.295989,popular_item
16807,23084,73.252264,popular_item
16807,22086,60.454943,popular_item
16807,22720,55.763591,popular_item
16807,85099B,51.142855,popular_item
16807,23344,50.988289,popular_item
16807,23202,49.01615,popular_item
16807,23355,48.642373,popular_item
16807,23301,47.354162,popular_item
16807,23203,47.131138,popular_item
16807,21790,45.295989,popular_item
16814,23084,73.252264,popular_item
16814,22086,60.454943,popular_item
16814,22720,55.763591,popular_item
16814,85099B,51.142855,popular_item
16814,23344,50.988289,popular_item
16814,23202,49.01615,popular_item
16814,22138,48.821645,popular_item
16814,23355,48.642373,popular_item
16814,23301,47.354162,popular_item
16814,23203,47.131138,popular_item
16816,23084,73.252264,popular_item
16816,22086,60.454943,popular_item
16816,22720,55.763591,popular_item
16816,85099B,51.142855,popular_item
16816,23344,50.988289,popular_item
16816,23202,49.01615,popular_item
16816,22138,48.821645,popular_item
16816,23355,48.642373,popular_item
16816,23301,47.354162,popular_item
16816,23203,47.131138,popular_item
16818,23084,73.252264,popular_item
16818,22086,60.454943,popular_item
16818,22720,55.763591,popular_item
16818,85099B,51.142855,popular_item
16818,23344,50.988289,popular_item
16818,23202,49.01615,popular_item
16818,22138,48.821645,popular_item
16818,23355,48.642373,popular_item
16818,23301,47.354162,popular_item
16818,23203,47.131138,popular_item
16823,23084,73.252264,popular_item
16823,22086,60.454943,popular_item
16823,22720,55.763591,popular_item
16823,85099B,51.142855,popular_item
16823,23344,50.988289,popular_item
16823,23202,49.01615,popular_item
16823,22138,48.821645,popular_item
16823,23355,48.642373,popular_item
16823,23301,47.354162,popular_item
16823,23203,47.131138,popular_item
16827,23084,73.252264,popular_item
16827,22086,60.454943,popular_item
16827,22720,55.763591,popular_item
16827,85099B,51.142855,popular_item
16827,23344,50.988289,popular_item
16827,23202,49.01615,popular_item
16827,22138,48.821645,popular_item
16827,23355,48.642373,popular_item
16827,23301,47.354162,popular_item
16827,23203,47.131138,popular_item
16830,23084,73.252264,popular_item
16830,22086,60.454943,popular_item
16830,22720,55.763591,popular_item
16830,85099B,51.142855,popular_item
16830,23344,50.988289,popular_item
16830,23202,49.01615,popular_item
16830,22138,48.821645,popular_item
16830,23355,48.642373,popular_item
16830,23301,47.354162,popular_item
16830,23203,47.131138,popular_item
16832,23084,73.252264,popular_item
16832,22086,60.454943,popular_item
16832,22720,55.763591,popular_item
16832,85099B,51.142855,popular_item
16832,23344,50.988289,popular_item
16832,23202,49.01615,popular_item
16832,22138,48.821645,popular_item
16832,23355,48.642373,popular_item
16832,23301,47.354162,popular_item
16832,23203,47.131138,popular_item
16841,23084,73.252264,popular_item
16841,22086,60.454943,popular_item
16841,22720,55.763591,popular_item
16841,85099B,51.142855,popular_item
16841,23344,50.988289,popular_item
16841,23202,49.01615,popular_item
16841,22138,48.821645,popular_item
16841,23355,48.642373,popular_item
16841,23301,47.354162,popular_item
16841,23203,47.131138,popular_item
16843,23084,73.252264,popular_item
16843,22086,60.454943,popular_item
16843,22720,55.763591,popular_item
16843,85099B,51.142855,popular_item
16843,23344,50.988289,popular_item
16843,23202,49.01615,popular_item
16843,22138,48.821645,popular_item
16843,23355,48.642373,popular_item
16843,23301,47.354162,popular_item
16843,21790,45.295989,popular_item
16860,23084,73.252264,popular_item
16860,22086,60.454943,popular_item
16860,22720,55.763591,popular_item
16860,85099B,51.142855,popular_item
16860,23344,50.988289,popular_item
16860,23202,49.01615,popular_item
16860,22138,48.821645,popular_item
16860,23355,48.642373,popular_item
16860,23301,47.354162,popular_item
16860,23203,47.131138,popular_item
16871,23084,73.252264,popular_item
16871,22086,60.454943,popular_item
16871,85099B,51.142855,popular_item
16871,23344,50.988289,popular_item
16871,23202,49.01615,popular_item
16871,22138,48.821645,popular_item
16871,23355,48.642373,popular_item
16871,23301,47.354162,popular_item
16871,23203,47.131138,popular_item
16871,21790,45.295989,popular_item
16873,23084,73.252264,popular_item
16873,85099B,51.142855,popular_item
16873,23202,49.01615,popular_item
16873,22138,48.821645,popular_item
16873,23355,48.642373,popular_item
16873,23301,47.354162,popular_item
16873,21790,45.295989,popular_item
16873,22726,39.49505,popular_item
16873,23343,38.170125,popular_item
16873,21914,37.501408,popular_item
16883,23084,73.252264,popular_item
16883,22086,60.454943,popular_item
16883,22720,55.763591,popular_item
16883,85099B,51.142855,popular_item
16883,23344,50.988289,popular_item
16883,23202,49.01615,popular_item
16883,22138,48.821645,popular_item
16883,23355,48.642373,popular_item
16883,23301,47.354162,popular_item
16883,23203,47.131138,popular_item
16887,23084,73.252264,popular_item
16887,22086,60.454943,popular_item
16887,22720,55.763591,popular_item
16887,85099B,51.142855,popular_item
16887,23344,50.988289,popular_item
16887,23202,49.01615,popular_item
16887,22138,48.821645,popular_item
16887,23355,48.642373,popular_item
16887,23301,47.354162,popular_item
16887,23203,47.131138,popular_item
16892,23084,73.252264,popular_item
16892,22720,55.763591,popular_item
16892,85099B,51.142855,popular_item
16892,23344,50.988289,popular_item
16892,23202,49.01615,popular_item
16892,22138,48.821645,popular_item
16892,23355,48.642373,popular_item
16892,23301,47.354162,popular_item
16892,23203,47.131138,popular_item
16892,21790,45.295989,popular_item
16895,23084,73.252264,popular_item
16895,85099B,51.142855,popular_item
16895,23202,49.01615,popular_item
16895,22138,48.821645,popular_item
16895,23355,48.642373,popular_item
16895,23301,47.354162,popular_item
16895,23203,47.131138,popular_item
16895,21790,45.295989,popular_item
16895,22726,39.49505,popular_item
16895,23343,38.170125,popular_item
16908,23084,73.252264,popular_item
16908,22086,60.454943,popular_item
16908,22720,55.763591,popular_item
16908,85099B,51.142855,popular_item
16908,23344,50.988289,popular_item
16908,23202,49.01615,popular_item
16908,22138,48.821645,popular_item
16908,23355,48.642373,popular_item
16908,23301,47.354162,popular_item
16908,23203,47.131138,popular_item
16912,23084,73.252264,popular_item
16912,22086,60.454943,popular_item
16912,22720,55.763591,popular_item
16912,85099B,51.142855,popular_item
16912,23344,50.988289,popular_item
16912,23202,49.01615,popular_item
16912,22138,48.821645,popular_item
16912,23355,48.642373,popular_item
16912,23301,47.354162,popular_item
16912,23203,47.131138,popular_item
16919,23084,73.252264,popular_item
16919,22086,60.454943,popular_item
16919,22720,55.763591,popular_item
16919,85099B,51.142855,popular_item
16919,23344,50.988289,popular_item
16919,23202,49.01615,popular_item
16919,22138,48.821645,popular_item
16919,23355,48.642373,popular_item
16919,23301,47.354162,popular_item
16919,23203,47.131138,popular_item
16923,23084,73.252264,popular_item
16923,22086,60.454943,popular_item
16923,22720,55.763591,popular_item
16923,85099B,51.142855,popular_item
16923,23344,50.988289,popular_item
16923,23202,49.01615,popular_item
16923,23301,47.354162,popular_item
16923,23203,47.131138,popular_item
16923,21790,45.295989,popular_item
16923,22726,39.49505,popular_item
16928,23084,73.252264,popular_item
16928,22086,60.454943,popular_item
16928,22720,55.763591,popular_item
16928,85099B,51.142855,popular_item
16928,23344,50.988289,popular_item
16928,23202,49.01615,popular_item
16928,22138,48.821645,popular_item
16928,23355,48.642373,popular_item
16928,23301,47.354162,popular_item
16928,23203,47.131138,popular_item
16934,23084,73.252264,popular_item
16934,22086,60.454943,popular_item
16934,22720,55.763591,popular_item
16934,85099B,51.142855,popular_item
16934,23344,50.988289,popular_item
16934,23202,49.01615,popular_item
16934,22138,48.821645,popular_item
16934,23355,48.642373,popular_item
16934,23301,47.354162,popular_item
16934,23203,47.131138,popular_item
16945,23084,73.252264,popular_item
16945,22086,60.454943,popular_item
16945,22720,55.763591,popular_item
16945,23344,50.988289,popular_item
16945,22138,48.821645,popular_item
16945,23355,48.642373,popular_item
16945,23301,47.354162,popular_item
16945,21790,45.295989,popular_item
16945,22726,39.49505,popular_item
16945,23343,38.170125,popular_item
16946,23084,73.252264,popular_item
16946,22086,60.454943,popular_item
16946,22720,55.763591,popular_item
16946,85099B,51.142855,popular_item
16946,23344,50.988289,popular_item
16946,23202,49.01615,popular_item
16946,23355,48.642373,popular_item
16946,23301,47.354162,popular_item
16946,23203,47.131138,popular_item
16946,21790,45.295989,popular_item
16955,23084,73.252264,popular_item
16955,22086,60.454943,popular_item
16955,22720,55.763591,popular_item
16955,85099B,51.142855,popular_item
16955,23344,50.988289,popular_item
16955,23202,49.01615,popular_item
16955,22138,48.821645,popular_item
16955,23355,48.642373,popular_item
16955,23301,47.354162,popular_item
16955,23203,47.131138,popular_item
16960,23084,73.252264,popular_item
16960,22720,55.763591,popular_item
16960,85099B,51.142855,popular_item
16960,23344,50.988289,popular_item
16960,23202,49.01615,popular_item
16960,22138,48.821645,popular_item
16960,23355,48.642373,popular_item
16960,23301,47.354162,popular_item
16960,23203,47.131138,popular_item
16960,21790,45.295989,popular_item
16966,23084,73.252264,popular_item
16966,22086,60.454943,popular_item
16966,22720,55.763591,popular_item
16966,85099B,51.142855,popular_item
16966,23344,50.988289,popular_item
16966,23202,49.01615,popular_item
16966,22138,48.821645,popular_item
16966,23355,48.642373,popular_item
16966,23301,47.354162,popular_item
16966,23203,47.131138,popular_item
16977,23084,73.252264,popular_item
16977,22086,60.454943,popular_item
16977,22720,55.763591,popular_item
16977,85099B,51.142855,popular_item
16977,23344,50.988289,popular_item
16977,23202,49.01615,popular_item
16977,22138,48.821645,popular_item
16977,23355,48.642373,popular_item
16977,23301,47.354162,popular_item
16977,23203,47.131138,popular_item
17019,23084,73.252264,popular_item
17019,22086,60.454943,popular_item
17019,22720,55.763591,popular_item
17019,85099B,51.142855,popular_item
17019,23344,50.988289,popular_item
17019,23202,49.01615,popular_item
17019,22138,48.821645,popular_item
17019,23355,48.642373,popular_item
17019,23301,47.354162,popular_item
17019,23203,47.131138,popular_item
17021,23084,73.252264,popular_item
17021,22086,60.454943,popular_item
17021,22720,55.763591,popular_item
17021,85099B,51.142855,popular_item
17021,23344,50.988289,popular_item
17021,23202,49.01615,popular_item
17021,22138,48.821645,popular_item
17021,23355,48.642373,popular_item
17021,23301,47.354162,popular_item
17021,23203,47.131138,popular_item
17027,23084,73.252264,popular_item
17027,22086,60.454943,popular_item
17027,85099B,51.142855,popular_item
17027,23344,50.988289,popular_item
17027,23202,49.01615,popular_item
17027,22138,48.821645,popular_item
17027,23355,48.642373,popular_item
17027,23301,47.354162,popular_item
17027,23203,47.131138,popular_item
17027,21790,45.295989,popular_item
17031,23084,73.252264,popular_item
17031,22086,60.454943,popular_item
17031,22720,55.763591,popular_item
17031,23344,50.988289,popular_item
17031,22138,48.821645,popular_item
17031,23355,48.642373,popular_item
17031,23301,47.354162,popular_item
17031,23203,47.131138,popular_item
17031,21790,45.295989,popular_item
17031,22726,39.49505,popular_item
17033,23084,73.252264,popular_item
17033,22086,60.454943,popular_item
17033,22720,55.763591,popular_item
17033,85099B,51.142855,popular_item
17033,23344,50.988289,popular_item
17033,23202,49.01615,popular_item
17033,22138,48.821645,popular_item
17033,23355,48.642373,popular_item
17033,23301,47.354162,popular_item
17033,23203,47.131138,popular_item
17034,23084,73.252264,popular_item
17034,22086,60.454943,popular_item
17034,22720,55.763591,popular_item
17034,85099B,51.142855,popular_item
17034,23344,50.988289,popular_item
17034,23202,49.01615,popular_item
17034,22138,48.821645,popular_item
17034,23355,48.642373,popular_item
17034,23301,47.354162,popular_item
17034,23203,47.131138,popular_item
17041,23084,73.252264,popular_item
17041,22086,60.454943,popular_item
17041,85099B,51.142855,popular_item
17041,23344,50.988289,popular_item
17041,23202,49.01615,popular_item
17041,22138,48.821645,popular_item
17041,23355,48.642373,popular_item
17041,23301,47.354162,popular_item
17041,23203,47.131138,popular_item
17041,21790,45.295989,popular_item
17043,23084,73.252264,popular_item
17043,22086,60.454943,popular_item
17043,22720,55.763591,popular_item
17043,85099B,51.142855,popular_item
17043,23344,50.988289,popular_item
17043,23202,49.01615,popular_item
17043,22138,48.821645,popular_item
17043,23355,48.642373,popular_item
17043,23301,47.354162,popular_item
17043,23203,47.131138,popular_item
17044,23084,73.252264,popular_item
17044,22086,60.454943,popular_item
17044,22720,55.763591,popular_item
17044,85099B,51.142855,popular_item
17044,23344,50.988289,popular_item
17044,23202,49.01615,popular_item
17044,22138,48.821645,popular_item
17044,23355,48.642373,popular_item
17044,23301,47.354162,popular_item
17044,23203,47.131138,popular_item
17047,23084,73.252264,popular_item
17047,22086,60.454943,popular_item
17047,22720,55.763591,popular_item
17047,85099B,51.142855,popular_item
17047,23344,50.988289,popular_item
17047,23202,49.01615,popular_item
17047,22138,48.821645,popular_item
17047,23355,48.642373,popular_item
17047,23301,47.354162,popular_item
17047,23203,47.131138,popular_item
17050,23084,73.252264,popular_item
17050,22086,60.454943,popular_item
17050,22720,55.763591,popular_item
17050,85099B,51.142855,popular_item
17050,23344,50.988289,popular_item
17050,23202,49.01615,popular_item
17050,22138,48.821645,popular_item
17050,23355,48.642373,popular_item
17050,23301,47.354162,popular_item
17050,23203,47.131138,popular_item
17065,23084,73.252264,popular_item
17065,22086,60.454943,popular_item
17065,22720,55.763591,popular_item
17065,85099B,51.142855,popular_item
17065,23344,50.988289,popular_item
17065,23202,49.01615,popular_item
17065,22138,48.821645,popular_item
17065,23355,48.642373,popular_item
17065,23301,47.354162,popular_item
17065,23203,47.131138,popular_item
17084,23084,73.252264,popular_item
17084,22720,55.763591,popular_item
17084,23344,50.988289,popular_item
17084,23202,49.01615,popular_item
17084,22138,48.821645,popular_item
17084,23355,48.642373,popular_item
17084,23301,47.354162,popular_item
17084,23203,47.131138,popular_item
17084,21790,45.295989,popular_item
17084,22726,39.49505,popular_item
17088,23084,73.252264,popular_item
17088,22086,60.454943,popular_item
17088,23344,50.988289,popular_item
17088,23202,49.01615,popular_item
17088,22138,48.821645,popular_item
17088,23355,48.642373,popular_item
17088,23301,47.354162,popular_item
17088,21790,45.295989,popular_item
17088,22726,39.49505,popular_item
17088,23343,38.170125,popular_item
17091,23084,73.252264,popular_item
17091,22086,60.454943,popular_item
17091,22720,55.763591,popular_item
17091,85099B,51.142855,popular_item
17091,23344,50.988289,popular_item
17091,23202,49.01615,popular_item
17091,22138,48.821645,popular_item
17091,23355,48.642373,popular_item
17091,23301,47.354162,popular_item
17091,23203,47.131138,popular_item
17101,23084,73.252264,popular_item
17101,22086,60.454943,popular_item
17101,22720,55.763591,popular_item
17101,85099B,51.142855,popular_item
17101,23344,50.988289,popular_item
17101,23202,49.01615,popular_item
17101,22138,48.821645,popular_item
17101,23203,47.131138,popular_item
17101,21790,45.295989,popular_item
17101,22726,39.49505,popular_item
17135,23084,73.252264,popular_item
17135,22086,60.454943,popular_item
17135,22720,55.763591,popular_item
17135,85099B,51.142855,popular_item
17135,23344,50.988289,popular_item
17135,23202,49.01615,popular_item
17135,22138,48.821645,popular_item
17135,23355,48.642373,popular_item
17135,23301,47.354162,popular_item
17135,23203,47.131138,popular_item
17147,23084,73.252264,popular_item
17147,22086,60.454943,popular_item
17147,22720,55.763591,popular_item
17147,85099B,51.142855,popular_item
17147,23344,50.988289,popular_item
17147,23202,49.01615,popular_item
17147,22138,48.821645,popular_item
17147,23355,48.642373,popular_item
17147,23301,47.354162,popular_item
17147,23203,47.131138,popular_item
17172,23084,73.252264,popular_item
17172,22086,60.454943,popular_item
17172,22720,55.763591,popular_item
17172,85099B,51.142855,popular_item
17172,23344,50.988289,popular_item
17172,23202,49.01615,popular_item
17172,22138,48.821645,popular_item
17172,23355,48.642373,popular_item
17172,23301,47.354162,popular_item
17172,23203,47.131138,popular_item
17180,23084,73.252264,popular_item
17180,22086,60.454943,popular_item
17180,22720,55.763591,popular_item
17180,85099B,51.142855,popular_item
17180,23344,50.988289,popular_item
17180,23202,49.01615,popular_item
17180,22138,48.821645,popular_item
17180,23355,48.642373,popular_item
17180,23301,47.354162,popular_item
17180,23203,47.131138,popular_item
17191,23084,73.252264,popular_item
17191,22086,60.454943,popular_item
17191,22720,55.763591,popular_item
17191,85099B,51.142855,popular_item
17191,23344,50.988289,popular_item
17191,23202,49.01615,popular_item
17191,22138,48.821645,popular_item
17191,23355,48.642373,popular_item
17191,23301,47.354162,popular_item
17191,23203,47.131138,popular_item
17204,23084,73.252264,popular_item
17204,22086,60.454943,popular_item
17204,22720,55.763591,popular_item
17204,85099B,51.142855,popular_item
17204,23344,50.988289,popular_item
17204,23202,49.01615,popular_item
17204,22138,48.821645,popular_item
17204,23355,48.642373,popular_item
17204,23301,47.354162,popular_item
17204,23203,47.131138,popular_item
17214,23084,73.252264,popular_item
17214,22086,60.454943,popular_item
17214,22720,55.763591,popular_item
17214,85099B,51.142855,popular_item
17214,23344,50.988289,popular_item
17214,23202,49.01615,popular_item
17214,22138,48.821645,popular_item
17214,23355,48.642373,popular_item
17214,23301,47.354162,popular_item
17214,23203,47.131138,popular_item
17220,23084,73.252264,popular_item
17220,22086,60.454943,popular_item
17220,22720,55.763591,popular_item
17220,85099B,51.142855,popular_item
17220,23344,50.988289,popular_item
17220,23202,49.01615,popular_item
17220,22138,48.821645,popular_item
17220,23355,48.642373,popular_item
17220,23301,47.354162,popular_item
17220,23203,47.131138,popular_item
17236,23084,73.252264,popular_item
17236,22086,60.454943,popular_item
17236,22720,55.763591,popular_item
17236,85099B,51.142855,popular_item
17236,23344,50.988289,popular_item
17236,22138,48.821645,popular_item
17236,23355,48.642373,popular_item
17236,23301,47.354162,popular_item
17236,21790,45.295989,popular_item
17236,21914,37.501408,popular_item
17238,22086,60.454943,popular_item
17238,22720,55.763591,popular_item
17238,85099B,51.142855,popular_item
17238,23202,49.01615,popular_item
17238,23301,47.354162,popular_item
17238,23203,47.131138,popular_item
17238,22726,39.49505,popular_item
17238,23343,38.170125,popular_item
17238,21914,37.501408,popular_item
17238,22139,37.437132,popular_item
17243,23084,73.252264,popular_item
17243,22086,60.454943,popular_item
17243,22720,55.763591,popular_item
17243,85099B,51.142855,popular_item
17243,23344,50.988289,popular_item
17243,23202,49.01615,popular_item
17243,22138,48.821645,popular_item
17243,23301,47.354162,popular_item
17243,23203,47.131138,popular_item
17243,21790,45.295989,popular_item
17244,23084,73.252264,popular_item
17244,22086,60.454943,popular_item
17244,22720,55.763591,popular_item
17244,85099B,51.142855,popular_item
17244,23344,50.988289,popular_item
17244,23202,49.01615,popular_item
17244,22138,48.821645,popular_item
17244,23355,48.642373,popular_item
17244,23301,47.354162,popular_item
17244,23203,47.131138,popular_item
17257,23084,73.252264,popular_item
17257,22086,60.454943,popular_item
17257,22720,55.763591,popular_item
17257,85099B,51.142855,popular_item
17257,23344,50.988289,popular_item
17257,23202,49.01615,popular_item
17257,22138,48.821645,popular_item
17257,23355,48.642373,popular_item
17257,23301,47.354162,popular_item
17257,23203,47.131138,popular_item
17262,23084,73.252264,popular_item
17262,22086,60.454943,popular_item
17262,22720,55.763591,popular_item
17262,85099B,51.142855,popular_item
17262,23344,50.988289,popular_item
17262,23202,49.01615,popular_item
17262,22138,48.821645,popular_item
17262,23355,48.642373,popular_item
17262,23301,47.354162,popular_item
17262,23203,47.131138,popular_item
17275,23084,73.252264,popular_item
17275,22086,60.454943,popular_item
17275,22720,55.763591,popular_item
17275,85099B,51.142855,popular_item
17275,23344,50.988289,popular_item
17275,23202,49.01615,popular_item
17275,22138,48.821645,popular_item
17275,23355,48.642373,popular_item
17275,23301,47.354162,popular_item
17275,23203,47.131138,popular_item
17289,23084,73.252264,popular_item
17289,22086,60.454943,popular_item
17289,22720,55.763591,popular_item
17289,85099B,51.142855,popular_item
17289,23344,50.988289,popular_item
17289,23202,49.01615,popular_item
17289,22138,48.821645,popular_item
17289,23355,48.642373,popular_item
17289,23301,47.354162,popular_item
17289,23203,47.131138,popular_item
17293,22086,60.454943,popular_item
17293,22720,55.763591,popular_item
17293,85099B,51.142855,popular_item
17293,23344,50.988289,popular_item
17293,23202,49.01615,popular_item
17293,22138,48.821645,popular_item
17293,23355,48.642373,popular_item
17293,23301,47.354162,popular_item
17293,23203,47.131138,popular_item
17293,21790,45.295989,popular_item
17306,23084,73.252264,popular_item
17306,22086,60.454943,popular_item
17306,22720,55.763591,popular_item
17306,85099B,51.142855,popular_item
17306,23344,50.988289,popular_item
17306,23202,49.01615,popular_item
17306,22138,48.821645,popular_item
17306,23355,48.642373,popular_item
17306,23301,47.354162,popular_item
17306,23203,47.131138,popular_item
17307,23084,73.252264,popular_item
17307,22086,60.454943,popular_item
17307,22720,55.763591,popular_item
17307,85099B,51.142855,popular_item
17307,23344,50.988289,popular_item
17307,23202,49.01615,popular_item
17307,22138,48.821645,popular_item
17307,23355,48.642373,popular_item
17307,23301,47.354162,popular_item
17307,23203,47.131138,popular_item
17312,23084,73.252264,popular_item
17312,22086,60.454943,popular_item
17312,22720,55.763591,popular_item
17312,85099B,51.142855,popular_item
17312,23344,50.988289,popular_item
17312,23202,49.01615,popular_item
17312,22138,48.821645,popular_item
17312,23355,48.642373,popular_item
17312,23301,47.354162,popular_item
17312,23203,47.131138,popular_item
17314,23084,73.252264,popular_item
17314,22086,60.454943,popular_item
17314,22720,55.763591,popular_item
17314,85099B,51.142855,popular_item
17314,23344,50.988289,popular_item
17314,23202,49.01615,popular_item
17314,22138,48.821645,popular_item
17314,23355,48.642373,popular_item
17314,23301,47.354162,popular_item
17314,23203,47.131138,popular_item
17315,23084,73.252264,popular_item
17315,22086,60.454943,popular_item
17315,22720,55.763591,popular_item
17315,85099B,51.142855,popular_item
17315,23344,50.988289,popular_item
17315,23202,49.01615,popular_item
17315,22138,48.821645,popular_item
17315,23355,48.642373,popular_item
17315,23301,47.354162,popular_item
17315,23203,47.131138,popular_item
17338,23084,73.252264,popular_item
17338,22086,60.454943,popular_item
17338,22720,55.763591,popular_item
17338,23344,50.988289,popular_item
17338,23202,49.01615,popular_item
17338,22138,48.821645,popular_item
17338,23355,48.642373,popular_item
17338,23301,47.354162,popular_item
17338,23203,47.131138,popular_item
17338,21790,45.295989,popular_item
17340,23084,73.252264,popular_item
17340,22086,60.454943,popular_item
17340,22720,55.763591,popular_item
17340,85099B,51.142855,popular_item
17340,23344,50.988289,popular_item
17340,23202,49.01615,popular_item
17340,22138,48.821645,popular_item
17340,23301,47.354162,popular_item
17340,23203,47.131138,popular_item
17340,21790,45.295989,popular_item
17346,23084,73.252264,popular_item
17346,22086,60.454943,popular_item
17346,22720,55.763591,popular_item
17346,23344,50.988289,popular_item
17346,23202,49.01615,popular_item
17346,22138,48.821645,popular_item
17346,23355,48.642373,popular_item
17346,23301,47.354162,popular_item
17346,23203,47.131138,popular_item
17346,21790,45.295989,popular_item
17350,23084,73.252264,popular_item
17350,22086,60.454943,popular_item
17350,22720,55.763591,popular_item
17350,85099B,51.142855,popular_item
17350,23344,50.988289,popular_item
17350,23202,49.01615,popular_item
17350,22138,48.821645,popular_item
17350,23355,48.642373,popular_item
17350,23301,47.354162,popular_item
17350,23203,47.131138,popular_item
17353,23084,73.252264,popular_item
17353,22086,60.454943,popular_item
17353,22720,55.763591,popular_item
17353,85099B,51.142855,popular_item
17353,23344,50.988289,popular_item
17353,23202,49.01615,popular_item
17353,22138,48.821645,popular_item
17353,23355,48.642373,popular_item
17353,23301,47.354162,popular_item
17353,23203,47.131138,popular_item
17354,23084,73.252264,popular_item
17354,22086,60.454943,popular_item
17354,22720,55.763591,popular_item
17354,85099B,51.142855,popular_item
17354,23344,50.988289,popular_item
17354,23202,49.01615,popular_item
17354,22138,48.821645,popular_item
17354,23355,48.642373,popular_item
17354,23301,47.354162,popular_item
17354,23203,47.131138,popular_item
17368,23084,73.252264,popular_item
17368,22086,60.454943,popular_item
17368,22720,55.763591,popular_item
17368,85099B,51.142855,popular_item
17368,23344,50.988289,popular_item
17368,23202,49.01615,popular_item
17368,22138,48.821645,popular_item
17368,23355,48.642373,popular_item
17368,23301,47.354162,popular_item
17368,23203,47.131138,popular_item
17377,23084,73.252264,popular_item
17377,22086,60.454943,popular_item
17377,22720,55.763591,popular_item
17377,85099B,51.142855,popular_item
17377,23344,50.988289,popular_item
17377,23202,49.01615,popular_item
17377,22138,48.821645,popular_item
17377,23355,48.642373,popular_item
17377,23301,47.354162,popular_item
17377,23203,47.131138,popular_item
17381,23084,73.252264,popular_item
17381,22086,60.454943,popular_item
17381,22720,55.763591,popular_item
17381,85099B,51.142855,popular_item
17381,23344,50.988289,popular_item
17381,23202,49.01615,popular_item
17381,22138,48.821645,popular_item
17381,23355,48.642373,popular_item
17381,23301,47.354162,popular_item
17381,23203,47.131138,popular_item
17382,23084,73.252264,popular_item
17382,22086,60.454943,popular_item
17382,22720,55.763591,popular_item
17382,85099B,51.142855,popular_item
17382,23344,50.988289,popular_item
17382,23202,49.01615,popular_item
17382,22138,48.821645,popular_item
17382,23355,48.642373,popular_item
17382,23301,47.354162,popular_item
17382,23203,47.131138,popular_item
17389,23084,73.252264,popular_item
17389,22086,60.454943,popular_item
17389,22720,55.763591,popular_item
17389,23344,50.988289,popular_item
17389,23202,49.01615,popular_item
17389,22138,48.821645,popular_item
17389,23355,48.642373,popular_item
17389,23301,47.354162,popular_item
17389,23203,47.131138,popular_item
17389,21790,45.295989,popular_item
17390,23084,73.252264,popular_item
17390,22086,60.454943,popular_item
17390,22720,55.763591,popular_item
17390,85099B,51.142855,popular_item
17390,23344,50.988289,popular_item
17390,23202,49.01615,popular_item
17390,22138,48.821645,popular_item
17390,23355,48.642373,popular_item
17390,23301,47.354162,popular_item
17390,23203,47.131138,popular_item
17402,23084,73.252264,popular_item
17402,22086,60.454943,popular_item
17402,22720,55.763591,popular_item
17402,85099B,51.142855,popular_item
17402,23344,50.988289,popular_item
17402,23202,49.01615,popular_item
17402,22138,48.821645,popular_item
17402,23355,48.642373,popular_item
17402,23301,47.354162,popular_item
17402,23203,47.131138,popular_item
17406,23084,73.252264,popular_item
17406,22086,60.454943,popular_item
17406,85099B,51.142855,popular_item
17406,23344,50.988289,popular_item
17406,23202,49.01615,popular_item
17406,22138,48.821645,popular_item
17406,23355,48.642373,popular_item
17406,23301,47.354162,popular_item
17406,23203,47.131138,popular_item
17406,21790,45.295989,popular_item
17416,23084,73.252264,popular_item
17416,22086,60.454943,popular_item
17416,22720,55.763591,popular_item
17416,85099B,51.142855,popular_item
17416,23344,50.988289,popular_item
17416,23202,49.01615,popular_item
17416,22138,48.821645,popular_item
17416,23355,48.642373,popular_item
17416,23301,47.354162,popular_item
17416,23203,47.131138,popular_item
17421,23084,73.252264,popular_item
17421,22086,60.454943,popular_item
17421,22720,55.763591,popular_item
17421,85099B,51.142855,popular_item
17421,23344,50.988289,popular_item
17421,23202,49.01615,popular_item
17421,22138,48.821645,popular_item
17421,23355,48.642373,popular_item
17421,23301,47.354162,popular_item
17421,23203,47.131138,popular_item
17428,23084,73.252264,popular_item
17428,22086,60.454943,popular_item
17428,22720,55.763591,popular_item
17428,85099B,51.142855,popular_item
17428,23344,50.988289,popular_item
17428,23202,49.01615,popular_item
17428,22138,48.821645,popular_item
17428,23355,48.642373,popular_item
17428,23301,47.354162,popular_item
17428,23203,47.131138,popular_item
17429,23084,73.252264,popular_item
17429,22086,60.454943,popular_item
17429,22720,55.763591,popular_item
17429,85099B,51.142855,popular_item
17429,23344,50.988289,popular_item
17429,23202,49.01615,popular_item
17429,22138,48.821645,popular_item
17429,23355,48.642373,popular_item
17429,23301,47.354162,popular_item
17429,23203,47.131138,popular_item
17430,23084,73.252264,popular_item
17430,22086,60.454943,popular_item
17430,22720,55.763591,popular_item
17430,85099B,51.142855,popular_item
17430,23344,50.988289,popular_item
17430,23202,49.01615,popular_item
17430,22138,48.821645,popular_item
17430,23355,48.642373,popular_item
17430,23301,47.354162,popular_item
17430,23203,47.131138,popular_item
17434,22086,60.454943,popular_item
17434,22720,55.763591,popular_item
17434,85099B,51.142855,popular_item
17434,23344,50.988289,popular_item
17434,23202,49.01615,popular_item
17434,22138,48.821645,popular_item
17434,23355,48.642373,popular_item
17434,23301,47.354162,popular_item
17434,23203,47.131138,popular_item
17434,21790,45.295989,popular_item
17442,23084,73.252264,popular_item
17442,22086,60.454943,popular_item
17442,22720,55.763591,popular_item
17442,85099B,51.142855,popular_item
17442,23344,50.988289,popular_item
17442,23202,49.01615,popular_item
17442,22138,48.821645,popular_item
17442,23355,48.642373,popular_item
17442,23301,47.354162,popular_item
17442,21790,45.295989,popular_item
17448,23084,73.252264,popular_item
17448,22086,60.454943,popular_item
17448,22720,55.763591,popular_item
17448,85099B,51.142855,popular_item
17448,23344,50.988289,popular_item
17448,23202,49.01615,popular_item
17448,22138,48.821645,popular_item
17448,23355,48.642373,popular_item
17448,23301,47.354162,popular_item
17448,23203,47.131138,popular_item
17449,23084,73.252264,popular_item
17449,22086,60.454943,popular_item
17449,22720,55.763591,popular_item
17449,85099B,51.142855,popular_item
17449,23344,50.988289,popular_item
17449,23202,49.01615,popular_item
17449,22138,48.821645,popular_item
17449,23355,48.642373,popular_item
17449,23301,47.354162,popular_item
17449,23203,47.131138,popular_item
17450,23084,73.252264,popular_item
17450,22086,60.454943,popular_item
17450,22720,55.763591,popular_item
17450,85099B,51.142855,popular_item
17450,23344,50.988289,popular_item
17450,23202,49.01615,popular_item
17450,22138,48.821645,popular_item
17450,23355,48.642373,popular_item
17450,23301,47.354162,popular_item
17450,23203,47.131138,popular_item
17454,23084,73.252264,popular_item
17454,22086,60.454943,popular_item
17454,22720,55.763591,popular_item
17454,85099B,51.142855,popular_item
17454,23344,50.988289,popular_item
17454,23202,49.01615,popular_item
17454,22138,48.821645,popular_item
17454,23355,48.642373,popular_item
17454,23301,47.354162,popular_item
17454,23203,47.131138,popular_item
17466,23084,73.252264,popular_item
17466,22086,60.454943,popular_item
17466,85099B,51.142855,popular_item
17466,23344,50.988289,popular_item
17466,22138,48.821645,popular_item
17466,23355,48.642373,popular_item
17466,23301,47.354162,popular_item
17466,23203,47.131138,popular_item
17466,21790,45.295989,popular_item
17466,22726,39.49505,popular_item
17490,23084,73.252264,popular_item
17490,22086,60.454943,popular_item
17490,22720,55.763591,popular_item
17490,85099B,51.142855,popular_item
17490,23344,50.988289,popular_item
17490,23202,49.01615,popular_item
17490,23355,48.642373,popular_item
17490,23301,47.354162,popular_item
17490,23203,47.131138,popular_item
17490,21790,45.295989,popular_item
17511,23084,73.252264,popular_item
17511,22086,60.454943,popular_item
17511,22720,55.763591,popular_item
17511,23344,50.988289,popular_item
17511,23202,49.01615,popular_item
17511,22138,48.821645,popular_item
17511,23355,48.642373,popular_item
17511,23301,47.354162,popular_item
17511,23203,47.131138,popular_item
17511,21790,45.295989,popular_item
17519,23084,73.252264,popular_item
17519,22086,60.454943,popular_item
17519,22720,55.763591,popular_item
17519,85099B,51.142855,popular_item
17519,23344,50.988289,popular_item
17519,23202,49.01615,popular_item
17519,22138,48.821645,popular_item
17519,23355,48.642373,popular_item
17519,23301,47.354162,popular_item
17519,23203,47.131138,popular_item
17530,23084,73.252264,popular_item
17530,22720,55.763591,popular_item
17530,85099B,51.142855,popular_item
17530,23344,50.988289,popular_item
17530,23202,49.01615,popular_item
17530,22138,48.821645,popular_item
17530,23355,48.642373,popular_item
17530,23301,47.354162,popular_item
17530,23203,47.131138,popular_item
17530,22726,39.49505,popular_item
17542,23084,73.252264,popular_item
17542,22086,60.454943,popular_item
17542,22720,55.763591,popular_item
17542,85099B,51.142855,popular_item
17542,23344,50.988289,popular_item
17542,23202,49.01615,popular_item
17542,22138,48.821645,popular_item
17542,23355,48.642373,popular_item
17542,23301,47.354162,popular_item
17542,23203,47.131138,popular_item
17547,23084,73.252264,popular_item
17547,22086,60.454943,popular_item
17547,22720,55.763591,popular_item
17547,85099B,51.142855,popular_item
17547,23344,50.988289,popular_item
17547,23202,49.01615,popular_item
17547,23355,48.642373,popular_item
17547,23301,47.354162,popular_item
17547,23203,47.131138,popular_item
17547,21790,45.295989,popular_item
17550,23084,73.252264,popular_item
17550,22086,60.454943,popular_item
17550,22720,55.763591,popular_item
17550,85099B,51.142855,popular_item
17550,23344,50.988289,popular_item
17550,23202,49.01615,popular_item
17550,22138,48.821645,popular_item
17550,23355,48.642373,popular_item
17550,23301,47.354162,popular_item
17550,23203,47.131138,popular_item
17552,23084,73.252264,popular_item
17552,22086,60.454943,popular_item
17552,22720,55.763591,popular_item
17552,85099B,51.142855,popular_item
17552,23344,50.988289,popular_item
17552,23202,49.01615,popular_item
17552,22138,48.821645,popular_item
17552,23355,48.642373,popular_item
17552,23301,47.354162,popular_item
17552,23203,47.131138,popular_item
17553,23084,73.252264,popular_item
17553,22086,60.454943,popular_item
17553,22720,55.763591,popular_item
17553,85099B,51.142855,popular_item
17553,23344,50.988289,popular_item
17553,23202,49.01615,popular_item
17553,22138,48.821645,popular_item
17553,23355,48.642373,popular_item
17553,23301,47.354162,popular_item
17553,23203,47.131138,popular_item
17572,23084,73.252264,popular_item
17572,22086,60.454943,popular_item
17572,22720,55.763591,popular_item
17572,85099B,51.142855,popular_item
17572,23344,50.988289,popular_item
17572,23202,49.01615,popular_item
17572,22138,48.821645,popular_item
17572,23355,48.642373,popular_item
17572,23301,47.354162,popular_item
17572,23203,47.131138,popular_item
17591,23084,73.252264,popular_item
17591,22086,60.454943,popular_item
17591,22720,55.763591,popular_item
17591,85099B,51.142855,popular_item
17591,23344,50.988289,popular_item
17591,23202,49.01615,popular_item
17591,22138,48.821645,popular_item
17591,23355,48.642373,popular_item
17591,23301,47.354162,popular_item
17591,23203,47.131138,popular_item
17596,23084,73.252264,popular_item
17596,22086,60.454943,popular_item
17596,22720,55.763591,popular_item
17596,85099B,51.142855,popular_item
17596,23344,50.988289,popular_item
17596,23202,49.01615,popular_item
17596,22138,48.821645,popular_item
17596,23355,48.642373,popular_item
17596,23301,47.354162,popular_item
17596,23203,47.131138,popular_item
17603,23084,73.252264,popular_item
17603,22086,60.454943,popular_item
17603,22720,55.763591,popular_item
17603,85099B,51.142855,popular_item
17603,23344,50.988289,popular_item
17603,23202,49.01615,popular_item
17603,22138,48.821645,popular_item
17603,23355,48.642373,popular_item
17603,23301,47.354162,popular_item
17603,23203,47.131138,popular_item
17611,23084,73.252264,popular_item
17611,22086,60.454943,popular_item
17611,22720,55.763591,popular_item
17611,85099B,51.142855,popular_item
17611,23344,50.988289,popular_item
17611,23202,49.01615,popular_item
17611,22138,48.821645,popular_item
17611,23355,48.642373,popular_item
17611,23301,47.354162,popular_item
17611,23203,47.131138,popular_item
17618,23084,73.252264,popular_item
17618,22086,60.454943,popular_item
17618,22720,55.763591,popular_item
17618,85099B,51.142855,popular_item
17618,23344,50.988289,popular_item
17618,23202,49.01615,popular_item
17618,22138,48.821645,popular_item
17618,23355,48.642373,popular_item
17618,23301,47.354162,popular_item
17618,23203,47.131138,popular_item
17621,23084,73.252264,popular_item
17621,22720,55.763591,popular_item
17621,85099B,51.142855,popular_item
17621,23344,50.988289,popular_item
17621,23202,49.01615,popular_item
17621,22138,48.821645,popular_item
17621,23355,48.642373,popular_item
17621,23203,47.131138,popular_item
17621,21790,45.295989,popular_item
17621,22726,39.49505,popular_item
17631,23084,73.252264,popular_item
17631,22086,60.454943,popular_item
17631,22720,55.763591,popular_item
17631,85099B,51.142855,popular_item
17631,23344,50.988289,popular_item
17631,23202,49.01615,popular_item
17631,22138,48.821645,popular_item
17631,23355,48.642373,popular_item
17631,23301,47.354162,popular_item
17631,23203,47.131138,popular_item
17634,23084,73.252264,popular_item
17634,22086,60.454943,popular_item
17634,85099B,51.142855,popular_item
17634,23344,50.988289,popular_item
17634,23202,49.01615,popular_item
17634,22138,48.821645,popular_item
17634,23355,48.642373,popular_item
17634,23301,47.354162,popular_item
17634,23203,47.131138,popular_item
17634,21790,45.295989,popular_item
17639,23084,73.252264,popular_item
17639,22086,60.454943,popular_item
17639,22720,55.763591,popular_item
17639,85099B,51.142855,popular_item
17639,23344,50.988289,popular_item
17639,23202,49.01615,popular_item
17639,22138,48.821645,popular_item
17639,23355,48.642373,popular_item
17639,23301,47.354162,popular_item
17639,23203,47.131138,popular_item
17651,23084,73.252264,popular_item
17651,22086,60.454943,popular_item
17651,22720,55.763591,popular_item
17651,23344,50.988289,popular_item
17651,23202,49.01615,popular_item
17651,22138,48.821645,popular_item
17651,23355,48.642373,popular_item
17651,23301,47.354162,popular_item
17651,23203,47.131138,popular_item
17651,21790,45.295989,popular_item
17654,23084,73.252264,popular_item
17654,22086,60.454943,popular_item
17654,22720,55.763591,popular_item
17654,85099B,51.142855,popular_item
17654,23344,50.988289,popular_item
17654,23202,49.01615,popular_item
17654,22138,48.821645,popular_item
17654,23355,48.642373,popular_item
17654,23301,47.354162,popular_item
17654,23203,47.131138,popular_item
17655,23084,73.252264,popular_item
17655,22086,60.454943,popular_item
17655,22720,55.763591,popular_item
17655,85099B,51.142855,popular_item
17655,23344,50.988289,popular_item
17655,23202,49.01615,popular_item
17655,22138,48.821645,popular_item
17655,23355,48.642373,popular_item
17655,23301,47.354162,popular_item
17655,23203,47.131138,popular_item
17666,23084,73.252264,popular_item
17666,22086,60.454943,popular_item
17666,22720,55.763591,popular_item
17666,85099B,51.142855,popular_item
17666,23344,50.988289,popular_item
17666,23202,49.01615,popular_item
17666,22138,48.821645,popular_item
17666,23355,48.642373,popular_item
17666,23301,47.354162,popular_item
17666,23203,47.131138,popular_item
17668,23084,73.252264,popular_item
17668,22086,60.454943,popular_item
17668,85099B,51.142855,popular_item
17668,23344,50.988289,popular_item
17668,23202,49.01615,popular_item
17668,22138,48.821645,popular_item
17668,23355,48.642373,popular_item
17668,23301,47.354162,popular_item
17668,23203,47.131138,popular_item
17668,21790,45.295989,popular_item
17673,23084,73.252264,popular_item
17673,22086,60.454943,popular_item
17673,22720,55.763591,popular_item
17673,85099B,51.142855,popular_item
17673,23344,50.988289,popular_item
17673,23202,49.01615,popular_item
17673,22138,48.821645,popular_item
17673,23355,48.642373,popular_item
17673,23301,47.354162,popular_item
17673,23203,47.131138,popular_item
17675,23084,73.252264,popular_item
17675,22086,60.454943,popular_item
17675,22720,55.763591,popular_item
17675,23344,50.988289,popular_item
17675,22138,48.821645,popular_item
17675,23355,48.642373,popular_item
17675,23301,47.354162,popular_item
17675,21790,45.295989,popular_item
17675,23343,38.170125,popular_item
17675,21914,37.501408,popular_item
17676,23084,73.252264,popular_item
17676,22086,60.454943,popular_item
17676,22720,55.763591,popular_item
17676,85099B,51.142855,popular_item
17676,23344,50.988289,popular_item
17676,23202,49.01615,popular_item
17676,22138,48.821645,popular_item
17676,23355,48.642373,popular_item
17676,23301,47.354162,popular_item
17676,23203,47.131138,popular_item
17677,23084,73.252264,popular_item
17677,22086,60.454943,popular_item
17677,22720,55.763591,popular_item
17677,23344,50.988289,popular_item
17677,23202,49.01615,popular_item
17677,22138,48.821645,popular_item
17677,23355,48.642373,popular_item
17677,23301,47.354162,popular_item
17677,23203,47.131138,popular_item
17677,21790,45.295989,popular_item
17685,23084,73.252264,popular_item
17685,22086,60.454943,popular_item
17685,22720,55.763591,popular_item
17685,85099B,51.142855,popular_item
17685,23344,50.988289,popular_item
17685,23202,49.01615,popular_item
17685,22138,48.821645,popular_item
17685,23355,48.642373,popular_item
17685,23301,47.354162,popular_item
17685,23203,47.131138,popular_item
17690,23084,73.252264,popular_item
17690,22720,55.763591,popular_item
17690,85099B,51.142855,popular_item
17690,23344,50.988289,popular_item
17690,23202,49.01615,popular_item
17690,22138,48.821645,popular_item
17690,23355,48.642373,popular_item
17690,23301,47.354162,popular_item
17690,23203,47.131138,popular_item
17690,21790,45.295989,popular_item
17694,23084,73.252264,popular_item
17694,22086,60.454943,popular_item
17694,22720,55.763591,popular_item
17694,85099B,51.142855,popular_item
17694,23344,50.988289,popular_item
17694,23202,49.01615,popular_item
17694,22138,48.821645,popular_item
17694,23355,48.642373,popular_item
17694,23301,47.354162,popular_item
17694,23203,47.131138,popular_item
17706,23084,73.252264,popular_item
17706,22086,60.454943,popular_item
17706,22720,55.763591,popular_item
17706,23344,50.988289,popular_item
17706,23202,49.01615,popular_item
17706,22138,48.821645,popular_item
17706,23355,48.642373,popular_item
17706,23301,47.354162,popular_item
17706,23203,47.131138,popular_item
17706,21790,45.295989,popular_item
17714,23084,73.252264,popular_item
17714,22086,60.454943,popular_item
17714,22720,55.763591,popular_item
17714,85099B,51.142855,popular_item
17714,23344,50.988289,popular_item
17714,23202,49.01615,popular_item
17714,22138,48.821645,popular_item
17714,23355,48.642373,popular_item
17714,23301,47.354162,popular_item
17714,23203,47.131138,popular_item
17722,23084,73.252264,popular_item
17722,22086,60.454943,popular_item
17722,22720,55.763591,popular_item
17722,85099B,51.142855,popular_item
17722,23344,50.988289,popular_item
17722,23202,49.01615,popular_item
17722,22138,48.821645,popular_item
17722,23355,48.642373,popular_item
17722,23301,47.354162,popular_item
17722,23203,47.131138,popular_item
17730,23084,73.252264,popular_item
17730,22086,60.454943,popular_item
17730,22720,55.763591,popular_item
17730,85099B,51.142855,popular_item
17730,23344,50.988289,popular_item
17730,23202,49.01615,popular_item
17730,22138,48.821645,popular_item
17730,23355,48.642373,popular_item
17730,23301,47.354162,popular_item
17730,23203,47.131138,popular_item
17735,23084,73.252264,popular_item
17735,22086,60.454943,popular_item
17735,22720,55.763591,popular_item
17735,23344,50.988289,popular_item
17735,22138,48.821645,popular_item
17735,23355,48.642373,popular_item
17735,23301,47.354162,popular_item
17735,23203,47.131138,popular_item
17735,21790,45.295989,popular_item
17735,22726,39.49505,popular_item
17754,23084,73.252264,popular_item
17754,22086,60.454943,popular_item
17754,22720,55.763591,popular_item
17754,85099B,51.142855,popular_item
17754,23344,50.988289,popular_item
17754,23202,49.01615,popular_item
17754,22138,48.821645,popular_item
17754,23355,48.642373,popular_item
17754,23301,47.354162,popular_item
17754,23203,47.131138,popular_item
17757,23084,73.252264,popular_item
17757,22720,55.763591,popular_item
17757,85099B,51.142855,popular_item
17757,23344,50.988289,popular_item
17757,23202,49.01615,popular_item
17757,22138,48.821645,popular_item
17757,23355,48.642373,popular_item
17757,23301,47.354162,popular_item
17757,23203,47.131138,popular_item
17757,21790,45.295989,popular_item
17758,23084,73.252264,popular_item
17758,22086,60.454943,popular_item
17758,22720,55.763591,popular_item
17758,85099B,51.142855,popular_item
17758,23344,50.988289,popular_item
17758,23202,49.01615,popular_item
17758,22138,48.821645,popular_item
17758,23355,48.642373,popular_item
17758,23203,47.131138,popular_item
17758,21790,45.295989,popular_item
17759,23084,73.252264,popular_item
17759,22086,60.454943,popular_item
17759,22720,55.763591,popular_item
17759,85099B,51.142855,popular_item
17759,23344,50.988289,popular_item
17759,23202,49.01615,popular_item
17759,22138,48.821645,popular_item
17759,23355,48.642373,popular_item
17759,23301,47.354162,popular_item
17759,23203,47.131138,popular_item
17764,23084,73.252264,popular_item
17764,22086,60.454943,popular_item
17764,22720,55.763591,popular_item
17764,85099B,51.142855,popular_item
17764,23344,50.988289,popular_item
17764,23202,49.01615,popular_item
17764,22138,48.821645,popular_item
17764,23355,48.642373,popular_item
17764,23301,47.354162,popular_item
17764,23203,47.131138,popular_item
17774,23084,73.252264,popular_item
17774,22086,60.454943,popular_item
17774,22720,55.763591,popular_item
17774,85099B,51.142855,popular_item
17774,23344,50.988289,popular_item
17774,23202,49.01615,popular_item
17774,22138,48.821645,popular_item
17774,23355,48.642373,popular_item
17774,23301,47.354162,popular_item
17774,23203,47.131138,popular_item
17785,23084,73.252264,popular_item
17785,22086,60.454943,popular_item
17785,22720,55.763591,popular_item
17785,85099B,51.142855,popular_item
17785,23344,50.988289,popular_item
17785,23202,49.01615,popular_item
17785,22138,48.821645,popular_item
17785,23355,48.642373,popular_item
17785,23301,47.354162,popular_item
17785,23203,47.131138,popular_item
17799,23084,73.252264,popular_item
17799,22086,60.454943,popular_item
17799,22720,55.763591,popular_item
17799,85099B,51.142855,popular_item
17799,23344,50.988289,popular_item
17799,23202,49.01615,popular_item
17799,22138,48.821645,popular_item
17799,23355,48.642373,popular_item
17799,23301,47.354162,popular_item
17799,23203,47.131138,popular_item
17800,23084,73.252264,popular_item
17800,22086,60.454943,popular_item
17800,22720,55.763591,popular_item
17800,85099B,51.142855,popular_item
17800,23344,50.988289,popular_item
17800,23202,49.01615,popular_item
17800,22138,48.821645,popular_item
17800,23355,48.642373,popular_item
17800,23301,47.354162,popular_item
17800,23203,47.131138,popular_item
17809,23084,73.252264,popular_item
17809,22086,60.454943,popular_item
17809,22720,55.763591,popular_item
17809,85099B,51.142855,popular_item
17809,23344,50.988289,popular_item
17809,23202,49.01615,popular_item
17809,22138,48.821645,popular_item
17809,23355,48.642373,popular_item
17809,23301,47.354162,popular_item
17809,23203,47.131138,popular_item
17811,23084,73.252264,popular_item
17811,22086,60.454943,popular_item
17811,22720,55.763591,popular_item
17811,85099B,51.142855,popular_item
17811,23344,50.988289,popular_item
17811,23202,49.01615,popular_item
17811,22138,48.821645,popular_item
17811,23355,48.642373,popular_item
17811,23301,47.354162,popular_item
17811,23203,47.131138,popular_item
17817,23084,73.252264,popular_item
17817,22086,60.454943,popular_item
17817,22720,55.763591,popular_item
17817,85099B,51.142855,popular_item
17817,23344,50.988289,popular_item
17817,23202,49.01615,popular_item
17817,22138,48.821645,popular_item
17817,23355,48.642373,popular_item
17817,23301,47.354162,popular_item
17817,23203,47.131138,popular_item
17837,23084,73.252264,popular_item
17837,22086,60.454943,popular_item
17837,22720,55.763591,popular_item
17837,85099B,51.142855,popular_item
17837,23344,50.988289,popular_item
17837,23202,49.01615,popular_item
17837,23355,48.642373,popular_item
17837,23301,47.354162,popular_item
17837,23203,47.131138,popular_item
17837,21790,45.295989,popular_item
17841,22720,55.763591,popular_item
17841,23344,50.988289,popular_item
17841,23202,49.01615,popular_item
17841,23355,48.642373,popular_item
17841,23203,47.131138,popular_item
17841,21790,45.295989,popular_item
17841,22726,39.49505,popular_item
17841,23343,38.170125,popular_item
17841,21914,37.501408,popular_item
17841,22111,36.992849,popular_item
17850,23084,73.252264,popular_item
17850,22086,60.454943,popular_item
17850,22720,55.763591,popular_item
17850,85099B,51.142855,popular_item
17850,23344,50.988289,popular_item
17850,23202,49.01615,popular_item
17850,22138,48.821645,popular_item
17850,23355,48.642373,popular_item
17850,23301,47.354162,popular_item
17850,23203,47.131138,popular_item
17858,23084,73.252264,popular_item
17858,22086,60.454943,popular_item
17858,22720,55.763591,popular_item
17858,85099B,51.142855,popular_item
17858,23344,50.988289,popular_item
17858,23202,49.01615,popular_item
17858,22138,48.821645,popular_item
17858,23355,48.642373,popular_item
17858,23301,47.354162,popular_item
17858,23203,47.131138,popular_item
17861,23084,73.252264,popular_item
17861,22086,60.454943,popular_item
17861,22720,55.763591,popular_item
17861,85099B,51.142855,popular_item
17861,23344,50.988289,popular_item
17861,23202,49.01615,popular_item
17861,23355,48.642373,popular_item
17861,23301,47.354162,popular_item
17861,23203,47.131138,popular_item
17861,21790,45.295989,popular_item
17862,23084,73.252264,popular_item
17862,22086,60.454943,popular_item
17862,22720,55.763591,popular_item
17862,85099B,51.142855,popular_item
17862,23344,50.988289,popular_item
17862,23202,49.01615,popular_item
17862,22138,48.821645,popular_item
17862,23355,48.642373,popular_item
17862,23301,47.354162,popular_item
17862,23203,47.131138,popular_item
17863,23084,73.252264,popular_item
17863,22086,60.454943,popular_item
17863,22720,55.763591,popular_item
17863,85099B,51.142855,popular_item
17863,23344,50.988289,popular_item
17863,23202,49.01615,popular_item
17863,22138,48.821645,popular_item
17863,23355,48.642373,popular_item
17863,23301,47.354162,popular_item
17863,23203,47.131138,popular_item
17865,23084,73.252264,popular_item
17865,22086,60.454943,popular_item
17865,22720,55.763591,popular_item
17865,85099B,51.142855,popular_item
17865,23344,50.988289,popular_item
17865,23202,49.01615,popular_item
17865,22138,48.821645,popular_item
17865,23355,48.642373,popular_item
17865,23301,47.354162,popular_item
17865,23203,47.131138,popular_item
17867,23084,73.252264,popular_item
17867,22086,60.454943,popular_item
17867,22720,55.763591,popular_item
17867,85099B,51.142855,popular_item
17867,23344,50.988289,popular_item
17867,23202,49.01615,popular_item
17867,22138,48.821645,popular_item
17867,23355,48.642373,popular_item
17867,23301,47.354162,popular_item
17867,23203,47.131138,popular_item
17873,23084,73.252264,popular_item
17873,22086,60.454943,popular_item
17873,22720,55.763591,popular_item
17873,85099B,51.142855,popular_item
17873,23344,50.988289,popular_item
17873,23202,49.01615,popular_item
17873,22138,48.821645,popular_item
17873,23355,48.642373,popular_item
17873,23301,47.354162,popular_item
17873,23203,47.131138,popular_item
17874,23084,73.252264,popular_item
17874,22086,60.454943,popular_item
17874,22720,55.763591,popular_item
17874,85099B,51.142855,popular_item
17874,23344,50.988289,popular_item
17874,23202,49.01615,popular_item
17874,22138,48.821645,popular_item
17874,23355,48.642373,popular_item
17874,23301,47.354162,popular_item
17874,23203,47.131138,popular_item
17880,23084,73.252264,popular_item
17880,22086,60.454943,popular_item
17880,22720,55.763591,popular_item
17880,85099B,51.142855,popular_item
17880,23344,50.988289,popular_item
17880,23202,49.01615,popular_item
17880,22138,48.821645,popular_item
17880,23355,48.642373,popular_item
17880,23301,47.354162,popular_item
17880,23203,47.131138,popular_item
17888,23084,73.252264,popular_item
17888,22086,60.454943,popular_item
17888,22720,55.763591,popular_item
17888,85099B,51.142855,popular_item
17888,23344,50.988289,popular_item
17888,23202,49.01615,popular_item
17888,22138,48.821645,popular_item
17888,23355,48.642373,popular_item
17888,23301,47.354162,popular_item
17888,23203,47.131138,popular_item
17889,23084,73.252264,popular_item
17889,22086,60.454943,popular_item
17889,22720,55.763591,popular_item
17889,85099B,51.142855,popular_item
17889,23344,50.988289,popular_item
17889,23202,49.01615,popular_item
17889,22138,48.821645,popular_item
17889,23355,48.642373,popular_item
17889,23301,47.354162,popular_item
17889,23203,47.131138,popular_item
17913,23084,73.252264,popular_item
17913,22086,60.454943,popular_item
17913,22720,55.763591,popular_item
17913,85099B,51.142855,popular_item
17913,23344,50.988289,popular_item
17913,23202,49.01615,popular_item
17913,22138,48.821645,popular_item
17913,23355,48.642373,popular_item
17913,23301,47.354162,popular_item
17913,23203,47.131138,popular_item
17920,23084,73.252264,popular_item
17920,22086,60.454943,popular_item
17920,22720,55.763591,popular_item
17920,23344,50.988289,popular_item
17920,23202,49.01615,popular_item
17920,22138,48.821645,popular_item
17920,23355,48.642373,popular_item
17920,23301,47.354162,popular_item
17920,23203,47.131138,popular_item
17920,21790,45.295989,popular_item
17923,23084,73.252264,popular_item
17923,22086,60.454943,popular_item
17923,22720,55.763591,popular_item
17923,85099B,51.142855,popular_item
17923,23344,50.988289,popular_item
17923,23202,49.01615,popular_item
17923,22138,48.821645,popular_item
17923,23355,48.642373,popular_item
17923,23301,47.354162,popular_item
17923,23203,47.131138,popular_item
17928,23084,73.252264,popular_item
17928,22086,60.454943,popular_item
17928,22720,55.763591,popular_item
17928,85099B,51.142855,popular_item
17928,23344,50.988289,popular_item
17928,23202,49.01615,popular_item
17928,22138,48.821645,popular_item
17928,23355,48.642373,popular_item
17928,23301,47.354162,popular_item
17928,23203,47.131138,popular_item
17932,23084,73.252264,popular_item
17932,22086,60.454943,popular_item
17932,22720,55.763591,popular_item
17932,85099B,51.142855,popular_item
17932,23344,50.988289,popular_item
17932,23202,49.01615,popular_item
17932,22138,48.821645,popular_item
17932,23355,48.642373,popular_item
17932,23301,47.354162,popular_item
17932,23203,47.131138,popular_item
17949,23084,73.252264,popular_item
17949,22086,60.454943,popular_item
17949,22720,55.763591,popular_item
17949,85099B,51.142855,popular_item
17949,23344,50.988289,popular_item
17949,23202,49.01615,popular_item
17949,22138,48.821645,popular_item
17949,23355,48.642373,popular_item
17949,23301,47.354162,popular_item
17949,23203,47.131138,popular_item
17960,22086,60.454943,popular_item
17960,22720,55.763591,popular_item
17960,85099B,51.142855,popular_item
17960,23344,50.988289,popular_item
17960,23202,49.01615,popular_item
17960,22138,48.821645,popular_item
17960,23355,48.642373,popular_item
17960,23301,47.354162,popular_item
17960,23203,47.131138,popular_item
17960,21790,45.295989,popular_item
17961,23084,73.252264,popular_item
17961,22086,60.454943,popular_item
17961,22720,55.763591,popular_item
17961,85099B,51.142855,popular_item
17961,23344,50.988289,popular_item
17961,23202,49.01615,popular_item
17961,22138,48.821645,popular_item
17961,23355,48.642373,popular_item
17961,23301,47.354162,popular_item
17961,23203,47.131138,popular_item
17975,23084,73.252264,popular_item
17975,22086,60.454943,popular_item
17975,22720,55.763591,popular_item
17975,85099B,51.142855,popular_item
17975,23344,50.988289,popular_item
17975,23202,49.01615,popular_item
17975,22138,48.821645,popular_item
17975,23355,48.642373,popular_item
17975,23301,47.354162,popular_item
17975,23203,47.131138,popular_item
17981,23084,73.252264,popular_item
17981,22086,60.454943,popular_item
17981,22720,55.763591,popular_item
17981,85099B,51.142855,popular_item
17981,23344,50.988289,popular_item
17981,23202,49.01615,popular_item
17981,22138,48.821645,popular_item
17981,23355,48.642373,popular_item
17981,23301,47.354162,popular_item
17981,23203,47.131138,popular_item
18007,23084,73.252264,popular_item
18007,22086,60.454943,popular_item
18007,22720,55.763591,popular_item
18007,85099B,51.142855,popular_item
18007,23344,50.988289,popular_item
18007,23202,49.01615,popular_item
18007,22138,48.821645,popular_item
18007,23355,48.642373,popular_item
18007,23301,47.354162,popular_item
18007,23203,47.131138,popular_item
18011,23084,73.252264,popular_item
18011,22720,55.763591,popular_item
18011,85099B,51.142855,popular_item
18011,23344,50.988289,popular_item
18011,23202,49.01615,popular_item
18011,22138,48.821645,popular_item
18011,23355,48.642373,popular_item
18011,23301,47.354162,popular_item
18011,23203,47.131138,popular_item
18011,21790,45.295989,popular_item
18016,23084,73.252264,popular_item
18016,22086,60.454943,popular_item
18016,22720,55.763591,popular_item
18016,85099B,51.142855,popular_item
18016,23202,49.01615,popular_item
18016,22138,48.821645,popular_item
18016,23203,47.131138,popular_item
18016,21790,45.295989,popular_item
18016,22726,39.49505,popular_item
18016,23343,38.170125,popular_item
18025,23084,73.252264,popular_item
18025,22086,60.454943,popular_item
18025,22720,55.763591,popular_item
18025,85099B,51.142855,popular_item
18025,23344,50.988289,popular_item
18025,23202,49.01615,popular_item
18025,22138,48.821645,popular_item
18025,23355,48.642373,popular_item
18025,23301,47.354162,popular_item
18025,23203,47.131138,popular_item
18049,23084,73.252264,popular_item
18049,22720,55.763591,popular_item
18049,85099B,51.142855,popular_item
18049,23344,50.988289,popular_item
18049,23202,49.01615,popular_item
18049,22138,48.821645,popular_item
18049,23355,48.642373,popular_item
18049,23301,47.354162,popular_item
18049,23203,47.131138,popular_item
18049,21790,45.295989,popular_item
18053,23084,73.252264,popular_item
18053,22086,60.454943,popular_item
18053,22720,55.763591,popular_item
18053,85099B,51.142855,popular_item
18053,23344,50.988289,popular_item
18053,23202,49.01615,popular_item
18053,22138,48.821645,popular_item
18053,23355,48.642373,popular_item
18053,23301,47.354162,popular_item
18053,23203,47.131138,popular_item
18061,23084,73.252264,popular_item
18061,22086,60.454943,popular_item
18061,22720,55.763591,popular_item
18061,85099B,51.142855,popular_item
18061,23344,50.988289,popular_item
18061,23202,49.01615,popular_item
18061,22138,48.821645,popular_item
18061,23355,48.642373,popular_item
18061,23301,47.354162,popular_item
18061,23203,47.131138,popular_item
18064,23084,73.252264,popular_item
18064,22086,60.454943,popular_item
18064,22720,55.763591,popular_item
18064,23344,50.988289,popular_item
18064,23202,49.01615,popular_item
18064,22138,48.821645,popular_item
18064,23355,48.642373,popular_item
18064,23301,47.354162,popular_item
18064,23203,47.131138,popular_item
18064,21790,45.295989,popular_item
18065,23084,73.252264,popular_item
18065,22086,60.454943,popular_item
18065,22720,55.763591,popular_item
18065,85099B,51.142855,popular_item
18065,23344,50.988289,popular_item
18065,23202,49.01615,popular_item
18065,22138,48.821645,popular_item
18065,23355,48.642373,popular_item
18065,23301,47.354162,popular_item
18065,23203,47.131138,popular_item
18075,23084,73.252264,popular_item
18075,22086,60.454943,popular_item
18075,22720,55.763591,popular_item
18075,85099B,51.142855,popular_item
18075,23344,50.988289,popular_item
18075,23202,49.01615,popular_item
18075,22138,48.821645,popular_item
18075,23355,48.642373,popular_item
18075,23301,47.354162,popular_item
18075,23203,47.131138,popular_item
18078,23084,73.252264,popular_item
18078,22720,55.763591,popular_item
18078,85099B,51.142855,popular_item
18078,23344,50.988289,popular_item
18078,23202,49.01615,popular_item
18078,22138,48.821645,popular_item
18078,23355,48.642373,popular_item
18078,23301,47.354162,popular_item
18078,23203,47.131138,popular_item
18078,21790,45.295989,popular_item
18083,23084,73.252264,popular_item
18083,22086,60.454943,popular_item
18083,22720,55.763591,popular_item
18083,85099B,51.142855,popular_item
18083,23344,50.988289,popular_item
18083,23202,49.01615,popular_item
18083,22138,48.821645,popular_item
18083,23355,48.642373,popular_item
18083,23301,47.354162,popular_item
18083,23203,47.131138,popular_item
18084,23084,73.252264,popular_item
18084,22086,60.454943,popular_item
18084,22720,55.763591,popular_item
18084,85099B,51.142855,popular_item
18084,23344,50.988289,popular_item
18084,23202,49.01615,popular_item
18084,22138,48.821645,popular_item
18084,23355,48.642373,popular_item
18084,23301,47.354162,popular_item
18084,23203,47.131138,popular_item
18097,23084,73.252264,popular_item
18097,22086,60.454943,popular_item
18097,22720,55.763591,popular_item
18097,85099B,51.142855,popular_item
18097,23344,50.988289,popular_item
18097,23202,49.01615,popular_item
18097,22138,48.821645,popular_item
18097,23355,48.642373,popular_item
18097,23301,47.354162,popular_item
18097,23203,47.131138,popular_item
18101,23084,73.252264,popular_item
18101,22086,60.454943,popular_item
18101,22720,55.763591,popular_item
18101,85099B,51.142855,popular_item
18101,23344,50.988289,popular_item
18101,23202,49.01615,popular_item
18101,22138,48.821645,popular_item
18101,23355,48.642373,popular_item
18101,23301,47.354162,popular_item
18101,23203,47.131138,popular_item
18102,23084,73.252264,popular_item
18102,22086,60.454943,popular_item
18102,85099B,51.142855,popular_item
18102,23344,50.988289,popular_item
18102,23202,49.01615,popular_item
18102,22138,48.821645,popular_item
18102,23355,48.642373,popular_item
18102,23301,47.354162,popular_item
18102,23203,47.131138,popular_item
18102,21790,45.295989,popular_item
18105,23084,73.252264,popular_item
18105,22086,60.454943,popular_item
18105,22720,55.763591,popular_item
18105,85099B,51.142855,popular_item
18105,23344,50.988289,popular_item
18105,23202,49.01615,popular_item
18105,22138,48.821645,popular_item
18105,23355,48.642373,popular_item
18105,23301,47.354162,popular_item
18105,23203,47.131138,popular_item
18106,23084,73.252264,popular_item
18106,22086,60.454943,popular_item
18106,22720,55.763591,popular_item
18106,85099B,51.142855,popular_item
18106,23344,50.988289,popular_item
18106,23202,49.01615,popular_item
18106,22138,48.821645,popular_item
18106,23355,48.642373,popular_item
18106,23301,47.354162,popular_item
18106,23203,47.131138,popular_item
18109,23084,73.252264,popular_item
18109,22086,60.454943,popular_item
18109,85099B,51.142855,popular_item
18109,23344,50.988289,popular_item
18109,23202,49.01615,popular_item
18109,22138,48.821645,popular_item
18109,23355,48.642373,popular_item
18109,23301,47.354162,popular_item
18109,23203,47.131138,popular_item
18109,21790,45.295989,popular_item
18116,23084,73.252264,popular_item
18116,22086,60.454943,popular_item
18116,22720,55.763591,popular_item
18116,85099B,51.142855,popular_item
18116,23344,50.988289,popular_item
18116,23202,49.01615,popular_item
18116,22138,48.821645,popular_item
18116,23355,48.642373,popular_item
18116,23301,47.354162,popular_item
18116,23203,47.131138,popular_item
18118,23084,73.252264,popular_item
18118,22086,60.454943,popular_item
18118,22720,55.763591,popular_item
18118,85099B,51.142855,popular_item
18118,23344,50.988289,popular_item
18118,23202,49.01615,popular_item
18118,22138,48.821645,popular_item
18118,23355,48.642373,popular_item
18118,23301,47.354162,popular_item
18118,23203,47.131138,popular_item
18119,23084,73.252264,popular_item
18119,22086,60.454943,popular_item
18119,22720,55.763591,popular_item
18119,85099B,51.142855,popular_item
18119,23344,50.988289,popular_item
18119,23202,49.01615,popular_item
18119,22138,48.821645,popular_item
18119,23355,48.642373,popular_item
18119,23301,47.354162,popular_item
18119,23203,47.131138,popular_item
18125,23084,73.252264,popular_item
18125,22086,60.454943,popular_item
18125,22720,55.763591,popular_item
18125,85099B,51.142855,popular_item
18125,23344,50.988289,popular_item
18125,23202,49.01615,popular_item
18125,22138,48.821645,popular_item
18125,23355,48.642373,popular_item
18125,23301,47.354162,popular_item
18125,23203,47.131138,popular_item
18130,22086,60.454943,popular_item
18130,22720,55.763591,popular_item
18130,85099B,51.142855,popular_item
18130,23344,50.988289,popular_item
18130,23202,49.01615,popular_item
18130,22138,48.821645,popular_item
18130,23355,48.642373,popular_item
18130,23301,47.354162,popular_item
18130,23203,47.131138,popular_item
18130,21790,45.295989,popular_item
18131,23084,73.252264,popular_item
18131,22086,60.454943,popular_item
18131,22720,55.763591,popular_item
18131,85099B,51.142855,popular_item
18131,23344,50.988289,popular_item
18131,23202,49.01615,popular_item
18131,22138,48.821645,popular_item
18131,23355,48.642373,popular_item
18131,23301,47.354162,popular_item
18131,23203,47.131138,popular_item
18135,23084,73.252264,popular_item
18135,22086,60.454943,popular_item
18135,22720,55.763591,popular_item
18135,85099B,51.142855,popular_item
18135,23344,50.988289,popular_item
18135,23202,49.01615,popular_item
18135,22138,48.821645,popular_item
18135,23355,48.642373,popular_item
18135,23301,47.354162,popular_item
18135,23203,47.131138,popular_item
18136,23084,73.252264,popular_item
18136,22086,60.454943,popular_item
18136,22720,55.763591,popular_item
18136,85099B,51.142855,popular_item
18136,23344,50.988289,popular_item
18136,23202,49.01615,popular_item
18136,22138,48.821645,popular_item
18136,23355,48.642373,popular_item
18136,23301,47.354162,popular_item
18136,23203,47.131138,popular_item
18142,23084,73.252264,popular_item
18142,22086,60.454943,popular_item
18142,22720,55.763591,popular_item
18142,85099B,51.142855,popular_item
18142,23344,50.988289,popular_item
18142,23202,49.01615,popular_item
18142,22138,48.821645,popular_item
18142,23355,48.642373,popular_item
18142,23301,47.354162,popular_item
18142,23203,47.131138,popular_item
18144,23084,73.252264,popular_item
18144,22086,60.454943,popular_item
18144,22720,55.763591,popular_item
18144,85099B,51.142855,popular_item
18144,23344,50.988289,popular_item
18144,23202,49.01615,popular_item
18144,22138,48.821645,popular_item
18144,23355,48.642373,popular_item
18144,23301,47.354162,popular_item
18144,23203,47.131138,popular_item
18151,23084,73.252264,popular_item
18151,22086,60.454943,popular_item
18151,22720,55.763591,popular_item
18151,85099B,51.142855,popular_item
18151,23344,50.988289,popular_item
18151,23202,49.01615,popular_item
18151,22138,48.821645,popular_item
18151,23355,48.642373,popular_item
18151,23301,47.354162,popular_item
18151,23203,47.131138,popular_item
18168,23084,73.252264,popular_item
18168,22086,60.454943,popular_item
18168,22720,55.763591,popular_item
18168,85099B,51.142855,popular_item
18168,23344,50.988289,popular_item
18168,23202,49.01615,popular_item
18168,22138,48.821645,popular_item
18168,23355,48.642373,popular_item
18168,23301,47.354162,popular_item
18168,23203,47.131138,popular_item
18172,23084,73.252264,popular_item
18172,22086,60.454943,popular_item
18172,22720,55.763591,popular_item
18172,85099B,51.142855,popular_item
18172,23344,50.988289,popular_item
18172,23202,49.01615,popular_item
18172,22138,48.821645,popular_item
18172,23355,48.642373,popular_item
18172,23301,47.354162,popular_item
18172,23203,47.131138,popular_item
18177,23084,73.252264,popular_item
18177,22086,60.454943,popular_item
18177,22720,55.763591,popular_item
18177,85099B,51.142855,popular_item
18177,23344,50.988289,popular_item
18177,23202,49.01615,popular_item
18177,22138,48.821645,popular_item
18177,23355,48.642373,popular_item
18177,23301,47.354162,popular_item
18177,23203,47.131138,popular_item
18179,23084,73.252264,popular_item
18179,22086,60.454943,popular_item
18179,22720,55.763591,popular_item
18179,85099B,51.142855,popular_item
18179,23344,50.988289,popular_item
18179,23202,49.01615,popular_item
18179,22138,48.821645,popular_item
18179,23355,48.642373,popular_item
18179,23301,47.354162,popular_item
18179,23203,47.131138,popular_item
18198,23084,73.252264,popular_item
18198,22086,60.454943,popular_item
18198,22720,55.763591,popular_item
18198,85099B,51.142855,popular_item
18198,23344,50.988289,popular_item
18198,23202,49.01615,popular_item
18198,22138,48.821645,popular_item
18198,23355,48.642373,popular_item
18198,23301,47.354162,popular_item
18198,23203,47.131138,popular_item
18218,23084,73.252264,popular_item
18218,22086,60.454943,popular_item
18218,22720,55.763591,popular_item
18218,85099B,51.142855,popular_item
18218,23344,50.988289,popular_item
18218,23202,49.01615,popular_item
18218,22138,48.821645,popular_item
18218,23355,48.642373,popular_item
18218,23301,47.354162,popular_item
18218,23203,47.131138,popular_item
18221,23084,73.252264,popular_item
18221,22086,60.454943,popular_item
18221,22720,55.763591,popular_item
18221,85099B,51.142855,popular_item
18221,23344,50.988289,popular_item
18221,23202,49.01615,popular_item
18221,22138,48.821645,popular_item
18221,23355,48.642373,popular_item
18221,23301,47.354162,popular_item
18221,23203,47.131138,popular_item
18229,23084,73.252264,popular_item
18229,22086,60.454943,popular_item
18229,22720,55.763591,popular_item
18229,85099B,51.142855,popular_item
18229,23344,50.988289,popular_item
18229,23202,49.01615,popular_item
18229,22138,48.821645,popular_item
18229,23355,48.642373,popular_item
18229,23301,47.354162,popular_item
18229,23203,47.131138,popular_item
18246,23084,73.252264,popular_item
18246,22086,60.454943,popular_item
18246,22720,55.763591,popular_item
18246,85099B,51.142855,popular_item
18246,23344,50.988289,popular_item
18246,23202,49.01615,popular_item
18246,22138,48.821645,popular_item
18246,23355,48.642373,popular_item
18246,23301,47.354162,popular_item
18246,23203,47.131138,popular_item
18258,23084,73.252264,popular_item
18258,22086,60.454943,popular_item
18258,22720,55.763591,popular_item
18258,85099B,51.142855,popular_item
18258,23344,50.988289,popular_item
18258,23202,49.01615,popular_item
18258,22138,48.821645,popular_item
18258,23355,48.642373,popular_item
18258,23301,47.354162,popular_item
18258,23203,47.131138,popular_item
18272,23084,73.252264,popular_item
18272,22086,60.454943,popular_item
18272,22720,55.763591,popular_item
18272,85099B,51.142855,popular_item
18272,23344,50.988289,popular_item
18272,23202,49.01615,popular_item
18272,22138,48.821645,popular_item
18272,23355,48.642373,popular_item
18272,23301,47.354162,popular_item
18272,23203,47.131138,popular_item
18273,23084,73.252264,popular_item
18273,22086,60.454943,popular_item
18273,22720,55.763591,popular_item
18273,85099B,51.142855,popular_item
18273,23344,50.988289,popular_item
18273,23202,49.01615,popular_item
18273,22138,48.821645,popular_item
18273,23355,48.642373,popular_item
18273,23301,47.354162,popular_item
18273,23203,47.131138,popular_item
18274,23084,73.252264,popular_item
18274,22086,60.454943,popular_item
18274,85099B,51.142855,popular_item
18274,23344,50.988289,popular_item
18274,23202,49.01615,popular_item
18274,22138,48.821645,popular_item
18274,23355,48.642373,popular_item
18274,23301,47.354162,popular_item
18274,23203,47.131138,popular_item
18274,21790,45.295989,popular_item
18281,23084,73.252264,popular_item
18281,22086,60.454943,popular_item
18281,22720,55.763591,popular_item
18281,85099B,51.142855,popular_item
18281,23344,50.988289,popular_item
18281,23202,49.01615,popular_item
18281,22138,48.821645,popular_item
18281,23355,48.642373,popular_item
18281,23301,47.354162,popular_item
18281,23203,47.131138,popular_item
